time_ns,node_id,port_id,q_id,bytes,op
434419,113,2,,,pause
434419,113,2,,,resume
439574,113,2,,,pause
439574,113,2,,,resume
439741,113,2,,,pause
439741,113,2,,,resume
449972,113,2,,,pause
450055,113,2,,,resume
454369,25,2,,,pause
454369,25,2,,,resume
454598,121,2,,,pause
454681,121,2,,,resume
454681,121,2,,,pause
454681,121,2,,,resume
456929,220,2,,,pause
456929,220,2,,,resume
459523,25,2,,,pause
459523,25,2,,,resume
459755,121,2,,,pause
459755,121,2,,,resume
460023,18,2,,,pause
460023,18,2,,,resume
460130,113,2,,,pause
460213,113,2,,,resume
460534,117,2,,,pause
460534,117,2,,,resume
464674,25,2,,,pause
464758,25,2,,,resume
464905,121,2,,,pause
464989,121,2,,,resume
465175,18,2,,,pause
465175,18,2,,,resume
465686,117,2,,,pause
465769,117,2,,,resume
466729,244,2,,,pause
466812,244,2,,,resume
470141,121,2,,,pause
470224,121,2,,,resume
470327,18,2,,,pause
470327,18,2,,,resume
472383,220,2,,,pause
472383,220,2,,,resume
475377,121,2,,,pause
475391,18,2,,,pause
475460,121,2,,,resume
475460,121,2,,,pause
475474,18,2,,,resume
475543,121,2,,,resume
480545,18,2,,,pause
480628,18,2,,,resume
480628,18,2,,,pause
480711,18,2,,,resume
482383,252,2,,,pause
482383,252,2,,,resume
482466,252,2,,,pause
482466,252,2,,,resume
482549,252,2,,,pause
482549,252,2,,,resume
482783,248,2,,,pause
482783,248,2,,,resume
485702,18,2,,,pause
485785,18,2,,,resume
485785,18,2,,,pause
485785,18,2,,,resume
487538,252,2,,,pause
487538,252,2,,,resume
487621,252,2,,,pause
487621,252,2,,,resume
487768,248,2,,,pause
487768,248,2,,,resume
487840,220,2,,,pause
487840,220,2,,,resume
487852,248,2,,,pause
487936,248,2,,,resume
490695,18,2,,,pause
490695,18,2,,,resume
490778,18,2,,,pause
490794,10,2,,,pause
490794,10,2,,,resume
490944,18,2,,,resume
490944,18,2,,,pause
490944,18,2,,,resume
490988,113,2,,,pause
491071,113,2,,,resume
491071,113,2,,,pause
491154,113,2,,,resume
492693,252,2,,,pause
492693,252,2,,,resume
493100,116,2,,,pause
493100,116,2,,,resume
493183,116,2,,,pause
493183,116,2,,,resume
494898,29,2,,,pause
494981,29,2,,,resume
495313,29,2,,,pause
495396,29,2,,,resume
495396,29,2,,,pause
495396,29,2,,,resume
495461,14,2,,,pause
495461,14,2,,,resume
495544,14,2,,,pause
495544,14,2,,,resume
495627,14,2,,,pause
495627,14,2,,,resume
496109,18,2,,,pause
496148,113,2,,,pause
496192,18,2,,,resume
496245,114,2,,,pause
496314,113,2,,,resume
496328,114,2,,,resume
497848,252,2,,,pause
497848,252,2,,,resume
497931,252,2,,,pause
497931,252,2,,,resume
498397,240,2,,,pause
498397,240,2,,,resume
498480,240,2,,,pause
498480,240,2,,,resume
498563,240,2,,,pause
498595,252,2,,,pause
498595,252,2,,,resume
498646,240,2,,,resume
500598,18,2,,,pause
500598,18,2,,,resume
500763,96,2,,,pause
500763,96,2,,,resume
500980,113,2,,,pause
500980,113,2,,,resume
501235,114,2,,,pause
501262,18,2,,,pause
501318,114,2,,,resume
501318,114,2,,,pause
501428,18,2,,,resume
501484,114,2,,,resume
502645,248,2,,,pause
502728,248,2,,,resume
502907,201,2,,,pause
502907,201,2,,,resume
503135,244,2,,,pause
503218,244,2,,,resume
503406,201,2,,,pause
503406,201,2,,,resume
503469,244,2,,,pause
503469,244,2,,,resume
503635,244,2,,,pause
503720,244,2,,,resume
507881,248,2,,,pause
507964,248,2,,,resume
507964,248,2,,,pause
507964,248,2,,,resume
508061,201,2,,,pause
508061,201,2,,,resume
508309,204,2,,,pause
508309,204,2,,,resume
508560,201,2,,,pause
508560,201,2,,,resume
509836,125,2,,,pause
509836,125,2,,,resume
510501,125,2,,,pause
510501,125,2,,,resume
510584,125,2,,,pause
510584,125,2,,,resume
510609,17,2,,,pause
510609,17,2,,,resume
510941,17,2,,,pause
511025,17,2,,,resume
511301,49,2,,,pause
511384,49,2,,,resume
511560,45,2,,,pause
511560,45,2,,,resume
511784,33,2,,,pause
511829,118,2,,,pause
511829,118,2,,,resume
511867,33,2,,,resume
511867,33,2,,,pause
511950,33,2,,,resume
512249,85,2,,,pause
512332,85,2,,,resume
512582,85,2,,,pause
512665,85,2,,,resume
513349,249,2,,,pause
513349,249,2,,,resume
513357,240,2,,,pause
513440,240,2,,,resume
513479,253,2,,,pause
513479,253,2,,,resume
513768,245,2,,,pause
513768,245,2,,,resume
514060,253,2,,,pause
514060,253,2,,,resume
514991,125,2,,,pause
514991,125,2,,,resume
515655,125,2,,,pause
515738,125,2,,,resume
515760,17,2,,,pause
515760,17,2,,,resume
515879,154,2,,,pause
515879,154,2,,,resume
515948,41,2,,,pause
515979,18,2,,,pause
515979,18,2,,,resume
516031,41,2,,,resume
516062,18,2,,,pause
516062,18,2,,,resume
516103,46,2,,,pause
516103,46,2,,,resume
516168,22,2,,,pause
516168,22,2,,,resume
516186,46,2,,,pause
516186,46,2,,,resume
516211,96,2,,,pause
516269,46,2,,,pause
516269,46,2,,,resume
516280,113,2,,,pause
516280,113,2,,,resume
516294,82,2,,,pause
516294,96,2,,,resume
516294,82,2,,,resume
516311,18,2,,,pause
516394,18,2,,,resume
516394,18,2,,,pause
516394,18,2,,,resume
516528,114,2,,,pause
516533,49,2,,,pause
516611,114,2,,,resume
516611,114,2,,,pause
516611,114,2,,,resume
516616,49,2,,,resume
516616,49,2,,,pause
516616,49,2,,,resume
516636,42,2,,,pause
516636,42,2,,,resume
516714,45,2,,,pause
516714,45,2,,,resume
516719,42,2,,,pause
516719,42,2,,,resume
516935,33,2,,,pause
516980,118,2,,,pause
516980,118,2,,,resume
517018,33,2,,,resume
517018,33,2,,,pause
517018,33,2,,,resume
517763,153,2,,,pause
517763,153,2,,,resume
518286,201,2,,,pause
518286,201,2,,,resume
518353,248,2,,,pause
518436,248,2,,,resume
518453,201,2,,,pause
518453,201,2,,,resume
518594,240,2,,,pause
518634,253,2,,,pause
518634,253,2,,,resume
518677,240,2,,,resume
518778,168,2,,,pause
518861,168,2,,,resume
520916,17,2,,,pause
520999,17,2,,,resume
521071,22,2,,,pause
521071,22,2,,,resume
521099,41,2,,,pause
521182,41,2,,,resume
521239,29,2,,,pause
521239,29,2,,,resume
521320,22,2,,,pause
521320,22,2,,,resume
521403,22,2,,,pause
521403,22,2,,,resume
521439,113,2,,,pause
521439,113,2,,,resume
521450,82,2,,,pause
521450,82,2,,,resume
521480,125,2,,,pause
521646,125,2,,,resume
521646,125,2,,,pause
521656,22,2,,,pause
521689,113,2,,,pause
521689,113,2,,,resume
521729,125,2,,,resume
521740,22,2,,,resume
521770,49,2,,,pause
521794,42,2,,,pause
521794,42,2,,,resume
521853,49,2,,,resume
521853,49,2,,,pause
521867,45,2,,,pause
521867,45,2,,,resume
521877,42,2,,,pause
521877,42,2,,,resume
521885,21,2,,,pause
521885,21,2,,,resume
521904,29,2,,,pause
521904,29,2,,,resume
521936,49,2,,,resume
521961,117,2,,,pause
521961,117,2,,,resume
521968,21,2,,,pause
522052,21,2,,,resume
522376,117,2,,,pause
522376,117,2,,,resume
522407,22,2,,,pause
522407,22,2,,,resume
522465,118,2,,,pause
522465,118,2,,,resume
522918,153,2,,,pause
522918,153,2,,,resume
523423,210,2,,,pause
523439,215,2,,,pause
523439,215,2,,,resume
523440,201,2,,,pause
523440,201,2,,,resume
523506,210,2,,,resume
523607,201,2,,,pause
523607,201,2,,,resume
523666,249,2,,,pause
523666,249,2,,,resume
523772,204,2,,,pause
523772,204,2,,,resume
523855,204,2,,,pause
523929,168,2,,,pause
523938,204,2,,,resume
524012,168,2,,,resume
526431,113,2,,,pause
526431,113,2,,,resume
526577,122,2,,,pause
526577,122,2,,,resume
526597,113,2,,,pause
526597,113,2,,,resume
526660,122,2,,,pause
526744,122,2,,,resume
526744,122,2,,,pause
526827,122,2,,,resume
526847,113,2,,,pause
526847,113,2,,,resume
526886,125,2,,,pause
526924,49,2,,,pause
526970,125,2,,,resume
527007,49,2,,,resume
527007,49,2,,,pause
527007,49,2,,,resume
527022,45,2,,,pause
527022,45,2,,,resume
527032,42,2,,,pause
527032,42,2,,,resume
527056,29,2,,,pause
527056,29,2,,,resume
527123,18,2,,,pause
527123,18,2,,,resume
527429,113,2,,,pause
527429,113,2,,,resume
527526,117,2,,,pause
527526,117,2,,,resume
527618,118,2,,,pause
527701,118,2,,,resume
528594,201,2,,,pause
528594,201,2,,,resume
528742,249,2,,,pause
528761,201,2,,,pause
528761,201,2,,,resume
528825,249,2,,,resume
531313,17,2,,,pause
531313,17,2,,,resume
531415,96,2,,,pause
531498,96,2,,,resume
531866,18,2,,,pause
531866,18,2,,,resume
531949,18,2,,,pause
531949,18,2,,,resume
532032,18,2,,,pause
532032,18,2,,,resume
532039,125,2,,,pause
532115,18,2,,,pause
532115,18,2,,,resume
532122,125,2,,,resume
532151,114,2,,,pause
532234,114,2,,,resume
532281,18,2,,,pause
532281,18,2,,,resume
532328,96,2,,,pause
532411,96,2,,,resume
532585,113,2,,,pause
532585,113,2,,,resume
533735,215,2,,,pause
533735,215,2,,,resume
533915,201,2,,,pause
533915,201,2,,,resume
534099,253,2,,,pause
534099,253,2,,,resume
534150,168,2,,,pause
534233,168,2,,,resume
534393,245,2,,,pause
534393,245,2,,,resume
535230,205,2,,,pause
535230,205,2,,,resume
536395,17,2,,,pause
536478,17,2,,,resume
536581,97,2,,,pause
536581,97,2,,,resume
536654,25,2,,,pause
536654,25,2,,,resume
536918,82,2,,,pause
536918,82,2,,,resume
536925,12,2,,,pause
536996,97,2,,,pause
536996,97,2,,,resume
537008,12,2,,,resume
537008,12,2,,,pause
537008,12,2,,,resume
537035,18,2,,,pause
537091,12,2,,,pause
537091,12,2,,,resume
537118,18,2,,,resume
537118,18,2,,,pause
537118,18,2,,,resume
537170,8,2,,,pause
537170,8,2,,,resume
537174,12,2,,,pause
537196,22,2,,,pause
537201,18,2,,,pause
537201,18,2,,,resume
537257,12,2,,,resume
537279,22,2,,,resume
537284,18,2,,,pause
537284,18,2,,,resume
537310,114,2,,,pause
537349,42,2,,,pause
537349,42,2,,,resume
537450,18,2,,,pause
537476,114,2,,,resume
537476,114,2,,,pause
537533,18,2,,,resume
537559,114,2,,,resume
537836,117,2,,,pause
537836,117,2,,,resume
538716,210,2,,,pause
538799,210,2,,,resume
538799,210,2,,,pause
538882,210,2,,,resume
538882,210,2,,,pause
538965,210,2,,,resume
539794,240,2,,,pause
539877,240,2,,,resume
541548,168,2,,,pause
541549,17,2,,,pause
541631,168,2,,,resume
541632,17,2,,,resume
541632,17,2,,,pause
541715,17,2,,,resume
541736,97,2,,,pause
541736,97,2,,,resume
541807,25,2,,,pause
541807,25,2,,,resume
541890,25,2,,,pause
541890,25,2,,,resume
542020,22,2,,,pause
542020,22,2,,,resume
542047,17,2,,,pause
542130,17,2,,,resume
542152,97,2,,,pause
542152,97,2,,,resume
542248,12,2,,,pause
542269,22,2,,,pause
542331,12,2,,,resume
542435,22,2,,,resume
542492,117,2,,,pause
542492,117,2,,,resume
542549,114,2,,,pause
542715,114,2,,,resume
542990,117,2,,,pause
542990,117,2,,,resume
544195,243,2,,,pause
544195,243,2,,,resume
544225,201,2,,,pause
544308,201,2,,,resume
544326,253,2,,,pause
544409,253,2,,,resume
544409,253,2,,,pause
544409,253,2,,,resume
544641,201,2,,,pause
544641,201,2,,,resume
544907,253,2,,,pause
544990,253,2,,,resume
545316,117,2,,,pause
545316,117,2,,,resume
545536,205,2,,,pause
545536,205,2,,,resume
546123,121,2,,,pause
546123,121,2,,,resume
547304,97,2,,,pause
547304,97,2,,,resume
547702,114,2,,,pause
547868,114,2,,,resume
552469,115,2,,,pause
552552,115,2,,,resume
552555,12,2,,,pause
552595,126,2,,,pause
552595,126,2,,,resume
552638,12,2,,,resume
552702,10,2,,,pause
552702,10,2,,,resume
552786,10,2,,,pause
552786,10,2,,,resume
553213,117,2,,,pause
553379,117,2,,,resume
554436,216,2,,,pause
554436,216,2,,,resume
554533,201,2,,,pause
554553,252,2,,,pause
554553,252,2,,,resume
554616,201,2,,,resume
554636,252,2,,,pause
554670,240,2,,,pause
554719,252,2,,,resume
554753,240,2,,,resume
554753,240,2,,,pause
554836,240,2,,,resume
555253,240,2,,,pause
555305,214,2,,,pause
555305,214,2,,,resume
555336,240,2,,,resume
555419,240,2,,,pause
555502,240,2,,,resume
557081,126,2,,,pause
557081,126,2,,,resume
557331,126,2,,,pause
557331,126,2,,,resume
557548,50,2,,,pause
557562,22,2,,,pause
557562,22,2,,,resume
557582,126,2,,,pause
557607,97,2,,,pause
557607,97,2,,,resume
557621,115,2,,,pause
557631,50,2,,,resume
557663,18,2,,,pause
557698,8,2,,,pause
557698,8,2,,,resume
557702,117,2,,,pause
557704,115,2,,,resume
557746,18,2,,,resume
557746,18,2,,,pause
557748,126,2,,,resume
557768,10,2,,,pause
557829,18,2,,,resume
557851,10,2,,,resume
557851,10,2,,,pause
557851,10,2,,,resume
557868,117,2,,,resume
557868,117,2,,,pause
557951,117,2,,,resume
558117,117,2,,,pause
558117,117,2,,,resume
558480,22,2,,,pause
558563,22,2,,,resume
558563,22,2,,,pause
558563,22,2,,,resume
559162,210,2,,,pause
559162,210,2,,,resume
562099,21,2,,,pause
562182,21,2,,,resume
562455,113,2,,,pause
562494,25,2,,,pause
562494,25,2,,,resume
562538,113,2,,,resume
562650,126,2,,,pause
562660,25,2,,,pause
562660,25,2,,,resume
562733,126,2,,,resume
562733,126,2,,,pause
562762,97,2,,,pause
562762,97,2,,,resume
562766,21,2,,,pause
562787,113,2,,,pause
562796,112,2,,,pause
562796,112,2,,,resume
562816,126,2,,,resume
562834,17,2,,,pause
562834,17,2,,,resume
562849,21,2,,,resume
562852,8,2,,,pause
562856,117,2,,,pause
562871,113,2,,,resume
562871,113,2,,,pause
562909,25,2,,,pause
562935,8,2,,,resume
562992,25,2,,,resume
563037,113,2,,,resume
563106,117,2,,,resume
563106,117,2,,,pause
563189,117,2,,,resume
564435,208,2,,,pause
564435,208,2,,,resume
564530,214,2,,,pause
564613,214,2,,,resume
564613,214,2,,,pause
564696,214,2,,,resume
565362,150,2,,,pause
565362,150,2,,,resume
565411,116,2,,,pause
565411,116,2,,,resume
566952,119,2,,,pause
566952,119,2,,,resume
567040,22,2,,,pause
567040,22,2,,,resume
567404,116,2,,,pause
567404,116,2,,,resume
567761,115,2,,,pause
567814,114,2,,,pause
567844,115,2,,,resume
567870,22,2,,,pause
567870,22,2,,,resume
567897,114,2,,,resume
567917,97,2,,,pause
567917,97,2,,,resume
567927,115,2,,,pause
567952,112,2,,,pause
567952,112,2,,,resume
567965,126,2,,,pause
567979,25,2,,,pause
567989,17,2,,,pause
567989,17,2,,,resume
568007,8,2,,,pause
568010,115,2,,,resume
568036,22,2,,,pause
568062,25,2,,,resume
568062,25,2,,,pause
568082,16,2,,,pause
568082,16,2,,,resume
568090,8,2,,,resume
568119,22,2,,,resume
568119,22,2,,,pause
568131,126,2,,,resume
568145,25,2,,,resume
568170,117,2,,,pause
568195,113,2,,,pause
568202,22,2,,,resume
568253,117,2,,,resume
568278,113,2,,,resume
568395,114,2,,,pause
568478,114,2,,,resume
568586,117,2,,,pause
568654,116,2,,,pause
568654,116,2,,,resume
568754,117,2,,,resume
568754,117,2,,,pause
568837,117,2,,,resume
568921,117,2,,,pause
569004,117,2,,,resume
569561,141,2,,,pause
569561,141,2,,,resume
569591,208,2,,,pause
569591,208,2,,,resume
569644,141,2,,,pause
569644,141,2,,,resume
569853,200,2,,,pause
569853,200,2,,,resume
569966,248,2,,,pause
569966,248,2,,,resume
570101,252,2,,,pause
570184,252,2,,,resume
570189,220,2,,,pause
570272,220,2,,,resume
570298,168,2,,,pause
570315,116,2,,,pause
570315,116,2,,,resume
570381,168,2,,,resume
570564,116,2,,,pause
570564,116,2,,,resume
572188,119,2,,,pause
572188,119,2,,,resume
572474,116,2,,,pause
572474,116,2,,,resume
572557,116,2,,,pause
572557,116,2,,,resume
572838,12,2,,,pause
572838,12,2,,,resume
572921,12,2,,,pause
572921,12,2,,,resume
573039,96,2,,,pause
573039,96,2,,,resume
573056,116,2,,,pause
573056,116,2,,,resume
573106,112,2,,,pause
573106,112,2,,,resume
573161,8,2,,,pause
573244,8,2,,,resume
573266,113,2,,,pause
573266,113,2,,,resume
573274,22,2,,,pause
573298,25,2,,,pause
573327,115,2,,,pause
573357,22,2,,,resume
573381,25,2,,,resume
573382,114,2,,,pause
573382,114,2,,,resume
573410,115,2,,,resume
573721,116,2,,,pause
573805,116,2,,,resume
574820,211,2,,,pause
574903,211,2,,,resume
575119,248,2,,,pause
575119,248,2,,,resume
575201,239,2,,,pause
575201,239,2,,,resume
575256,252,2,,,pause
575256,252,2,,,resume
575450,239,2,,,pause
575450,239,2,,,resume
577635,46,2,,,pause
577718,46,2,,,resume
577815,36,2,,,pause
577817,117,2,,,pause
577817,117,2,,,resume
577898,36,2,,,resume
577944,126,2,,,pause
577999,12,2,,,pause
577999,12,2,,,resume
578027,126,2,,,resume
578082,12,2,,,pause
578082,12,2,,,resume
578110,126,2,,,pause
578125,114,2,,,pause
578125,114,2,,,resume
578184,112,2,,,pause
578193,126,2,,,resume
578193,126,2,,,pause
578233,97,2,,,pause
578233,97,2,,,resume
578267,112,2,,,resume
578322,8,2,,,pause
578322,8,2,,,resume
578338,17,2,,,pause
578338,17,2,,,resume
578359,126,2,,,resume
578377,25,2,,,pause
578398,16,2,,,pause
578398,16,2,,,resume
578399,97,2,,,pause
578399,97,2,,,resume
578405,8,2,,,pause
578405,8,2,,,resume
578439,22,2,,,pause
578510,113,2,,,pause
578511,119,2,,,pause
578522,22,2,,,resume
578543,25,2,,,resume
578543,25,2,,,pause
578543,25,2,,,resume
578594,119,2,,,resume
578624,114,2,,,pause
578677,113,2,,,resume
578739,37,2,,,pause
578739,37,2,,,resume
578761,113,2,,,pause
578761,113,2,,,resume
578873,114,2,,,resume
578897,117,2,,,pause
579065,117,2,,,resume
579207,25,2,,,pause
579290,25,2,,,resume
579750,17,2,,,pause
579750,17,2,,,resume
579978,117,2,,,pause
579983,211,2,,,pause
580023,239,2,,,pause
580023,239,2,,,resume
580061,117,2,,,resume
580066,211,2,,,resume
580161,243,2,,,pause
580244,243,2,,,resume
580272,248,2,,,pause
580272,248,2,,,resume
580332,244,2,,,pause
580332,244,2,,,resume
580355,239,2,,,pause
580438,239,2,,,resume
580581,244,2,,,pause
580581,244,2,,,resume
580604,239,2,,,pause
580604,239,2,,,resume
580659,243,2,,,pause
580659,243,2,,,resume
580740,200,2,,,pause
580824,200,2,,,resume
582948,25,2,,,pause
582948,25,2,,,resume
583058,115,2,,,pause
583141,115,2,,,resume
583224,115,2,,,pause
583473,115,2,,,resume
583478,8,2,,,pause
583478,8,2,,,resume
583492,17,2,,,pause
583492,17,2,,,resume
583561,8,2,,,pause
583561,8,2,,,resume
583595,22,2,,,pause
583613,40,2,,,pause
583613,40,2,,,resume
583614,114,2,,,pause
583644,8,2,,,pause
583644,8,2,,,resume
583659,63,2,,,pause
583659,63,2,,,resume
583674,113,2,,,pause
583678,22,2,,,resume
583697,114,2,,,resume
583757,113,2,,,resume
583757,113,2,,,pause
583757,113,2,,,resume
583810,8,2,,,pause
583893,8,2,,,resume
584029,40,2,,,pause
584029,40,2,,,resume
584962,213,2,,,pause
584962,213,2,,,resume
585374,245,2,,,pause
585392,200,2,,,pause
585457,245,2,,,resume
585475,200,2,,,resume
585475,200,2,,,pause
585483,244,2,,,pause
585483,244,2,,,resume
585558,200,2,,,resume
585558,200,2,,,pause
585558,200,2,,,resume
585725,200,2,,,pause
585732,244,2,,,pause
585732,244,2,,,resume
585808,200,2,,,resume
585975,200,2,,,pause
585975,200,2,,,resume
588097,25,2,,,pause
588097,25,2,,,resume
588211,115,2,,,pause
588215,8,2,,,pause
588265,41,2,,,pause
588265,41,2,,,resume
588294,115,2,,,resume
588299,8,2,,,resume
588444,53,2,,,pause
588519,116,2,,,pause
588527,53,2,,,resume
588541,97,2,,,pause
588541,97,2,,,resume
588581,113,2,,,pause
588602,116,2,,,resume
588602,116,2,,,pause
588602,116,2,,,resume
588631,8,2,,,pause
588631,8,2,,,resume
588664,113,2,,,resume
588664,113,2,,,pause
588670,115,1,,,pause
588670,115,1,,,resume
588705,16,2,,,pause
588705,16,2,,,resume
588707,97,2,,,pause
588707,97,2,,,resume
588747,113,2,,,resume
588750,22,2,,,pause
588752,63,2,,,pause
588752,63,2,,,resume
588764,40,2,,,pause
588764,40,2,,,resume
588789,117,2,,,pause
588797,8,2,,,pause
588797,8,2,,,resume
588833,22,2,,,resume
588872,117,2,,,resume
588875,115,2,,,pause
588955,117,2,,,pause
588958,115,2,,,resume
589038,117,2,,,resume
589099,114,2,,,pause
589121,117,2,,,pause
589182,114,2,,,resume
589287,117,2,,,resume
589287,117,2,,,pause
589619,117,2,,,resume
590267,141,2,,,pause
590267,141,2,,,resume
590521,214,2,,,pause
590521,214,2,,,resume
590710,200,2,,,pause
590710,200,2,,,resume
592902,22,2,,,pause
592902,22,2,,,resume
593091,46,2,,,pause
593175,46,2,,,resume
593359,18,2,,,pause
593363,8,2,,,pause
593415,41,2,,,pause
593415,41,2,,,resume
593422,114,2,,,pause
593422,114,2,,,resume
593446,8,2,,,resume
593486,22,2,,,pause
593490,67,1,,,pause
593494,115,2,,,pause
593494,115,2,,,resume
593505,114,2,,,pause
593525,18,2,,,resume
593536,123,2,,,pause
593573,67,1,,,resume
593585,112,2,,,pause
593588,114,2,,,resume
593588,114,2,,,pause
593619,123,2,,,resume
593619,123,2,,,pause
593619,123,2,,,resume
593654,22,2,,,resume
593668,112,2,,,resume
593671,122,2,,,pause
593671,114,2,,,resume
593671,122,2,,,resume
593776,18,2,,,pause
593776,18,2,,,resume
593809,85,2,,,pause
593809,85,2,,,resume
593821,22,2,,,pause
593824,115,1,,,pause
593838,16,2,,,pause
593904,63,2,,,pause
593907,115,1,,,resume
593917,40,2,,,pause
593917,40,2,,,resume
593921,16,2,,,resume
593987,22,2,,,resume
593987,63,2,,,resume
593987,22,2,,,pause
594070,22,2,,,resume
594109,117,2,,,pause
594169,114,2,,,pause
594192,117,2,,,resume
594192,117,2,,,pause
594249,40,2,,,pause
594249,40,2,,,resume
594275,117,2,,,resume
594332,40,2,,,pause
594332,40,2,,,resume
594335,114,2,,,resume
594358,117,2,,,pause
594493,115,2,,,pause
594524,117,2,,,resume
594655,115,1,,,pause
594659,115,2,,,resume
594738,115,1,,,resume
596210,119,2,,,pause
596293,119,2,,,resume
598567,41,2,,,pause
598567,41,2,,,resume
598568,44,2,,,pause
598568,44,2,,,resume
598653,44,2,,,pause
598658,112,2,,,pause
598736,44,2,,,resume
598742,116,2,,,pause
598820,44,2,,,pause
598820,44,2,,,resume
598825,116,2,,,resume
598838,36,2,,,pause
598838,36,2,,,resume
598844,97,2,,,pause
598844,97,2,,,resume
598879,96,2,,,pause
598879,96,2,,,resume
598914,48,1,,,pause
598914,48,1,,,resume
598919,92,2,,,pause
598961,85,2,,,pause
598961,85,2,,,resume
598963,126,2,,,pause
598966,59,2,,,pause
598966,59,2,,,resume
598977,113,2,,,pause
598997,16,2,,,pause
599046,126,2,,,resume
599046,126,2,,,pause
599046,126,2,,,resume
599060,113,2,,,resume
599060,113,2,,,pause
599073,112,2,,,resume
599074,116,2,,,pause
599080,16,2,,,resume
599085,92,2,,,resume
599139,22,2,,,pause
599143,113,2,,,resume
599158,116,2,,,resume
599158,116,2,,,pause
599158,116,2,,,resume
599239,112,2,,,pause
599307,22,2,,,resume
599321,114,2,,,pause
599345,117,2,,,pause
599395,115,2,,,pause
599405,114,2,,,resume
599406,112,2,,,resume
599406,112,2,,,pause
599407,116,2,,,pause
599428,117,2,,,resume
599428,117,2,,,pause
599480,115,2,,,resume
599480,115,2,,,pause
599490,116,2,,,resume
599490,116,2,,,pause
599511,117,2,,,resume
599511,117,2,,,pause
599511,117,2,,,resume
599563,115,2,,,resume
599572,112,2,,,resume
599575,116,2,,,resume
599594,117,2,,,pause
599646,115,2,,,pause
599760,117,2,,,resume
599760,117,2,,,pause
599813,115,2,,,resume
599843,117,2,,,resume
600197,88,2,,,pause
600280,88,2,,,resume
600580,141,2,,,pause
600580,141,2,,,resume
601364,119,2,,,pause
601447,119,2,,,resume
603553,25,2,,,pause
603636,25,2,,,resume
603718,41,2,,,pause
603746,29,2,,,pause
603746,29,2,,,resume
603801,41,2,,,resume
603999,97,2,,,pause
603999,97,2,,,resume
604217,113,2,,,pause
604301,113,2,,,resume
604447,126,2,,,pause
604530,126,2,,,resume
604556,114,2,,,pause
604639,114,2,,,resume
605523,150,2,,,pause
605606,150,2,,,resume
605673,141,2,,,pause
605756,141,2,,,resume
605987,187,2,,,pause
605987,187,2,,,resume
606516,119,2,,,pause
606599,119,2,,,resume
606714,25,2,,,pause
606714,25,2,,,resume
608786,115,2,,,pause
608819,29,2,,,pause
608870,115,2,,,resume
608902,29,2,,,resume
608965,121,2,,,pause
609036,115,2,,,pause
609040,89,2,,,pause
609098,96,2,,,pause
609098,96,2,,,resume
609119,115,2,,,resume
609123,89,2,,,resume
609131,121,2,,,resume
609154,97,2,,,pause
609154,97,2,,,resume
609263,85,2,,,pause
609263,85,2,,,resume
609346,85,2,,,pause
609346,85,2,,,resume
609626,114,2,,,pause
609731,117,2,,,pause
609740,107,2,,,pause
609792,114,2,,,resume
609814,117,2,,,resume
609814,117,2,,,pause
609823,107,2,,,resume
609906,107,2,,,pause
609947,115,1,,,pause
609981,117,2,,,resume
609981,117,2,,,pause
609989,107,2,,,resume
610030,115,1,,,resume
610064,117,2,,,resume
610486,151,1,,,pause
610486,151,1,,,resume
611140,187,2,,,pause
611140,187,2,,,resume
611258,252,2,,,pause
611341,252,2,,,resume
611488,220,2,,,pause
611571,220,2,,,resume
613628,46,2,,,pause
613711,46,2,,,resume
614093,55,1,,,pause
614093,55,1,,,resume
614165,96,2,,,pause
614248,96,2,,,resume
614307,97,2,,,pause
614307,97,2,,,resume
614331,96,2,,,pause
614331,96,2,,,resume
614366,21,2,,,pause
614366,21,2,,,resume
614416,101,2,,,pause
614437,115,1,,,pause
614520,115,1,,,resume
614532,113,2,,,pause
614582,101,2,,,resume
614615,113,2,,,resume
614873,46,2,,,pause
614873,46,2,,,resume
615083,119,1,,,pause
615083,119,1,,,resume
615166,119,1,,,pause
615166,119,1,,,resume
615490,147,1,,,pause
615490,147,1,,,resume
615559,151,1,,,pause
615582,119,1,,,pause
615582,119,1,,,resume
615642,151,1,,,resume
615998,253,2,,,pause
616081,253,2,,,resume
616293,187,2,,,pause
616293,187,2,,,resume
616496,252,2,,,pause
616533,112,2,,,pause
616579,252,2,,,resume
616616,112,2,,,resume
616820,119,2,,,pause
616904,119,2,,,resume
618440,116,2,,,pause
618523,116,2,,,resume
618612,121,2,,,pause
618642,125,2,,,pause
618642,125,2,,,resume
618695,121,2,,,resume
618888,53,2,,,pause
618888,53,2,,,resume
619006,51,1,,,pause
619006,51,1,,,resume
619009,115,2,,,pause
619092,115,2,,,resume
619092,115,2,,,pause
619101,22,2,,,pause
619101,22,2,,,resume
619175,115,2,,,resume
619184,22,2,,,pause
619184,22,2,,,resume
619209,48,1,,,pause
619209,48,1,,,resume
619217,29,2,,,pause
619254,55,1,,,pause
619260,115,2,,,pause
619276,121,2,,,pause
619280,112,2,,,pause
619300,29,2,,,resume
619304,97,2,,,pause
619337,55,1,,,resume
619359,121,2,,,resume
619363,112,2,,,resume
619375,48,1,,,pause
619375,48,1,,,resume
619426,115,2,,,resume
619428,42,2,,,pause
619428,42,2,,,resume
619442,121,2,,,pause
619470,97,2,,,resume
619484,67,1,,,pause
619484,67,1,,,resume
619492,126,2,,,pause
619516,22,2,,,pause
619526,21,2,,,pause
619526,113,2,,,pause
619526,121,2,,,resume
619526,21,2,,,resume
619541,48,1,,,pause
619541,48,1,,,resume
619553,97,2,,,pause
619575,126,2,,,resume
619592,115,2,,,pause
619592,115,2,,,resume
619599,22,2,,,resume
619609,113,2,,,resume
619609,121,2,,,pause
619624,48,1,,,pause
619636,97,2,,,resume
619638,125,2,,,pause
619638,125,2,,,resume
619655,47,1,,,pause
619689,114,2,,,pause
619692,113,2,,,pause
619692,121,2,,,resume
619707,48,1,,,resume
619707,48,1,,,pause
619738,47,1,,,resume
619765,22,2,,,pause
619765,22,2,,,resume
619772,114,2,,,resume
619776,113,2,,,resume
619790,48,1,,,resume
619862,112,2,,,pause
620021,114,2,,,pause
620028,112,2,,,resume
620042,117,2,,,pause
620104,114,2,,,resume
620104,114,2,,,pause
620187,114,2,,,resume
620187,114,2,,,pause
620187,114,2,,,resume
620270,114,2,,,pause
620270,114,2,,,resume
620459,117,2,,,resume
620737,119,1,,,pause
620737,119,1,,,resume
620991,168,2,,,pause
620991,168,2,,,resume
621612,217,2,,,pause
621612,217,2,,,resume
624000,115,2,,,pause
624028,46,2,,,pause
624052,53,2,,,pause
624052,53,2,,,resume
624083,115,2,,,resume
624083,115,2,,,pause
624083,115,2,,,resume
624111,46,2,,,resume
624163,51,1,,,pause
624163,51,1,,,resume
624187,112,2,,,pause
624208,118,2,,,pause
624208,118,2,,,resume
624249,115,2,,,pause
624270,112,2,,,resume
624325,55,1,,,pause
624348,121,2,,,pause
624408,55,1,,,resume
624415,115,2,,,resume
624515,121,2,,,resume
624555,96,2,,,pause
624633,53,2,,,pause
624638,96,2,,,resume
624640,67,1,,,pause
624640,67,1,,,resume
624664,115,2,,,pause
624664,115,2,,,resume
624726,126,2,,,pause
624786,123,2,,,pause
624786,123,2,,,resume
624799,53,2,,,resume
624809,126,2,,,resume
624830,115,2,,,pause
624845,114,2,,,pause
624913,115,2,,,resume
624913,115,2,,,pause
624913,115,2,,,resume
624928,114,2,,,resume
624966,50,2,,,pause
624966,50,2,,,resume
625177,114,2,,,pause
625343,114,2,,,resume
625343,114,2,,,pause
625343,114,2,,,resume
625795,169,2,,,pause
625796,169,2,,,resume
626142,168,2,,,pause
626142,168,2,,,resume
626453,219,1,,,pause
626453,219,1,,,resume
626767,217,2,,,pause
626767,217,2,,,resume
628574,115,1,,,pause
628657,115,1,,,resume
628919,121,2,,,pause
629002,121,2,,,resume
629051,168,2,,,pause
629051,168,2,,,resume
629094,46,2,,,pause
629178,46,2,,,resume
629178,46,2,,,pause
629261,46,2,,,resume
629312,51,1,,,pause
629312,51,1,,,resume
629344,18,2,,,pause
629344,18,2,,,resume
629476,55,1,,,pause
629511,18,2,,,pause
629558,29,2,,,pause
629560,55,1,,,resume
629583,121,2,,,pause
629592,98,2,,,pause
629592,98,2,,,resume
629594,18,2,,,resume
629594,18,2,,,pause
629594,18,2,,,resume
629666,114,2,,,pause
629666,121,2,,,resume
629666,114,2,,,resume
629666,121,2,,,pause
629724,29,2,,,resume
629749,121,2,,,resume
629788,96,2,,,pause
629794,67,1,,,pause
629794,67,1,,,resume
629846,113,2,,,pause
629866,53,2,,,pause
629871,96,2,,,resume
629937,123,2,,,pause
629949,53,2,,,resume
629949,53,2,,,pause
630012,113,2,,,resume
630012,113,2,,,pause
630020,123,2,,,resume
630032,53,2,,,resume
630036,9,2,,,pause
630045,54,2,,,pause
630045,54,2,,,resume
630089,112,2,,,pause
630095,113,2,,,resume
630118,50,2,,,pause
630118,50,2,,,resume
630172,112,2,,,resume
630202,9,2,,,resume
630515,117,2,,,pause
630599,117,2,,,resume
630960,39,1,,,pause
630960,39,1,,,resume
631295,168,2,,,pause
631295,168,2,,,resume
631530,228,2,,,pause
631696,228,2,,,resume
632125,168,2,,,pause
632125,168,2,,,resume
632569,116,2,,,pause
632569,116,2,,,resume
632650,247,2,,,pause
632650,247,2,,,resume
634000,18,2,,,pause
634083,18,2,,,resume
634202,52,1,,,pause
634288,52,1,,,resume
634329,46,2,,,pause
634372,52,1,,,pause
634456,52,1,,,resume
634466,51,1,,,pause
634466,51,1,,,resume
634495,46,2,,,resume
634496,48,1,,,pause
634499,18,2,,,pause
634499,18,2,,,resume
634579,48,1,,,resume
634665,18,2,,,pause
634710,55,1,,,pause
634748,18,2,,,resume
634748,18,2,,,pause
634831,18,2,,,resume
634877,55,1,,,resume
634901,114,2,,,pause
634913,48,1,,,pause
634937,96,2,,,pause
634944,67,1,,,pause
634944,67,1,,,resume
634985,114,2,,,resume
634985,114,2,,,pause
634995,46,2,,,pause
634995,46,2,,,resume
635020,96,2,,,resume
635020,96,2,,,pause
635068,114,2,,,resume
635068,114,2,,,pause
635079,48,1,,,resume
635082,18,2,,,pause
635082,18,2,,,resume
635103,96,2,,,resume
635132,115,2,,,pause
635151,114,2,,,resume
635151,114,2,,,pause
635151,114,2,,,resume
635230,54,2,,,pause
635230,54,2,,,resume
635241,112,2,,,pause
635253,113,2,,,pause
635270,50,2,,,pause
635299,115,2,,,resume
635299,115,2,,,pause
635324,112,2,,,resume
635336,113,2,,,resume
635352,96,2,,,pause
635353,50,2,,,resume
635382,115,2,,,resume
635382,115,2,,,pause
635437,96,2,,,resume
635437,96,2,,,pause
635437,96,2,,,resume
635465,115,2,,,resume
635483,114,2,,,pause
635520,96,2,,,pause
635586,117,2,,,pause
635603,96,2,,,resume
635650,114,2,,,resume
635650,114,2,,,pause
635669,117,2,,,resume
635734,114,2,,,resume
635734,114,2,,,pause
635817,114,2,,,resume
636905,187,2,,,pause
636905,187,2,,,resume
637024,244,2,,,pause
637024,244,2,,,resume
637803,247,2,,,pause
637803,247,2,,,resume
639194,29,2,,,pause
639277,29,2,,,resume
639360,29,2,,,pause
639443,29,2,,,resume
639554,114,2,,,pause
639637,114,2,,,resume
639988,18,2,,,pause
639988,18,2,,,resume
640095,67,1,,,pause
640095,67,1,,,resume
640113,29,2,,,pause
640167,97,2,,,pause
640167,97,2,,,resume
640196,29,2,,,resume
640243,16,2,,,pause
640243,113,2,,,pause
640301,114,2,,,pause
640301,114,2,,,resume
640324,117,2,,,pause
640326,113,2,,,resume
640327,16,2,,,resume
640333,97,2,,,pause
640395,112,2,,,pause
640407,117,2,,,resume
640411,113,2,,,pause
640416,97,2,,,resume
640420,50,2,,,pause
640478,112,2,,,resume
640494,113,2,,,resume
640503,50,2,,,resume
640573,117,2,,,pause
640822,117,2,,,resume
640912,113,2,,,pause
640996,113,2,,,resume
641438,119,1,,,pause
641438,119,1,,,resume
642178,244,2,,,pause
642178,244,2,,,resume
642928,244,2,,,pause
642928,244,2,,,resume
642961,247,2,,,pause
642961,247,2,,,resume
644565,18,2,,,pause
644565,18,2,,,resume
645085,67,1,,,pause
645085,67,1,,,resume
645146,18,2,,,pause
645146,18,2,,,resume
645178,55,1,,,pause
645251,67,1,,,pause
645251,67,1,,,resume
645261,55,1,,,resume
645395,18,2,,,pause
645395,18,2,,,resume
645400,113,2,,,pause
645483,113,2,,,resume
645937,115,2,,,pause
646103,115,2,,,resume
646103,115,2,,,pause
646187,115,2,,,resume
646600,119,1,,,pause
646683,119,1,,,resume
646846,210,2,,,pause
646929,210,2,,,resume
646929,210,2,,,pause
646929,210,2,,,resume
647211,187,2,,,pause
647211,187,2,,,resume
647329,244,2,,,pause
647329,244,2,,,resume
648113,247,2,,,pause
648113,247,2,,,resume
649724,18,2,,,pause
649724,18,2,,,resume
649807,18,2,,,pause
649807,18,2,,,resume
650103,115,1,,,pause
650118,125,2,,,pause
650118,125,2,,,resume
650186,115,1,,,resume
650305,18,2,,,pause
650305,18,2,,,resume
650331,55,1,,,pause
650414,55,1,,,resume
650442,39,2,,,pause
650442,39,2,,,resume
650518,115,1,,,pause
650540,21,2,,,pause
650541,98,2,,,pause
650554,18,2,,,pause
650554,18,2,,,resume
650601,115,1,,,resume
650623,21,2,,,resume
650624,98,2,,,resume
650627,117,2,,,pause
650710,117,2,,,resume
650723,113,2,,,pause
650723,113,2,,,resume
650876,117,2,,,pause
650889,97,2,,,pause
650889,97,2,,,resume
650969,18,2,,,pause
650969,18,2,,,resume
651043,117,2,,,resume
651222,113,2,,,pause
651222,113,2,,,resume
651752,119,1,,,pause
651835,119,1,,,resume
651835,119,1,,,pause
651918,119,1,,,resume
651999,210,2,,,pause
652083,253,2,,,pause
652165,210,2,,,resume
652166,253,2,,,resume
652267,213,2,,,pause
652350,213,2,,,resume
652482,244,2,,,pause
652482,244,2,,,resume
652581,252,2,,,pause
652664,252,2,,,resume
652731,244,2,,,pause
652731,244,2,,,resume
653099,116,2,,,pause
653099,116,2,,,resume
653268,247,2,,,pause
653268,247,2,,,resume
654716,18,2,,,pause
654716,18,2,,,resume
654882,18,2,,,pause
654882,18,2,,,resume
654965,18,2,,,pause
654965,18,2,,,resume
655048,18,2,,,pause
655048,18,2,,,resume
655071,68,1,,,pause
655071,68,1,,,resume
655109,112,2,,,pause
655192,112,2,,,resume
655258,115,1,,,pause
655266,125,2,,,pause
655266,125,2,,,resume
655297,18,2,,,pause
655297,18,2,,,resume
655334,89,2,,,pause
655341,115,1,,,resume
655417,89,2,,,resume
655431,39,2,,,pause
655463,18,2,,,pause
655463,18,2,,,resume
655483,55,1,,,pause
655514,39,2,,,resume
655514,39,2,,,pause
655546,18,2,,,pause
655546,18,2,,,resume
655560,67,1,,,pause
655560,67,1,,,resume
655566,55,1,,,resume
655595,114,2,,,pause
655597,39,2,,,resume
655597,39,2,,,pause
655597,39,2,,,resume
655678,114,2,,,resume
655712,18,2,,,pause
655712,18,2,,,resume
655763,16,2,,,pause
655763,16,2,,,resume
655778,98,2,,,pause
655857,112,2,,,pause
655857,112,2,,,resume
655861,98,2,,,resume
655924,103,2,,,pause
655924,103,2,,,resume
656005,115,1,,,pause
656098,64,2,,,pause
656098,64,2,,,resume
656113,117,2,,,pause
656127,18,2,,,pause
656127,18,2,,,resume
656171,115,1,,,resume
656249,115,2,,,pause
656279,117,2,,,resume
656279,117,2,,,pause
656362,117,2,,,resume
656362,117,2,,,pause
656409,51,1,,,pause
656409,51,1,,,resume
656419,120,2,,,pause
656419,120,2,,,resume
656446,117,2,,,resume
656498,115,2,,,resume
656542,18,2,,,pause
656542,18,2,,,resume
657072,252,2,,,pause
657155,224,2,,,pause
657155,252,2,,,resume
657238,224,2,,,resume
657326,193,2,,,pause
657326,193,2,,,resume
657550,244,2,,,pause
657633,244,2,,,resume
657716,244,2,,,pause
657716,244,2,,,resume
657799,244,2,,,pause
657882,244,2,,,resume
657882,244,2,,,pause
657882,244,2,,,resume
658382,244,2,,,pause
658466,244,2,,,resume
659968,52,1,,,pause
659968,52,1,,,resume
660008,121,2,,,pause
660010,5,2,,,pause
660043,18,2,,,pause
660043,18,2,,,resume
660051,52,1,,,pause
660091,121,2,,,resume
660093,5,2,,,resume
660134,52,1,,,resume
660134,52,1,,,pause
660172,114,2,,,pause
660209,18,2,,,pause
660209,18,2,,,resume
660217,52,1,,,resume
660217,52,1,,,pause
660229,68,1,,,pause
660229,68,1,,,resume
660255,114,2,,,resume
660276,98,2,,,pause
660276,98,2,,,resume
660329,25,2,,,pause
660383,52,1,,,resume
660383,52,1,,,pause
660412,25,2,,,resume
660419,125,2,,,pause
660423,30,2,,,pause
660427,22,2,,,pause
660427,22,2,,,resume
660437,112,2,,,pause
660466,52,1,,,resume
660502,125,2,,,resume
660506,30,2,,,resume
660520,112,2,,,resume
660526,98,2,,,pause
660526,98,2,,,resume
660544,76,2,,,pause
660544,76,2,,,resume
660549,52,1,,,pause
660549,52,1,,,resume
660615,49,2,,,pause
660615,49,2,,,resume
660622,37,2,,,pause
660622,37,2,,,resume
660624,18,2,,,pause
660624,18,2,,,resume
660671,114,2,,,pause
660674,5,2,,,pause
660677,39,2,,,pause
660686,112,2,,,pause
660725,10,2,,,pause
660725,10,2,,,resume
660736,101,2,,,pause
660754,114,2,,,resume
660754,114,2,,,pause
660757,5,2,,,resume
660760,39,2,,,resume
660775,98,2,,,pause
660778,20,2,,,pause
660778,20,2,,,resume
660799,52,1,,,pause
660799,52,1,,,resume
660819,101,2,,,resume
660837,114,2,,,resume
660837,114,2,,,pause
660859,98,2,,,resume
660873,18,2,,,pause
660873,113,2,,,pause
660873,18,2,,,resume
660920,114,2,,,resume
660920,114,2,,,pause
660941,48,1,,,pause
660941,48,1,,,resume
660956,113,2,,,resume
660992,89,2,,,pause
660992,89,2,,,resume
661003,114,2,,,resume
661006,5,2,,,pause
661022,50,1,,,pause
661022,50,1,,,resume
661089,5,2,,,resume
661089,5,2,,,pause
661161,93,2,,,pause
661169,114,2,,,pause
661172,5,2,,,resume
661172,5,2,,,pause
661172,5,2,,,resume
661184,112,2,,,resume
661244,93,2,,,resume
661256,64,2,,,pause
661256,64,2,,,resume
661335,114,2,,,resume
661339,64,2,,,pause
661339,64,2,,,resume
661411,115,1,,,pause
661418,114,2,,,pause
661496,115,1,,,resume
661501,114,2,,,resume
661501,114,2,,,pause
661585,114,2,,,resume
662227,252,2,,,pause
662310,252,2,,,resume
662820,235,2,,,pause
662903,235,2,,,resume
663861,201,2,,,pause
663861,201,2,,,resume
663985,115,2,,,pause
664068,115,2,,,resume
664068,115,2,,,pause
664068,115,2,,,resume
665383,68,1,,,pause
665383,68,1,,,resume
665414,121,2,,,pause
665414,121,2,,,resume
665431,46,2,,,pause
665431,46,2,,,resume
665480,25,2,,,pause
665563,25,2,,,resume
665569,125,2,,,pause
665735,125,2,,,resume
665735,125,2,,,pause
665735,125,2,,,resume
665818,125,2,,,pause
665822,115,1,,,pause
665833,39,2,,,pause
665892,101,2,,,pause
665901,125,2,,,resume
665916,39,2,,,resume
665975,101,2,,,resume
665988,115,1,,,resume
666037,113,2,,,pause
666067,125,2,,,pause
666067,125,2,,,resume
666076,114,2,,,pause
666077,16,2,,,pause
666077,16,2,,,resume
666093,50,1,,,pause
666145,115,2,,,pause
666159,114,2,,,resume
666159,114,2,,,pause
666176,50,1,,,resume
666203,113,2,,,resume
666228,115,2,,,resume
666232,93,2,,,pause
666233,125,2,,,pause
666233,125,2,,,resume
666315,93,2,,,resume
666320,115,1,,,pause
666325,114,2,,,resume
666556,101,2,,,pause
666560,115,2,,,pause
666569,115,1,,,resume
666639,101,2,,,resume
666809,115,2,,,resume
666861,147,1,,,pause
666861,147,1,,,resume
666897,125,2,,,pause
666897,125,2,,,resume
666980,125,2,,,pause
667063,125,2,,,resume
667478,235,2,,,pause
667561,235,2,,,resume
667697,219,1,,,pause
667697,219,1,,,resume
667874,216,2,,,pause
667938,217,2,,,pause
667957,216,2,,,resume
667976,235,2,,,pause
668022,217,2,,,resume
668059,235,2,,,resume
669208,205,2,,,pause
669208,205,2,,,resume
669901,121,2,,,pause
669976,115,1,,,pause
669976,115,1,,,resume
669984,121,2,,,resume
670262,71,1,,,pause
670346,71,1,,,resume
670346,71,1,,,pause
670346,71,1,,,resume
670464,51,1,,,pause
670464,51,1,,,resume
670536,68,1,,,pause
670536,68,1,,,resume
670581,112,2,,,pause
670604,52,1,,,pause
670664,112,2,,,resume
670687,52,1,,,resume
670687,52,1,,,pause
670770,52,1,,,resume
670813,114,2,,,pause
670896,114,2,,,resume
670896,114,2,,,pause
670907,97,2,,,pause
670907,97,2,,,resume
670979,114,2,,,resume
670986,39,2,,,pause
670990,97,2,,,pause
670990,97,2,,,resume
671058,115,1,,,pause
671069,39,2,,,resume
671103,52,1,,,pause
671141,115,1,,,resume
671146,114,2,,,pause
671186,52,1,,,resume
671194,16,2,,,pause
671194,16,2,,,resume
671216,125,2,,,pause
671229,114,2,,,resume
671229,114,2,,,pause
671248,48,1,,,pause
671299,125,2,,,resume
671329,50,1,,,pause
671331,48,1,,,resume
671412,50,1,,,resume
671412,50,1,,,pause
671478,114,2,,,resume
671495,50,1,,,resume
672346,88,2,,,pause
672346,88,2,,,resume
672721,247,2,,,pause
672804,247,2,,,resume
672822,204,2,,,pause
672822,204,2,,,resume
672905,204,2,,,pause
672905,204,2,,,resume
672947,213,2,,,pause
672947,213,2,,,resume
672988,204,2,,,pause
673071,204,2,,,resume
673154,204,2,,,pause
673154,204,2,,,resume
673488,204,2,,,pause
673488,204,2,,,resume
673621,240,2,,,pause
673621,240,2,,,resume
674361,205,2,,,pause
674361,205,2,,,resume
675283,25,2,,,pause
675295,44,2,,,pause
675295,44,2,,,resume
675366,25,2,,,resume
675618,115,2,,,pause
675624,93,2,,,pause
675685,68,1,,,pause
675685,68,1,,,resume
675707,93,2,,,resume
675732,112,2,,,pause
675753,52,1,,,pause
675768,113,2,,,pause
675782,25,2,,,pause
675784,115,2,,,resume
675814,96,2,,,pause
675814,96,2,,,resume
675815,112,2,,,resume
675836,52,1,,,resume
675836,52,1,,,pause
675865,25,2,,,resume
675866,125,2,,,pause
675921,52,1,,,resume
675948,25,2,,,pause
675949,125,2,,,resume
675949,125,2,,,pause
676031,25,2,,,resume
676032,125,2,,,resume
676032,125,2,,,pause
676060,97,2,,,pause
676060,97,2,,,resume
676100,113,2,,,resume
676115,125,2,,,resume
676118,101,2,,,pause
676130,114,2,,,pause
676145,67,1,,,pause
676145,67,1,,,resume
676146,96,2,,,pause
676146,96,2,,,resume
676168,20,2,,,pause
676183,113,2,,,pause
676197,25,2,,,pause
676197,25,2,,,resume
676198,125,2,,,pause
676201,101,2,,,resume
676201,101,2,,,pause
676213,114,2,,,resume
676231,112,2,,,pause
676251,20,2,,,resume
676254,52,1,,,pause
676266,113,2,,,resume
676281,125,2,,,resume
676281,125,2,,,pause
676285,101,2,,,resume
676285,101,2,,,pause
676285,101,2,,,resume
676313,96,2,,,pause
676313,96,2,,,resume
676314,112,2,,,resume
676337,52,1,,,resume
676347,16,2,,,pause
676364,125,2,,,resume
676397,112,2,,,pause
676405,100,2,,,pause
676405,100,2,,,resume
676430,16,2,,,resume
676432,113,2,,,pause
676480,112,2,,,resume
676482,117,2,,,pause
676516,113,2,,,resume
676516,113,2,,,pause
676565,117,2,,,resume
676599,113,2,,,resume
676648,50,1,,,pause
676696,25,2,,,pause
676731,50,1,,,resume
676781,25,2,,,resume
677663,168,2,,,pause
677663,168,2,,,resume
677694,244,2,,,pause
677777,244,2,,,resume
677875,247,2,,,pause
677958,247,2,,,resume
678226,204,2,,,pause
678262,205,2,,,pause
678262,205,2,,,resume
678275,244,2,,,pause
678309,204,2,,,resume
678358,244,2,,,resume
678441,244,2,,,pause
678524,244,2,,,resume
678559,204,2,,,pause
678642,204,2,,,resume
678775,240,2,,,pause
678775,240,2,,,resume
679937,125,2,,,pause
680020,125,2,,,resume
680188,115,2,,,pause
680271,115,2,,,resume
680322,52,1,,,pause
680405,52,1,,,resume
680405,52,1,,,pause
680565,71,1,,,pause
680571,52,1,,,resume
680571,52,1,,,pause
680648,71,1,,,resume
680686,115,2,,,pause
680737,52,1,,,resume
680769,115,2,,,resume
680852,115,2,,,pause
680935,115,2,,,resume
680935,115,2,,,pause
680951,114,2,,,pause
680951,114,2,,,resume
680957,22,2,,,pause
680986,52,1,,,pause
680994,103,1,,,pause
680994,103,1,,,resume
681019,115,2,,,resume
681077,103,1,,,pause
681077,103,1,,,resume
681123,22,2,,,resume
681152,52,1,,,resume
681152,52,1,,,pause
681180,35,2,,,pause
681180,35,2,,,resume
681214,67,1,,,pause
681235,52,1,,,resume
681235,52,1,,,pause
681250,55,1,,,pause
681250,55,1,,,resume
681297,67,1,,,resume
681318,52,1,,,resume
681318,52,1,,,pause
681404,52,1,,,resume
681445,115,1,,,pause
681458,22,2,,,pause
681458,22,2,,,resume
681469,112,2,,,pause
681487,52,1,,,pause
681529,115,1,,,resume
681542,22,2,,,pause
681542,22,2,,,resume
681552,112,2,,,resume
681552,112,2,,,pause
681570,52,1,,,resume
681635,112,2,,,resume
681653,52,1,,,pause
681708,22,2,,,pause
681708,22,2,,,resume
681736,52,1,,,resume
682375,22,2,,,pause
682375,22,2,,,resume
683096,253,2,,,pause
683179,253,2,,,resume
685925,51,1,,,pause
685925,51,1,,,resume
685932,93,2,,,pause
685932,93,2,,,resume
685976,8,2,,,pause
685976,8,2,,,resume
686147,103,1,,,pause
686147,103,1,,,resume
686165,113,2,,,pause
686193,121,2,,,pause
686248,113,2,,,resume
686255,125,2,,,pause
686276,121,2,,,resume
686290,112,2,,,pause
686290,112,2,,,resume
686334,35,2,,,pause
686334,35,2,,,resume
686335,25,2,,,pause
686338,125,2,,,resume
686370,67,1,,,pause
686414,113,2,,,pause
686418,25,2,,,resume
686426,101,2,,,pause
686453,67,1,,,resume
686497,113,2,,,resume
686497,113,2,,,pause
686501,25,2,,,pause
686501,25,2,,,resume
686509,101,2,,,resume
686539,112,2,,,pause
686587,125,2,,,pause
686592,101,2,,,pause
686592,101,2,,,resume
686601,115,1,,,pause
686663,113,2,,,resume
686663,113,2,,,pause
686670,125,2,,,resume
686670,125,2,,,pause
686684,115,1,,,resume
686706,112,2,,,resume
686706,112,2,,,pause
686753,125,2,,,resume
686764,93,2,,,pause
686790,112,2,,,resume
686829,113,2,,,resume
686847,93,2,,,resume
686912,113,2,,,pause
686969,52,1,,,pause
687052,52,1,,,resume
687078,113,2,,,resume
687417,125,2,,,pause
687500,125,2,,,resume
687906,211,2,,,pause
687989,211,2,,,resume
688268,207,2,,,pause
688299,244,2,,,pause
688299,244,2,,,resume
688351,207,2,,,resume
688653,211,2,,,pause
688736,211,2,,,resume
690345,114,2,,,pause
690428,114,2,,,resume
690428,114,2,,,pause
690511,114,2,,,resume
690756,44,2,,,pause
690756,44,2,,,resume
690839,44,2,,,pause
690839,44,2,,,resume
690922,44,2,,,pause
690922,44,2,,,resume
690996,51,1,,,pause
691042,52,1,,,pause
691042,52,1,,,resume
691079,51,1,,,resume
691274,115,2,,,pause
691274,115,2,,,resume
691299,103,1,,,pause
691299,103,1,,,resume
691394,99,2,,,pause
691394,99,2,,,resume
691424,114,2,,,pause
691441,67,1,,,pause
691445,112,2,,,pause
691507,114,2,,,resume
691507,114,2,,,pause
691528,112,2,,,resume
691528,112,2,,,pause
691591,114,2,,,resume
691591,114,2,,,pause
691607,67,1,,,resume
691611,112,2,,,resume
691660,126,2,,,pause
691660,126,2,,,resume
691744,126,2,,,pause
691744,126,2,,,resume
691757,114,2,,,resume
691772,115,2,,,pause
691772,115,2,,,resume
691777,112,2,,,pause
691777,112,2,,,resume
691854,122,2,,,pause
691854,122,2,,,resume
691855,115,2,,,pause
691855,115,2,,,resume
691987,113,2,,,pause
692020,122,2,,,pause
692020,122,2,,,resume
692070,113,2,,,resume
692153,113,2,,,pause
692158,51,1,,,pause
692236,113,2,,,resume
692241,51,1,,,resume
692241,51,1,,,pause
692241,51,1,,,resume
692255,114,2,,,pause
692339,114,2,,,resume
692339,114,2,,,pause
692505,114,2,,,resume
692643,119,2,,,pause
692643,119,2,,,resume
694005,247,2,,,pause
694005,247,2,,,resume
696078,115,1,,,pause
696078,115,1,,,resume
696327,115,1,,,pause
696375,55,1,,,pause
696381,99,2,,,pause
696458,55,1,,,resume
696464,99,2,,,resume
696464,99,2,,,pause
696547,99,2,,,resume
696576,115,1,,,resume
696576,115,1,,,pause
696659,115,1,,,resume
696675,50,1,,,pause
696679,67,1,,,pause
696707,55,1,,,pause
696724,12,2,,,pause
696724,12,2,,,resume
696733,101,2,,,pause
696742,115,1,,,pause
696742,115,1,,,resume
696758,50,1,,,resume
696759,122,2,,,pause
696759,122,2,,,resume
696762,67,1,,,resume
696765,112,2,,,pause
696790,55,1,,,resume
696816,101,2,,,resume
696845,67,1,,,pause
696848,112,2,,,resume
696909,114,2,,,pause
696916,96,2,,,pause
696916,96,2,,,resume
696928,67,1,,,resume
696963,99,2,,,pause
696978,113,2,,,pause
696992,114,2,,,resume
696992,114,2,,,pause
697007,115,2,,,pause
697007,115,2,,,resume
697008,122,2,,,pause
697008,122,2,,,resume
697015,112,2,,,pause
697046,99,2,,,resume
697061,113,2,,,resume
697075,114,2,,,resume
697075,114,2,,,pause
697098,112,2,,,resume
697098,112,2,,,pause
697158,114,2,,,resume
697158,114,2,,,pause
697158,114,2,,,resume
697174,122,2,,,pause
697174,122,2,,,resume
697181,112,2,,,resume
697181,112,2,,,pause
697181,112,2,,,resume
697212,99,2,,,pause
697212,99,2,,,resume
697227,113,2,,,pause
697308,64,2,,,pause
697308,64,2,,,resume
697311,113,2,,,resume
697794,119,2,,,pause
697794,119,2,,,resume
698087,122,2,,,pause
698087,122,2,,,resume
698207,211,2,,,pause
698373,211,2,,,resume
698673,247,2,,,pause
698756,247,2,,,resume
698892,240,2,,,pause
698892,240,2,,,resume
699291,205,2,,,pause
699291,205,2,,,resume
700252,124,2,,,pause
700252,124,2,,,resume
700833,115,2,,,pause
700897,101,2,,,pause
700897,101,2,,,resume
700916,115,2,,,resume
701248,115,2,,,pause
701248,115,2,,,resume
701297,18,2,,,pause
701331,115,2,,,pause
701380,18,2,,,resume
701389,113,2,,,pause
701414,115,2,,,resume
701414,115,2,,,pause
701414,115,2,,,resume
701472,113,2,,,resume
701472,113,2,,,pause
701580,115,2,,,pause
701580,115,2,,,resume
701638,113,2,,,resume
701664,115,2,,,pause
701664,115,2,,,resume
701670,122,2,,,pause
701753,122,2,,,resume
701753,122,2,,,pause
701758,43,2,,,pause
701758,43,2,,,resume
701812,101,2,,,pause
701837,122,2,,,resume
701853,127,2,,,pause
701936,127,2,,,resume
701936,127,2,,,pause
701936,127,2,,,resume
701971,113,2,,,pause
701978,101,2,,,resume
701978,101,2,,,pause
701978,101,2,,,resume
702019,127,2,,,pause
702019,127,2,,,resume
702055,113,2,,,resume
702055,113,2,,,pause
702061,101,2,,,pause
702061,101,2,,,resume
702071,96,2,,,pause
702071,96,2,,,resume
702086,122,2,,,pause
702138,113,2,,,resume
702138,113,2,,,pause
702138,113,2,,,resume
702154,96,2,,,pause
702154,96,2,,,resume
702165,115,2,,,pause
702165,115,2,,,resume
702169,122,2,,,resume
702183,50,2,,,pause
702183,50,2,,,resume
702228,101,2,,,pause
702228,101,2,,,resume
702253,122,2,,,pause
702336,122,2,,,resume
702336,122,2,,,pause
702388,113,2,,,pause
702419,122,2,,,resume
702472,113,2,,,resume
702555,113,2,,,pause
702639,113,2,,,resume
702643,101,2,,,pause
702643,101,2,,,resume
703895,187,2,,,pause
703895,187,2,,,resume
704328,115,2,,,pause
704328,115,2,,,resume
705410,124,2,,,pause
705410,124,2,,,resume
705997,40,2,,,pause
706080,40,2,,,resume
706142,44,2,,,pause
706225,44,2,,,resume
706308,44,2,,,pause
706391,44,2,,,resume
706475,21,2,,,pause
706475,21,2,,,resume
706601,8,2,,,pause
706601,8,2,,,resume
706720,113,2,,,pause
706746,67,1,,,pause
706746,67,1,,,resume
706803,113,2,,,resume
706803,113,2,,,pause
706803,113,2,,,resume
706859,16,2,,,pause
706876,125,2,,,pause
706910,50,1,,,pause
706910,50,1,,,resume
706911,122,2,,,pause
706942,16,2,,,resume
706994,122,2,,,resume
706994,122,2,,,pause
707042,12,2,,,pause
707042,125,2,,,resume
707042,12,2,,,resume
707055,96,2,,,pause
707072,39,2,,,pause
707072,39,2,,,resume
707076,50,1,,,pause
707077,122,2,,,resume
707112,20,2,,,pause
707112,20,2,,,resume
707135,113,2,,,pause
707135,113,2,,,resume
707138,96,2,,,resume
707157,124,2,,,pause
707159,50,1,,,resume
707218,113,2,,,pause
707218,113,2,,,resume
707223,114,2,,,pause
707240,124,2,,,resume
707256,17,2,,,pause
707256,17,2,,,resume
707301,113,2,,,pause
707306,114,2,,,resume
707467,113,2,,,resume
707497,112,2,,,pause
707580,112,2,,,resume
707617,64,2,,,pause
707700,64,2,,,resume
707700,64,2,,,pause
707700,64,2,,,resume
708054,157,2,,,pause
708054,157,2,,,resume
708270,119,2,,,pause
708270,119,2,,,resume
708288,119,1,,,pause
708371,119,1,,,resume
708682,205,2,,,pause
708682,210,2,,,pause
708682,205,2,,,resume
708682,210,2,,,resume
708901,247,2,,,pause
708901,247,2,,,resume
709052,207,2,,,pause
709135,207,2,,,resume
710432,205,2,,,pause
710432,205,2,,,resume
710462,114,2,,,pause
710545,114,2,,,resume
710628,114,2,,,pause
710697,125,2,,,pause
710697,125,2,,,resume
710711,114,2,,,resume
711505,154,2,,,pause
711505,154,2,,,resume
711699,51,1,,,pause
711699,51,1,,,resume
711757,55,1,,,pause
711793,114,2,,,pause
711823,114,1,,,pause
711866,47,1,,,pause
711866,47,1,,,resume
711873,113,2,,,pause
711906,114,1,,,resume
711924,55,1,,,resume
711924,55,1,,,pause
711924,55,1,,,resume
711956,96,2,,,pause
711959,114,2,,,resume
712039,113,2,,,resume
712039,96,2,,,resume
712039,113,2,,,pause
712042,21,2,,,pause
712042,21,2,,,resume
712062,122,2,,,pause
712108,125,2,,,pause
712122,96,2,,,pause
712122,113,2,,,resume
712122,113,2,,,pause
712123,101,2,,,pause
712146,122,2,,,resume
712146,122,2,,,pause
712191,125,2,,,resume
712195,12,2,,,pause
712195,12,2,,,resume
712206,113,2,,,resume
712225,39,2,,,pause
712225,39,2,,,resume
712228,50,1,,,pause
712229,122,2,,,resume
712269,20,2,,,pause
712269,20,2,,,resume
712278,12,2,,,pause
712278,12,2,,,resume
712289,101,2,,,resume
712289,101,2,,,pause
712293,115,1,,,pause
712308,39,2,,,pause
712308,39,2,,,resume
712311,50,1,,,resume
712366,51,1,,,pause
712366,51,1,,,resume
712371,96,2,,,resume
712372,101,2,,,resume
712372,101,2,,,pause
712372,101,2,,,resume
712376,115,1,,,resume
712402,112,2,,,pause
712449,51,1,,,pause
712449,51,1,,,resume
712454,96,2,,,pause
712455,101,2,,,pause
712485,112,2,,,resume
712537,96,2,,,resume
712538,101,2,,,resume
712538,101,2,,,pause
712538,101,2,,,resume
712542,115,1,,,pause
712568,112,2,,,pause
712622,113,2,,,pause
712625,115,1,,,resume
712651,112,2,,,resume
712705,113,2,,,resume
712791,115,1,,,pause
712874,115,1,,,resume
712953,101,2,,,pause
712953,101,2,,,resume
713370,21,2,,,pause
713373,157,2,,,pause
713373,157,2,,,resume
713453,21,2,,,resume
713706,187,1,,,pause
713706,187,1,,,resume
713835,205,2,,,pause
713835,205,2,,,resume
714001,205,2,,,pause
714001,205,2,,,resume
714353,240,2,,,pause
714353,240,2,,,resume
715585,205,2,,,pause
715585,205,2,,,resume
716446,113,2,,,pause
716446,113,2,,,resume
716658,154,2,,,pause
716658,154,2,,,resume
716695,113,2,,,pause
716697,115,1,,,pause
716739,55,1,,,pause
716739,55,1,,,resume
716778,113,2,,,resume
716778,113,2,,,pause
716780,115,1,,,resume
716780,115,1,,,pause
716852,51,1,,,pause
716852,51,1,,,resume
716861,113,2,,,resume
716861,113,2,,,pause
716863,115,1,,,resume
716890,114,1,,,pause
716989,55,1,,,pause
717017,47,1,,,pause
717017,47,1,,,resume
717028,113,2,,,resume
717058,114,1,,,resume
717072,55,1,,,resume
717155,55,1,,,pause
717185,35,2,,,pause
717194,113,2,,,pause
717194,113,2,,,resume
717204,115,2,,,pause
717216,43,2,,,pause
717216,43,2,,,resume
717238,55,1,,,resume
717238,55,1,,,pause
717238,55,1,,,resume
717268,35,2,,,resume
717277,113,2,,,pause
717288,115,2,,,resume
717294,122,2,,,pause
717347,12,2,,,pause
717347,12,2,,,resume
717362,115,1,,,pause
717377,39,2,,,pause
717377,39,2,,,resume
717392,102,2,,,pause
717406,55,1,,,pause
717443,113,2,,,resume
717443,113,2,,,pause
717443,113,2,,,resume
717462,122,2,,,resume
717462,39,2,,,pause
717462,39,2,,,resume
717476,102,2,,,resume
717476,102,2,,,pause
717489,55,1,,,resume
717517,51,1,,,pause
717517,51,1,,,resume
717530,115,1,,,resume
717559,102,2,,,resume
717572,55,1,,,pause
717600,51,1,,,pause
717600,51,1,,,resume
717657,55,1,,,resume
717657,55,1,,,pause
717692,126,2,,,pause
717692,126,2,,,resume
717740,55,1,,,resume
717823,55,1,,,pause
717823,55,1,,,resume
718025,114,2,,,pause
718111,114,2,,,resume
718658,119,2,,,pause
718658,119,2,,,resume
718717,206,2,,,pause
718717,206,2,,,resume
718988,205,2,,,pause
718988,205,2,,,resume
719324,221,2,,,pause
719324,221,2,,,resume
719471,246,2,,,pause
719471,246,2,,,resume
719507,240,2,,,pause
719590,240,2,,,resume
720072,205,2,,,pause
720072,205,2,,,resume
721366,39,2,,,pause
721366,39,2,,,resume
721481,119,2,,,pause
721481,119,2,,,resume
721566,99,2,,,pause
721649,99,2,,,resume
721769,113,2,,,pause
721931,115,1,,,pause
721935,113,2,,,resume
721935,113,2,,,pause
721941,115,2,,,pause
722014,115,1,,,resume
722101,113,2,,,resume
722337,35,2,,,pause
722350,113,2,,,pause
722369,43,2,,,pause
722369,43,2,,,resume
722420,35,2,,,resume
722430,101,2,,,pause
722434,113,2,,,resume
722441,115,2,,,resume
722499,12,2,,,pause
722499,12,2,,,resume
722505,96,2,,,pause
722524,115,2,,,pause
722530,39,2,,,pause
722530,39,2,,,resume
722541,102,2,,,pause
722559,127,2,,,pause
722588,96,2,,,resume
722597,101,2,,,resume
722601,113,2,,,pause
722601,113,2,,,resume
722607,115,2,,,resume
722613,39,2,,,pause
722613,39,2,,,resume
722624,102,2,,,resume
722624,102,2,,,pause
722685,113,2,,,pause
722685,113,2,,,resume
722707,102,2,,,resume
722725,127,2,,,resume
722748,47,2,,,pause
722765,101,2,,,pause
722812,99,2,,,pause
722831,47,2,,,resume
722847,126,2,,,pause
722848,101,2,,,resume
722848,101,2,,,pause
722848,101,2,,,resume
722896,99,2,,,resume
722896,99,2,,,pause
722930,126,2,,,resume
722936,113,2,,,pause
722940,115,2,,,pause
722940,115,2,,,resume
722979,99,2,,,resume
723015,101,2,,,pause
723019,113,2,,,resume
723019,113,2,,,pause
723098,101,2,,,resume
723102,113,2,,,resume
723102,113,2,,,pause
723102,113,2,,,resume
723178,114,2,,,pause
723178,114,2,,,resume
723208,114,1,,,pause
723292,114,1,,,resume
723292,114,1,,,pause
723375,114,1,,,resume
724473,205,2,,,pause
724473,205,2,,,resume
724578,240,2,,,pause
724661,240,2,,,resume
724661,240,2,,,pause
724744,240,2,,,resume
724744,240,2,,,pause
724827,240,2,,,resume
725070,242,2,,,pause
725070,242,2,,,resume
725242,240,2,,,pause
725326,240,2,,,resume
725891,205,2,,,pause
725891,205,2,,,resume
727058,75,1,,,pause
727117,50,2,,,pause
727141,75,1,,,resume
727200,50,2,,,resume
727255,126,2,,,pause
727327,47,1,,,pause
727327,47,1,,,resume
727338,126,2,,,resume
727570,12,2,,,pause
727570,12,2,,,resume
727574,96,2,,,pause
727604,122,2,,,pause
727612,114,1,,,pause
727612,114,1,,,resume
727615,82,2,,,pause
727657,96,2,,,resume
727687,122,2,,,resume
727692,102,2,,,pause
727698,82,2,,,resume
727738,125,2,,,pause
727751,114,2,,,pause
727751,114,2,,,resume
727761,113,2,,,pause
727761,113,2,,,resume
727781,82,2,,,pause
727821,125,2,,,resume
727834,114,2,,,pause
727836,115,1,,,pause
727836,115,1,,,resume
727858,102,2,,,resume
727864,82,2,,,resume
727917,114,2,,,resume
727917,114,2,,,pause
728000,114,2,,,resume
728002,126,2,,,pause
728085,126,2,,,resume
728168,126,2,,,pause
728251,126,2,,,resume
728362,114,1,,,pause
728445,114,1,,,resume
728695,50,2,,,pause
728695,50,2,,,resume
728742,146,2,,,pause
728825,146,2,,,resume
728825,146,2,,,pause
728825,146,2,,,resume
728908,21,2,,,pause
728908,21,2,,,resume
729088,187,1,,,pause
729088,187,1,,,resume
729294,205,2,,,pause
729294,205,2,,,resume
729316,240,2,,,pause
729377,205,2,,,pause
729377,205,2,,,resume
729399,240,2,,,resume
729626,205,2,,,pause
729626,205,2,,,resume
729657,253,2,,,pause
729657,253,2,,,resume
729821,169,2,,,pause
729904,169,2,,,resume
729923,180,1,,,pause
729923,180,1,,,resume
730220,242,2,,,pause
730220,242,2,,,resume
730312,240,2,,,pause
730377,205,2,,,pause
730377,205,2,,,resume
730395,240,2,,,resume
730479,240,2,,,pause
730562,240,2,,,resume
730562,240,2,,,pause
730645,240,2,,,resume
731044,205,2,,,pause
731044,205,2,,,resume
731127,205,2,,,pause
731127,205,2,,,resume
731537,119,2,,,pause
731537,119,2,,,resume
731642,125,2,,,pause
731808,125,2,,,resume
732132,25,2,,,pause
732215,25,2,,,resume
732331,115,2,,,pause
732341,73,2,,,pause
732341,73,2,,,resume
732482,47,1,,,pause
732482,47,1,,,resume
732580,115,2,,,resume
732644,22,2,,,pause
732644,22,2,,,resume
732819,101,2,,,pause
732837,39,2,,,pause
732837,39,2,,,resume
732854,66,1,,,pause
732895,125,2,,,pause
732902,101,2,,,resume
732905,115,1,,,pause
732937,66,1,,,resume
732977,18,2,,,pause
732977,18,2,,,resume
732978,125,2,,,resume
732987,114,2,,,pause
732988,115,1,,,resume
733016,17,2,,,pause
733020,66,1,,,pause
733070,114,2,,,resume
733099,17,2,,,resume
733103,66,1,,,resume
733216,54,1,,,pause
733299,54,1,,,resume
734055,21,2,,,pause
734069,115,1,,,pause
734138,21,2,,,resume
734152,115,1,,,resume
734242,187,1,,,pause
734242,187,1,,,resume
734408,187,1,,,pause
734447,205,2,,,pause
734447,210,2,,,pause
734447,205,2,,,resume
734447,210,2,,,resume
734491,187,1,,,resume
734530,205,2,,,pause
734530,205,2,,,resume
734636,240,2,,,pause
734698,119,2,,,pause
734698,119,2,,,resume
734719,240,2,,,resume
734719,240,2,,,pause
734719,240,2,,,resume
734862,205,2,,,pause
734862,205,2,,,resume
735075,180,1,,,pause
735075,180,1,,,resume
735373,242,2,,,pause
735373,242,2,,,resume
735531,205,2,,,pause
735531,205,2,,,resume
736197,205,2,,,pause
736197,205,2,,,resume
736690,119,2,,,pause
736690,119,2,,,resume
736915,102,2,,,pause
736915,102,2,,,resume
737382,12,2,,,pause
737382,12,2,,,resume
737430,14,2,,,pause
737437,103,1,,,pause
737437,103,1,,,resume
737513,14,2,,,resume
737513,14,2,,,pause
737564,115,2,,,pause
737596,14,2,,,resume
737633,22,2,,,pause
737647,115,2,,,resume
737686,103,1,,,pause
737686,103,1,,,resume
737716,22,2,,,resume
737716,22,2,,,pause
737716,22,2,,,resume
737798,12,2,,,pause
737798,12,2,,,resume
737799,22,2,,,pause
737881,12,2,,,pause
737882,22,2,,,resume
737964,12,2,,,resume
737974,101,2,,,pause
737981,126,2,,,pause
738057,114,2,,,pause
738057,101,2,,,resume
738064,126,2,,,resume
738077,102,2,,,pause
738137,18,2,,,pause
738137,18,2,,,resume
738160,102,2,,,resume
738192,74,1,,,pause
738192,74,1,,,resume
738214,22,2,,,pause
738214,22,2,,,resume
738287,54,1,,,pause
738306,114,2,,,resume
738306,114,2,,,pause
738389,114,2,,,resume
738444,128,1,,,pause
738444,128,1,,,resume
738453,54,1,,,resume
738580,45,2,,,pause
738580,45,2,,,resume
738684,64,2,,,pause
738684,64,2,,,resume
739600,205,2,,,pause
739600,205,2,,,resume
739707,239,1,,,pause
739707,239,1,,,resume
739849,119,2,,,pause
739849,119,2,,,resume
739932,205,2,,,pause
739932,205,2,,,resume
739978,188,1,,,pause
739978,188,1,,,resume
740015,205,2,,,pause
740039,240,2,,,pause
740039,240,2,,,resume
740098,205,2,,,resume
740228,180,1,,,pause
740228,180,1,,,resume
740487,168,2,,,pause
740524,242,2,,,pause
740524,242,2,,,resume
740570,168,2,,,resume
740570,168,2,,,pause
740570,168,2,,,resume
740682,205,2,,,pause
740682,205,2,,,resume
740766,205,2,,,pause
740766,205,2,,,resume
741188,158,2,,,pause
741188,158,2,,,resume
741350,205,2,,,pause
741433,205,2,,,resume
741433,205,2,,,pause
741433,205,2,,,resume
741847,119,2,,,pause
741847,119,2,,,resume
741972,115,2,,,pause
741972,115,2,,,resume
742235,41,2,,,pause
742235,41,2,,,resume
742529,25,2,,,pause
742552,18,2,,,pause
742587,14,2,,,pause
742594,103,1,,,pause
742594,103,1,,,resume
742612,25,2,,,resume
742627,12,2,,,pause
742627,12,2,,,resume
742635,18,2,,,resume
742635,18,2,,,pause
742635,18,2,,,resume
742637,115,2,,,pause
742670,14,2,,,resume
742695,47,2,,,pause
742778,47,2,,,resume
742800,47,1,,,pause
742800,47,1,,,resume
742803,115,2,,,resume
742825,114,1,,,pause
742843,103,1,,,pause
742843,103,1,,,resume
742883,47,1,,,pause
742883,47,1,,,resume
742908,114,1,,,resume
742908,114,1,,,pause
742908,114,1,,,resume
742935,71,1,,,pause
742969,115,2,,,pause
743018,71,1,,,resume
743031,123,2,,,pause
743042,12,2,,,pause
743043,51,1,,,pause
743043,51,1,,,resume
743050,18,2,,,pause
743053,115,2,,,resume
743079,96,1,,,pause
743114,123,2,,,resume
743133,18,2,,,resume
743155,39,2,,,pause
743155,39,2,,,resume
743162,96,1,,,resume
743208,12,2,,,resume
743208,12,2,,,pause
743216,18,2,,,pause
743216,18,2,,,resume
743217,115,1,,,pause
743220,115,2,,,pause
743220,115,2,,,resume
743240,114,1,,,pause
743240,114,1,,,resume
743249,112,2,,,pause
743271,74,1,,,pause
743277,47,2,,,pause
743299,18,2,,,pause
743299,18,2,,,resume
743333,112,2,,,resume
743333,112,2,,,pause
743333,112,2,,,resume
743354,74,1,,,resume
743360,47,2,,,resume
743375,51,1,,,pause
743375,51,1,,,resume
743384,115,1,,,resume
743402,113,2,,,pause
743402,113,2,,,resume
743426,119,2,,,pause
743426,119,2,,,resume
743435,17,2,,,pause
743457,12,2,,,resume
743518,17,2,,,resume
743614,35,1,,,pause
743614,35,1,,,resume
743701,32,1,,,pause
743701,32,1,,,resume
743717,115,1,,,pause
743743,45,2,,,pause
743743,45,2,,,resume
743796,159,2,,,pause
743868,34,1,,,pause
743868,34,1,,,resume
743879,159,2,,,resume
743879,159,2,,,pause
743883,115,1,,,resume
743962,159,2,,,resume
744093,119,2,,,pause
744093,119,2,,,resume
744133,115,1,,,pause
744256,190,1,,,pause
744256,190,1,,,resume
744299,115,1,,,resume
744509,119,2,,,pause
744509,119,2,,,resume
744753,205,2,,,pause
744836,205,2,,,resume
745085,205,2,,,pause
745090,119,2,,,pause
745090,119,2,,,resume
745122,253,2,,,pause
745122,253,2,,,resume
745136,188,1,,,pause
745136,188,1,,,resume
745168,205,2,,,resume
745168,205,2,,,pause
745173,119,2,,,pause
745173,119,2,,,resume
745417,205,2,,,resume
745680,242,2,,,pause
745680,242,2,,,resume
745746,201,2,,,pause
745746,201,2,,,resume
745836,205,2,,,pause
745919,205,2,,,resume
746003,205,2,,,pause
746086,205,2,,,resume
747579,14,2,,,pause
747662,14,2,,,resume
747710,115,2,,,pause
747732,113,2,,,pause
747732,113,2,,,resume
747793,115,2,,,resume
747898,114,1,,,pause
747898,122,2,,,pause
747925,17,2,,,pause
747959,115,2,,,pause
747959,115,2,,,resume
747981,114,1,,,resume
747981,122,2,,,resume
747981,122,2,,,pause
747981,122,2,,,resume
748008,17,2,,,resume
748052,52,1,,,pause
748091,71,1,,,pause
748105,54,1,,,pause
748115,12,2,,,pause
748115,12,2,,,resume
748135,52,1,,,resume
748174,71,1,,,resume
748185,123,2,,,pause
748188,54,1,,,resume
748199,12,2,,,pause
748268,123,2,,,resume
748282,12,2,,,resume
748282,12,2,,,pause
748282,12,2,,,resume
748311,39,2,,,pause
748311,39,2,,,resume
748325,77,2,,,pause
748325,77,2,,,resume
748397,113,2,,,pause
748397,113,2,,,resume
748442,125,2,,,pause
748442,125,2,,,resume
748457,115,2,,,pause
748457,115,2,,,resume
748481,113,2,,,pause
748481,113,2,,,resume
748540,115,2,,,pause
748562,122,2,,,pause
748578,55,1,,,pause
748578,55,1,,,resume
748623,115,2,,,resume
748645,122,2,,,resume
748647,113,2,,,pause
748647,113,2,,,resume
748691,125,2,,,pause
748691,125,2,,,resume
748857,32,1,,,pause
748857,32,1,,,resume
748900,45,2,,,pause
748900,45,2,,,resume
749036,114,2,,,pause
749119,114,2,,,resume
749796,209,2,,,pause
749800,211,2,,,pause
749800,211,2,,,resume
749818,201,2,,,pause
749818,201,2,,,resume
749823,210,2,,,pause
749879,209,2,,,resume
749879,209,2,,,pause
749906,210,2,,,resume
749962,209,2,,,resume
749989,210,2,,,pause
749989,210,2,,,resume
750097,239,1,,,pause
750097,239,1,,,resume
750241,119,2,,,pause
750241,119,2,,,resume
750277,253,2,,,pause
750277,253,2,,,resume
750287,188,1,,,pause
750287,188,1,,,resume
750324,119,2,,,pause
750324,119,2,,,resume
750391,213,2,,,pause
750391,213,2,,,resume
750570,210,2,,,pause
750570,210,2,,,resume
750830,242,2,,,pause
750830,242,2,,,resume
751805,9,2,,,pause
751805,9,2,,,resume
752260,153,2,,,pause
752343,153,2,,,resume
752463,43,2,,,pause
752463,43,2,,,resume
752615,121,2,,,pause
752698,121,2,,,resume
752727,14,2,,,pause
752810,14,2,,,resume
752830,25,2,,,pause
752913,25,2,,,resume
752944,115,2,,,pause
752944,115,2,,,resume
753076,17,2,,,pause
753108,47,1,,,pause
753108,47,1,,,resume
753110,115,2,,,pause
753110,115,2,,,resume
753128,122,2,,,pause
753152,97,2,,,pause
753152,103,1,,,pause
753152,103,1,,,resume
753159,17,2,,,resume
753167,123,2,,,pause
753201,52,1,,,pause
753212,122,2,,,resume
753245,71,1,,,pause
753250,123,2,,,resume
753256,54,1,,,pause
753271,102,1,,,pause
753279,121,2,,,pause
753279,121,2,,,resume
753284,52,1,,,resume
753322,13,2,,,pause
753328,71,1,,,resume
753334,123,2,,,pause
753341,54,1,,,resume
753341,54,1,,,pause
753354,102,1,,,resume
753401,97,2,,,resume
753405,13,2,,,resume
753417,123,2,,,resume
753417,123,2,,,pause
753424,54,1,,,resume
753464,39,2,,,pause
753464,39,2,,,resume
753468,113,2,,,pause
753468,113,2,,,resume
753484,97,2,,,pause
753500,123,2,,,resume
753527,20,2,,,pause
753527,20,2,,,resume
753567,97,2,,,resume
753729,55,1,,,pause
753729,55,1,,,resume
753741,17,2,,,pause
753825,17,2,,,resume
753975,112,2,,,pause
753975,112,2,,,resume
754012,32,1,,,pause
754012,32,1,,,resume
754054,45,2,,,pause
754054,45,2,,,resume
754105,114,2,,,pause
754188,114,2,,,resume
754893,210,2,,,pause
754951,211,2,,,pause
754951,211,2,,,resume
755037,209,2,,,pause
755121,209,2,,,resume
755142,210,2,,,resume
755168,239,1,,,pause
755251,239,1,,,resume
755251,239,1,,,pause
755297,228,2,,,pause
755297,228,2,,,resume
755334,239,1,,,resume
755334,239,1,,,pause
755334,239,1,,,resume
755394,119,2,,,pause
755394,119,2,,,resume
755432,253,2,,,pause
755432,253,2,,,resume
755441,188,1,,,pause
755441,188,1,,,resume
755532,211,2,,,pause
755537,118,2,,,pause
755537,118,2,,,resume
755583,239,1,,,pause
755583,239,1,,,resume
755615,211,2,,,resume
755640,210,2,,,pause
755698,211,2,,,pause
755723,210,2,,,resume
755749,239,1,,,pause
755749,239,1,,,resume
755781,211,2,,,resume
755832,116,2,,,pause
755915,116,2,,,resume
756031,211,2,,,pause
756114,211,2,,,resume
756138,210,2,,,pause
756223,210,2,,,resume
756223,210,2,,,pause
756223,210,2,,,resume
756890,119,2,,,pause
756890,119,2,,,resume
757243,112,2,,,pause
757243,112,2,,,resume
757664,17,2,,,pause
757664,17,2,,,resume
757685,40,2,,,pause
757685,40,2,,,resume
757829,60,2,,,pause
757852,40,2,,,pause
757852,40,2,,,resume
757916,60,2,,,resume
757920,12,2,,,pause
757936,40,2,,,pause
757936,40,2,,,resume
758056,103,1,,,pause
758056,103,1,,,resume
758088,12,2,,,resume
758160,116,2,,,pause
758178,115,2,,,pause
758178,115,2,,,resume
758241,112,2,,,pause
758243,116,2,,,resume
758259,47,1,,,pause
758259,47,1,,,resume
758264,60,2,,,pause
758307,103,1,,,pause
758307,103,1,,,resume
758330,17,2,,,pause
758330,17,2,,,resume
758390,13,2,,,pause
758393,71,1,,,pause
758397,60,2,,,resume
758449,124,2,,,pause
758449,124,2,,,resume
758473,13,2,,,resume
758473,13,2,,,pause
758481,71,1,,,resume
758490,112,2,,,resume
758504,12,2,,,pause
758545,55,1,,,pause
758545,55,1,,,resume
758558,13,2,,,resume
758563,60,2,,,pause
758563,60,2,,,resume
758566,123,2,,,pause
758587,12,2,,,resume
758587,12,2,,,pause
758616,39,2,,,pause
758616,39,2,,,resume
758649,123,2,,,resume
758670,12,2,,,resume
758670,12,2,,,pause
758670,12,2,,,resume
758878,55,1,,,pause
758878,55,1,,,resume
758908,116,2,,,pause
758991,116,2,,,resume
759078,85,2,,,pause
759078,85,2,,,resume
759165,32,1,,,pause
759165,32,1,,,resume
759259,114,2,,,pause
759343,114,2,,,resume
760129,210,2,,,pause
760212,210,2,,,resume
760405,239,1,,,pause
760405,239,1,,,resume
760431,223,2,,,pause
760431,223,2,,,resume
760587,253,2,,,pause
760670,253,2,,,resume
761004,115,2,,,pause
761087,115,2,,,resume
761206,201,2,,,pause
761206,201,2,,,resume
762041,119,2,,,pause
762041,119,2,,,resume
762811,17,2,,,pause
762811,17,2,,,resume
763033,55,1,,,pause
763033,55,1,,,resume
763084,155,2,,,pause
763093,117,2,,,pause
763093,117,2,,,resume
763167,155,2,,,resume
763187,114,1,,,pause
763187,114,1,,,resume
763199,55,1,,,pause
763218,25,2,,,pause
763249,115,1,,,pause
763270,114,1,,,pause
763282,55,1,,,resume
763282,55,1,,,pause
763282,55,1,,,resume
763283,113,2,,,pause
763283,113,2,,,resume
763301,112,1,,,pause
763301,25,2,,,resume
763312,116,2,,,pause
763330,115,2,,,pause
763366,113,2,,,pause
763366,113,2,,,resume
763384,112,1,,,resume
763384,112,1,,,pause
763396,116,2,,,resume
763413,115,2,,,resume
763414,47,1,,,pause
763414,47,1,,,resume
763416,115,1,,,resume
763436,114,1,,,resume
763450,113,2,,,pause
763467,112,1,,,resume
763467,112,1,,,pause
763467,112,1,,,resume
763475,17,2,,,pause
763475,17,2,,,resume
763498,115,2,,,pause
763499,115,1,,,pause
763533,113,2,,,resume
763551,112,1,,,pause
763581,115,2,,,resume
763581,115,2,,,pause
763582,115,1,,,resume
763596,64,1,,,pause
763596,64,1,,,resume
763614,55,1,,,pause
763615,96,1,,,pause
763634,112,1,,,resume
763664,115,2,,,resume
763666,115,1,,,pause
763674,112,2,,,pause
763679,64,1,,,pause
763697,55,1,,,resume
763698,96,1,,,resume
763698,96,1,,,pause
763749,115,1,,,resume
763757,112,2,,,resume
763762,64,1,,,resume
763769,39,2,,,pause
763769,39,2,,,resume
763781,96,1,,,resume
763873,13,2,,,pause
763947,55,1,,,pause
763956,13,2,,,resume
764030,55,1,,,resume
764040,99,2,,,pause
764062,116,2,,,pause
764092,112,2,,,pause
764101,39,2,,,pause
764101,39,2,,,resume
764145,116,2,,,resume
764175,112,2,,,resume
764206,99,2,,,resume
764230,85,2,,,pause
764230,85,2,,,resume
764231,32,1,,,pause
764258,112,2,,,pause
764258,112,2,,,resume
764314,32,1,,,resume
764409,114,2,,,pause
764415,115,1,,,pause
764482,32,1,,,pause
764482,32,1,,,resume
764492,114,2,,,resume
764581,115,1,,,resume
764830,180,1,,,pause
764830,180,1,,,resume
764856,190,1,,,pause
764939,190,1,,,resume
765282,210,2,,,pause
765351,209,2,,,pause
765434,209,2,,,resume
765531,210,2,,,resume
765585,223,2,,,pause
765585,223,2,,,resume
766361,201,2,,,pause
766361,201,2,,,resume
767411,121,2,,,pause
767411,121,2,,,resume
767716,116,2,,,pause
767799,116,2,,,resume
767968,85,2,,,pause
767968,85,2,,,resume
768278,113,2,,,pause
768319,115,2,,,pause
768329,117,2,,,pause
768329,117,2,,,resume
768402,115,2,,,resume
768485,115,2,,,pause
768527,113,2,,,resume
768568,115,2,,,resume
768579,112,2,,,pause
768579,112,2,,,resume
768633,17,2,,,pause
768651,115,2,,,pause
768651,115,2,,,resume
768715,85,2,,,pause
768715,85,2,,,resume
768716,17,2,,,resume
768738,49,2,,,pause
768738,49,2,,,resume
768745,112,2,,,pause
768821,49,2,,,pause
768821,49,2,,,resume
768869,89,2,,,pause
768869,89,2,,,resume
768911,112,2,,,resume
768911,112,2,,,pause
768987,49,2,,,pause
768987,49,2,,,resume
768994,112,2,,,resume
768994,112,2,,,pause
769048,85,2,,,pause
769066,115,2,,,pause
769066,115,2,,,resume
769078,112,2,,,resume
769080,117,2,,,pause
769080,117,2,,,resume
769131,85,2,,,resume
769131,85,2,,,pause
769131,85,2,,,resume
769132,118,1,,,pause
769132,118,1,,,resume
769149,115,2,,,pause
769161,112,2,,,pause
769163,117,2,,,pause
769232,115,2,,,resume
769237,115,1,,,pause
769244,112,2,,,resume
769246,117,2,,,resume
769298,85,2,,,pause
769328,112,2,,,pause
769357,113,2,,,pause
769381,85,2,,,resume
769403,115,1,,,resume
769411,112,2,,,resume
769411,112,2,,,pause
769411,112,2,,,resume
769412,117,2,,,pause
769464,85,2,,,pause
769464,85,2,,,resume
769495,117,2,,,resume
769523,113,2,,,resume
769548,85,2,,,pause
769548,85,2,,,resume
769563,65,2,,,pause
769606,113,2,,,pause
769646,65,2,,,resume
769691,113,2,,,resume
770511,209,2,,,pause
770677,209,2,,,resume
770740,223,2,,,pause
770740,223,2,,,resume
772865,97,2,,,pause
772948,97,2,,,resume
773063,22,2,,,pause
773146,22,2,,,resume
773146,22,2,,,pause
773146,22,2,,,resume
773329,39,2,,,pause
773329,39,2,,,resume
773483,115,2,,,pause
773559,115,1,,,pause
773592,46,2,,,pause
773642,115,1,,,resume
773649,115,2,,,resume
773649,115,2,,,pause
773649,115,2,,,resume
773660,114,1,,,pause
773675,46,2,,,resume
773743,114,1,,,resume
773810,22,2,,,pause
773810,22,2,,,resume
773974,52,1,,,pause
773976,22,2,,,pause
773976,22,2,,,resume
774057,52,1,,,resume
774219,114,2,,,pause
774230,115,2,,,pause
774302,114,2,,,resume
774313,115,2,,,resume
774396,115,2,,,pause
774479,115,2,,,resume
774562,115,2,,,pause
774562,115,2,,,resume
774595,99,2,,,pause
774645,115,2,,,pause
774678,99,2,,,resume
774728,115,2,,,resume
774728,115,2,,,pause
774728,115,2,,,resume
774868,118,1,,,pause
774868,118,1,,,resume
774951,118,1,,,pause
775034,118,1,,,resume
775117,118,1,,,pause
775117,118,1,,,resume
775366,118,1,,,pause
775366,118,1,,,resume
775416,203,2,,,pause
775416,203,2,,,resume
775449,118,1,,,pause
775449,118,1,,,resume
775562,207,2,,,pause
775562,207,2,,,resume
775817,236,1,,,pause
775900,236,1,,,resume
775954,191,2,,,pause
776004,119,2,,,pause
776004,119,2,,,resume
776034,218,1,,,pause
776037,191,2,,,resume
776052,253,2,,,pause
776052,253,2,,,resume
776117,218,1,,,resume
776117,218,1,,,pause
776117,218,1,,,resume
776143,207,2,,,pause
776143,207,2,,,resume
776297,180,1,,,pause
776297,180,1,,,resume
776427,224,1,,,pause
776427,224,1,,,resume
776432,222,1,,,pause
776515,222,1,,,resume
777585,148,1,,,pause
777585,148,1,,,resume
778019,97,2,,,pause
778102,97,2,,,resume
778301,22,2,,,pause
778384,22,2,,,resume
778417,40,2,,,pause
778417,40,2,,,resume
778501,40,2,,,pause
778501,40,2,,,resume
778558,112,2,,,pause
778634,36,2,,,pause
778641,112,2,,,resume
778717,36,2,,,resume
778770,116,2,,,pause
778812,114,1,,,pause
778853,116,2,,,resume
778890,112,2,,,pause
778973,112,2,,,resume
778978,114,1,,,resume
778978,114,1,,,pause
778978,114,1,,,resume
778986,17,2,,,pause
778986,17,2,,,resume
779019,54,1,,,pause
779048,22,2,,,pause
779048,22,2,,,resume
779053,115,2,,,pause
779053,115,2,,,resume
779056,112,2,,,pause
779102,54,1,,,resume
779126,52,1,,,pause
779221,20,2,,,pause
779222,112,2,,,resume
779222,112,2,,,pause
779251,99,2,,,pause
779283,120,2,,,pause
779283,120,2,,,resume
779292,52,1,,,resume
779304,20,2,,,resume
779334,99,2,,,resume
779371,114,2,,,pause
779472,112,2,,,resume
779538,114,2,,,resume
779631,117,2,,,pause
779714,117,2,,,resume
779888,112,2,,,pause
780054,112,2,,,resume
780068,82,2,,,pause
780151,82,2,,,resume
780352,118,1,,,pause
780435,118,1,,,resume
780572,203,2,,,pause
780572,203,2,,,resume
780579,206,2,,,pause
780579,206,2,,,resume
780655,203,2,,,pause
780655,203,2,,,resume
780717,207,2,,,pause
780717,207,2,,,resume
780784,213,2,,,pause
780784,213,2,,,resume
780923,241,2,,,pause
780923,241,2,,,resume
780968,236,1,,,pause
781051,236,1,,,resume
781124,253,2,,,pause
781156,119,2,,,pause
781156,119,2,,,resume
781207,253,2,,,resume
781207,253,2,,,pause
781207,253,2,,,resume
781253,113,2,,,pause
781253,113,2,,,resume
781322,119,2,,,pause
781322,119,2,,,resume
781450,180,1,,,pause
781533,180,1,,,resume
781995,148,1,,,pause
781995,148,1,,,resume
782300,236,1,,,pause
782383,236,1,,,resume
783491,46,2,,,pause
783575,46,2,,,resume
783704,115,1,,,pause
783787,115,1,,,resume
783826,45,2,,,pause
783826,45,2,,,resume
783844,59,2,,,pause
783870,115,1,,,pause
783927,59,2,,,resume
783954,115,1,,,resume
783987,128,1,,,pause
783987,128,1,,,resume
784052,18,2,,,pause
784052,18,2,,,resume
784125,47,1,,,pause
784125,47,1,,,resume
784142,122,2,,,pause
784148,17,2,,,pause
784148,17,2,,,resume
784191,126,2,,,pause
784211,101,2,,,pause
784225,122,2,,,resume
784274,126,2,,,resume
784274,126,2,,,pause
784274,126,2,,,resume
784296,101,2,,,resume
784326,99,2,,,pause
784426,71,1,,,pause
784442,120,2,,,pause
784442,120,2,,,resume
784492,99,2,,,resume
784499,113,2,,,pause
784509,71,1,,,resume
784519,21,2,,,pause
784519,21,2,,,resume
784524,11,2,,,pause
784524,11,2,,,resume
784551,114,1,,,pause
784584,113,2,,,resume
784584,113,2,,,pause
784606,103,2,,,pause
784636,114,1,,,resume
784668,113,2,,,resume
784696,114,2,,,pause
784772,103,2,,,resume
784779,114,2,,,resume
784779,114,2,,,pause
784862,114,2,,,resume
784945,114,2,,,pause
785043,155,2,,,pause
785043,155,2,,,resume
785111,114,2,,,resume
785111,114,2,,,pause
785111,114,2,,,resume
785231,82,2,,,pause
785236,128,1,,,pause
785236,128,1,,,resume
785314,82,2,,,resume
785645,203,2,,,pause
785645,203,2,,,resume
785650,115,2,,,pause
785650,115,2,,,resume
785728,203,2,,,pause
785773,191,2,,,pause
785773,191,2,,,resume
785811,203,2,,,resume
785871,207,2,,,pause
785871,207,2,,,resume
785983,189,2,,,pause
785983,189,2,,,resume
786075,241,2,,,pause
786075,241,2,,,resume
786173,239,1,,,pause
786174,184,1,,,pause
786174,184,1,,,resume
786256,239,1,,,resume
786279,253,2,,,pause
786293,228,1,,,pause
786293,228,1,,,resume
786362,253,2,,,resume
786841,118,1,,,pause
786841,118,1,,,resume
787062,201,2,,,pause
787062,201,2,,,resume
788061,115,2,,,pause
788061,115,2,,,resume
788252,54,1,,,pause
788336,54,1,,,resume
788469,67,1,,,pause
788469,67,1,,,resume
788532,47,1,,,pause
788532,47,1,,,resume
788552,67,1,,,pause
788552,67,1,,,resume
788719,67,1,,,pause
788719,67,1,,,resume
788803,39,2,,,pause
788803,67,1,,,pause
788803,39,2,,,resume
788803,67,1,,,resume
788851,52,1,,,pause
788934,52,1,,,resume
788975,115,2,,,pause
788982,99,2,,,pause
788982,99,2,,,resume
788983,45,2,,,pause
788983,45,2,,,resume
789026,115,1,,,pause
789026,115,1,,,resume
789085,97,2,,,pause
789085,97,2,,,resume
789121,18,2,,,pause
789126,114,1,,,pause
789193,115,1,,,pause
789205,18,2,,,resume
789209,114,1,,,resume
789218,17,2,,,pause
789218,67,1,,,pause
789220,131,1,,,pause
789220,131,1,,,resume
789224,115,2,,,resume
789251,97,2,,,pause
789276,115,1,,,resume
789281,47,1,,,pause
789301,67,1,,,resume
789301,67,1,,,pause
789301,67,1,,,resume
789302,17,2,,,resume
789307,115,2,,,pause
789334,97,2,,,resume
789334,97,2,,,pause
789359,115,1,,,pause
789364,47,1,,,resume
789390,115,2,,,resume
789418,97,2,,,resume
789426,126,2,,,pause
789442,115,1,,,resume
789442,115,1,,,pause
789456,112,2,,,pause
789468,17,2,,,pause
789468,17,2,,,resume
789473,115,2,,,pause
789501,54,1,,,pause
789509,126,2,,,resume
789526,115,1,,,resume
789539,112,2,,,resume
789539,112,2,,,pause
789564,99,2,,,pause
789579,113,2,,,pause
789582,71,1,,,pause
789584,54,1,,,resume
789584,54,1,,,pause
789594,120,2,,,pause
789594,120,2,,,resume
789622,112,2,,,resume
789622,112,2,,,pause
789639,115,2,,,resume
789639,115,2,,,pause
789639,115,2,,,resume
789640,128,1,,,pause
789640,128,1,,,resume
789665,71,1,,,resume
789667,54,1,,,resume
789679,11,2,,,pause
789692,115,1,,,pause
789705,112,2,,,resume
789745,113,2,,,resume
789759,103,2,,,pause
789762,11,2,,,resume
789762,11,2,,,pause
789762,11,2,,,resume
789841,35,1,,,pause
789841,35,1,,,resume
789842,103,2,,,resume
789859,115,1,,,resume
789889,128,1,,,pause
789896,99,2,,,resume
789924,35,1,,,pause
789924,35,1,,,resume
789972,128,1,,,resume
789972,128,1,,,pause
789972,128,1,,,resume
790055,128,1,,,pause
790081,118,1,,,pause
790138,128,1,,,resume
790138,128,1,,,pause
790138,128,1,,,resume
790164,118,1,,,resume
790205,112,2,,,pause
790288,112,2,,,resume
790288,112,2,,,pause
790371,112,2,,,resume
790414,118,1,,,pause
790414,118,1,,,resume
790440,171,1,,,pause
790440,171,1,,,resume
790816,119,1,,,pause
790899,119,1,,,resume
790899,119,1,,,pause
790899,119,1,,,resume
790932,191,2,,,pause
790932,191,2,,,resume
790982,119,1,,,pause
790982,119,1,,,resume
791026,207,2,,,pause
791026,207,2,,,resume
791227,241,2,,,pause
791227,241,2,,,resume
792365,112,2,,,pause
792365,112,2,,,resume
793265,121,2,,,pause
793265,121,2,,,resume
793438,18,2,,,pause
793605,18,2,,,resume
793605,18,2,,,pause
793688,18,2,,,resume
793770,22,2,,,pause
793854,22,2,,,resume
794105,18,2,,,pause
794112,114,1,,,pause
794188,18,2,,,resume
794188,18,2,,,pause
794195,114,1,,,resume
794195,114,1,,,pause
794305,65,1,,,pause
794305,65,1,,,resume
794329,120,2,,,pause
794329,120,2,,,resume
794354,18,2,,,resume
794361,114,1,,,resume
794448,122,2,,,pause
794465,99,2,,,pause
794465,99,2,,,resume
794495,120,2,,,pause
794495,120,2,,,resume
794523,22,2,,,pause
794531,122,2,,,resume
794569,54,1,,,pause
794586,114,2,,,pause
794605,18,2,,,pause
794606,22,2,,,resume
794606,22,2,,,pause
794611,112,2,,,pause
794619,55,1,,,pause
794652,54,1,,,resume
794670,114,2,,,resume
794688,18,2,,,resume
794689,22,2,,,resume
794694,112,2,,,resume
794694,112,2,,,pause
794703,55,1,,,resume
794703,55,1,,,pause
794703,55,1,,,resume
794735,54,1,,,pause
794737,71,1,,,pause
794744,120,2,,,pause
794744,120,2,,,resume
794753,44,2,,,pause
794753,44,2,,,resume
794771,18,2,,,pause
794815,113,2,,,pause
794820,71,1,,,resume
794860,112,2,,,resume
794900,113,2,,,resume
794903,54,1,,,resume
794903,54,1,,,pause
794908,126,2,,,pause
794986,54,1,,,resume
794986,54,1,,,pause
794991,126,2,,,resume
795002,114,2,,,pause
795002,114,2,,,resume
795020,18,2,,,resume
795069,54,1,,,resume
795092,115,1,,,pause
795175,115,1,,,resume
795258,115,1,,,pause
795317,118,1,,,pause
795341,115,1,,,resume
795358,112,2,,,pause
795525,112,2,,,resume
795568,118,1,,,resume
795568,118,1,,,pause
795734,118,1,,,resume
795864,88,2,,,pause
795900,118,1,,,pause
795947,88,2,,,resume
795983,118,1,,,resume
795983,118,1,,,pause
795983,118,1,,,resume
796180,207,2,,,pause
796180,207,2,,,resume
796203,119,2,,,pause
796286,119,2,,,resume
796286,119,2,,,pause
796369,119,2,,,resume
796379,241,2,,,pause
796379,241,2,,,resume
796526,215,1,,,pause
796609,215,1,,,resume
796609,215,1,,,pause
796609,215,1,,,resume
797358,115,2,,,pause
797441,115,2,,,resume
797448,119,2,,,pause
797531,119,2,,,resume
797531,119,2,,,pause
797614,119,2,,,resume
798500,121,2,,,pause
798500,121,2,,,resume
798666,121,2,,,pause
798666,121,2,,,resume
798973,97,2,,,pause
799056,97,2,,,resume
799349,48,1,,,pause
799432,48,1,,,resume
799473,97,2,,,pause
799520,67,1,,,pause
799556,97,2,,,resume
799556,97,2,,,pause
799595,112,2,,,pause
799604,67,1,,,resume
799615,99,2,,,pause
799615,99,2,,,resume
799640,97,2,,,resume
799640,97,2,,,pause
799678,112,2,,,resume
799678,112,2,,,pause
799723,97,2,,,resume
799761,112,2,,,resume
799891,71,1,,,pause
799905,44,2,,,pause
799905,44,2,,,resume
799972,113,2,,,pause
799974,71,1,,,resume
799974,71,1,,,pause
800056,113,2,,,resume
800057,71,1,,,resume
801136,118,1,,,pause
801219,118,1,,,resume
801219,118,1,,,pause
801302,118,1,,,resume
801531,241,2,,,pause
801614,241,2,,,resume
801910,253,2,,,pause
801910,253,2,,,resume
801939,224,1,,,pause
801939,224,1,,,resume
802238,247,2,,,pause
802238,247,2,,,resume
802275,201,2,,,pause
802358,201,2,,,resume
802358,201,2,,,pause
802425,112,2,,,pause
802425,112,2,,,resume
802441,201,2,,,resume
802441,201,2,,,pause
802524,201,2,,,resume
803122,116,1,,,pause
803122,116,1,,,resume
803571,121,2,,,pause
803571,121,2,,,resume
803654,121,2,,,pause
803654,121,2,,,resume
803670,112,2,,,pause
803670,112,2,,,resume
803820,121,2,,,pause
803820,121,2,,,resume
804176,39,2,,,pause
804176,39,2,,,resume
804340,55,1,,,pause
804420,48,1,,,pause
804423,55,1,,,resume
804423,55,1,,,pause
804506,55,1,,,resume
804526,25,2,,,pause
804586,48,1,,,resume
804586,48,1,,,pause
804609,25,2,,,resume
804628,120,2,,,pause
804628,120,2,,,resume
804668,112,2,,,pause
804669,48,1,,,resume
804669,48,1,,,pause
804669,48,1,,,resume
804673,67,1,,,pause
804695,63,2,,,pause
804695,63,2,,,resume
804739,47,1,,,pause
804747,114,1,,,pause
804747,114,1,,,resume
804751,112,2,,,resume
804752,48,1,,,pause
804756,67,1,,,resume
804763,64,1,,,pause
804768,99,2,,,pause
804768,99,2,,,resume
804769,21,2,,,pause
804769,21,2,,,resume
804788,54,1,,,pause
804816,115,1,,,pause
804822,47,1,,,resume
804835,48,1,,,resume
804835,48,1,,,pause
804846,64,1,,,resume
804867,42,2,,,pause
804867,42,2,,,resume
804873,54,1,,,resume
804918,48,1,,,resume
804924,124,2,,,pause
804982,115,1,,,resume
805007,124,2,,,resume
805020,21,2,,,pause
805038,71,1,,,pause
805058,44,2,,,pause
805058,44,2,,,resume
805092,115,2,,,pause
805093,20,2,,,pause
805093,20,2,,,resume
805103,21,2,,,resume
805121,71,1,,,resume
805121,71,1,,,pause
805141,44,2,,,pause
805141,44,2,,,resume
805167,48,1,,,pause
805178,115,2,,,resume
805178,115,2,,,pause
805195,63,2,,,pause
805195,63,2,,,resume
805206,71,1,,,resume
805250,48,1,,,resume
805250,48,1,,,pause
805261,115,2,,,resume
805261,115,2,,,pause
805307,44,2,,,pause
805307,44,2,,,resume
805333,48,1,,,resume
805333,48,1,,,pause
805344,115,2,,,resume
805344,115,2,,,pause
805344,115,2,,,resume
805399,115,1,,,pause
805416,48,1,,,resume
805474,114,2,,,pause
805482,115,1,,,resume
805557,114,2,,,resume
805582,48,1,,,pause
805640,114,2,,,pause
805665,48,1,,,resume
805673,39,2,,,pause
805673,39,2,,,resume
805806,114,2,,,resume
805913,114,1,,,pause
805913,114,1,,,resume
806041,118,1,,,pause
806124,118,1,,,resume
806124,118,1,,,pause
806290,118,1,,,resume
806489,207,2,,,pause
806489,207,2,,,resume
806682,201,2,,,pause
806765,201,2,,,resume
806931,201,2,,,pause
807014,201,2,,,resume
807097,201,2,,,pause
807180,201,2,,,resume
809330,39,2,,,pause
809330,39,2,,,resume
809413,39,2,,,pause
809413,39,2,,,resume
809502,115,2,,,pause
809542,113,2,,,pause
809542,113,2,,,resume
809558,115,1,,,pause
809585,115,2,,,resume
809585,115,2,,,pause
809585,115,2,,,resume
809641,115,1,,,resume
809652,114,1,,,pause
809680,59,2,,,pause
809680,59,2,,,resume
809763,63,2,,,pause
809763,63,2,,,resume
809780,120,2,,,pause
809780,120,2,,,resume
809791,113,2,,,pause
809791,113,2,,,resume
809818,114,1,,,resume
809821,112,2,,,pause
809846,63,2,,,pause
809846,63,2,,,resume
809863,120,2,,,pause
809863,120,2,,,resume
809891,67,1,,,pause
809891,67,1,,,resume
809905,112,2,,,resume
809905,112,2,,,pause
809917,115,2,,,pause
809917,115,2,,,resume
809988,112,2,,,resume
809995,124,2,,,pause
809995,124,2,,,resume
810001,40,2,,,pause
810001,40,2,,,resume
810078,124,2,,,pause
810126,44,2,,,pause
810161,124,2,,,resume
810209,44,2,,,resume
810238,112,2,,,pause
810313,50,1,,,pause
810313,50,1,,,resume
810321,112,2,,,resume
810344,63,2,,,pause
810344,63,2,,,resume
810396,50,1,,,pause
810396,50,1,,,resume
810458,44,2,,,pause
810458,44,2,,,resume
810910,150,1,,,pause
810910,150,1,,,resume
811251,118,1,,,pause
811251,118,1,,,resume
811417,118,1,,,pause
811417,118,1,,,resume
811507,203,2,,,pause
811507,203,2,,,resume
811661,119,2,,,pause
811744,119,2,,,resume
812159,119,2,,,pause
812242,119,2,,,resume
812251,201,2,,,pause
812334,201,2,,,resume
812549,247,2,,,pause
812549,247,2,,,resume
813482,187,2,,,pause
813482,187,2,,,resume
813657,205,2,,,pause
813740,205,2,,,resume
813877,121,2,,,pause
813962,121,2,,,resume
814045,121,2,,,pause
814045,121,2,,,resume
814287,127,2,,,pause
814287,127,2,,,resume
814485,39,2,,,pause
814485,39,2,,,resume
814568,39,2,,,pause
814568,39,2,,,resume
814585,107,2,,,pause
814585,107,2,,,resume
814628,115,1,,,pause
814628,115,1,,,resume
814682,42,2,,,pause
814682,42,2,,,resume
814711,115,1,,,pause
814794,115,1,,,resume
814868,81,2,,,pause
814915,63,2,,,pause
814915,63,2,,,resume
814931,120,2,,,pause
814931,120,2,,,resume
814951,81,2,,,resume
814951,81,2,,,pause
814951,81,2,,,resume
814982,125,2,,,pause
814987,53,2,,,pause
814998,63,2,,,pause
814998,63,2,,,resume
814999,13,2,,,pause
814999,13,2,,,resume
815014,120,2,,,pause
815014,120,2,,,resume
815033,53,2,,,resume
815045,67,1,,,pause
815045,67,1,,,resume
815053,114,1,,,pause
815064,124,2,,,pause
815065,125,2,,,resume
815065,125,2,,,pause
815065,125,2,,,resume
815077,3,1,,,pause
815077,3,1,,,resume
815095,54,1,,,pause
815126,115,1,,,pause
815128,53,2,,,pause
815128,67,1,,,pause
815128,53,2,,,resume
815128,67,1,,,resume
815132,47,1,,,pause
815132,47,1,,,resume
815136,114,1,,,resume
815147,124,2,,,resume
815148,125,2,,,pause
815148,125,2,,,resume
815153,40,2,,,pause
815153,40,2,,,resume
815178,54,1,,,resume
815180,42,2,,,pause
815199,51,1,,,pause
815199,51,1,,,resume
815211,53,2,,,pause
815211,53,2,,,resume
815226,112,2,,,pause
815263,42,2,,,resume
815263,42,2,,,pause
815263,42,2,,,resume
815283,81,2,,,pause
815283,81,2,,,resume
815291,121,2,,,pause
815291,121,2,,,resume
815292,115,1,,,resume
815292,115,1,,,pause
815309,112,2,,,resume
815321,115,2,,,pause
815331,13,2,,,pause
815331,13,2,,,resume
815366,81,2,,,pause
815366,81,2,,,resume
815375,115,1,,,resume
815377,67,1,,,pause
815377,53,2,,,pause
815377,67,1,,,resume
815377,53,2,,,resume
815404,115,2,,,resume
815449,81,2,,,pause
815449,81,2,,,resume
815487,115,2,,,pause
815496,63,2,,,pause
815496,63,2,,,resume
815570,115,2,,,resume
815614,113,2,,,pause
815653,115,2,,,pause
815653,115,2,,,resume
815772,1,2,,,pause
815780,113,2,,,resume
815790,115,1,,,pause
815819,26,1,,,pause
815819,26,1,,,resume
815855,1,2,,,resume
815873,115,1,,,resume
815979,39,2,,,pause
815979,39,2,,,resume
816051,207,2,,,pause
816051,207,2,,,resume
816144,187,2,,,pause
816144,187,2,,,resume
816202,157,2,,,pause
816202,157,2,,,resume
816227,187,2,,,pause
816227,187,2,,,resume
816228,124,2,,,pause
816311,124,2,,,resume
816321,118,1,,,pause
816321,118,1,,,resume
816371,115,1,,,pause
816371,115,1,,,resume
816394,119,2,,,pause
816454,115,1,,,pause
816478,119,2,,,resume
816537,115,1,,,resume
816537,115,1,,,pause
816537,115,1,,,resume
816614,215,2,,,pause
816697,215,2,,,resume
816798,207,2,,,pause
816798,207,2,,,resume
816812,199,2,,,pause
816812,199,2,,,resume
816891,187,2,,,pause
816974,187,2,,,resume
816985,217,2,,,pause
817069,217,2,,,resume
817351,218,1,,,pause
817434,218,1,,,resume
817704,247,2,,,pause
817704,247,2,,,resume
817790,243,2,,,pause
817873,243,2,,,resume
819556,39,2,,,pause
819639,39,2,,,resume
819722,39,2,,,pause
819722,39,2,,,resume
820141,125,2,,,pause
820187,114,2,,,pause
820198,115,1,,,pause
820206,114,1,,,pause
820223,115,2,,,pause
820224,125,2,,,resume
820233,25,2,,,pause
820270,114,2,,,resume
820270,114,2,,,pause
820270,114,2,,,resume
820281,115,1,,,resume
820290,114,1,,,resume
820306,115,2,,,resume
820316,25,2,,,resume
820332,54,1,,,pause
820332,54,1,,,resume
820353,114,2,,,pause
820420,42,2,,,pause
820437,114,2,,,resume
820503,42,2,,,resume
820520,114,2,,,pause
820556,21,2,,,pause
820587,103,2,,,pause
820603,114,2,,,resume
820603,114,2,,,pause
820603,114,2,,,resume
820639,21,2,,,resume
820670,103,2,,,resume
820686,114,2,,,pause
820769,114,2,,,resume
820769,114,2,,,pause
820769,114,2,,,resume
820770,113,2,,,pause
820852,114,2,,,pause
820937,113,2,,,resume
820945,115,1,,,pause
820972,26,1,,,pause
820972,26,1,,,resume
821028,115,1,,,resume
821206,207,2,,,pause
821206,207,2,,,resume
821268,114,2,,,resume
821463,187,2,,,pause
821474,118,1,,,pause
821474,118,1,,,resume
821546,187,2,,,resume
821611,191,2,,,pause
821611,191,2,,,resume
821768,215,2,,,pause
821768,215,2,,,resume
821821,206,2,,,pause
821821,206,2,,,resume
822463,205,2,,,pause
822505,218,1,,,pause
822546,205,2,,,resume
822588,218,1,,,resume
822810,184,1,,,pause
822810,184,1,,,resume
822857,247,2,,,pause
822857,247,2,,,resume
823964,125,2,,,pause
824047,125,2,,,resume
824334,42,2,,,pause
824417,42,2,,,resume
824849,51,1,,,pause
824849,51,1,,,resume
824937,115,1,,,pause
824969,39,2,,,pause
825020,115,1,,,resume
825052,39,2,,,resume
825052,39,2,,,pause
825135,39,2,,,resume
825139,59,2,,,pause
825139,59,2,,,resume
825181,51,1,,,pause
825217,21,2,,,pause
825240,120,2,,,pause
825240,120,2,,,resume
825241,65,1,,,pause
825241,65,1,,,resume
825264,51,1,,,resume
825264,51,1,,,pause
825264,51,1,,,resume
825277,67,1,,,pause
825290,112,2,,,pause
825300,21,2,,,resume
825360,67,1,,,resume
825360,67,1,,,pause
825360,67,1,,,resume
825363,114,1,,,pause
825373,112,2,,,resume
825373,112,2,,,pause
825374,55,1,,,pause
825374,55,1,,,resume
825392,3,1,,,pause
825392,3,1,,,resume
825426,40,2,,,pause
825430,51,1,,,pause
825430,51,1,,,resume
825456,112,2,,,resume
825456,112,2,,,pause
825458,55,1,,,pause
825494,54,1,,,pause
825494,54,1,,,resume
825509,40,2,,,resume
825513,51,1,,,pause
825513,51,1,,,resume
825529,114,1,,,resume
825538,100,2,,,pause
825541,112,2,,,resume
825541,55,1,,,resume
825541,112,2,,,pause
825541,112,2,,,resume
825550,39,2,,,pause
825581,42,2,,,pause
825621,100,2,,,resume
825633,39,2,,,resume
825633,39,2,,,pause
825664,42,2,,,resume
825716,39,2,,,resume
825720,59,2,,,pause
825751,103,2,,,pause
825759,40,2,,,pause
825803,59,2,,,resume
825834,103,2,,,resume
825842,40,2,,,resume
826014,113,2,,,pause
826014,113,2,,,resume
826016,117,2,,,pause
826016,117,2,,,resume
826533,187,2,,,pause
826616,187,2,,,resume
826616,187,2,,,pause
826633,118,1,,,pause
826633,118,1,,,resume
826699,187,2,,,resume
826716,118,1,,,pause
826716,118,1,,,resume
826833,208,2,,,pause
826917,208,2,,,resume
827079,218,1,,,pause
827162,218,1,,,resume
827368,249,2,,,pause
827368,249,2,,,resume
827699,205,2,,,pause
827782,205,2,,,resume
830289,99,1,,,pause
830289,99,1,,,resume
830344,115,1,,,pause
830370,21,2,,,pause
830393,120,2,,,pause
830393,120,2,,,resume
830403,73,2,,,pause
830403,73,2,,,resume
830447,112,2,,,pause
830448,48,1,,,pause
830453,21,2,,,resume
830453,21,2,,,pause
830468,13,2,,,pause
830510,115,1,,,resume
830519,114,1,,,pause
830527,55,1,,,pause
830527,55,1,,,resume
830531,48,1,,,resume
830536,21,2,,,resume
830545,25,2,,,pause
830547,3,1,,,pause
830547,3,1,,,resume
830551,13,2,,,resume
830594,113,2,,,pause
830594,113,2,,,resume
830602,114,1,,,resume
830613,112,2,,,resume
830613,112,2,,,pause
830621,125,2,,,pause
830628,25,2,,,resume
830647,54,1,,,pause
830647,54,1,,,resume
830672,22,2,,,pause
830672,22,2,,,resume
830692,100,2,,,pause
830696,112,2,,,resume
830696,112,2,,,pause
830696,112,2,,,resume
830704,125,2,,,resume
830704,125,2,,,pause
830775,100,2,,,resume
830787,125,2,,,resume
830787,125,2,,,pause
830800,13,2,,,pause
830800,13,2,,,resume
830870,125,2,,,resume
830938,128,1,,,pause
831010,113,2,,,pause
831021,128,1,,,resume
831021,128,1,,,pause
831093,113,2,,,resume
831104,128,1,,,resume
831104,128,1,,,pause
831104,128,1,,,resume
831171,117,2,,,pause
831254,117,2,,,resume
831368,125,2,,,pause
831383,159,2,,,pause
831436,128,1,,,pause
831436,128,1,,,resume
831451,125,2,,,resume
831466,159,2,,,resume
831602,128,1,,,pause
831685,128,1,,,resume
831685,128,1,,,pause
831685,128,1,,,resume
831935,187,2,,,pause
832018,187,2,,,resume
832120,118,1,,,pause
832203,118,1,,,resume
832516,187,2,,,pause
832682,187,2,,,resume
832813,218,1,,,pause
832896,218,1,,,resume
834691,125,2,,,pause
834774,125,2,,,resume
834907,22,2,,,pause
834914,115,1,,,pause
834940,125,2,,,pause
834977,71,1,,,pause
834991,22,2,,,resume
834991,22,2,,,pause
834997,115,1,,,resume
835023,125,2,,,resume
835060,71,1,,,resume
835074,22,2,,,resume
835074,22,2,,,pause
835074,22,2,,,resume
835116,46,2,,,pause
835143,97,2,,,pause
835199,46,2,,,resume
835226,97,2,,,resume
835324,18,2,,,pause
835407,18,2,,,resume
835422,114,1,,,pause
835441,99,1,,,pause
835441,99,1,,,resume
835473,73,2,,,pause
835496,115,1,,,pause
835529,125,2,,,pause
835543,16,2,,,pause
835543,65,1,,,pause
835543,120,2,,,pause
835543,65,1,,,resume
835556,73,2,,,resume
835580,115,1,,,resume
835583,113,2,,,pause
835588,114,1,,,resume
835588,114,1,,,pause
835600,112,2,,,pause
835612,125,2,,,resume
835621,13,2,,,pause
835626,16,2,,,resume
835626,120,2,,,resume
835626,65,1,,,pause
835663,115,1,,,pause
835666,113,2,,,resume
835671,114,1,,,resume
835675,55,1,,,pause
835675,55,1,,,resume
835695,125,2,,,pause
835696,25,2,,,pause
835698,3,1,,,pause
835698,3,1,,,resume
835704,13,2,,,resume
835709,126,2,,,pause
835709,65,1,,,resume
835709,126,2,,,resume
835709,65,1,,,pause
835709,65,1,,,resume
835743,22,2,,,pause
835746,115,1,,,resume
835758,55,1,,,pause
835766,112,2,,,resume
835766,112,2,,,pause
835778,125,2,,,resume
835779,25,2,,,resume
835798,54,1,,,pause
835798,54,1,,,resume
835826,22,2,,,resume
835841,55,1,,,resume
835843,100,2,,,pause
835843,100,2,,,resume
835849,122,2,,,pause
835849,122,2,,,resume
835850,112,2,,,resume
835861,125,2,,,pause
835921,50,1,,,pause
836003,114,1,,,pause
836007,50,1,,,resume
836027,125,2,,,resume
836082,113,2,,,pause
836086,114,1,,,resume
836090,50,1,,,pause
836131,74,1,,,pause
836131,74,1,,,resume
836165,113,2,,,resume
836173,50,1,,,resume
836193,125,2,,,pause
836193,125,2,,,resume
836323,117,2,,,pause
836406,117,2,,,resume
836616,159,2,,,pause
836699,159,2,,,resume
837237,117,2,,,pause
837320,117,2,,,resume
837394,189,2,,,pause
837477,189,2,,,resume
837968,218,1,,,pause
838051,218,1,,,resume
838237,246,2,,,pause
838237,246,2,,,resume
840400,115,1,,,pause
840483,115,1,,,resume
840489,128,1,,,pause
840489,114,1,,,pause
840512,115,2,,,pause
840514,125,2,,,pause
840572,128,1,,,resume
840591,99,1,,,pause
840591,99,1,,,resume
840598,125,2,,,resume
840611,126,2,,,pause
840611,126,2,,,resume
840656,114,1,,,resume
840656,114,1,,,pause
840670,122,2,,,pause
840670,122,2,,,resume
840678,115,2,,,resume
840734,67,1,,,pause
840738,113,2,,,pause
840740,114,1,,,resume
840820,67,1,,,resume
840820,67,1,,,pause
840820,67,1,,,resume
840821,128,1,,,pause
840821,113,2,,,resume
840835,112,2,,,pause
840850,3,1,,,pause
840850,3,1,,,resume
840906,128,1,,,resume
840918,112,2,,,resume
840918,112,2,,,pause
840939,13,2,,,pause
840990,114,1,,,pause
840997,100,2,,,pause
840997,100,2,,,resume
841001,112,2,,,resume
841001,112,2,,,pause
841001,112,2,,,resume
841002,122,2,,,pause
841013,125,2,,,pause
841022,13,2,,,resume
841034,54,1,,,pause
841073,114,1,,,resume
841084,112,2,,,pause
841084,112,2,,,resume
841085,122,2,,,resume
841178,115,2,,,pause
841179,125,2,,,resume
841179,125,2,,,pause
841179,125,2,,,resume
841200,54,1,,,resume
841237,113,2,,,pause
841282,74,1,,,pause
841282,74,1,,,resume
841323,113,2,,,resume
841323,113,2,,,pause
841323,113,2,,,resume
841344,115,2,,,resume
841552,114,2,,,pause
841635,114,2,,,resume
841720,114,2,,,pause
841803,114,2,,,resume
841819,128,1,,,pause
841819,128,1,,,resume
842075,187,2,,,pause
842075,187,2,,,resume
842739,187,2,,,pause
842827,166,2,,,pause
842827,166,2,,,resume
842905,187,2,,,resume
843122,218,1,,,pause
843205,218,1,,,resume
843393,246,2,,,pause
843393,246,2,,,resume
843502,200,2,,,pause
843502,200,2,,,resume
845035,42,2,,,pause
845118,42,2,,,resume
845348,126,2,,,pause
845348,126,2,,,resume
845365,67,1,,,pause
845365,67,1,,,resume
845478,113,2,,,pause
845561,113,2,,,resume
845654,48,1,,,pause
845737,48,1,,,resume
845743,29,2,,,pause
845743,29,2,,,resume
845765,126,2,,,pause
845765,126,2,,,resume
845812,113,2,,,pause
845820,48,1,,,pause
845820,48,1,,,resume
845874,114,2,,,pause
845874,114,2,,,resume
845876,51,1,,,pause
845876,51,1,,,resume
845895,113,2,,,resume
845903,48,1,,,pause
845978,113,2,,,pause
845986,48,1,,,resume
845991,112,2,,,pause
846001,125,2,,,pause
846061,113,2,,,resume
846074,112,2,,,resume
846074,112,2,,,pause
846084,125,2,,,resume
846151,100,2,,,pause
846151,100,2,,,resume
846157,112,2,,,resume
846157,112,2,,,pause
846157,112,2,,,resume
846213,22,2,,,pause
846213,22,2,,,resume
846235,48,1,,,pause
846235,48,1,,,resume
846257,13,2,,,pause
846310,113,2,,,pause
846310,113,2,,,resume
846340,13,2,,,resume
846395,113,2,,,pause
846480,113,2,,,resume
846480,113,2,,,pause
846563,113,2,,,resume
846563,113,2,,,pause
846567,119,2,,,pause
846567,48,1,,,pause
846567,119,2,,,resume
846591,13,2,,,pause
846622,114,2,,,pause
846646,113,2,,,resume
846650,48,1,,,resume
846651,119,2,,,pause
846674,13,2,,,resume
846734,119,2,,,resume
846788,114,2,,,resume
846813,187,2,,,pause
846871,114,2,,,pause
846896,187,2,,,resume
846954,114,2,,,resume
847145,187,2,,,pause
847145,187,2,,,resume
847228,187,2,,,pause
847311,187,2,,,resume
847544,117,2,,,pause
847597,203,2,,,pause
847597,203,2,,,resume
847627,117,2,,,resume
847627,117,2,,,pause
847627,117,2,,,resume
847730,205,2,,,pause
847813,205,2,,,resume
848277,218,1,,,pause
848360,218,1,,,resume
848655,200,2,,,pause
848655,200,2,,,resume
849672,65,1,,,pause
849755,65,1,,,resume
850336,65,1,,,pause
850402,125,2,,,pause
850419,65,1,,,resume
850419,65,1,,,pause
850485,125,2,,,resume
850485,125,2,,,pause
850502,65,1,,,resume
850530,114,2,,,pause
850530,114,2,,,resume
850568,125,2,,,resume
850675,52,1,,,pause
850695,18,2,,,pause
850758,52,1,,,resume
850758,52,1,,,pause
850778,18,2,,,resume
850801,50,2,,,pause
850801,50,2,,,resume
850836,69,1,,,pause
850841,52,1,,,resume
850879,70,1,,,pause
850879,114,1,,,pause
850919,69,1,,,resume
850924,52,1,,,pause
850940,42,2,,,pause
850940,42,2,,,resume
850962,70,1,,,resume
850968,68,1,,,pause
850968,68,1,,,resume
850975,59,2,,,pause
850975,59,2,,,resume
851000,65,1,,,pause
851007,52,1,,,resume
851023,42,2,,,pause
851023,42,2,,,resume
851028,49,1,,,pause
851028,49,1,,,resume
851045,114,1,,,resume
851083,65,1,,,resume
851111,49,1,,,pause
851111,49,1,,,resume
851126,115,1,,,pause
851138,113,2,,,pause
851145,112,2,,,pause
851209,115,1,,,resume
851209,115,1,,,pause
851221,113,2,,,resume
851221,113,2,,,pause
851226,112,1,,,pause
851226,112,1,,,resume
851228,112,2,,,resume
851228,112,2,,,pause
851233,99,2,,,pause
851233,99,2,,,resume
851277,49,1,,,pause
851277,49,1,,,resume
851292,115,1,,,resume
851302,100,2,,,pause
851302,100,2,,,resume
851304,113,2,,,resume
851312,112,2,,,resume
851312,112,2,,,pause
851312,112,2,,,resume
851318,115,2,,,pause
851318,115,2,,,resume
851324,125,2,,,pause
851366,22,2,,,pause
851366,22,2,,,resume
851395,112,2,,,pause
851395,112,2,,,resume
851401,115,2,,,pause
851407,125,2,,,resume
851481,99,1,,,pause
851481,99,1,,,resume
851553,113,2,,,pause
851636,113,2,,,resume
851636,113,2,,,pause
851650,115,2,,,resume
851719,113,2,,,resume
851802,119,2,,,pause
851802,119,2,,,resume
852090,116,1,,,pause
852090,116,1,,,resume
852381,187,2,,,pause
852466,119,2,,,pause
852547,187,2,,,resume
852550,119,2,,,resume
853128,187,2,,,pause
853211,187,2,,,resume
853333,245,2,,,pause
853333,245,2,,,resume
853430,218,1,,,pause
853513,218,1,,,resume
853806,200,2,,,pause
853806,200,2,,,resume
855133,113,2,,,pause
855216,113,2,,,resume
855266,18,2,,,pause
855349,18,2,,,resume
855349,18,2,,,pause
855432,18,2,,,resume
855432,18,2,,,pause
855432,18,2,,,resume
855446,41,2,,,pause
855529,41,2,,,resume
855721,99,2,,,pause
855804,99,2,,,resume
855824,69,1,,,pause
855824,69,1,,,resume
855907,69,1,,,pause
855930,18,2,,,pause
855962,112,1,,,pause
855973,39,2,,,pause
855973,39,2,,,resume
856045,112,1,,,resume
856073,69,1,,,resume
856114,114,1,,,pause
856121,68,1,,,pause
856121,68,1,,,resume
856126,59,2,,,pause
856126,59,2,,,resume
856130,113,2,,,pause
856130,113,2,,,resume
856159,52,1,,,pause
856178,42,2,,,pause
856178,42,2,,,resume
856179,18,2,,,resume
856191,121,2,,,pause
856191,121,2,,,resume
856197,114,1,,,resume
856197,114,1,,,pause
856204,68,1,,,pause
856204,68,1,,,resume
856242,52,1,,,resume
856244,126,2,,,pause
856265,114,2,,,pause
856265,114,2,,,resume
856274,121,2,,,pause
856274,121,2,,,resume
856280,114,1,,,resume
856300,112,2,,,pause
856306,115,2,,,pause
856308,3,1,,,pause
856308,3,1,,,resume
856327,126,2,,,resume
856327,126,2,,,pause
856377,112,1,,,pause
856377,112,1,,,resume
856379,113,2,,,pause
856383,112,2,,,resume
856383,112,2,,,pause
856389,115,2,,,resume
856410,126,2,,,resume
856462,113,2,,,resume
856462,113,2,,,pause
856466,112,2,,,resume
856466,112,2,,,pause
856466,112,2,,,resume
856522,22,2,,,pause
856522,22,2,,,resume
856545,113,2,,,resume
856545,113,2,,,pause
856593,42,2,,,pause
856628,113,2,,,resume
856676,42,2,,,resume
856676,42,2,,,pause
856676,42,2,,,resume
856877,113,2,,,pause
857126,113,2,,,resume
857204,88,2,,,pause
857204,88,2,,,resume
857241,116,1,,,pause
857241,116,1,,,resume
857329,64,2,,,pause
857329,64,2,,,resume
857412,64,2,,,pause
857495,64,2,,,resume
858198,187,2,,,pause
858447,187,2,,,resume
858585,218,1,,,pause
858668,218,1,,,resume
860464,125,2,,,pause
860547,125,2,,,resume
860666,71,1,,,pause
860666,71,1,,,resume
860749,71,1,,,pause
860749,71,1,,,resume
860832,71,1,,,pause
860915,71,1,,,resume
860915,71,1,,,pause
860915,71,1,,,resume
860949,47,1,,,pause
860949,47,1,,,resume
861019,123,1,,,pause
861019,123,1,,,resume
861044,72,1,,,pause
861044,72,1,,,resume
861061,52,1,,,pause
861125,99,1,,,pause
861144,52,1,,,resume
861184,114,1,,,pause
861260,121,2,,,pause
861260,121,2,,,resume
861267,114,1,,,resume
861267,114,1,,,pause
861288,124,2,,,pause
861291,99,1,,,resume
861311,52,1,,,pause
861330,71,1,,,pause
861330,71,1,,,resume
861335,114,2,,,pause
861335,114,2,,,resume
861343,121,2,,,pause
861343,121,2,,,resume
861350,114,1,,,resume
861368,113,2,,,pause
861371,124,2,,,resume
861394,52,1,,,resume
861421,49,1,,,pause
861421,49,1,,,resume
861451,113,2,,,resume
861451,113,2,,,pause
861451,113,2,,,resume
861452,112,2,,,pause
861462,3,1,,,pause
861470,125,2,,,pause
861529,112,1,,,pause
861529,112,1,,,resume
861536,112,2,,,resume
861536,112,2,,,pause
861545,3,1,,,resume
861553,125,2,,,resume
861579,71,1,,,pause
861587,49,1,,,pause
861587,49,1,,,resume
861636,125,2,,,pause
861636,125,2,,,resume
861641,40,1,,,pause
861641,40,1,,,resume
861662,71,1,,,resume
861663,18,2,,,pause
861700,113,2,,,pause
861702,112,2,,,resume
861746,18,2,,,resume
861784,113,2,,,resume
861784,113,2,,,pause
861791,72,1,,,pause
861791,72,1,,,resume
861867,113,2,,,resume
861867,113,2,,,pause
861894,119,1,,,pause
861894,119,1,,,resume
861932,115,1,,,pause
861950,113,2,,,resume
862004,117,2,,,pause
862015,115,1,,,resume
862166,114,2,,,pause
862166,114,2,,,resume
862170,117,2,,,resume
862250,114,2,,,pause
862333,114,2,,,resume
862333,114,2,,,pause
862394,119,1,,,pause
862394,119,1,,,resume
862416,114,2,,,resume
862770,187,2,,,pause
862853,187,2,,,resume
863231,235,1,,,pause
863231,235,1,,,resume
863351,187,2,,,pause
863517,187,2,,,resume
863729,235,1,,,pause
863729,235,1,,,resume
863821,186,1,,,pause
863821,186,1,,,resume
863975,168,2,,,pause
864058,168,2,,,resume
865048,116,2,,,pause
865048,116,2,,,resume
865131,116,2,,,pause
865131,116,2,,,resume
866031,99,2,,,pause
866079,68,2,,,pause
866079,68,2,,,resume
866080,71,1,,,pause
866098,123,1,,,pause
866109,47,1,,,pause
866114,99,2,,,resume
866163,71,1,,,resume
866181,123,1,,,resume
866193,47,1,,,resume
866246,71,1,,,pause
866282,115,2,,,pause
866301,52,1,,,pause
866329,71,1,,,resume
866349,112,1,,,pause
866365,115,2,,,resume
866365,115,2,,,pause
866412,71,1,,,pause
866412,71,1,,,resume
866417,121,2,,,pause
866417,121,2,,,resume
866432,55,1,,,pause
866432,112,1,,,resume
866434,59,2,,,pause
866448,115,2,,,resume
866448,115,2,,,pause
866450,124,2,,,pause
866467,52,1,,,resume
866482,40,2,,,pause
866482,40,2,,,resume
866500,121,2,,,pause
866507,114,1,,,pause
866516,55,1,,,resume
866517,59,2,,,resume
866519,100,2,,,pause
866519,100,2,,,resume
866529,48,1,,,pause
866529,48,1,,,resume
866531,115,2,,,resume
866531,115,2,,,pause
866551,52,1,,,pause
866565,40,2,,,pause
866565,40,2,,,resume
866578,71,1,,,pause
866583,49,1,,,pause
866583,121,2,,,resume
866583,121,2,,,pause
866583,121,2,,,resume
866590,114,1,,,resume
866613,112,2,,,pause
866614,115,2,,,resume
866617,124,2,,,resume
866634,52,1,,,resume
866661,71,1,,,resume
866661,71,1,,,pause
866666,49,1,,,resume
866695,48,1,,,pause
866695,48,1,,,resume
866696,112,2,,,resume
866696,112,2,,,pause
866743,68,2,,,pause
866743,68,2,,,resume
866744,71,1,,,resume
866744,71,1,,,pause
866767,112,1,,,pause
866775,47,1,,,pause
866775,47,1,,,resume
866777,113,2,,,pause
866777,113,2,,,resume
866779,112,2,,,resume
866779,112,2,,,pause
866779,112,2,,,resume
866827,71,1,,,resume
866827,71,1,,,pause
866850,112,1,,,resume
866862,112,2,,,pause
866910,71,1,,,resume
866946,112,2,,,resume
866948,115,2,,,pause
866981,40,2,,,pause
866981,40,2,,,resume
867050,119,1,,,pause
867050,119,1,,,resume
867075,114,2,,,pause
867075,114,2,,,resume
867115,115,2,,,resume
867161,117,2,,,pause
867180,119,2,,,pause
867180,119,2,,,resume
867196,113,2,,,pause
867230,16,2,,,pause
867230,16,2,,,resume
867241,114,2,,,pause
867244,117,2,,,resume
867264,119,2,,,pause
867264,119,2,,,resume
867279,113,2,,,resume
867279,113,2,,,pause
867299,119,1,,,pause
867299,119,1,,,resume
867362,113,2,,,resume
867362,113,2,,,pause
867407,114,2,,,resume
867407,114,2,,,pause
867446,159,2,,,pause
867446,113,2,,,resume
867447,112,2,,,pause
867469,116,1,,,pause
867480,40,2,,,pause
867480,40,2,,,resume
867490,114,2,,,resume
867529,159,2,,,resume
867530,112,2,,,resume
867530,112,2,,,pause
867530,112,2,,,resume
867552,116,1,,,resume
867613,112,2,,,pause
867633,168,2,,,pause
867646,40,2,,,pause
867646,40,2,,,resume
867696,112,2,,,resume
867716,168,2,,,resume
867721,64,2,,,pause
867799,168,2,,,pause
867804,64,2,,,resume
867895,186,1,,,pause
867895,186,1,,,resume
867967,168,2,,,resume
867979,186,1,,,pause
867979,186,1,,,resume
868135,240,2,,,pause
868135,240,2,,,resume
868342,248,2,,,pause
868349,200,2,,,pause
868349,200,2,,,resume
868425,248,2,,,resume
868425,248,2,,,pause
868425,248,2,,,resume
868552,216,2,,,pause
868637,216,2,,,resume
868811,218,1,,,pause
868880,235,1,,,pause
868880,235,1,,,resume
868894,218,1,,,resume
868894,218,1,,,pause
868977,218,1,,,resume
869841,205,2,,,pause
869841,205,2,,,resume
870203,116,2,,,pause
870203,116,2,,,resume
871170,65,1,,,pause
871170,65,1,,,resume
871213,126,2,,,pause
871213,126,2,,,resume
871265,47,1,,,pause
871265,47,1,,,resume
871336,65,1,,,pause
871336,65,1,,,resume
871414,114,1,,,pause
871438,112,2,,,pause
871516,29,2,,,pause
871516,29,2,,,resume
871572,2,1,,,pause
871572,2,1,,,resume
871580,114,1,,,resume
871589,112,1,,,pause
871604,112,2,,,resume
871632,126,2,,,pause
871657,121,2,,,pause
871672,112,1,,,resume
871715,126,2,,,resume
871740,121,2,,,resume
871740,121,2,,,pause
871740,121,2,,,resume
871745,115,1,,,pause
871773,125,2,,,pause
871773,125,2,,,resume
871821,2,1,,,pause
871824,96,2,,,pause
871881,126,2,,,pause
871904,2,1,,,resume
871904,2,1,,,pause
871907,96,2,,,resume
871922,112,1,,,pause
871964,126,2,,,resume
871987,2,1,,,resume
871995,115,1,,,resume
872005,112,1,,,resume
872185,112,2,,,pause
872268,112,2,,,resume
872436,89,2,,,pause
872436,89,2,,,resume
872967,186,1,,,pause
873050,186,1,,,resume
873414,204,2,,,pause
873414,204,2,,,resume
873572,189,2,,,pause
873572,189,2,,,resume
874032,235,1,,,pause
874032,235,1,,,resume
874200,180,1,,,pause
874200,180,1,,,resume
875039,126,2,,,pause
875122,126,2,,,resume
875268,201,2,,,pause
875268,201,2,,,resume
875354,116,2,,,pause
875354,116,2,,,resume
875770,201,2,,,pause
875770,201,2,,,resume
875901,115,1,,,pause
875917,29,2,,,pause
875984,115,1,,,resume
876145,121,2,,,pause
876145,121,2,,,resume
876159,29,2,,,resume
876256,25,2,,,pause
876290,97,2,,,pause
876319,65,1,,,pause
876319,65,1,,,resume
876374,97,2,,,resume
876374,97,2,,,pause
876374,97,2,,,resume
876394,121,2,,,pause
876400,115,1,,,pause
876407,112,1,,,pause
876415,47,1,,,pause
876415,47,1,,,resume
876422,25,2,,,resume
876430,113,2,,,pause
876451,85,2,,,pause
876477,121,2,,,resume
876477,121,2,,,pause
876485,65,1,,,pause
876485,65,1,,,resume
876490,112,1,,,resume
876490,112,1,,,pause
876511,72,1,,,pause
876511,72,1,,,resume
876513,113,2,,,resume
876534,85,2,,,resume
876560,121,2,,,resume
876562,96,1,,,pause
876566,115,1,,,resume
876573,112,1,,,resume
876573,112,1,,,pause
876596,39,2,,,pause
876646,96,1,,,resume
876648,114,1,,,pause
876649,115,1,,,pause
876659,29,2,,,pause
876659,29,2,,,resume
876673,101,2,,,pause
876679,39,2,,,resume
876731,114,1,,,resume
876731,114,1,,,pause
876732,115,1,,,resume
876757,101,2,,,resume
876762,113,2,,,pause
876789,97,2,,,pause
876789,97,2,,,resume
876809,121,2,,,pause
876815,114,1,,,resume
876822,112,1,,,resume
876822,112,1,,,pause
876822,112,1,,,resume
876845,113,2,,,resume
876885,49,2,,,pause
876885,49,2,,,resume
876905,112,1,,,pause
876909,105,2,,,pause
876928,113,2,,,pause
876929,72,1,,,pause
876929,72,1,,,resume
876975,121,2,,,resume
876992,105,2,,,resume
877005,125,2,,,pause
877005,25,2,,,pause
877005,125,2,,,resume
877011,113,2,,,resume
877018,13,2,,,pause
877018,13,2,,,resume
877023,168,2,,,pause
877023,168,2,,,resume
877058,121,2,,,pause
877064,115,1,,,pause
877131,114,2,,,pause
877131,114,2,,,resume
877141,121,2,,,resume
877147,115,1,,,resume
877172,25,2,,,resume
877237,112,1,,,resume
877256,89,2,,,pause
877256,89,2,,,resume
877268,13,2,,,pause
877268,13,2,,,resume
877286,126,2,,,pause
877320,112,1,,,pause
877320,112,1,,,resume
877339,101,2,,,pause
877369,126,2,,,resume
877422,101,2,,,resume
877422,101,2,,,pause
877426,113,2,,,pause
877501,159,2,,,pause
877503,125,2,,,pause
877503,125,2,,,resume
877505,101,2,,,resume
877569,119,2,,,pause
877584,159,2,,,resume
877584,159,2,,,pause
877593,113,2,,,resume
877652,119,2,,,resume
877667,159,2,,,resume
877854,168,2,,,pause
877937,168,2,,,resume
878023,64,2,,,pause
878026,116,1,,,pause
878106,64,2,,,resume
878109,116,1,,,resume
878567,204,2,,,pause
878567,204,2,,,resume
878568,200,2,,,pause
878652,200,2,,,resume
879319,150,2,,,pause
879319,150,2,,,resume
879367,186,1,,,pause
879450,186,1,,,resume
879833,112,2,,,pause
879833,112,2,,,resume
880507,116,2,,,pause
880507,116,2,,,resume
881488,99,2,,,pause
881508,46,2,,,pause
881570,47,1,,,pause
881570,47,1,,,resume
881571,99,2,,,resume
881591,46,2,,,resume
881607,126,2,,,pause
881637,50,2,,,pause
881637,50,2,,,resume
881638,65,1,,,pause
881638,65,1,,,resume
881690,126,2,,,resume
881716,114,1,,,pause
881720,50,2,,,pause
881804,50,2,,,resume
881828,115,2,,,pause
881906,122,2,,,pause
881911,115,2,,,resume
881966,114,1,,,resume
882040,49,1,,,pause
882049,114,1,,,pause
882050,115,1,,,pause
882072,122,2,,,resume
882078,115,2,,,pause
882109,126,2,,,pause
882118,114,2,,,pause
882123,49,1,,,resume
882132,114,1,,,resume
882133,115,1,,,resume
882161,115,2,,,resume
882161,115,2,,,pause
882210,96,2,,,pause
882215,114,1,,,pause
882215,114,1,,,resume
882244,115,2,,,resume
882284,114,2,,,resume
882284,114,2,,,pause
882284,114,2,,,resume
882293,96,2,,,resume
882358,126,2,,,resume
882408,112,2,,,pause
882441,126,2,,,pause
882441,126,2,,,resume
882574,112,2,,,resume
882804,119,2,,,pause
882887,119,2,,,resume
882887,119,2,,,pause
882970,119,2,,,resume
883053,119,2,,,pause
883219,119,2,,,resume
883468,119,2,,,pause
883479,150,2,,,pause
883479,150,2,,,resume
883553,119,2,,,resume
883597,240,2,,,pause
883597,240,2,,,resume
883720,200,2,,,pause
883722,204,2,,,pause
883722,204,2,,,resume
883803,200,2,,,resume
883805,211,2,,,pause
883805,211,2,,,resume
883809,253,2,,,pause
883809,253,2,,,resume
883831,201,2,,,pause
883831,201,2,,,resume
883892,252,2,,,pause
883975,252,2,,,resume
884052,119,2,,,pause
884218,119,2,,,resume
884603,186,1,,,pause
884655,115,2,,,pause
884686,186,1,,,resume
884738,115,2,,,resume
884751,168,2,,,pause
884751,168,2,,,resume
886664,46,2,,,pause
886664,46,2,,,resume
886700,114,1,,,pause
886705,115,1,,,pause
886723,99,2,,,pause
886725,47,1,,,pause
886725,47,1,,,resume
886783,114,1,,,resume
886783,114,1,,,pause
886788,115,1,,,resume
886806,99,2,,,resume
886815,72,1,,,pause
886815,72,1,,,resume
886866,114,1,,,resume
886978,99,1,,,pause
886981,115,2,,,pause
887061,99,1,,,resume
887064,115,2,,,resume
887220,125,2,,,pause
887220,125,2,,,resume
887230,72,1,,,pause
887230,72,1,,,resume
887359,51,1,,,pause
887359,51,1,,,resume
887396,72,1,,,pause
887396,72,1,,,resume
887437,114,2,,,pause
887437,114,2,,,resume
887458,112,1,,,pause
887458,112,1,,,resume
887542,112,1,,,pause
887542,112,1,,,resume
887693,51,1,,,pause
887693,51,1,,,resume
887950,114,1,,,pause
887971,159,2,,,pause
888033,114,1,,,resume
888054,159,2,,,resume
888527,51,1,,,pause
888527,51,1,,,resume
889029,189,2,,,pause
889029,189,2,,,resume
889050,148,2,,,pause
889050,148,2,,,resume
889133,148,2,,,pause
889133,148,2,,,resume
889810,115,2,,,pause
889894,115,2,,,resume
890007,214,2,,,pause
890007,214,2,,,resume
890142,112,2,,,pause
890225,112,2,,,resume
890536,205,2,,,pause
890619,205,2,,,resume
891303,122,2,,,pause
891303,122,2,,,resume
891572,40,2,,,pause
891572,40,2,,,resume
891718,122,2,,,pause
891818,46,2,,,pause
891842,128,1,,,pause
891880,47,1,,,pause
891880,47,1,,,resume
891884,122,2,,,resume
891884,122,2,,,pause
891884,122,2,,,resume
891901,46,2,,,resume
891925,128,1,,,resume
891940,114,1,,,pause
891956,18,2,,,pause
891956,18,2,,,resume
891969,72,1,,,pause
891969,72,1,,,resume
891986,113,2,,,pause
892023,114,1,,,resume
892023,114,1,,,pause
892025,96,1,,,pause
892030,112,1,,,pause
892030,112,1,,,resume
892045,99,2,,,pause
892070,113,2,,,resume
892073,36,2,,,pause
892106,114,1,,,resume
892106,114,1,,,pause
892108,96,1,,,resume
892108,96,1,,,pause
892108,96,1,,,resume
892112,50,2,,,pause
892112,50,2,,,resume
892113,112,1,,,pause
892128,99,2,,,resume
892136,115,2,,,pause
892156,36,2,,,resume
892189,114,1,,,resume
892196,112,1,,,resume
892196,112,1,,,pause
892196,112,1,,,resume
892216,99,1,,,pause
892216,99,1,,,resume
892219,115,2,,,resume
892279,119,2,,,pause
892362,112,1,,,pause
892362,119,2,,,resume
892368,125,2,,,pause
892368,125,2,,,resume
892384,72,1,,,pause
892384,72,1,,,resume
892508,114,2,,,pause
892521,114,1,,,pause
892521,114,1,,,resume
892550,72,1,,,pause
892550,72,1,,,resume
892589,128,1,,,pause
892633,72,1,,,pause
892633,72,1,,,resume
892672,128,1,,,resume
892674,114,2,,,resume
892694,112,1,,,resume
892694,112,1,,,pause
892694,112,1,,,resume
892716,72,1,,,pause
892716,72,1,,,resume
892717,115,2,,,pause
892717,112,2,,,pause
892734,113,2,,,pause
892777,112,1,,,pause
892777,112,1,,,resume
892800,115,2,,,resume
892800,112,2,,,resume
892817,113,2,,,resume
892860,112,1,,,pause
892943,112,1,,,resume
892989,40,1,,,pause
892989,40,1,,,resume
893109,112,1,,,pause
893186,114,1,,,pause
893203,48,1,,,pause
893203,48,1,,,resume
893275,112,1,,,resume
893275,112,1,,,pause
893352,114,1,,,resume
893358,112,1,,,resume
893441,119,2,,,pause
893524,119,2,,,resume
893774,119,2,,,pause
893857,119,2,,,resume
893904,240,2,,,pause
893987,240,2,,,resume
894058,235,1,,,pause
894058,235,1,,,resume
894141,235,1,,,pause
894141,235,1,,,resume
894198,155,1,,,pause
894201,148,2,,,pause
894201,148,2,,,resume
894281,155,1,,,resume
894284,148,2,,,pause
894284,148,2,,,resume
895708,172,2,,,pause
895708,172,2,,,resume
896582,96,2,,,pause
896665,96,2,,,resume
896725,69,1,,,pause
896766,115,1,,,pause
896808,69,1,,,resume
896849,115,1,,,resume
896877,103,1,,,pause
896960,103,1,,,resume
897034,47,1,,,pause
897034,47,1,,,resume
897264,115,1,,,pause
897289,115,2,,,pause
897289,115,2,,,resume
897372,115,2,,,pause
897376,103,1,,,pause
897376,103,1,,,resume
897424,114,1,,,pause
897455,115,2,,,resume
897455,115,2,,,pause
897481,16,2,,,pause
897481,16,2,,,resume
897507,114,1,,,resume
897538,115,2,,,resume
897596,115,1,,,resume
897704,115,2,,,pause
897704,115,2,,,resume
897745,114,2,,,pause
897745,114,2,,,resume
897787,115,2,,,pause
897870,115,2,,,resume
897870,115,2,,,pause
897913,117,2,,,pause
897918,51,1,,,pause
897918,51,1,,,resume
897953,115,2,,,resume
897953,115,2,,,pause
898036,115,2,,,resume
898163,117,2,,,resume
898262,119,2,,,pause
898345,119,2,,,resume
898511,119,2,,,pause
898677,119,2,,,resume
898843,119,2,,,pause
899011,119,2,,,resume
899177,210,2,,,pause
899177,210,2,,,resume
899273,243,2,,,pause
899334,189,2,,,pause
899334,189,2,,,resume
899356,243,2,,,resume
899356,243,2,,,pause
899432,204,2,,,pause
899432,204,2,,,resume
899435,148,2,,,pause
899435,148,2,,,resume
899439,243,2,,,resume
899591,249,2,,,pause
899591,249,2,,,resume
899592,119,2,,,pause
899592,119,2,,,resume
899854,243,2,,,pause
899937,243,2,,,resume
901027,124,2,,,pause
901027,124,2,,,resume
901672,115,1,,,pause
901672,115,1,,,resume
901827,51,1,,,pause
901842,29,2,,,pause
901842,29,2,,,resume
901867,168,2,,,pause
901867,168,2,,,resume
901910,51,1,,,resume
901925,29,2,,,pause
901925,29,2,,,resume
901994,67,1,,,pause
902076,121,2,,,pause
902076,121,2,,,resume
902077,67,1,,,resume
902085,65,1,,,pause
902085,65,1,,,resume
902133,113,2,,,pause
902142,128,1,,,pause
902142,128,1,,,resume
902216,113,2,,,resume
902216,113,2,,,pause
902216,113,2,,,resume
902242,51,1,,,pause
902253,115,1,,,pause
902277,72,1,,,pause
902277,72,1,,,resume
902308,128,1,,,pause
902308,128,1,,,resume
902316,98,2,,,pause
902323,45,2,,,pause
902323,45,2,,,resume
902325,51,1,,,resume
902365,120,2,,,pause
902400,98,2,,,resume
902419,115,1,,,resume
902419,115,1,,,pause
902419,115,1,,,resume
902448,120,2,,,resume
902491,51,1,,,pause
902493,114,1,,,pause
902567,126,2,,,pause
902574,51,1,,,resume
902604,115,2,,,pause
902650,126,2,,,resume
902650,126,2,,,pause
902650,126,2,,,resume
902657,51,1,,,pause
902657,51,1,,,resume
902660,114,1,,,resume
902687,115,2,,,resume
902687,115,2,,,pause
902687,115,2,,,resume
902690,122,2,,,pause
902692,72,1,,,pause
902692,72,1,,,resume
902715,113,2,,,pause
902740,51,1,,,pause
902740,51,1,,,resume
902743,114,1,,,pause
902770,115,2,,,pause
902773,122,2,,,resume
902799,113,2,,,resume
902808,128,1,,,pause
902815,114,2,,,pause
902816,126,2,,,pause
902816,126,2,,,resume
902826,114,1,,,resume
902853,115,2,,,resume
902858,72,1,,,pause
902862,103,1,,,pause
902891,128,1,,,resume
902917,115,1,,,pause
902941,112,2,,,pause
902941,72,1,,,resume
902945,103,1,,,resume
902981,114,2,,,resume
903000,115,1,,,resume
903000,115,1,,,pause
903024,72,1,,,pause
903024,72,1,,,resume
903025,112,2,,,resume
903072,51,1,,,pause
903083,115,1,,,resume
903132,113,2,,,pause
903155,51,1,,,resume
903215,113,2,,,resume
903215,113,2,,,pause
903232,117,2,,,pause
903298,113,2,,,resume
903298,113,2,,,pause
903298,113,2,,,resume
903381,113,2,,,pause
903381,113,2,,,resume
903398,117,2,,,resume
903398,117,2,,,pause
903481,117,2,,,resume
903510,48,1,,,pause
903547,113,2,,,pause
903547,113,2,,,resume
903593,48,1,,,resume
904330,210,2,,,pause
904330,210,2,,,resume
904378,240,2,,,pause
904378,240,2,,,resume
904404,189,2,,,pause
904487,189,2,,,resume
904586,148,2,,,pause
904586,148,2,,,resume
904587,204,2,,,pause
904587,204,2,,,resume
904669,148,2,,,pause
904669,148,2,,,resume
904749,228,2,,,pause
904750,249,2,,,pause
904750,249,2,,,resume
904832,228,2,,,resume
904911,210,2,,,pause
904994,210,2,,,resume
904994,210,2,,,pause
904994,210,2,,,resume
905116,180,1,,,pause
905116,180,1,,,resume
905457,240,2,,,pause
905540,240,2,,,resume
906855,168,2,,,pause
906855,168,2,,,resume
907001,29,2,,,pause
907021,168,2,,,pause
907021,168,2,,,resume
907034,40,2,,,pause
907075,115,1,,,pause
907117,40,2,,,resume
907150,121,2,,,pause
907158,115,1,,,resume
907167,29,2,,,resume
907234,121,2,,,resume
907300,128,1,,,pause
907318,114,1,,,pause
907383,128,1,,,resume
907401,114,1,,,resume
907438,112,2,,,pause
907467,128,1,,,pause
907467,128,1,,,resume
907484,45,2,,,pause
907484,45,2,,,resume
907499,96,1,,,pause
907499,96,1,,,resume
907507,99,2,,,pause
907521,112,2,,,resume
907521,112,2,,,pause
907523,120,2,,,pause
907523,120,2,,,resume
907529,13,2,,,pause
907590,99,2,,,resume
907604,112,2,,,resume
907612,13,2,,,resume
907612,13,2,,,pause
907650,45,2,,,pause
907650,45,2,,,resume
907657,115,1,,,pause
907665,29,2,,,pause
907665,29,2,,,resume
907695,13,2,,,resume
907695,13,2,,,pause
907736,125,2,,,pause
907736,125,2,,,resume
907741,115,1,,,resume
907741,115,1,,,pause
907770,112,2,,,pause
907772,120,2,,,pause
907778,13,2,,,resume
907778,13,2,,,pause
907800,16,2,,,pause
907800,16,2,,,resume
907806,49,2,,,pause
907806,49,2,,,resume
907808,81,2,,,pause
907808,81,2,,,resume
907819,125,2,,,pause
907824,115,1,,,resume
907824,115,1,,,pause
907855,120,2,,,resume
907901,114,1,,,pause
907902,125,2,,,resume
907909,115,1,,,resume
907910,9,2,,,pause
907910,9,2,,,resume
907935,21,2,,,pause
907935,21,2,,,resume
907937,112,2,,,resume
907937,112,2,,,pause
907944,13,2,,,resume
907966,128,1,,,pause
907974,114,2,,,pause
908049,128,1,,,resume
908068,114,1,,,resume
908090,99,2,,,pause
908094,115,2,,,pause
908140,114,2,,,resume
908173,99,2,,,resume
908173,99,2,,,pause
908173,99,2,,,resume
908177,115,2,,,resume
908186,112,2,,,resume
908285,69,1,,,pause
908291,113,2,,,pause
908306,117,2,,,pause
908306,117,2,,,resume
908368,69,1,,,resume
908368,69,1,,,pause
908377,113,2,,,resume
908377,113,2,,,pause
908389,117,2,,,pause
908391,126,2,,,pause
908451,69,1,,,resume
908451,69,1,,,pause
908472,117,2,,,resume
908475,126,2,,,resume
908534,69,1,,,resume
908543,113,2,,,resume
908543,113,2,,,pause
908543,113,2,,,resume
908555,117,2,,,pause
908638,117,2,,,resume
908638,117,2,,,pause
908638,117,2,,,resume
908649,187,2,,,pause
908649,187,2,,,resume
908729,161,1,,,pause
908812,161,1,,,resume
908849,168,2,,,pause
908849,168,2,,,resume
908931,118,1,,,pause
908931,118,1,,,resume
909023,65,2,,,pause
909023,65,2,,,resume
909175,215,2,,,pause
909258,215,2,,,resume
909309,217,2,,,pause
909309,217,2,,,resume
909566,205,2,,,pause
909615,240,2,,,pause
909649,205,2,,,resume
909664,155,1,,,pause
909684,190,2,,,pause
909684,190,2,,,resume
909698,240,2,,,resume
909747,155,1,,,resume
909908,249,2,,,pause
909908,249,2,,,resume
909946,232,1,,,pause
909946,232,1,,,resume
910271,180,1,,,pause
910271,180,1,,,resume
910782,116,1,,,pause
910866,116,1,,,resume
911558,125,2,,,pause
911641,125,2,,,resume
912141,45,2,,,pause
912141,45,2,,,resume
912176,168,2,,,pause
912176,168,2,,,resume
912231,115,1,,,pause
912231,115,1,,,resume
912239,29,2,,,pause
912239,29,2,,,resume
912397,65,1,,,pause
912397,115,1,,,pause
912397,65,1,,,resume
912422,122,2,,,pause
912455,128,1,,,pause
912480,115,1,,,resume
912480,115,1,,,pause
912480,115,1,,,resume
912501,115,2,,,pause
912505,122,2,,,resume
912505,122,2,,,pause
912538,128,1,,,resume
912538,128,1,,,pause
912557,112,1,,,pause
912584,115,2,,,resume
912584,115,2,,,pause
912588,122,2,,,resume
912588,122,2,,,pause
912621,128,1,,,resume
912631,17,2,,,pause
912640,121,2,,,pause
912640,112,1,,,resume
912640,121,2,,,resume
912640,112,1,,,pause
912647,50,2,,,pause
912647,50,2,,,resume
912659,96,1,,,pause
912676,120,2,,,pause
912676,120,2,,,resume
912686,39,2,,,pause
912714,17,2,,,resume
912720,125,2,,,pause
912723,121,2,,,pause
912723,112,1,,,resume
912723,112,1,,,pause
912730,50,2,,,pause
912730,50,2,,,resume
912742,96,1,,,resume
912750,115,2,,,resume
912755,122,2,,,resume
912755,122,2,,,pause
912769,39,2,,,resume
912803,125,2,,,resume
912806,112,1,,,resume
912838,122,2,,,resume
912838,122,2,,,pause
912838,122,2,,,resume
912842,112,2,,,pause
912889,41,2,,,pause
912889,121,2,,,resume
912889,121,2,,,pause
912916,115,2,,,pause
912922,122,2,,,pause
912925,120,2,,,pause
912925,112,2,,,resume
912954,16,2,,,pause
912954,16,2,,,resume
912963,81,2,,,pause
912963,81,2,,,resume
912972,41,2,,,resume
912972,121,2,,,resume
912972,121,2,,,pause
912980,115,1,,,pause
913007,122,2,,,resume
913007,122,2,,,pause
913036,128,1,,,pause
913046,81,2,,,pause
913046,81,2,,,resume
913055,121,2,,,resume
913063,115,1,,,resume
913090,122,2,,,resume
913091,120,2,,,resume
913092,112,2,,,pause
913119,128,1,,,resume
913119,128,1,,,pause
913128,114,2,,,pause
913175,112,2,,,resume
913175,112,2,,,pause
913175,112,2,,,resume
913182,13,2,,,pause
913182,13,2,,,resume
913202,128,1,,,resume
913212,114,2,,,resume
913221,112,1,,,pause
913248,115,2,,,resume
913285,128,1,,,pause
913304,112,1,,,resume
913368,128,1,,,resume
913368,128,1,,,pause
913451,128,1,,,resume
913451,128,1,,,pause
913451,128,1,,,resume
913520,5,2,,,pause
913520,5,2,,,resume
913783,128,1,,,pause
913793,81,2,,,pause
913793,81,2,,,resume
913866,128,1,,,resume
913919,168,2,,,pause
914085,168,2,,,resume
914086,118,1,,,pause
914086,118,1,,,resume
914177,201,2,,,pause
914177,201,2,,,resume
914179,65,2,,,pause
914179,65,2,,,resume
914221,205,2,,,pause
914304,205,2,,,resume
914389,119,2,,,pause
914471,132,1,,,pause
914471,132,1,,,resume
914472,119,2,,,resume
914499,236,1,,,pause
914499,236,1,,,resume
914637,132,1,,,pause
914637,132,1,,,resume
914802,205,2,,,pause
914885,205,2,,,resume
914968,205,2,,,pause
915007,180,1,,,pause
915007,180,1,,,resume
915051,205,2,,,resume
915051,205,2,,,pause
915051,205,2,,,resume
915100,232,1,,,pause
915100,232,1,,,resume
915329,236,1,,,pause
915329,236,1,,,resume
915422,180,1,,,pause
915422,180,1,,,resume
915505,180,1,,,pause
915505,180,1,,,resume
915966,205,2,,,pause
915966,205,2,,,resume
916503,201,2,,,pause
916503,201,2,,,resume
917116,81,2,,,pause
917116,81,2,,,resume
917201,117,2,,,pause
917284,117,2,,,resume
917292,45,2,,,pause
917292,45,2,,,resume
917388,29,2,,,pause
917429,69,1,,,pause
917471,29,2,,,resume
917513,69,1,,,resume
917537,125,2,,,pause
917547,65,1,,,pause
917547,65,1,,,resume
917596,69,1,,,pause
917596,69,1,,,resume
917620,125,2,,,resume
917659,168,2,,,pause
917697,126,2,,,pause
917706,41,2,,,pause
917713,65,1,,,pause
917742,168,2,,,resume
917747,112,2,,,pause
917780,126,2,,,resume
917789,41,2,,,resume
917796,65,1,,,resume
917813,96,1,,,pause
917830,112,2,,,resume
917897,96,1,,,resume
918035,125,2,,,pause
918041,41,2,,,pause
918045,49,2,,,pause
918077,120,2,,,pause
918077,120,2,,,resume
918118,125,2,,,resume
918118,125,2,,,pause
918124,41,2,,,resume
918128,49,2,,,resume
918192,113,2,,,pause
918201,125,2,,,resume
918201,125,2,,,pause
918201,125,2,,,resume
918214,115,1,,,pause
918214,115,1,,,resume
918246,112,2,,,pause
918275,113,2,,,resume
918279,114,2,,,pause
918329,112,2,,,resume
918329,112,2,,,pause
918412,112,2,,,resume
918436,128,1,,,pause
918441,113,2,,,pause
918445,114,2,,,resume
918481,89,2,,,pause
918481,89,2,,,resume
918506,24,1,,,pause
918506,24,1,,,resume
918530,117,2,,,pause
918602,128,1,,,resume
918607,113,2,,,resume
918607,113,2,,,pause
918649,115,2,,,pause
918685,128,1,,,pause
918696,117,2,,,resume
918732,115,2,,,resume
918768,128,1,,,resume
918774,113,2,,,resume
918774,113,2,,,pause
918872,187,2,,,pause
918941,113,2,,,resume
918948,125,2,,,pause
918955,187,2,,,resume
918955,187,2,,,pause
918955,187,2,,,resume
919031,125,2,,,resume
919239,118,1,,,pause
919239,118,1,,,resume
919330,65,2,,,pause
919413,65,2,,,resume
919457,205,2,,,pause
919505,153,2,,,pause
919505,153,2,,,resume
919540,205,2,,,resume
919540,205,2,,,pause
919540,205,2,,,resume
919651,236,1,,,pause
919651,236,1,,,resume
919950,200,2,,,pause
919950,200,2,,,resume
919954,137,2,,,pause
919954,137,2,,,resume
920160,180,1,,,pause
920160,180,1,,,resume
920254,232,1,,,pause
920254,232,1,,,resume
920282,200,2,,,pause
920365,200,2,,,resume
920448,200,2,,,pause
920448,200,2,,,resume
920575,180,1,,,pause
920575,180,1,,,resume
920647,236,1,,,pause
920647,236,1,,,resume
920658,180,1,,,pause
920658,180,1,,,resume
922362,121,2,,,pause
922438,117,2,,,pause
922446,121,2,,,resume
922521,117,2,,,resume
922579,69,1,,,pause
922663,69,1,,,resume
922697,65,1,,,pause
922748,69,1,,,pause
922748,69,1,,,resume
922776,114,1,,,pause
922780,65,1,,,resume
922780,65,1,,,pause
922780,65,1,,,resume
922787,115,1,,,pause
922787,115,1,,,resume
922858,112,1,,,pause
922859,114,1,,,resume
922859,114,1,,,pause
922941,112,1,,,resume
922941,112,1,,,pause
922942,114,1,,,resume
922942,114,1,,,pause
923004,92,2,,,pause
923004,92,2,,,resume
923024,112,1,,,resume
923025,114,1,,,resume
923025,114,1,,,pause
923027,121,2,,,pause
923048,96,1,,,pause
923048,96,1,,,resume
923108,114,1,,,resume
923112,121,2,,,resume
923129,98,1,,,pause
923129,98,1,,,resume
923202,115,1,,,pause
923212,98,1,,,pause
923212,98,1,,,resume
923229,70,1,,,pause
923229,70,1,,,resume
923232,120,2,,,pause
923232,120,2,,,resume
923256,16,2,,,pause
923256,16,2,,,resume
923298,12,2,,,pause
923298,12,2,,,resume
923315,120,2,,,pause
923315,120,2,,,resume
923340,16,2,,,pause
923340,16,2,,,resume
923358,114,1,,,pause
923368,115,1,,,resume
923397,112,2,,,pause
923441,114,1,,,resume
923480,70,1,,,pause
923480,70,1,,,resume
923564,112,2,,,resume
923583,74,1,,,pause
923632,96,1,,,pause
923657,24,1,,,pause
923657,24,1,,,resume
923666,74,1,,,resume
923681,113,2,,,pause
923715,96,1,,,resume
923765,113,2,,,resume
923779,119,2,,,pause
923779,119,2,,,resume
923801,115,2,,,pause
923850,117,2,,,pause
923884,115,2,,,resume
923933,117,2,,,resume
924024,187,2,,,pause
924108,187,2,,,resume
924108,187,2,,,pause
924191,187,2,,,resume
924227,118,1,,,pause
924227,118,1,,,resume
924310,118,1,,,pause
924393,118,1,,,resume
924476,118,1,,,pause
924476,118,1,,,resume
924568,65,2,,,pause
924610,205,2,,,pause
924652,65,2,,,resume
924693,205,2,,,resume
924693,205,2,,,pause
924693,205,2,,,resume
924802,236,1,,,pause
924802,236,1,,,resume
924940,187,2,,,pause
924940,187,2,,,resume
925023,187,2,,,pause
925052,148,2,,,pause
925101,200,2,,,pause
925101,200,2,,,resume
925112,137,2,,,pause
925112,137,2,,,resume
925135,148,2,,,resume
925135,148,2,,,pause
925149,230,2,,,pause
925149,230,2,,,resume
925189,187,2,,,resume
925189,187,2,,,pause
925191,205,2,,,pause
925191,205,2,,,resume
925195,137,2,,,pause
925195,137,2,,,resume
925218,148,2,,,resume
925272,187,2,,,resume
925369,204,2,,,pause
925369,204,2,,,resume
925408,232,1,,,pause
925408,232,1,,,resume
925433,200,2,,,pause
925516,200,2,,,resume
925599,200,2,,,pause
925599,200,2,,,resume
925720,168,2,,,pause
925720,168,2,,,resume
925798,236,1,,,pause
925798,236,1,,,resume
925803,168,2,,,pause
925886,168,2,,,resume
925938,205,2,,,pause
926021,205,2,,,resume
926653,153,2,,,pause
926653,153,2,,,resume
926668,186,1,,,pause
926751,186,1,,,resume
926751,186,1,,,pause
926751,186,1,,,resume
927392,100,1,,,pause
927392,100,1,,,resume
927588,117,2,,,pause
927588,117,2,,,resume
927691,115,1,,,pause
927691,115,1,,,resume
927857,115,1,,,pause
927927,114,1,,,pause
927931,121,2,,,pause
927940,115,1,,,resume
927940,115,1,,,pause
927940,115,1,,,resume
928014,121,2,,,resume
928023,29,2,,,pause
928023,115,1,,,pause
928023,29,2,,,resume
928023,115,1,,,resume
928093,114,1,,,resume
928093,114,1,,,pause
928094,125,2,,,pause
928094,41,2,,,pause
928094,125,2,,,resume
928094,41,2,,,resume
928106,115,1,,,pause
928106,115,1,,,resume
928204,96,1,,,pause
928204,96,1,,,resume
928219,124,2,,,pause
928259,114,1,,,resume
928259,114,1,,,pause
928263,121,2,,,pause
928268,50,2,,,pause
928268,50,2,,,resume
928302,124,2,,,resume
928342,114,1,,,resume
928342,114,1,,,pause
928378,21,2,,,pause
928378,21,2,,,resume
928408,16,2,,,pause
928408,16,2,,,resume
928427,17,2,,,pause
928427,114,1,,,resume
928427,17,2,,,resume
928427,114,1,,,pause
928430,121,2,,,resume
928430,121,2,,,pause
928430,121,2,,,resume
928434,49,2,,,pause
928434,49,2,,,resume
928438,115,1,,,pause
928475,120,2,,,pause
928475,120,2,,,resume
928511,114,1,,,resume
928511,114,1,,,pause
928513,121,2,,,pause
928521,115,1,,,resume
928521,115,1,,,pause
928521,115,1,,,resume
928585,114,2,,,pause
928597,121,2,,,resume
928617,89,2,,,pause
928652,74,1,,,pause
928668,114,2,,,resume
928671,117,2,,,pause
928678,114,1,,,resume
928698,99,2,,,pause
928735,74,1,,,resume
928754,117,2,,,resume
928781,99,2,,,resume
928781,99,2,,,pause
928783,89,2,,,resume
928808,24,1,,,pause
928808,24,1,,,resume
928834,114,2,,,pause
928837,117,2,,,pause
928864,99,2,,,resume
928917,114,2,,,resume
928920,117,2,,,resume
928920,117,2,,,pause
928954,115,2,,,pause
928966,119,2,,,pause
928966,119,2,,,resume
929012,68,1,,,pause
929086,117,2,,,resume
929086,117,2,,,pause
929094,187,2,,,pause
929095,68,1,,,resume
929120,52,1,,,pause
929120,115,2,,,resume
929120,52,1,,,resume
929169,117,2,,,resume
929169,117,2,,,pause
929178,187,2,,,resume
929252,117,2,,,resume
929259,114,1,,,pause
929342,114,1,,,resume
929471,100,1,,,pause
929471,100,1,,,resume
929640,201,2,,,pause
929640,201,2,,,resume
929815,153,2,,,pause
929815,153,2,,,resume
929922,253,1,,,pause
929922,253,1,,,resume
929954,236,1,,,pause
929954,236,1,,,resume
930000,117,2,,,pause
930000,117,2,,,resume
930222,230,2,,,pause
930269,137,2,,,pause
930269,137,2,,,resume
930305,230,2,,,resume
930352,137,2,,,pause
930352,137,2,,,resume
930503,253,1,,,pause
930503,253,1,,,resume
930522,204,2,,,pause
930561,232,1,,,pause
930605,204,2,,,resume
930644,232,1,,,resume
930950,236,1,,,pause
930950,236,1,,,resume
932543,100,1,,,pause
932543,100,1,,,resume
932782,168,2,,,pause
932782,168,2,,,resume
932871,40,2,,,pause
932871,40,2,,,resume
932943,52,1,,,pause
933026,52,1,,,resume
933167,121,2,,,pause
933208,100,1,,,pause
933208,100,1,,,resume
933257,50,2,,,pause
933257,50,2,,,resume
933263,115,1,,,pause
933292,100,1,,,pause
933292,100,1,,,resume
933333,121,2,,,resume
933333,121,2,,,pause
933346,115,1,,,resume
933359,96,1,,,pause
933359,96,1,,,resume
933368,72,1,,,pause
933369,122,2,,,pause
933416,68,1,,,pause
933417,121,2,,,resume
933417,121,2,,,pause
933451,72,1,,,resume
933451,72,1,,,pause
933451,72,1,,,resume
933452,122,2,,,resume
933490,114,2,,,pause
933500,121,2,,,resume
933500,121,2,,,pause
933524,52,1,,,pause
933573,114,2,,,resume
933576,117,2,,,pause
933576,117,2,,,resume
933582,68,1,,,resume
933583,121,2,,,resume
933590,49,2,,,pause
933590,49,2,,,resume
933607,52,1,,,resume
933656,114,2,,,pause
933687,8,1,,,pause
933687,8,1,,,resume
933739,114,2,,,resume
933792,100,1,,,pause
933792,100,1,,,resume
933875,100,1,,,pause
933875,100,1,,,resume
933959,24,1,,,pause
933959,24,1,,,resume
933976,96,2,,,pause
933976,96,2,,,resume
933995,112,1,,,pause
934053,128,1,,,pause
934078,112,1,,,resume
934136,128,1,,,resume
934249,121,2,,,pause
934332,121,2,,,resume
934332,121,2,,,pause
934493,112,1,,,pause
934499,121,2,,,resume
934541,100,1,,,pause
934541,100,1,,,resume
934576,112,1,,,resume
934875,65,2,,,pause
934931,208,1,,,pause
934931,208,1,,,resume
934958,65,2,,,resume
935073,200,2,,,pause
935075,253,1,,,pause
935075,253,1,,,resume
935106,236,1,,,pause
935142,141,2,,,pause
935142,141,2,,,resume
935154,153,1,,,pause
935154,153,1,,,resume
935156,200,2,,,resume
935189,236,1,,,resume
935331,210,2,,,pause
935331,210,2,,,resume
935383,240,2,,,pause
935425,137,2,,,pause
935425,137,2,,,resume
935432,221,2,,,pause
935432,221,2,,,resume
935466,240,2,,,resume
935488,200,2,,,pause
935571,200,2,,,resume
935571,200,2,,,pause
935654,157,2,,,pause
935654,200,2,,,resume
935656,253,1,,,pause
935656,253,1,,,resume
935737,157,2,,,resume
935737,200,2,,,pause
935737,200,2,,,resume
935820,200,2,,,pause
935903,200,2,,,resume
935912,210,2,,,pause
935936,236,1,,,pause
935936,236,1,,,resume
935995,210,2,,,resume
936051,244,2,,,pause
936051,244,2,,,resume
936102,236,1,,,pause
936102,236,1,,,resume
937036,201,2,,,pause
937119,201,2,,,resume
937119,201,2,,,pause
937204,201,2,,,resume
937696,100,1,,,pause
937696,100,1,,,resume
937810,117,2,,,pause
937821,121,2,,,pause
937893,117,2,,,resume
937893,117,2,,,pause
937905,121,2,,,resume
937976,117,2,,,resume
937976,117,2,,,pause
938059,117,2,,,resume
938158,67,1,,,pause
938224,98,2,,,pause
938224,98,2,,,resume
938241,67,1,,,resume
938242,113,2,,,pause
938281,112,2,,,pause
938327,18,2,,,pause
938327,18,2,,,resume
938364,112,2,,,resume
938399,41,2,,,pause
938399,41,2,,,resume
938400,112,1,,,pause
938403,121,2,,,pause
938408,113,2,,,resume
938408,113,2,,,pause
938439,122,2,,,pause
938483,112,1,,,resume
938491,113,2,,,resume
938514,96,1,,,pause
938568,114,1,,,pause
938598,96,1,,,resume
938605,72,1,,,pause
938605,72,1,,,resume
938606,122,2,,,resume
938652,68,1,,,pause
938652,121,2,,,resume
938652,121,2,,,pause
938662,45,2,,,pause
938662,45,2,,,resume
938676,12,2,,,pause
938732,91,2,,,pause
938732,91,2,,,resume
938734,114,1,,,resume
938735,68,1,,,resume
938746,49,2,,,pause
938746,49,2,,,resume
938759,12,2,,,resume
938818,121,2,,,resume
938841,8,1,,,pause
938841,8,1,,,resume
939042,74,1,,,pause
939042,74,1,,,resume
939112,24,1,,,pause
939112,24,1,,,resume
939126,96,2,,,pause
939126,96,2,,,resume
939259,115,2,,,pause
939269,116,2,,,pause
939355,116,2,,,resume
939425,115,2,,,resume
939619,153,2,,,pause
939619,153,2,,,resume
939737,205,2,,,pause
939737,205,2,,,resume
939739,17,2,,,pause
939822,17,2,,,resume
939872,153,2,,,pause
939872,153,2,,,resume
940083,208,1,,,pause
940083,208,1,,,resume
940225,224,1,,,pause
940258,236,1,,,pause
940308,224,1,,,resume
940309,153,1,,,pause
940309,153,1,,,resume
940341,236,1,,,resume
940424,236,1,,,pause
940507,236,1,,,resume
940583,137,2,,,pause
940583,137,2,,,resume
940587,221,2,,,pause
940587,221,2,,,resume
940620,240,2,,,pause
940646,187,2,,,pause
940666,137,2,,,pause
940666,137,2,,,resume
940703,240,2,,,resume
940726,253,1,,,pause
940726,253,1,,,resume
940729,187,2,,,resume
940729,187,2,,,pause
940729,187,2,,,resume
940756,236,1,,,pause
940756,236,1,,,resume
940802,186,1,,,pause
940809,253,1,,,pause
940809,253,1,,,resume
940885,186,1,,,resume
940885,186,1,,,pause
940885,186,1,,,resume
940892,253,1,,,pause
940892,253,1,,,resume
941135,186,1,,,pause
941208,244,2,,,pause
941208,244,2,,,resume
941218,186,1,,,resume
941301,186,1,,,pause
941301,186,1,,,resume
941384,186,1,,,pause
941467,186,1,,,resume
942583,42,2,,,pause
942583,42,2,,,resume
942870,126,2,,,pause
942953,126,2,,,resume
942976,121,2,,,pause
943036,126,2,,,pause
943059,121,2,,,resume
943119,126,2,,,resume
943150,29,2,,,pause
943150,29,2,,,resume
943236,115,1,,,pause
943313,67,1,,,pause
943320,115,1,,,resume
943368,126,2,,,pause
943377,98,2,,,pause
943377,98,2,,,resume
943395,18,2,,,pause
943396,67,1,,,resume
943403,115,1,,,pause
943403,115,1,,,resume
943424,123,1,,,pause
943466,112,1,,,pause
943474,121,2,,,pause
943478,18,2,,,resume
943507,123,1,,,resume
943507,123,1,,,pause
943507,123,1,,,resume
943549,112,1,,,resume
943549,112,1,,,pause
943551,41,2,,,pause
943553,55,1,,,pause
943557,121,2,,,resume
943557,121,2,,,pause
943593,72,1,,,pause
943593,72,1,,,resume
943594,122,2,,,pause
943609,36,2,,,pause
943617,126,2,,,resume
943632,112,1,,,resume
943634,41,2,,,resume
943636,55,1,,,resume
943668,96,1,,,pause
943668,96,1,,,resume
943676,72,1,,,pause
943676,72,1,,,resume
943689,128,1,,,pause
943690,54,1,,,pause
943690,54,1,,,resume
943692,36,2,,,resume
943714,114,2,,,pause
943722,68,1,,,pause
943746,42,2,,,pause
943760,122,2,,,resume
943763,100,1,,,pause
943763,100,1,,,resume
943772,128,1,,,resume
943777,96,2,,,pause
943777,96,2,,,resume
943806,121,2,,,resume
943806,121,2,,,pause
943817,17,2,,,pause
943819,45,2,,,pause
943819,45,2,,,resume
943829,42,2,,,resume
943849,112,2,,,pause
943885,55,1,,,pause
943888,68,1,,,resume
943889,121,2,,,resume
943900,17,2,,,resume
943903,49,2,,,pause
943903,49,2,,,resume
943926,122,2,,,pause
943968,55,1,,,resume
943971,68,1,,,pause
943971,68,1,,,resume
943994,8,1,,,pause
943994,8,1,,,resume
944009,122,2,,,resume
944012,100,1,,,pause
944012,100,1,,,resume
944046,114,2,,,resume
944098,112,2,,,resume
944129,114,2,,,pause
944196,74,1,,,pause
944196,43,1,,,pause
944196,74,1,,,resume
944213,114,2,,,resume
944266,24,1,,,pause
944266,24,1,,,resume
944279,43,1,,,resume
944294,117,2,,,pause
944349,112,2,,,pause
944377,117,2,,,resume
944379,114,2,,,pause
944432,112,2,,,resume
944479,113,2,,,pause
944507,116,2,,,pause
944545,114,2,,,resume
944562,113,2,,,resume
944590,116,2,,,resume
944630,112,1,,,pause
944719,121,2,,,pause
944719,121,2,,,resume
944742,185,2,,,pause
944742,185,2,,,resume
944756,116,2,,,pause
944796,112,1,,,resume
944796,112,1,,,pause
944813,17,2,,,pause
944813,17,2,,,resume
944839,116,2,,,resume
944879,112,1,,,resume
944890,205,2,,,pause
944890,205,2,,,resume
944896,17,2,,,pause
944979,17,2,,,resume
944979,17,2,,,pause
945052,81,2,,,pause
945052,81,2,,,resume
945062,17,2,,,resume
945062,17,2,,,pause
945062,17,2,,,resume
945388,164,2,,,pause
945447,141,2,,,pause
945447,141,2,,,resume
945471,164,2,,,resume
945625,200,2,,,pause
945625,200,2,,,resume
945662,221,2,,,pause
945662,221,2,,,resume
945739,137,2,,,pause
945822,137,2,,,resume
945878,253,1,,,pause
945878,253,1,,,resume
945962,253,1,,,pause
945962,253,1,,,resume
946070,217,2,,,pause
946070,217,2,,,resume
946218,205,2,,,pause
946301,205,2,,,resume
947135,205,2,,,pause
947219,205,2,,,resume
948226,29,2,,,pause
948232,45,2,,,pause
948232,45,2,,,resume
948333,40,2,,,pause
948333,40,2,,,resume
948392,29,2,,,resume
948392,29,2,,,pause
948472,113,2,,,pause
948475,29,2,,,resume
948542,16,2,,,pause
948542,16,2,,,resume
948555,113,2,,,resume
948555,113,2,,,pause
948563,49,1,,,pause
948563,49,1,,,resume
948564,17,2,,,pause
948626,114,1,,,pause
948641,29,2,,,pause
948646,49,1,,,pause
948646,49,1,,,resume
948647,17,2,,,resume
948657,53,1,,,pause
948704,112,2,,,pause
948709,114,1,,,resume
948709,114,1,,,pause
948719,18,2,,,pause
948723,113,2,,,resume
948724,29,2,,,resume
948724,29,2,,,pause
948729,49,1,,,pause
948788,112,2,,,resume
948798,121,2,,,pause
948802,18,2,,,resume
948802,18,2,,,pause
948802,18,2,,,resume
948807,29,2,,,resume
948807,29,2,,,pause
948825,53,1,,,resume
948825,53,1,,,pause
948834,96,1,,,pause
948834,96,1,,,resume
948851,54,1,,,pause
948851,54,1,,,resume
948890,29,2,,,resume
948895,49,1,,,resume
948901,96,2,,,pause
948909,53,1,,,resume
948924,78,1,,,pause
948924,78,1,,,resume
948934,79,2,,,pause
948934,79,2,,,resume
948959,114,1,,,resume
948981,45,2,,,pause
948981,45,2,,,resume
948984,96,2,,,resume
949003,20,2,,,pause
949003,20,2,,,resume
949048,121,2,,,resume
949056,113,2,,,pause
949061,49,1,,,pause
949081,48,1,,,pause
949081,48,1,,,resume
949121,114,2,,,pause
949131,121,2,,,pause
949144,49,1,,,resume
949205,114,2,,,resume
949214,121,2,,,resume
949222,113,2,,,resume
949222,113,2,,,pause
949264,70,1,,,pause
949264,70,1,,,resume
949307,113,2,,,resume
949317,89,2,,,pause
949317,89,2,,,resume
949397,45,2,,,pause
949397,45,2,,,resume
949473,113,2,,,pause
949480,45,2,,,pause
949480,45,2,,,resume
949563,45,2,,,pause
949563,45,2,,,resume
949641,113,2,,,resume
949670,119,2,,,pause
949670,119,2,,,resume
949701,117,2,,,pause
949726,148,1,,,pause
949784,117,2,,,resume
949808,49,1,,,pause
949808,49,1,,,resume
949809,148,1,,,resume
949841,120,2,,,pause
949841,120,2,,,resume
949928,153,2,,,pause
949928,153,2,,,resume
950036,16,2,,,pause
950036,16,2,,,resume
950056,81,2,,,pause
950113,186,1,,,pause
950113,186,1,,,resume
950305,81,2,,,resume
950371,187,2,,,pause
950371,187,2,,,resume
950453,191,1,,,pause
950453,191,1,,,resume
950605,215,2,,,pause
950605,215,2,,,resume
950689,215,2,,,pause
950689,215,2,,,resume
950820,221,2,,,pause
950842,249,1,,,pause
950842,249,1,,,resume
950855,215,2,,,pause
950855,215,2,,,resume
950898,137,2,,,pause
950898,137,2,,,resume
950903,221,2,,,resume
950913,243,2,,,pause
950913,243,2,,,resume
950981,137,2,,,pause
950981,137,2,,,resume
951079,243,2,,,pause
951093,239,1,,,pause
951093,239,1,,,resume
951141,247,2,,,pause
951162,243,2,,,resume
951176,239,1,,,pause
951176,239,1,,,resume
951220,208,1,,,pause
951224,247,2,,,resume
951232,115,2,,,pause
951279,242,2,,,pause
951279,242,2,,,resume
951303,208,1,,,resume
951303,208,1,,,pause
951303,208,1,,,resume
951315,115,2,,,resume
951315,115,2,,,pause
951315,115,2,,,resume
951494,243,2,,,pause
951494,243,2,,,resume
951514,244,2,,,pause
951514,244,2,,,resume
951680,244,2,,,pause
951763,244,2,,,resume
952228,115,2,,,pause
952311,115,2,,,resume
952518,158,2,,,pause
952518,158,2,,,resume
952945,114,2,,,pause
953028,114,2,,,resume
953040,18,2,,,pause
953194,114,2,,,pause
953207,18,2,,,resume
953207,18,2,,,pause
953230,44,1,,,pause
953290,18,2,,,resume
953313,44,1,,,resume
953360,114,2,,,resume
953403,40,2,,,pause
953403,40,2,,,resume
953431,126,2,,,pause
953471,99,2,,,pause
953471,99,2,,,resume
953486,40,2,,,pause
953486,40,2,,,resume
953514,126,2,,,resume
953527,98,2,,,pause
953527,98,2,,,resume
953533,114,1,,,pause
953533,114,1,,,resume
953552,113,2,,,pause
953564,44,1,,,pause
953564,44,1,,,resume
953571,99,1,,,pause
953594,46,2,,,pause
953607,22,2,,,pause
953635,113,2,,,resume
953654,99,1,,,resume
953677,46,2,,,resume
953677,46,2,,,pause
953690,22,2,,,resume
953699,114,1,,,pause
953705,18,2,,,pause
953705,16,2,,,pause
953705,16,2,,,resume
953744,100,1,,,pause
953753,128,1,,,pause
953761,46,2,,,resume
953763,126,2,,,pause
953779,112,2,,,pause
953782,114,1,,,resume
953788,18,2,,,resume
953788,18,2,,,pause
953826,72,1,,,pause
953827,100,1,,,resume
953827,100,1,,,pause
953827,100,1,,,resume
953836,128,1,,,resume
953846,126,2,,,resume
953871,18,2,,,resume
953871,18,2,,,pause
953875,50,2,,,pause
953875,50,2,,,resume
953878,88,2,,,pause
953899,96,2,,,pause
953909,72,1,,,resume
953909,72,1,,,pause
953909,72,1,,,resume
953945,112,2,,,resume
953955,121,2,,,pause
953962,88,2,,,resume
953982,96,2,,,resume
953992,72,1,,,pause
953992,72,1,,,resume
953993,96,1,,,pause
953993,96,1,,,resume
954037,18,2,,,resume
954037,18,2,,,pause
954037,18,2,,,resume
954038,121,2,,,resume
954038,121,2,,,pause
954065,48,1,,,pause
954077,78,1,,,pause
954077,78,1,,,resume
954079,20,2,,,pause
954079,20,2,,,resume
954086,79,2,,,pause
954086,79,2,,,resume
954121,121,2,,,resume
954121,121,2,,,pause
954138,45,2,,,pause
954138,45,2,,,resume
954149,48,1,,,resume
954149,48,1,,,pause
954149,48,1,,,resume
954162,20,2,,,pause
954162,20,2,,,resume
954178,46,2,,,pause
954198,114,1,,,pause
954198,114,1,,,resume
954204,121,2,,,resume
954231,44,1,,,pause
954231,44,1,,,resume
954253,43,2,,,pause
954253,43,2,,,resume
954263,46,2,,,resume
954274,114,2,,,pause
954281,114,1,,,pause
954336,43,2,,,pause
954336,43,2,,,resume
954338,70,1,,,pause
954360,112,2,,,pause
954363,39,1,,,pause
954364,114,1,,,resume
954408,100,1,,,pause
954408,100,1,,,resume
954419,43,2,,,pause
954419,43,2,,,resume
954421,70,1,,,resume
954427,126,2,,,pause
954427,126,2,,,resume
954430,46,2,,,pause
954430,46,2,,,resume
954440,114,2,,,resume
954446,39,1,,,resume
954491,100,1,,,pause
954491,100,1,,,resume
954606,114,2,,,pause
954609,112,2,,,resume
954633,71,1,,,pause
954633,71,1,,,resume
954647,44,1,,,pause
954663,120,2,,,pause
954689,114,2,,,resume
954730,44,1,,,resume
954731,116,2,,,pause
954746,120,2,,,resume
954800,113,2,,,pause
954814,116,2,,,resume
954876,88,2,,,pause
954883,113,2,,,resume
954959,88,2,,,resume
954959,88,2,,,pause
954959,88,2,,,resume
954980,116,2,,,pause
955063,116,2,,,resume
955130,115,1,,,pause
955155,100,1,,,pause
955155,100,1,,,resume
955213,115,1,,,resume
955238,100,1,,,pause
955238,100,1,,,resume
955260,119,1,,,pause
955269,186,1,,,pause
955269,186,1,,,resume
955314,221,2,,,pause
955343,119,1,,,resume
955352,186,1,,,pause
955352,186,1,,,resume
955397,221,2,,,resume
955507,65,2,,,pause
955507,65,2,,,resume
955602,191,1,,,pause
955602,191,1,,,resume
955720,217,2,,,pause
955803,217,2,,,resume
955841,215,2,,,pause
955841,215,2,,,resume
955895,221,2,,,pause
955895,221,2,,,resume
955978,221,2,,,pause
955991,249,1,,,pause
955991,249,1,,,resume
956007,215,2,,,pause
956007,215,2,,,resume
956055,137,2,,,pause
956061,221,2,,,resume
956117,190,1,,,pause
956117,190,1,,,resume
956164,239,1,,,pause
956221,137,2,,,resume
956247,239,1,,,resume
956247,239,1,,,pause
956292,245,2,,,pause
956293,247,2,,,pause
956330,232,1,,,pause
956330,239,1,,,resume
956337,249,2,,,pause
956337,249,2,,,resume
956372,208,1,,,pause
956375,245,2,,,resume
956376,247,2,,,resume
956413,232,1,,,resume
956432,186,1,,,pause
956455,208,1,,,resume
956455,208,1,,,pause
956455,208,1,,,resume
956515,186,1,,,resume
956714,165,2,,,pause
956714,165,2,,,resume
957178,178,1,,,pause
957208,176,1,,,pause
957208,176,1,,,resume
957262,178,1,,,resume
957379,115,2,,,pause
957379,115,2,,,resume
958278,29,2,,,pause
958350,68,1,,,pause
958350,68,1,,,resume
958362,29,2,,,resume
958370,115,1,,,pause
958453,115,1,,,resume
958536,115,1,,,pause
958540,45,2,,,pause
958540,45,2,,,resume
958619,115,1,,,resume
958619,115,1,,,pause
958619,115,1,,,resume
958623,99,2,,,pause
958623,99,2,,,resume
958625,113,2,,,pause
958705,52,1,,,pause
958708,113,2,,,resume
958737,128,1,,,pause
958788,52,1,,,resume
958820,128,1,,,resume
958820,128,1,,,pause
958865,49,1,,,pause
958868,115,1,,,pause
958895,103,1,,,pause
958903,128,1,,,resume
958951,115,1,,,resume
958951,115,1,,,pause
958957,113,2,,,pause
958975,123,1,,,pause
958975,123,1,,,resume
958978,103,1,,,resume
959008,112,1,,,pause
959031,88,2,,,pause
959031,49,1,,,resume
959034,115,1,,,resume
959034,115,1,,,pause
959040,113,2,,,resume
959091,112,1,,,resume
959102,76,1,,,pause
959102,76,1,,,resume
959104,121,2,,,pause
959105,125,2,,,pause
959105,125,2,,,resume
959114,88,2,,,resume
959117,115,1,,,resume
959145,103,1,,,pause
959148,96,1,,,pause
959148,96,1,,,resume
959207,113,2,,,pause
959228,103,1,,,resume
959266,114,1,,,pause
959290,113,2,,,resume
959291,45,2,,,pause
959291,45,2,,,resume
959349,114,1,,,resume
959353,121,2,,,resume
959359,9,2,,,pause
959373,113,2,,,pause
959373,113,2,,,resume
959404,43,2,,,pause
959404,43,2,,,resume
959406,107,2,,,pause
959406,107,2,,,resume
959437,125,2,,,pause
959437,125,2,,,resume
959442,9,2,,,resume
959485,128,1,,,pause
959489,43,2,,,pause
959489,43,2,,,resume
959539,113,2,,,pause
959539,113,2,,,resume
959568,128,1,,,resume
959572,43,2,,,pause
959572,43,2,,,resume
959573,101,2,,,pause
959592,117,2,,,pause
959643,103,1,,,pause
959646,24,1,,,pause
959655,43,2,,,pause
959655,43,2,,,resume
959656,101,2,,,resume
959675,117,2,,,resume
959681,155,1,,,pause
959681,155,1,,,resume
959705,71,1,,,pause
959705,71,1,,,resume
959706,115,2,,,pause
959726,103,1,,,resume
959729,24,1,,,resume
959738,43,2,,,pause
959738,43,2,,,resume
959739,101,2,,,pause
959783,115,1,,,pause
959788,71,1,,,pause
959788,71,1,,,resume
959866,115,1,,,resume
959905,101,2,,,resume
959924,117,2,,,pause
959939,51,1,,,pause
959939,51,1,,,resume
959975,119,2,,,pause
959975,119,2,,,resume
960038,115,2,,,resume
960111,88,2,,,pause
960174,117,2,,,resume
960195,88,2,,,resume
960202,161,1,,,pause
960254,112,1,,,pause
960285,161,1,,,resume
960285,161,1,,,pause
960337,112,1,,,resume
960368,161,1,,,resume
960515,205,2,,,pause
960594,187,2,,,pause
960598,205,2,,,resume
960622,165,2,,,pause
960622,165,2,,,resume
960658,65,2,,,pause
960677,187,2,,,resume
960741,65,2,,,resume
960760,187,2,,,pause
960843,187,2,,,resume
960921,117,2,,,pause
960949,247,2,,,pause
960960,217,2,,,pause
961004,117,2,,,resume
961006,215,2,,,pause
961006,215,2,,,resume
961032,247,2,,,resume
961043,217,2,,,resume
961092,187,2,,,pause
961096,205,2,,,pause
961140,249,1,,,pause
961140,249,1,,,resume
961172,215,2,,,pause
961172,215,2,,,resume
961175,187,2,,,resume
961175,187,2,,,pause
961179,205,2,,,resume
961258,187,2,,,resume
961341,187,2,,,pause
961419,253,1,,,pause
961419,253,1,,,resume
961424,187,2,,,resume
961484,232,1,,,pause
961531,247,2,,,pause
961567,232,1,,,resume
961614,247,2,,,resume
961614,247,2,,,pause
961614,247,2,,,resume
962335,178,1,,,pause
962418,178,1,,,resume
963431,29,2,,,pause
963431,29,2,,,resume
963702,40,2,,,pause
963785,40,2,,,resume
963785,40,2,,,pause
963848,13,1,,,pause
963848,13,1,,,resume
963868,40,2,,,resume
963928,18,2,,,pause
963968,128,1,,,pause
964011,18,2,,,resume
964011,18,2,,,pause
964011,18,2,,,resume
964021,52,1,,,pause
964051,128,1,,,resume
964051,128,1,,,pause
964076,112,1,,,pause
964104,52,1,,,resume
964134,128,1,,,resume
964159,112,1,,,resume
964173,121,2,,,pause
964191,115,2,,,pause
964202,96,2,,,pause
964214,103,1,,,pause
964234,74,1,,,pause
964234,74,1,,,resume
964257,121,2,,,resume
964257,121,2,,,pause
964265,88,2,,,pause
964265,88,2,,,resume
964285,96,2,,,resume
964298,103,1,,,resume
964340,121,2,,,resume
964357,115,2,,,resume
964392,64,1,,,pause
964408,112,1,,,pause
964418,114,1,,,pause
964440,25,2,,,pause
964440,115,2,,,pause
964440,25,2,,,resume
964445,45,2,,,pause
964445,45,2,,,resume
964446,66,1,,,pause
964475,64,1,,,resume
964491,112,1,,,resume
964501,114,1,,,resume
964520,115,1,,,pause
964520,115,1,,,resume
964523,115,2,,,resume
964523,115,2,,,pause
964529,66,1,,,resume
964549,96,1,,,pause
964549,96,1,,,resume
964590,121,2,,,pause
964593,18,2,,,pause
964593,18,2,,,resume
964603,115,1,,,pause
964603,115,1,,,resume
964606,115,2,,,resume
964633,128,1,,,pause
964673,121,2,,,resume
964686,115,1,,,pause
964686,115,1,,,resume
964799,128,1,,,resume
964799,128,1,,,pause
964799,128,1,,,resume
964850,112,2,,,pause
964862,35,1,,,pause
964862,35,1,,,resume
964933,112,2,,,resume
965239,112,1,,,pause
965263,88,2,,,pause
965299,128,1,,,pause
965322,112,1,,,resume
965346,88,2,,,resume
965382,128,1,,,resume
965415,187,2,,,pause
965498,187,2,,,resume
965506,16,2,,,pause
965577,186,1,,,pause
965589,16,2,,,resume
965589,16,2,,,pause
965589,16,2,,,resume
965660,186,1,,,resume
965660,186,1,,,pause
965660,186,1,,,resume
965869,191,1,,,pause
965952,191,1,,,resume
966449,243,2,,,pause
966449,243,2,,,resume
966601,204,2,,,pause
966681,235,1,,,pause
966681,235,1,,,resume
966684,204,2,,,resume
966684,204,2,,,pause
966767,204,2,,,resume
967676,190,1,,,pause
967676,190,1,,,resume
968349,161,1,,,pause
968432,161,1,,,resume
968850,45,2,,,pause
968850,45,2,,,resume
968923,14,2,,,pause
968923,14,2,,,resume
968927,71,1,,,pause
968927,71,1,,,resume
969088,18,2,,,pause
969117,103,1,,,pause
969171,18,2,,,resume
969171,18,2,,,pause
969171,18,2,,,resume
969187,96,2,,,pause
969187,113,2,,,pause
969187,96,2,,,resume
969200,103,1,,,resume
969243,121,2,,,pause
969256,52,1,,,pause
969270,113,2,,,resume
969270,113,2,,,pause
969284,103,1,,,pause
969326,121,2,,,resume
969329,125,2,,,pause
969339,52,1,,,resume
969353,113,2,,,resume
969353,113,2,,,pause
969367,103,1,,,resume
969367,103,1,,,pause
969381,39,2,,,pause
969381,39,2,,,resume
969386,74,1,,,pause
969386,74,1,,,resume
969409,121,2,,,pause
969412,125,2,,,resume
969438,113,2,,,resume
969450,103,1,,,resume
969514,45,2,,,pause
969570,114,1,,,pause
969575,121,2,,,resume
969575,121,2,,,pause
969581,9,2,,,pause
969598,45,2,,,resume
969622,124,2,,,pause
969658,121,2,,,resume
969660,65,1,,,pause
969660,65,1,,,resume
969672,50,1,,,pause
969672,50,1,,,resume
969673,115,1,,,pause
969673,115,1,,,resume
969705,124,2,,,resume
969736,114,1,,,resume
969746,51,1,,,pause
969746,51,1,,,resume
969752,18,2,,,pause
969752,18,2,,,resume
969759,89,2,,,pause
969830,9,2,,,resume
969830,9,2,,,pause
969842,89,2,,,resume
969842,89,2,,,pause
969868,128,1,,,pause
969868,128,1,,,resume
969910,65,1,,,pause
969913,9,2,,,resume
969914,97,2,,,pause
969914,97,2,,,resume
969925,115,2,,,pause
969925,89,2,,,resume
969930,35,1,,,pause
969993,65,1,,,resume
970006,71,1,,,pause
970006,71,1,,,resume
970008,89,2,,,pause
970013,45,2,,,pause
970013,35,1,,,resume
970013,45,2,,,resume
970087,112,2,,,pause
970091,89,2,,,resume
970170,112,2,,,resume
970170,112,2,,,pause
970170,112,2,,,resume
970181,45,2,,,pause
970181,45,2,,,resume
970246,51,1,,,pause
970246,51,1,,,resume
970260,115,2,,,resume
970260,115,2,,,pause
970343,115,2,,,resume
970343,115,2,,,pause
970416,88,2,,,pause
970426,115,2,,,resume
970499,88,2,,,resume
970530,120,2,,,pause
970598,151,1,,,pause
970598,151,1,,,resume
970613,120,2,,,resume
970814,186,1,,,pause
970814,186,1,,,resume
970898,186,1,,,pause
970981,186,1,,,resume
970981,186,1,,,pause
970993,155,1,,,pause
970993,155,1,,,resume
971005,115,1,,,pause
971021,191,1,,,pause
971064,186,1,,,resume
971088,115,1,,,resume
971088,115,1,,,pause
971088,115,1,,,resume
971104,191,1,,,resume
971171,115,1,,,pause
971171,115,1,,,resume
971634,243,2,,,pause
971634,243,2,,,resume
971698,221,2,,,pause
971698,221,2,,,resume
971855,217,2,,,pause
971855,217,2,,,resume
972108,252,2,,,pause
972108,252,2,,,resume
972667,176,1,,,pause
972667,176,1,,,resume
973938,103,1,,,pause
973938,103,1,,,resume
974010,44,1,,,pause
974010,44,1,,,resume
974021,103,1,,,pause
974076,14,2,,,pause
974076,14,2,,,resume
974082,71,1,,,pause
974082,71,1,,,resume
974105,103,1,,,resume
974153,13,1,,,pause
974153,13,1,,,resume
974184,99,1,,,pause
974199,54,2,,,pause
974199,54,2,,,resume
974236,13,1,,,pause
974236,13,1,,,resume
974244,18,2,,,pause
974267,99,1,,,resume
974267,99,1,,,pause
974272,128,1,,,pause
974326,52,1,,,pause
974327,18,2,,,resume
974342,96,2,,,pause
974342,44,1,,,pause
974342,96,2,,,resume
974342,44,1,,,resume
974350,99,1,,,resume
974355,103,1,,,pause
974355,128,1,,,resume
974365,54,2,,,pause
974365,54,2,,,resume
974399,121,2,,,pause
974399,121,2,,,resume
974409,52,1,,,resume
974409,52,1,,,pause
974438,103,1,,,resume
974452,39,2,,,pause
974452,39,2,,,resume
974492,52,1,,,resume
974492,52,1,,,pause
974505,45,2,,,pause
974505,45,2,,,resume
974515,113,2,,,pause
974541,74,1,,,pause
974541,74,1,,,resume
974587,33,2,,,pause
974598,113,2,,,resume
974599,99,1,,,pause
974601,72,1,,,pause
974610,96,1,,,pause
974610,96,1,,,resume
974656,61,2,,,pause
974656,61,2,,,resume
974658,52,1,,,resume
974661,25,2,,,pause
974661,25,2,,,resume
974664,115,2,,,pause
974664,115,2,,,resume
974670,33,2,,,resume
974670,33,2,,,pause
974682,99,1,,,resume
974684,72,1,,,resume
974714,64,1,,,pause
974721,114,2,,,pause
974744,25,2,,,pause
974744,25,2,,,resume
974747,115,2,,,pause
974753,33,2,,,resume
974804,114,2,,,resume
974809,114,1,,,pause
974830,115,2,,,resume
974831,115,1,,,pause
974831,115,1,,,resume
974853,128,1,,,pause
974863,54,2,,,pause
974863,54,2,,,resume
974880,64,1,,,resume
974908,18,2,,,pause
974908,18,2,,,resume
974913,115,2,,,pause
974936,128,1,,,resume
974946,54,2,,,pause
974946,54,2,,,resume
974975,114,1,,,resume
974996,115,2,,,resume
974996,115,2,,,pause
975019,128,1,,,pause
975019,128,1,,,resume
975079,115,2,,,resume
975104,92,2,,,pause
975104,92,2,,,resume
975146,65,1,,,pause
975146,65,1,,,resume
975161,71,1,,,pause
975161,71,1,,,resume
975171,35,1,,,pause
975242,112,2,,,pause
975254,35,1,,,resume
975254,35,1,,,pause
975254,35,1,,,resume
975269,128,1,,,pause
975312,65,1,,,pause
975325,112,2,,,resume
975352,128,1,,,resume
975385,114,2,,,pause
975385,114,2,,,resume
975386,117,2,,,pause
975395,65,1,,,resume
975400,51,1,,,pause
975403,88,2,,,pause
975468,114,2,,,pause
975468,114,2,,,resume
975469,117,2,,,resume
975483,51,1,,,resume
975486,88,2,,,resume
975545,112,1,,,pause
975628,112,1,,,resume
975628,112,1,,,pause
975680,120,2,,,pause
975680,120,2,,,resume
975711,112,1,,,resume
975829,113,1,,,pause
975829,113,1,,,resume
976057,210,2,,,pause
976109,221,2,,,pause
976132,114,2,,,pause
976140,210,2,,,resume
976159,115,1,,,pause
976215,114,2,,,resume
976242,115,1,,,resume
976242,115,1,,,pause
976242,115,1,,,resume
976265,137,2,,,pause
976265,137,2,,,resume
976275,221,2,,,resume
976275,221,2,,,pause
976275,221,2,,,resume
976325,115,1,,,pause
976325,115,1,,,resume
976372,141,2,,,pause
976372,158,2,,,pause
976455,141,2,,,resume
976455,158,2,,,resume
976620,243,2,,,pause
976620,243,2,,,resume
976721,205,2,,,pause
976758,113,2,,,pause
976773,221,2,,,pause
976786,243,2,,,pause
976786,243,2,,,resume
976842,113,2,,,resume
976842,113,2,,,pause
976842,113,2,,,resume
976856,221,2,,,resume
976876,253,1,,,pause
976887,205,2,,,resume
976911,212,1,,,pause
976911,212,1,,,resume
976959,253,1,,,resume
977011,217,2,,,pause
977011,217,2,,,resume
977263,252,2,,,pause
977276,244,2,,,pause
977276,244,2,,,resume
977340,113,2,,,pause
977346,252,2,,,resume
977423,113,2,,,resume
977442,244,2,,,pause
977525,244,2,,,resume
977674,113,2,,,pause
977674,113,2,,,resume
977683,124,2,,,pause
977704,158,2,,,pause
977766,124,2,,,resume
977787,158,2,,,resume
978943,39,2,,,pause
978943,39,2,,,resume
979223,13,1,,,pause
979234,14,2,,,pause
979234,14,2,,,resume
979306,13,1,,,resume
979389,13,1,,,pause
979389,13,1,,,resume
979399,115,1,,,pause
979399,115,1,,,resume
979492,96,2,,,pause
979492,96,2,,,resume
979494,44,1,,,pause
979494,44,1,,,resume
979778,74,1,,,pause
979778,74,1,,,resume
979826,44,1,,,pause
979826,44,1,,,resume
979834,78,1,,,pause
979897,113,1,,,pause
979897,113,1,,,resume
979917,78,1,,,resume
979917,78,1,,,pause
979917,78,1,,,resume
979924,92,2,,,pause
979924,92,2,,,resume
979980,115,1,,,pause
979980,115,1,,,resume
980143,18,2,,,pause
980143,18,2,,,resume
980210,114,1,,,pause
980262,92,2,,,pause
980293,114,1,,,resume
980345,92,2,,,resume
980379,35,1,,,pause
980379,35,1,,,resume
980397,112,2,,,pause
980419,3,1,,,pause
980419,3,1,,,resume
980439,101,2,,,pause
980480,112,2,,,resume
980522,101,2,,,resume
980541,186,1,,,pause
980553,88,2,,,pause
980624,186,1,,,resume
980628,35,1,,,pause
980628,35,1,,,resume
980639,88,2,,,resume
980639,88,2,,,pause
980722,88,2,,,resume
980814,190,1,,,pause
980897,190,1,,,resume
980897,190,1,,,pause
980897,190,1,,,resume
980900,161,1,,,pause
980900,161,1,,,resume
980983,113,1,,,pause
980983,113,1,,,resume
981209,210,2,,,pause
981292,210,2,,,resume
981292,210,2,,,pause
981292,210,2,,,resume
981311,115,1,,,pause
981383,155,1,,,pause
981383,155,1,,,resume
981394,115,1,,,resume
981394,115,1,,,pause
981394,115,1,,,resume
981459,210,2,,,pause
981459,210,2,,,resume
981477,115,1,,,pause
981560,115,1,,,resume
981611,141,2,,,pause
981694,141,2,,,resume
981721,235,1,,,pause
981721,235,1,,,resume
981772,243,2,,,pause
981772,243,2,,,resume
981781,190,2,,,pause
981864,190,2,,,resume
981933,240,2,,,pause
981933,240,2,,,resume
981957,210,2,,,pause
982123,210,2,,,resume
982177,221,2,,,pause
982215,206,2,,,pause
982260,221,2,,,resume
982298,206,2,,,resume
982486,188,1,,,pause
982569,188,1,,,resume
982569,188,1,,,pause
982652,188,1,,,resume
982761,244,2,,,pause
982761,244,2,,,resume
982973,176,1,,,pause
982973,176,1,,,resume
983425,201,2,,,pause
983425,201,2,,,resume
984097,39,2,,,pause
984097,39,2,,,resume
984122,121,2,,,pause
984152,45,2,,,pause
984205,121,2,,,resume
984235,45,2,,,resume
984245,113,2,,,pause
984290,125,2,,,pause
984328,113,2,,,resume
984373,125,2,,,resume
984646,96,2,,,pause
984646,96,2,,,resume
984705,121,2,,,pause
984720,115,1,,,pause
984762,39,2,,,pause
984789,121,2,,,resume
984803,115,1,,,resume
984828,113,2,,,pause
984845,39,2,,,resume
984845,39,2,,,pause
984845,39,2,,,resume
984887,99,2,,,pause
984889,49,1,,,pause
984911,113,2,,,resume
984919,96,1,,,pause
984919,96,1,,,resume
984920,13,2,,,pause
984932,74,1,,,pause
984932,74,1,,,resume
984970,99,2,,,resume
985003,13,2,,,resume
985003,13,2,,,pause
985015,23,2,,,pause
985015,23,2,,,resume
985027,114,2,,,pause
985053,40,2,,,pause
985053,40,2,,,resume
985055,113,1,,,pause
985055,49,1,,,resume
985055,113,1,,,resume
985070,78,1,,,pause
985070,78,1,,,resume
985071,128,1,,,pause
985077,113,2,,,pause
985077,113,2,,,resume
985086,13,2,,,resume
985086,13,2,,,pause
985092,69,1,,,pause
985110,114,2,,,resume
985154,128,1,,,resume
985154,128,1,,,pause
985158,100,1,,,pause
985169,13,2,,,resume
985175,69,1,,,resume
985205,65,1,,,pause
985210,125,2,,,pause
985241,100,1,,,resume
985288,65,1,,,resume
985293,125,2,,,resume
985294,18,2,,,pause
985321,128,1,,,resume
985377,18,2,,,resume
985383,115,2,,,pause
985421,43,2,,,pause
985421,43,2,,,resume
985467,115,2,,,resume
985467,115,2,,,pause
985550,112,2,,,pause
985587,43,2,,,pause
985587,43,2,,,resume
985599,112,1,,,pause
985633,115,2,,,resume
985633,112,2,,,resume
985633,115,2,,,pause
985633,112,2,,,pause
985682,112,1,,,resume
985682,112,1,,,pause
985682,112,1,,,resume
985706,88,2,,,pause
985716,115,2,,,resume
985716,112,2,,,resume
985716,115,2,,,pause
985799,115,2,,,resume
985819,128,1,,,pause
985872,88,2,,,resume
986055,161,1,,,pause
986064,151,1,,,pause
986064,151,1,,,resume
986068,128,1,,,resume
986138,161,1,,,resume
986147,151,1,,,pause
986147,151,1,,,resume
986151,128,1,,,pause
986234,128,1,,,resume
986377,160,1,,,pause
986377,160,1,,,resume
986381,168,2,,,pause
986381,168,2,,,resume
986464,168,2,,,pause
986473,188,1,,,pause
986547,168,2,,,resume
986556,188,1,,,resume
986556,188,1,,,pause
986591,200,2,,,pause
986591,200,2,,,resume
986722,188,1,,,resume
986802,203,2,,,pause
986802,203,2,,,resume
986894,151,1,,,pause
986894,151,1,,,resume
986923,200,2,,,pause
986923,200,2,,,resume
986924,243,2,,,pause
986924,243,2,,,resume
987049,190,1,,,pause
987087,240,2,,,pause
987132,190,1,,,resume
987170,240,2,,,resume
987311,180,1,,,pause
987381,190,1,,,pause
987394,180,1,,,resume
987399,184,1,,,pause
987399,184,1,,,resume
987464,190,1,,,resume
987668,240,2,,,pause
987668,240,2,,,resume
987671,200,2,,,pause
987671,200,2,,,resume
987709,168,2,,,pause
987709,168,2,,,resume
987912,244,2,,,pause
987912,244,2,,,resume
988865,121,2,,,pause
988948,121,2,,,resume
989019,114,2,,,pause
989102,114,2,,,resume
989123,18,2,,,pause
989201,125,2,,,pause
989201,125,2,,,resume
989206,18,2,,,resume
989250,201,2,,,pause
989250,201,2,,,resume
989268,114,2,,,pause
989313,45,2,,,pause
989352,114,2,,,resume
989352,114,2,,,pause
989435,114,2,,,resume
989435,114,2,,,pause
989435,114,2,,,resume
989450,125,2,,,pause
989479,45,2,,,resume
989533,125,2,,,resume
989545,99,2,,,pause
989545,99,2,,,resume
989547,14,2,,,pause
989547,14,2,,,resume
989601,114,2,,,pause
989684,114,2,,,resume
989704,18,2,,,pause
989704,114,1,,,pause
989711,115,1,,,pause
989712,99,2,,,pause
989712,99,2,,,resume
989736,113,2,,,pause
989787,18,2,,,resume
989787,18,2,,,pause
989787,18,2,,,resume
989794,115,1,,,resume
989804,96,2,,,pause
989819,113,2,,,resume
989819,113,2,,,pause
989833,76,2,,,pause
989833,76,2,,,resume
989870,114,1,,,resume
989870,18,2,,,pause
989870,114,1,,,pause
989870,114,1,,,resume
989878,112,2,,,pause
989887,96,2,,,resume
989902,113,2,,,resume
989902,113,2,,,pause
989953,18,2,,,resume
989998,36,2,,,pause
989998,36,2,,,resume
990016,114,2,,,pause
990044,99,2,,,pause
990044,112,2,,,resume
990071,113,2,,,resume
990071,113,2,,,pause
990071,113,2,,,resume
990099,114,2,,,resume
990099,114,2,,,pause
990099,114,2,,,resume
990117,65,1,,,pause
990118,61,2,,,pause
990118,61,2,,,resume
990126,125,2,,,pause
990127,99,2,,,resume
990144,45,2,,,pause
990154,113,2,,,pause
990154,113,2,,,resume
990200,65,1,,,resume
990203,114,1,,,pause
990205,115,2,,,pause
990209,125,2,,,resume
990213,40,2,,,pause
990213,50,1,,,pause
990213,40,2,,,resume
990213,50,1,,,resume
990228,45,2,,,resume
990284,61,2,,,pause
990284,61,2,,,resume
990288,115,2,,,resume
990294,115,1,,,pause
990296,50,1,,,pause
990296,50,1,,,resume
990320,113,2,,,pause
990321,54,2,,,pause
990321,54,2,,,resume
990368,18,2,,,pause
990371,114,1,,,resume
990375,125,2,,,pause
990377,115,1,,,resume
990377,115,1,,,pause
990398,12,2,,,pause
990398,12,2,,,resume
990419,69,1,,,pause
990434,114,2,,,pause
990451,18,2,,,resume
990451,18,2,,,pause
990458,125,2,,,resume
990460,115,1,,,resume
990479,66,1,,,pause
990479,66,1,,,resume
990482,12,2,,,pause
990482,12,2,,,resume
990502,69,1,,,resume
990517,114,2,,,resume
990534,18,2,,,resume
990534,18,2,,,pause
990534,18,2,,,resume
990628,112,2,,,pause
990655,113,2,,,resume
990655,113,2,,,pause
990696,35,1,,,pause
990696,35,1,,,resume
990711,112,2,,,resume
990740,113,2,,,resume
990740,113,2,,,pause
990742,153,2,,,pause
990742,153,2,,,resume
990794,112,2,,,pause
990823,113,2,,,resume
990823,113,2,,,pause
990823,113,2,,,resume
990877,112,2,,,resume
990945,35,1,,,pause
990945,35,1,,,resume
990952,168,2,,,pause
991033,88,2,,,pause
991035,168,2,,,resume
991116,88,2,,,resume
991129,172,2,,,pause
991155,113,2,,,pause
991155,113,2,,,resume
991212,172,2,,,resume
991321,113,2,,,pause
991386,151,1,,,pause
991386,151,1,,,resume
991406,113,2,,,resume
991478,120,2,,,pause
991478,120,2,,,resume
991624,115,1,,,pause
991624,115,1,,,resume
991875,203,2,,,pause
991875,203,2,,,resume
991985,244,2,,,pause
992052,151,1,,,pause
992052,151,1,,,resume
992068,244,2,,,resume
992075,243,2,,,pause
992107,235,1,,,pause
992158,243,2,,,resume
992190,235,1,,,resume
992273,235,1,,,pause
992273,235,1,,,resume
992552,184,1,,,pause
992552,184,1,,,resume
992656,240,2,,,pause
992656,240,2,,,resume
992771,235,1,,,pause
992771,235,1,,,resume
992822,240,2,,,pause
992824,200,2,,,pause
992824,200,2,,,resume
992905,240,2,,,resume
992983,244,2,,,pause
993066,244,2,,,resume
993587,127,2,,,pause
993670,127,2,,,resume
993903,124,2,,,pause
993986,124,2,,,resume
994588,64,2,,,pause
994588,64,2,,,resume
994591,114,2,,,pause
994591,114,2,,,resume
994612,125,2,,,pause
994612,125,2,,,resume
994618,115,1,,,pause
994663,96,1,,,pause
994663,96,1,,,resume
994698,99,2,,,pause
994781,99,2,,,resume
994865,99,2,,,pause
994865,99,2,,,resume
994950,115,1,,,resume
994965,96,2,,,pause
995001,127,2,,,pause
995007,55,1,,,pause
995048,96,2,,,resume
995090,55,1,,,resume
995109,114,1,,,pause
995120,49,1,,,pause
995120,49,1,,,resume
995166,74,1,,,pause
995166,74,1,,,resume
995167,127,2,,,resume
995172,114,2,,,pause
995172,114,2,,,resume
995185,52,1,,,pause
995189,98,1,,,pause
995189,98,1,,,resume
995192,114,1,,,resume
995199,99,2,,,pause
995204,125,2,,,pause
995214,96,2,,,pause
995249,74,1,,,pause
995268,52,1,,,resume
995269,65,1,,,pause
995282,99,2,,,resume
995283,115,1,,,pause
995288,49,1,,,pause
995288,49,1,,,resume
995297,96,2,,,resume
995308,40,2,,,pause
995308,40,2,,,resume
995316,54,1,,,pause
995316,54,1,,,resume
995332,23,2,,,pause
995332,74,1,,,resume
995332,23,2,,,resume
995353,65,1,,,resume
995355,98,1,,,pause
995357,68,2,,,pause
995357,68,2,,,resume
995367,115,1,,,resume
995367,115,1,,,pause
995370,125,2,,,resume
995380,78,1,,,pause
995380,96,2,,,pause
995380,78,1,,,resume
995383,128,1,,,pause
995383,128,1,,,resume
995397,124,2,,,pause
995398,113,2,,,pause
995398,113,2,,,resume
995421,114,2,,,pause
995438,98,1,,,resume
995450,112,2,,,pause
995463,96,2,,,resume
995466,128,1,,,pause
995466,128,1,,,resume
995471,100,1,,,pause
995480,124,2,,,resume
995480,124,2,,,pause
995481,113,2,,,pause
995498,74,1,,,pause
995498,74,1,,,resume
995504,114,2,,,resume
995504,114,2,,,pause
995504,114,2,,,resume
995525,51,1,,,pause
995525,51,1,,,resume
995533,115,1,,,resume
995533,112,2,,,resume
995554,100,1,,,resume
995563,124,2,,,resume
995563,124,2,,,pause
995564,113,2,,,resume
995581,74,1,,,pause
995581,74,1,,,resume
995616,115,1,,,pause
995646,124,2,,,resume
995646,124,2,,,pause
995646,124,2,,,resume
995699,115,1,,,resume
995740,69,1,,,pause
995747,74,1,,,pause
995747,74,1,,,resume
995772,88,2,,,pause
995823,69,1,,,resume
995830,74,1,,,pause
995855,88,2,,,resume
995856,35,1,,,pause
995856,35,1,,,resume
995865,112,2,,,pause
995913,74,1,,,resume
995913,74,1,,,pause
995913,74,1,,,resume
995948,115,1,,,pause
995948,112,2,,,resume
995948,115,1,,,resume
995972,3,1,,,pause
995972,3,1,,,resume
995993,116,1,,,pause
995996,74,1,,,pause
995996,74,1,,,resume
996004,44,2,,,pause
996021,88,2,,,pause
996031,115,1,,,pause
996031,115,1,,,resume
996076,116,1,,,resume
996087,44,2,,,resume
996105,35,1,,,pause
996105,35,1,,,resume
996270,88,2,,,resume
996300,172,2,,,pause
996383,172,2,,,resume
996383,172,2,,,pause
996383,172,2,,,resume
996436,68,2,,,pause
996436,68,2,,,resume
996447,190,1,,,pause
996472,16,2,,,pause
996472,16,2,,,resume
996530,190,1,,,resume
996546,120,2,,,pause
996546,120,2,,,resume
996711,128,1,,,pause
996794,128,1,,,resume
996794,128,1,,,pause
996794,128,1,,,resume
996813,200,2,,,pause
996896,200,2,,,resume
996896,200,2,,,pause
996896,200,2,,,resume
997031,203,2,,,pause
997031,203,2,,,resume
997221,244,2,,,pause
997221,244,2,,,resume
997224,243,2,,,pause
997228,200,2,,,pause
997228,200,2,,,resume
997390,243,2,,,resume
997534,180,1,,,pause
997617,180,1,,,resume
997687,115,2,,,pause
997770,115,2,,,resume
997975,200,2,,,pause
997975,200,2,,,resume
998058,240,2,,,pause
998058,240,2,,,resume
998141,240,2,,,pause
998141,240,2,,,resume
998486,23,2,,,pause
998486,23,2,,,resume
999161,114,2,,,pause
999244,114,2,,,resume
999758,98,1,,,pause
999841,98,1,,,resume
999930,115,2,,,pause
1000013,115,2,,,resume
1000032,78,1,,,pause
1000032,78,1,,,resume
1000043,66,1,,,pause
1000043,66,1,,,resume
1000143,112,1,,,pause
1000159,114,2,,,pause
1000177,114,1,,,pause
1000177,114,1,,,resume
1000226,112,1,,,resume
1000242,114,2,,,resume
1000242,114,2,,,pause
1000325,114,2,,,resume
1000331,20,2,,,pause
1000331,20,2,,,resume
1000336,65,1,,,pause
1000419,65,1,,,resume
1000422,98,1,,,pause
1000436,49,1,,,pause
1000439,112,2,,,pause
1000468,54,1,,,pause
1000468,54,1,,,resume
1000505,98,1,,,resume
1000512,115,2,,,pause
1000520,49,1,,,resume
1000522,112,2,,,resume
1000530,78,1,,,pause
1000530,78,1,,,resume
1000595,115,2,,,resume
1000613,78,1,,,pause
1000613,78,1,,,resume
1000617,128,1,,,pause
1000700,128,1,,,resume
1000893,69,1,,,pause
1000906,114,2,,,pause
1000906,114,2,,,resume
1000977,69,1,,,resume
1001187,49,1,,,pause
1001187,49,1,,,resume
1001259,35,1,,,pause
1001259,35,1,,,resume
1001472,112,1,,,pause
1001556,112,1,,,resume
1001601,190,1,,,pause
1001684,190,1,,,resume
1001765,115,1,,,pause
1001765,115,1,,,resume
1001967,232,1,,,pause
1001967,232,1,,,resume
1002047,200,2,,,pause
1002130,200,2,,,resume
1002186,203,2,,,pause
1002186,203,2,,,resume
1002372,244,2,,,pause
1002372,244,2,,,resume
1002380,200,2,,,pause
1002463,200,2,,,resume
1002853,184,1,,,pause
1002853,184,1,,,resume
1003085,168,2,,,pause
1003127,200,2,,,pause
1003127,200,2,,,resume
1003168,168,2,,,resume
1003212,240,2,,,pause
1003212,240,2,,,resume
1003295,240,2,,,pause
1003295,240,2,,,resume
1003639,23,2,,,pause
1003639,23,2,,,resume
1004232,114,2,,,pause
1004232,114,2,,,resume
1004315,114,2,,,pause
1004398,114,2,,,resume
1004917,25,2,,,pause
1004917,25,2,,,resume
1004925,115,1,,,pause
1005174,115,1,,,resume
1005174,115,1,,,pause
1005174,115,1,,,resume
1005184,78,1,,,pause
1005184,78,1,,,resume
1005246,114,1,,,pause
1005246,114,1,,,resume
1005312,114,2,,,pause
1005329,114,1,,,pause
1005395,114,2,,,resume
1005412,114,1,,,resume
1005447,100,1,,,pause
1005447,100,1,,,resume
1005484,20,2,,,pause
1005484,20,2,,,resume
1005505,76,1,,,pause
1005541,18,2,,,pause
1005541,18,2,,,resume
1005550,96,1,,,pause
1005550,96,1,,,resume
1005588,76,1,,,resume
1005589,115,1,,,pause
1005589,115,1,,,resume
1005591,112,2,,,pause
1005609,40,2,,,pause
1005621,54,1,,,pause
1005621,54,1,,,resume
1005624,18,2,,,pause
1005624,18,2,,,resume
1005628,113,2,,,pause
1005628,113,2,,,resume
1005673,115,1,,,pause
1005674,112,2,,,resume
1005676,125,2,,,pause
1005682,78,1,,,pause
1005682,78,1,,,resume
1005692,40,2,,,resume
1005704,124,2,,,pause
1005711,113,2,,,pause
1005745,114,1,,,pause
1005756,115,1,,,resume
1005759,125,2,,,resume
1005763,2,1,,,pause
1005763,2,1,,,resume
1005765,78,1,,,pause
1005779,100,1,,,pause
1005788,124,2,,,resume
1005794,113,2,,,resume
1005794,113,2,,,pause
1005799,96,1,,,pause
1005799,96,1,,,resume
1005828,114,1,,,resume
1005829,51,1,,,pause
1005829,51,1,,,resume
1005842,125,2,,,pause
1005848,78,1,,,resume
1005848,78,1,,,pause
1005848,78,1,,,resume
1005862,100,1,,,resume
1005925,125,2,,,resume
1005960,113,2,,,resume
1005960,113,2,,,pause
1006127,113,2,,,resume
1006135,101,2,,,pause
1006135,101,2,,,resume
1006165,35,1,,,pause
1006165,35,1,,,resume
1006211,113,2,,,pause
1006248,35,1,,,pause
1006248,35,1,,,resume
1006294,113,2,,,resume
1006294,113,2,,,pause
1006294,113,2,,,resume
1006369,54,1,,,pause
1006369,54,1,,,resume
1006408,168,2,,,pause
1006416,35,1,,,pause
1006416,35,1,,,resume
1006491,88,2,,,pause
1006513,128,1,,,pause
1006574,168,2,,,resume
1006574,88,2,,,resume
1006597,128,1,,,resume
1006626,113,2,,,pause
1006658,38,1,,,pause
1006709,113,2,,,resume
1006741,38,1,,,resume
1006976,157,2,,,pause
1007032,209,2,,,pause
1007060,157,2,,,resume
1007115,209,2,,,resume
1007258,180,1,,,pause
1007258,180,1,,,resume
1007342,203,2,,,pause
1007342,203,2,,,resume
1007525,244,2,,,pause
1007525,244,2,,,resume
1007563,235,1,,,pause
1007646,235,1,,,resume
1007757,180,1,,,pause
1007924,180,1,,,resume
1007946,200,2,,,pause
1007946,200,2,,,resume
1008004,184,1,,,pause
1008007,180,1,,,pause
1008021,211,2,,,pause
1008021,211,2,,,resume
1008087,184,1,,,resume
1008090,180,1,,,resume
1008366,240,2,,,pause
1008366,240,2,,,resume
1008449,240,2,,,pause
1008449,240,2,,,resume
1009485,114,1,,,pause
1009568,114,1,,,resume
1009568,114,1,,,pause
1009651,114,1,,,resume
1009802,114,2,,,pause
1009885,114,2,,,resume
1010173,154,2,,,pause
1010232,114,1,,,pause
1010233,115,2,,,pause
1010258,154,2,,,resume
1010315,114,1,,,resume
1010315,114,1,,,pause
1010316,115,2,,,resume
1010398,114,1,,,resume
1010435,102,1,,,pause
1010435,102,1,,,resume
1010481,114,1,,,pause
1010547,127,2,,,pause
1010549,114,2,,,pause
1010564,114,1,,,resume
1010610,124,2,,,pause
1010630,127,2,,,resume
1010632,114,2,,,resume
1010635,20,2,,,pause
1010635,20,2,,,resume
1010689,54,1,,,pause
1010689,54,1,,,resume
1010693,124,2,,,resume
1010693,124,2,,,pause
1010744,125,2,,,pause
1010746,112,2,,,pause
1010772,54,1,,,pause
1010772,54,1,,,resume
1010780,125,2,,,resume
1010796,127,2,,,pause
1010807,98,1,,,pause
1010809,64,1,,,pause
1010815,115,2,,,pause
1010829,112,2,,,resume
1010879,127,2,,,resume
1010890,98,1,,,resume
1010892,64,1,,,resume
1010898,115,2,,,resume
1010899,114,1,,,pause
1010910,2,1,,,pause
1010914,27,1,,,pause
1010914,27,1,,,resume
1010916,128,1,,,pause
1010942,124,2,,,resume
1010982,114,1,,,resume
1010993,2,1,,,resume
1010993,2,1,,,pause
1010999,128,1,,,resume
1011038,41,2,,,pause
1011076,2,1,,,resume
1011106,43,2,,,pause
1011106,43,2,,,resume
1011121,41,2,,,resume
1011190,43,2,,,pause
1011190,43,2,,,resume
1011201,113,2,,,pause
1011201,113,2,,,resume
1011207,101,2,,,pause
1011228,88,2,,,pause
1011228,88,2,,,resume
1011242,115,1,,,pause
1011273,43,2,,,pause
1011273,43,2,,,resume
1011285,113,2,,,pause
1011285,113,2,,,resume
1011291,101,2,,,resume
1011291,101,2,,,pause
1011291,101,2,,,resume
1011325,115,1,,,resume
1011364,69,1,,,pause
1011379,114,2,,,pause
1011447,69,1,,,resume
1011477,88,2,,,pause
1011535,21,2,,,pause
1011536,21,2,,,resume
1011545,114,2,,,resume
1011561,168,2,,,pause
1011594,164,2,,,pause
1011594,164,2,,,resume
1011619,21,2,,,pause
1011619,21,2,,,resume
1011644,88,2,,,resume
1011644,88,2,,,pause
1011727,88,2,,,resume
1011728,168,2,,,resume
1011778,112,1,,,pause
1011861,112,1,,,resume
1011985,155,1,,,pause
1012049,141,2,,,pause
1012068,155,1,,,resume
1012132,141,2,,,resume
1012518,253,2,,,pause
1012518,253,2,,,resume
1012541,221,2,,,pause
1012601,253,2,,,pause
1012624,221,2,,,resume
1012624,221,2,,,pause
1012624,221,2,,,resume
1012684,253,2,,,resume
1012932,202,2,,,pause
1012932,202,2,,,resume
1012933,200,2,,,pause
1012933,200,2,,,resume
1013016,253,2,,,pause
1013099,253,2,,,resume
1013729,114,1,,,pause
1013812,114,1,,,resume
1013945,23,2,,,pause
1013945,23,2,,,resume
1014817,125,2,,,pause
1014900,125,2,,,resume
1014900,125,2,,,pause
1014983,125,2,,,resume
1014983,125,2,,,pause
1014983,125,2,,,resume
1015066,125,2,,,pause
1015149,125,2,,,resume
1015315,125,2,,,pause
1015398,125,2,,,resume
1015398,125,2,,,pause
1015398,125,2,,,resume
1015481,125,2,,,pause
1015481,125,2,,,resume
1015512,13,2,,,pause
1015558,114,1,,,pause
1015570,128,1,,,pause
1015570,128,1,,,resume
1015589,102,1,,,pause
1015589,102,1,,,resume
1015595,13,2,,,resume
1015647,125,2,,,pause
1015647,125,2,,,resume
1015649,115,1,,,pause
1015649,115,1,,,resume
1015666,99,1,,,pause
1015713,93,2,,,pause
1015713,93,2,,,resume
1015736,128,1,,,pause
1015736,128,1,,,resume
1015749,99,1,,,resume
1015753,103,1,,,pause
1015753,103,1,,,resume
1015770,9,1,,,pause
1015770,9,1,,,resume
1015777,113,2,,,pause
1015787,127,2,,,pause
1015787,127,2,,,resume
1015804,115,2,,,pause
1015804,115,2,,,resume
1015807,114,1,,,resume
1015819,128,1,,,pause
1015902,128,1,,,resume
1015902,128,1,,,pause
1015926,54,1,,,pause
1015926,54,1,,,resume
1015931,124,2,,,pause
1015940,18,2,,,pause
1015940,18,2,,,resume
1015943,113,2,,,resume
1015943,113,2,,,pause
1015943,113,2,,,resume
1015985,128,1,,,resume
1016014,124,2,,,resume
1016053,115,2,,,pause
1016053,115,2,,,resume
1016056,114,1,,,pause
1016065,125,2,,,pause
1016065,125,2,,,resume
1016067,27,1,,,pause
1016067,27,1,,,resume
1016151,128,1,,,pause
1016151,128,1,,,resume
1016222,114,1,,,resume
1016222,114,1,,,pause
1016222,114,1,,,resume
1016234,128,1,,,pause
1016234,128,1,,,resume
1016262,43,2,,,pause
1016262,43,2,,,resume
1016273,41,2,,,pause
1016345,43,2,,,pause
1016345,43,2,,,resume
1016356,41,2,,,resume
1016405,119,1,,,pause
1016405,119,1,,,resume
1016428,43,2,,,pause
1016428,43,2,,,resume
1016470,155,1,,,pause
1016553,155,1,,,resume
1016713,168,2,,,pause
1016796,168,2,,,resume
1016819,21,2,,,pause
1016819,21,2,,,resume
1017220,155,1,,,pause
1017303,155,1,,,resume
1017493,211,2,,,pause
1017493,211,2,,,resume
1017576,211,2,,,pause
1017576,211,2,,,resume
1017654,203,2,,,pause
1017654,203,2,,,resume
1017674,209,1,,,pause
1017674,209,1,,,resume
1017703,141,2,,,pause
1017757,209,1,,,pause
1017757,209,1,,,resume
1017773,189,2,,,pause
1017786,141,2,,,resume
1017830,244,2,,,pause
1017856,189,2,,,resume
1017869,141,2,,,pause
1017869,141,2,,,resume
1017913,244,2,,,resume
1018006,161,2,,,pause
1018006,161,2,,,resume
1018084,200,2,,,pause
1018167,200,2,,,resume
1018240,211,2,,,pause
1018240,211,2,,,resume
1018323,211,2,,,pause
1018406,211,2,,,resume
1018420,252,2,,,pause
1018503,252,2,,,resume
1018586,252,2,,,pause
1018586,252,2,,,resume
1018665,200,2,,,pause
1018748,200,2,,,resume
1018756,240,2,,,pause
1018756,240,2,,,resume
1018760,165,2,,,pause
1018760,165,2,,,resume
1018975,180,1,,,pause
1018975,180,1,,,resume
1019097,23,2,,,pause
1019097,23,2,,,resume
1019750,124,2,,,pause
1019833,124,2,,,resume
1019969,115,1,,,pause
1020053,115,1,,,resume
1020053,115,1,,,pause
1020136,115,1,,,resume
1020533,13,1,,,pause
1020533,13,1,,,resume
1020541,115,2,,,pause
1020624,115,2,,,resume
1020634,115,1,,,pause
1020639,78,1,,,pause
1020639,78,1,,,resume
1020655,123,2,,,pause
1020662,35,2,,,pause
1020662,35,2,,,resume
1020738,123,2,,,resume
1020738,123,2,,,pause
1020739,103,1,,,pause
1020790,115,2,,,pause
1020800,115,1,,,resume
1020804,128,1,,,pause
1020804,128,1,,,resume
1020822,103,1,,,resume
1020866,93,2,,,pause
1020866,93,2,,,resume
1020887,128,1,,,pause
1020904,123,2,,,resume
1020905,103,1,,,pause
1020924,9,1,,,pause
1020924,9,1,,,resume
1020934,113,2,,,pause
1020939,18,2,,,pause
1020956,115,2,,,resume
1020971,112,2,,,pause
1020973,49,1,,,pause
1020988,103,1,,,resume
1021022,18,2,,,resume
1021022,18,2,,,pause
1021026,52,1,,,pause
1021039,115,2,,,pause
1021044,99,2,,,pause
1021044,99,2,,,resume
1021053,128,1,,,resume
1021053,128,1,,,pause
1021054,112,2,,,resume
1021056,49,1,,,resume
1021072,103,1,,,pause
1021072,103,1,,,resume
1021101,113,2,,,resume
1021105,18,2,,,resume
1021110,52,1,,,resume
1021122,115,2,,,resume
1021122,115,2,,,pause
1021136,128,1,,,resume
1021136,128,1,,,pause
1021144,40,2,,,pause
1021144,40,2,,,resume
1021153,123,2,,,pause
1021166,67,1,,,pause
1021166,67,1,,,resume
1021198,13,1,,,pause
1021198,13,1,,,resume
1021199,22,2,,,pause
1021205,115,2,,,resume
1021227,40,2,,,pause
1021227,40,2,,,resume
1021236,123,2,,,resume
1021249,67,1,,,pause
1021249,67,1,,,resume
1021278,61,2,,,pause
1021278,61,2,,,resume
1021282,22,2,,,resume
1021282,22,2,,,pause
1021302,128,1,,,resume
1021302,128,1,,,pause
1021303,78,1,,,pause
1021303,78,1,,,resume
1021341,39,1,,,pause
1021341,39,1,,,resume
1021385,128,1,,,resume
1021415,43,2,,,pause
1021415,67,1,,,pause
1021415,43,2,,,resume
1021415,67,1,,,resume
1021448,22,2,,,resume
1021455,97,2,,,pause
1021455,97,2,,,resume
1021498,43,2,,,pause
1021498,43,2,,,resume
1021507,39,1,,,pause
1021507,39,1,,,resume
1021532,88,2,,,pause
1021538,97,2,,,pause
1021538,97,2,,,resume
1021581,43,2,,,pause
1021581,43,2,,,resume
1021598,101,2,,,pause
1021615,88,2,,,resume
1021666,153,2,,,pause
1021666,153,2,,,resume
1021681,101,2,,,resume
1021685,171,2,,,pause
1021685,171,2,,,resume
1021717,128,1,,,pause
1021717,128,1,,,resume
1021782,88,2,,,pause
1021866,88,2,,,resume
1021866,88,2,,,pause
1021890,119,1,,,pause
1021949,88,2,,,resume
1021949,88,2,,,pause
1021971,21,2,,,pause
1021971,21,2,,,resume
1021973,119,1,,,resume
1022020,171,2,,,pause
1022032,88,2,,,resume
1022103,171,2,,,resume
1022139,119,1,,,pause
1022139,119,1,,,resume
1022186,171,2,,,pause
1022186,171,2,,,resume
1022262,29,2,,,pause
1022271,171,2,,,pause
1022271,171,2,,,resume
1022292,155,1,,,pause
1022345,29,2,,,resume
1022361,141,2,,,pause
1022361,141,2,,,resume
1022375,155,1,,,resume
1022375,155,1,,,pause
1022375,155,1,,,resume
1022444,141,2,,,pause
1022444,141,2,,,resume
1022461,184,1,,,pause
1022520,235,1,,,pause
1022544,184,1,,,resume
1022603,235,1,,,resume
1022610,141,2,,,pause
1022610,141,2,,,resume
1022625,246,2,,,pause
1022625,246,2,,,resume
1022678,158,2,,,pause
1022727,166,2,,,pause
1022727,166,2,,,resume
1022756,209,2,,,pause
1022761,158,2,,,resume
1022761,158,2,,,pause
1022761,158,2,,,resume
1022823,209,1,,,pause
1022823,209,1,,,resume
1022839,209,2,,,resume
1022844,158,2,,,pause
1022844,158,2,,,resume
1022880,237,1,,,pause
1022880,237,1,,,resume
1022896,151,1,,,pause
1022906,209,1,,,pause
1022906,209,1,,,resume
1022933,187,2,,,pause
1022933,187,2,,,resume
1022979,151,1,,,resume
1022982,244,2,,,pause
1023020,161,2,,,pause
1023025,141,2,,,pause
1023065,244,2,,,resume
1023099,187,2,,,pause
1023101,235,1,,,pause
1023103,161,2,,,resume
1023178,219,1,,,pause
1023181,201,1,,,pause
1023182,187,2,,,resume
1023184,235,1,,,resume
1023191,141,2,,,resume
1023227,202,2,,,pause
1023227,202,2,,,resume
1023261,219,1,,,resume
1023264,201,1,,,resume
1023347,205,2,,,pause
1023347,205,2,,,resume
1023375,184,1,,,pause
1023458,184,1,,,resume
1023485,200,2,,,pause
1023568,200,2,,,resume
1023609,168,2,,,pause
1023624,184,1,,,pause
1023660,150,2,,,pause
1023707,184,1,,,resume
1023743,150,2,,,resume
1023775,168,2,,,resume
1023910,240,2,,,pause
1023913,165,2,,,pause
1023913,165,2,,,resume
1023993,240,2,,,resume
1024391,185,2,,,pause
1024391,185,2,,,resume
1024880,116,2,,,pause
1024880,116,2,,,resume
1024963,116,2,,,pause
1025046,116,2,,,resume
1025349,70,1,,,pause
1025349,70,1,,,resume
1025442,105,1,,,pause
1025442,105,1,,,resume
1025508,41,2,,,pause
1025591,41,2,,,resume
1025687,13,1,,,pause
1025687,13,1,,,resume
1025773,22,2,,,pause
1025791,78,1,,,pause
1025791,78,1,,,resume
1025856,22,2,,,resume
1025860,97,2,,,pause
1025860,97,2,,,resume
1025871,115,1,,,pause
1025897,102,1,,,pause
1025897,102,1,,,resume
1025935,93,2,,,pause
1025935,93,2,,,resume
1025955,115,1,,,resume
1026018,93,2,,,pause
1026030,114,1,,,pause
1026079,9,1,,,pause
1026079,9,1,,,resume
1026091,113,2,,,pause
1026091,113,2,,,resume
1026101,93,2,,,resume
1026109,97,2,,,pause
1026109,97,2,,,resume
1026113,114,1,,,resume
1026113,114,1,,,pause
1026128,49,1,,,pause
1026149,124,2,,,pause
1026172,18,2,,,pause
1026174,113,2,,,pause
1026178,52,1,,,pause
1026178,52,1,,,resume
1026211,49,1,,,resume
1026226,103,1,,,pause
1026226,103,1,,,resume
1026235,112,1,,,pause
1026255,18,2,,,resume
1026255,18,2,,,pause
1026257,113,2,,,resume
1026279,114,1,,,resume
1026294,40,2,,,pause
1026294,49,1,,,pause
1026294,40,2,,,resume
1026318,112,1,,,resume
1026338,18,2,,,resume
1026351,13,1,,,pause
1026351,13,1,,,resume
1026377,49,1,,,resume
1026399,124,2,,,resume
1026405,67,1,,,pause
1026405,67,1,,,resume
1026431,61,2,,,pause
1026431,61,2,,,resume
1026489,42,2,,,pause
1026506,114,2,,,pause
1026507,114,2,,,resume
1026524,97,2,,,pause
1026524,97,2,,,resume
1026567,66,1,,,pause
1026567,66,1,,,resume
1026607,97,2,,,pause
1026607,97,2,,,resume
1026627,39,1,,,pause
1026627,39,1,,,resume
1026653,43,2,,,pause
1026653,43,2,,,resume
1026655,42,2,,,resume
1026751,101,2,,,pause
1026777,155,1,,,pause
1026835,101,2,,,resume
1026840,114,2,,,pause
1026860,155,1,,,resume
1026952,115,1,,,pause
1027006,114,2,,,resume
1027006,114,2,,,pause
1027006,114,2,,,resume
1027201,115,1,,,resume
1027295,119,1,,,pause
1027295,119,1,,,resume
1027830,209,2,,,pause
1027832,158,2,,,pause
1027832,158,2,,,resume
1027834,137,2,,,pause
1027883,166,2,,,pause
1027883,166,2,,,resume
1027917,137,2,,,resume
1027972,209,1,,,pause
1027972,209,1,,,resume
1027996,209,2,,,resume
1028034,237,1,,,pause
1028034,237,1,,,resume
1028055,209,1,,,pause
1028055,209,1,,,resume
1028079,189,2,,,pause
1028088,187,2,,,pause
1028162,189,2,,,resume
1028175,161,2,,,pause
1028217,244,2,,,pause
1028258,157,2,,,pause
1028258,161,2,,,resume
1028258,161,2,,,pause
1028258,161,2,,,resume
1028280,246,2,,,pause
1028300,244,2,,,resume
1028317,243,2,,,pause
1028337,187,2,,,resume
1028341,157,2,,,resume
1028341,157,2,,,pause
1028363,246,2,,,resume
1028363,246,2,,,pause
1028363,246,2,,,resume
1028374,202,2,,,pause
1028374,202,2,,,resume
1028424,157,2,,,resume
1028483,243,2,,,resume
1028483,243,2,,,pause
1028532,237,1,,,pause
1028532,237,1,,,resume
1028566,243,2,,,resume
1028609,155,1,,,pause
1028609,155,1,,,resume
1028637,200,2,,,pause
1028637,200,2,,,resume
1028761,168,2,,,pause
1028927,168,2,,,resume
1028981,243,2,,,pause
1028981,243,2,,,resume
1029545,185,2,,,pause
1029545,185,2,,,resume
1029918,41,2,,,pause
1030001,41,2,,,resume
1030512,70,1,,,pause
1030512,70,1,,,resume
1030667,41,2,,,pause
1030673,96,1,,,pause
1030750,41,2,,,resume
1030750,41,2,,,pause
1030756,96,1,,,resume
1030778,115,1,,,pause
1030833,41,2,,,resume
1030871,49,1,,,pause
1030871,49,1,,,resume
1030944,115,1,,,resume
1030950,78,1,,,pause
1030950,78,1,,,resume
1030982,67,1,,,pause
1030982,67,1,,,resume
1031023,125,2,,,pause
1031035,112,2,,,pause
1031036,44,1,,,pause
1031052,17,2,,,pause
1031052,17,2,,,resume
1031065,67,1,,,pause
1031065,67,1,,,resume
1031081,113,2,,,pause
1031106,125,2,,,resume
1031119,112,2,,,resume
1031119,44,1,,,resume
1031119,44,1,,,pause
1031122,49,1,,,pause
1031164,113,2,,,resume
1031166,41,2,,,pause
1031177,70,1,,,pause
1031203,44,1,,,resume
1031203,44,1,,,pause
1031203,44,1,,,resume
1031206,49,1,,,resume
1031207,96,2,,,pause
1031207,96,2,,,resume
1031223,45,1,,,pause
1031223,45,1,,,resume
1031248,29,2,,,pause
1031248,113,2,,,pause
1031254,96,1,,,pause
1031260,70,1,,,resume
1031282,78,1,,,pause
1031286,112,2,,,pause
1031300,103,1,,,pause
1031300,103,1,,,resume
1031308,13,2,,,pause
1031320,65,1,,,pause
1031320,65,1,,,resume
1031331,29,2,,,resume
1031332,52,1,,,pause
1031333,113,2,,,resume
1031337,96,1,,,resume
1031365,78,1,,,resume
1031369,112,2,,,resume
1031388,112,1,,,pause
1031392,112,1,,,resume
1031393,13,2,,,resume
1031399,67,1,,,pause
1031399,67,1,,,resume
1031415,41,2,,,resume
1031416,113,2,,,pause
1031417,52,1,,,resume
1031438,125,2,,,pause
1031438,125,2,,,resume
1031448,78,1,,,pause
1031455,40,2,,,pause
1031482,67,1,,,pause
1031482,67,1,,,resume
1031499,113,2,,,resume
1031504,61,2,,,pause
1031528,128,1,,,pause
1031532,78,1,,,resume
1031532,78,1,,,pause
1031538,40,2,,,resume
1031565,67,1,,,pause
1031565,67,1,,,resume
1031587,61,2,,,resume
1031611,128,1,,,resume
1031611,128,1,,,pause
1031611,128,1,,,resume
1031663,114,2,,,pause
1031663,114,2,,,resume
1031683,97,2,,,pause
1031683,97,2,,,resume
1031698,78,1,,,resume
1031698,78,1,,,pause
1031698,78,1,,,resume
1031731,66,1,,,pause
1031731,67,1,,,pause
1031731,66,1,,,resume
1031731,67,1,,,resume
1031747,101,2,,,pause
1031781,78,1,,,pause
1031790,39,1,,,pause
1031790,39,1,,,resume
1031814,67,1,,,pause
1031814,67,1,,,resume
1031830,101,2,,,resume
1031830,101,2,,,pause
1031850,89,2,,,pause
1031864,78,1,,,resume
1031865,116,2,,,pause
1031913,101,2,,,resume
1031913,101,2,,,pause
1031933,89,2,,,resume
1031933,89,2,,,pause
1031933,89,2,,,resume
1031948,116,2,,,resume
1031948,116,2,,,pause
1031995,157,2,,,pause
1031996,101,2,,,resume
1032016,89,2,,,pause
1032016,89,2,,,resume
1032031,116,2,,,resume
1032078,157,2,,,resume
1032133,118,1,,,pause
1032133,118,1,,,resume
1032161,157,2,,,pause
1032246,157,2,,,resume
1032261,88,2,,,pause
1032281,116,2,,,pause
1032299,118,1,,,pause
1032299,118,1,,,resume
1032344,88,2,,,resume
1032364,116,2,,,resume
1032558,155,1,,,pause
1032558,155,1,,,resume
1032955,207,2,,,pause
1032955,207,2,,,resume
1032989,235,1,,,pause
1033072,235,1,,,resume
1033122,209,1,,,pause
1033122,209,1,,,resume
1033188,237,1,,,pause
1033188,237,1,,,resume
1033199,119,2,,,pause
1033199,119,2,,,resume
1033205,209,1,,,pause
1033208,200,2,,,pause
1033220,224,2,,,pause
1033253,221,2,,,pause
1033253,221,2,,,resume
1033282,119,2,,,pause
1033282,119,2,,,resume
1033288,209,1,,,resume
1033288,209,1,,,pause
1033288,209,1,,,resume
1033291,200,2,,,resume
1033291,200,2,,,pause
1033303,224,2,,,resume
1033375,200,2,,,resume
1033453,244,2,,,pause
1033454,209,1,,,pause
1033537,244,2,,,resume
1033537,209,1,,,resume
1033636,253,1,,,pause
1033636,253,1,,,resume
1033790,200,2,,,pause
1033873,200,2,,,resume
1033952,244,2,,,pause
1034035,244,2,,,resume
1035140,124,2,,,pause
1035223,124,2,,,resume
1035223,124,2,,,pause
1035306,124,2,,,resume
1035448,123,2,,,pause
1035531,123,2,,,resume
1035737,41,2,,,pause
1035802,43,1,,,pause
1035802,43,1,,,resume
1035820,41,2,,,resume
1036026,112,2,,,pause
1036102,115,1,,,pause
1036102,115,1,,,resume
1036109,112,2,,,resume
1036116,48,1,,,pause
1036116,48,1,,,resume
1036123,103,1,,,pause
1036167,93,2,,,pause
1036192,112,2,,,pause
1036200,48,1,,,pause
1036200,48,1,,,resume
1036206,103,1,,,resume
1036222,17,2,,,pause
1036222,17,2,,,resume
1036246,113,2,,,pause
1036246,113,2,,,resume
1036250,93,2,,,resume
1036275,112,2,,,resume
1036275,112,2,,,pause
1036282,96,2,,,pause
1036309,60,2,,,pause
1036309,60,2,,,resume
1036329,113,2,,,pause
1036329,113,2,,,resume
1036358,112,2,,,resume
1036365,96,2,,,resume
1036365,96,2,,,pause
1036365,96,2,,,resume
1036425,114,1,,,pause
1036432,20,2,,,pause
1036432,20,2,,,resume
1036441,56,2,,,pause
1036441,56,2,,,resume
1036455,103,1,,,pause
1036455,103,1,,,resume
1036491,75,2,,,pause
1036491,75,2,,,resume
1036508,114,1,,,resume
1036574,75,2,,,pause
1036574,75,2,,,resume
1036591,114,1,,,pause
1036651,18,2,,,pause
1036651,18,2,,,resume
1036661,96,1,,,pause
1036674,114,1,,,resume
1036734,18,2,,,pause
1036744,96,1,,,resume
1036806,111,2,,,pause
1036806,111,2,,,resume
1036817,18,2,,,resume
1036818,114,2,,,pause
1036818,114,2,,,resume
1036889,66,1,,,pause
1036889,66,1,,,resume
1036910,113,2,,,pause
1036910,113,2,,,resume
1036966,43,2,,,pause
1036966,43,2,,,resume
1037105,112,2,,,pause
1037150,114,2,,,pause
1037151,101,2,,,pause
1037190,112,2,,,resume
1037234,101,2,,,resume
1037316,114,2,,,resume
1037316,114,2,,,pause
1037316,114,2,,,resume
1037348,115,1,,,pause
1037431,115,1,,,resume
1037483,114,2,,,pause
1037483,114,2,,,resume
1037630,155,1,,,pause
1037630,155,1,,,resume
1037861,207,2,,,pause
1037861,207,2,,,resume
1037944,207,2,,,pause
1037944,207,2,,,resume
1038027,207,2,,,pause
1038110,207,2,,,resume
1038163,65,2,,,pause
1038163,65,2,,,resume
1038280,215,2,,,pause
1038280,215,2,,,resume
1038294,245,2,,,pause
1038294,245,2,,,resume
1038307,158,2,,,pause
1038307,158,2,,,resume
1038328,221,2,,,pause
1038342,237,1,,,pause
1038342,237,1,,,resume
1038377,245,2,,,pause
1038377,245,2,,,resume
1038395,209,2,,,pause
1038395,209,2,,,resume
1038411,221,2,,,resume
1038411,221,2,,,pause
1038411,221,2,,,resume
1038476,165,2,,,pause
1038495,229,2,,,pause
1038542,224,2,,,pause
1038559,165,2,,,resume
1038578,229,2,,,resume
1038625,224,2,,,resume
1038671,202,2,,,pause
1038671,202,2,,,resume
1038840,237,1,,,pause
1038840,237,1,,,resume
1039015,247,2,,,pause
1039015,247,2,,,resume
1039295,17,2,,,pause
1039295,17,2,,,resume
1039352,244,2,,,pause
1039435,244,2,,,resume
1040209,124,2,,,pause
1040292,124,2,,,resume
1040292,124,2,,,pause
1040458,124,2,,,resume
1040515,123,2,,,pause
1040580,51,1,,,pause
1040580,51,1,,,resume
1040598,123,2,,,resume
1040598,123,2,,,pause
1040681,123,2,,,resume
1040681,123,2,,,pause
1040700,169,2,,,pause
1040764,123,2,,,resume
1040783,169,2,,,resume
1040791,124,2,,,pause
1040827,36,2,,,pause
1040847,56,2,,,pause
1040847,56,2,,,resume
1040874,124,2,,,resume
1040874,124,2,,,pause
1040876,42,2,,,pause
1040882,8,2,,,pause
1040882,8,2,,,resume
1040911,36,2,,,resume
1040951,43,1,,,pause
1040951,43,1,,,resume
1040957,124,2,,,resume
1040959,42,2,,,resume
1040959,42,2,,,pause
1041013,56,2,,,pause
1041013,56,2,,,resume
1041043,42,2,,,resume
1041072,125,2,,,pause
1041087,20,2,,,pause
1041087,20,2,,,resume
1041097,20,2,,,pause
1041155,125,2,,,resume
1041172,115,1,,,pause
1041191,103,1,,,pause
1041204,20,2,,,resume
1041204,20,2,,,pause
1041204,20,2,,,resume
1041236,113,2,,,pause
1041236,113,2,,,resume
1041245,22,2,,,pause
1041255,115,1,,,resume
1041255,115,1,,,pause
1041264,112,2,,,pause
1041268,48,1,,,pause
1041268,48,1,,,resume
1041274,103,1,,,resume
1041287,20,2,,,pause
1041297,8,2,,,pause
1041297,8,2,,,resume
1041319,93,2,,,pause
1041319,113,2,,,pause
1041324,66,1,,,pause
1041324,66,1,,,resume
1041326,97,2,,,pause
1041326,97,2,,,resume
1041328,22,2,,,resume
1041328,22,2,,,pause
1041331,68,2,,,pause
1041331,68,2,,,resume
1041348,56,2,,,pause
1041351,48,1,,,pause
1041351,48,1,,,resume
1041370,20,2,,,resume
1041371,17,2,,,pause
1041371,17,2,,,resume
1041380,60,2,,,pause
1041399,70,1,,,pause
1041403,115,2,,,pause
1041412,22,2,,,resume
1041421,115,1,,,resume
1041430,112,2,,,resume
1041430,112,2,,,pause
1041432,96,2,,,pause
1041459,42,2,,,pause
1041463,60,2,,,resume
1041463,60,2,,,pause
1041463,60,2,,,resume
1041469,41,2,,,pause
1041473,114,2,,,pause
1041483,70,1,,,resume
1041486,93,2,,,resume
1041486,115,2,,,resume
1041512,123,2,,,pause
1041513,112,2,,,resume
1041513,112,2,,,pause
1041515,96,2,,,resume
1041536,20,2,,,pause
1041538,124,2,,,pause
1041542,42,2,,,resume
1041544,69,1,,,pause
1041552,39,2,,,pause
1041552,41,2,,,resume
1041552,39,2,,,resume
1041556,114,2,,,resume
1041568,113,2,,,resume
1041575,97,2,,,pause
1041576,114,1,,,pause
1041577,36,2,,,pause
1041577,36,2,,,resume
1041595,123,2,,,resume
1041595,123,2,,,pause
1041596,112,2,,,resume
1041596,112,2,,,pause
1041597,56,2,,,resume
1041606,71,1,,,pause
1041606,71,1,,,resume
1041614,1,2,,,pause
1041614,122,2,,,pause
1041614,1,2,,,resume
1041614,122,2,,,resume
1041619,20,2,,,resume
1041619,20,2,,,pause
1041619,20,2,,,resume
1041624,21,2,,,pause
1041627,69,1,,,resume
1041630,8,2,,,pause
1041630,8,2,,,resume
1041641,75,2,,,pause
1041641,75,2,,,resume
1041658,97,2,,,resume
1041661,36,2,,,pause
1041661,36,2,,,resume
1041662,51,1,,,pause
1041678,123,2,,,resume
1041679,112,2,,,resume
1041679,112,2,,,pause
1041697,122,2,,,pause
1041697,122,2,,,resume
1041707,21,2,,,resume
1041713,8,2,,,pause
1041713,8,2,,,resume
1041725,75,2,,,pause
1041725,75,2,,,resume
1041735,115,2,,,pause
1041742,114,1,,,resume
1041744,36,2,,,pause
1041744,36,2,,,resume
1041745,51,1,,,resume
1041745,51,1,,,pause
1041787,124,2,,,resume
1041803,18,2,,,pause
1041817,121,2,,,pause
1041817,121,2,,,resume
1041818,115,2,,,resume
1041818,115,2,,,pause
1041828,51,1,,,resume
1041838,69,2,,,pause
1041838,69,2,,,resume
1041854,100,1,,,pause
1041901,115,2,,,resume
1041914,128,1,,,pause
1041920,40,1,,,pause
1041920,40,1,,,resume
1041921,69,2,,,pause
1041921,69,2,,,resume
1041928,112,2,,,resume
1041928,112,2,,,pause
1041937,100,1,,,resume
1041968,41,2,,,pause
1041969,18,2,,,resume
1041997,128,1,,,resume
1042011,112,2,,,resume
1042017,39,1,,,pause
1042021,178,1,,,pause
1042021,178,1,,,resume
1042051,41,2,,,resume
1042066,113,2,,,pause
1042079,68,2,,,pause
1042079,68,2,,,resume
1042081,128,1,,,pause
1042100,39,1,,,resume
1042100,39,1,,,pause
1042100,39,1,,,resume
1042149,113,2,,,resume
1042152,7,2,,,pause
1042152,7,2,,,resume
1042164,128,1,,,resume
1042168,115,1,,,pause
1042177,112,2,,,pause
1042205,67,1,,,pause
1042205,67,1,,,resume
1042214,117,2,,,pause
1042214,117,2,,,resume
1042235,105,1,,,pause
1042251,115,1,,,resume
1042251,115,1,,,pause
1042260,112,2,,,resume
1042278,169,2,,,pause
1042281,153,2,,,pause
1042281,153,2,,,resume
1042318,105,1,,,resume
1042334,115,1,,,resume
1042361,169,2,,,resume
1042391,168,2,,,pause
1042557,168,2,,,resume
1042559,187,2,,,pause
1042642,187,2,,,resume
1042796,117,2,,,pause
1042796,117,2,,,resume
1042890,132,1,,,pause
1042890,132,1,,,resume
1043012,187,1,,,pause
1043012,187,1,,,resume
1043197,232,1,,,pause
1043197,232,1,,,resume
1043280,232,1,,,pause
1043280,232,1,,,resume
1043318,141,2,,,pause
1043318,141,2,,,resume
1043460,158,2,,,pause
1043460,158,2,,,resume
1043554,209,2,,,pause
1043554,209,2,,,resume
1043745,237,1,,,pause
1043828,237,1,,,resume
1043856,243,2,,,pause
1043856,243,2,,,resume
1045888,125,2,,,pause
1045971,125,2,,,resume
1045971,125,2,,,pause
1045971,125,2,,,resume
1046054,125,2,,,pause
1046105,43,1,,,pause
1046105,43,1,,,resume
1046115,42,2,,,pause
1046137,125,2,,,resume
1046199,42,2,,,resume
1046346,112,1,,,pause
1046421,48,1,,,pause
1046429,112,1,,,resume
1046493,44,1,,,pause
1046504,48,1,,,resume
1046512,112,1,,,pause
1046552,96,1,,,pause
1046558,113,2,,,pause
1046558,113,2,,,resume
1046576,44,1,,,resume
1046576,44,1,,,pause
1046581,49,1,,,pause
1046595,112,1,,,resume
1046635,96,1,,,resume
1046642,113,2,,,pause
1046659,44,1,,,resume
1046664,49,1,,,resume
1046707,39,2,,,pause
1046707,39,2,,,resume
1046725,113,2,,,resume
1046742,44,1,,,pause
1046742,44,1,,,resume
1046793,61,2,,,pause
1046876,61,2,,,resume
1046891,113,2,,,pause
1046891,113,2,,,resume
1046944,29,1,,,pause
1046944,29,1,,,resume
1046968,125,2,,,pause
1047041,114,2,,,pause
1047052,115,2,,,pause
1047061,128,1,,,pause
1047075,40,1,,,pause
1047075,40,1,,,resume
1047124,114,2,,,resume
1047134,125,2,,,resume
1047135,115,2,,,resume
1047145,128,1,,,resume
1047187,65,1,,,pause
1047187,65,1,,,resume
1047224,113,2,,,pause
1047224,113,2,,,resume
1047229,128,1,,,pause
1047307,113,2,,,pause
1047312,128,1,,,resume
1047392,113,2,,,resume
1047392,113,2,,,pause
1047410,85,2,,,pause
1047493,85,2,,,resume
1047558,113,2,,,resume
1047558,113,2,,,pause
1047558,113,2,,,resume
1047641,113,2,,,pause
1047678,118,1,,,pause
1047724,113,2,,,resume
1047724,113,2,,,pause
1047724,113,2,,,resume
1047761,118,1,,,resume
1048170,207,2,,,pause
1048253,207,2,,,resume
1048422,215,2,,,pause
1048431,243,2,,,pause
1048431,243,2,,,resume
1048505,215,2,,,resume
1048505,215,2,,,pause
1048588,215,2,,,resume
1048588,215,2,,,pause
1048671,215,2,,,resume
1048891,247,2,,,pause
1048891,247,2,,,resume
1048899,237,1,,,pause
1048982,237,1,,,resume
1049003,215,2,,,pause
1049012,243,2,,,pause
1049012,243,2,,,resume
1049086,215,2,,,resume
1049306,247,2,,,pause
1049306,247,2,,,resume
1050279,205,2,,,pause
1050279,205,2,,,resume
1051470,66,1,,,pause
1051539,105,1,,,pause
1051539,105,1,,,resume
1051552,22,2,,,pause
1051553,66,1,,,resume
1051553,66,1,,,pause
1051570,49,1,,,pause
1051575,48,1,,,pause
1051575,48,1,,,resume
1051581,103,1,,,pause
1051592,102,1,,,pause
1051635,22,2,,,resume
1051635,22,2,,,pause
1051636,66,1,,,resume
1051664,103,1,,,resume
1051675,102,1,,,resume
1051710,70,1,,,pause
1051718,22,2,,,resume
1051723,78,1,,,pause
1051723,78,1,,,resume
1051793,70,1,,,resume
1051793,70,1,,,pause
1051819,49,1,,,resume
1051819,49,1,,,pause
1051840,65,1,,,pause
1051840,65,1,,,resume
1051874,96,1,,,pause
1051874,96,1,,,resume
1051876,70,1,,,resume
1051876,70,1,,,pause
1051876,70,1,,,resume
1051880,114,1,,,pause
1051902,49,1,,,resume
1051963,114,1,,,resume
1051964,10,2,,,pause
1051964,10,2,,,resume
1051990,48,1,,,pause
1052017,42,2,,,pause
1052073,48,1,,,resume
1052082,112,1,,,pause
1052098,29,1,,,pause
1052098,29,1,,,resume
1052100,42,2,,,resume
1052100,42,2,,,pause
1052153,112,2,,,pause
1052163,103,1,,,pause
1052163,103,1,,,resume
1052166,112,1,,,resume
1052183,42,2,,,resume
1052195,114,2,,,pause
1052234,49,1,,,pause
1052234,49,1,,,resume
1052236,112,2,,,resume
1052262,124,2,,,pause
1052278,114,2,,,resume
1052304,78,1,,,pause
1052304,78,1,,,resume
1052329,103,1,,,pause
1052329,103,1,,,resume
1052339,65,1,,,pause
1052339,65,1,,,resume
1052345,124,2,,,resume
1052345,124,2,,,pause
1052345,124,2,,,resume
1052403,112,2,,,pause
1052422,65,1,,,pause
1052422,65,1,,,resume
1052486,112,2,,,resume
1052486,112,2,,,pause
1052569,112,2,,,resume
1052599,42,2,,,pause
1052682,42,2,,,resume
1052998,118,1,,,pause
1053058,115,1,,,pause
1053081,118,1,,,resume
1053141,115,1,,,resume
1053197,132,1,,,pause
1053197,132,1,,,resume
1053392,168,1,,,pause
1053392,168,1,,,resume
1053437,158,2,,,pause
1053504,232,1,,,pause
1053504,232,1,,,resume
1053520,158,2,,,resume
1053520,158,2,,,pause
1053520,158,2,,,resume
1053548,141,2,,,pause
1053570,165,2,,,pause
1053581,243,2,,,pause
1053587,232,1,,,pause
1053587,232,1,,,resume
1053631,141,2,,,resume
1053653,165,2,,,resume
1053664,243,2,,,resume
1053821,172,1,,,pause
1053905,172,1,,,resume
1053986,165,2,,,pause
1053986,165,2,,,resume
1054053,237,1,,,pause
1054116,202,2,,,pause
1054136,237,1,,,resume
1054163,243,2,,,pause
1054168,239,1,,,pause
1054199,202,2,,,resume
1054199,202,2,,,pause
1054199,202,2,,,resume
1054246,243,2,,,resume
1054251,239,1,,,resume
1054402,247,2,,,pause
1054485,247,2,,,resume
1055432,205,2,,,pause
1055432,205,2,,,resume
1056184,29,2,,,pause
1056216,66,1,,,pause
1056261,41,2,,,pause
1056267,29,2,,,resume
1056284,70,1,,,pause
1056299,66,1,,,resume
1056344,41,2,,,resume
1056344,41,2,,,pause
1056367,70,1,,,resume
1056427,41,2,,,resume
1056447,121,2,,,pause
1056447,121,2,,,resume
1056546,154,2,,,pause
1056546,154,2,,,resume
1056626,113,2,,,pause
1056626,113,2,,,resume
1056697,121,2,,,pause
1056731,100,1,,,pause
1056736,103,1,,,pause
1056736,103,1,,,resume
1056751,67,1,,,pause
1056751,67,1,,,resume
1056777,115,2,,,pause
1056777,115,2,,,resume
1056783,93,2,,,pause
1056814,100,1,,,resume
1056863,121,2,,,resume
1056865,70,1,,,pause
1056897,100,1,,,pause
1056941,50,2,,,pause
1056941,50,2,,,resume
1056946,121,2,,,pause
1056946,121,2,,,resume
1056948,70,1,,,resume
1056948,70,1,,,pause
1056949,93,2,,,resume
1056954,114,1,,,pause
1056980,100,1,,,resume
1056980,100,1,,,pause
1056982,99,1,,,pause
1056991,65,1,,,pause
1056991,65,1,,,resume
1056999,124,2,,,pause
1057027,96,1,,,pause
1057027,96,1,,,resume
1057029,121,2,,,pause
1057031,70,1,,,resume
1057063,100,1,,,resume
1057065,99,1,,,resume
1057066,76,1,,,pause
1057066,76,1,,,resume
1057083,124,2,,,resume
1057083,124,2,,,pause
1057100,114,2,,,pause
1057100,114,2,,,resume
1057109,115,2,,,pause
1057112,121,2,,,resume
1057123,10,2,,,pause
1057123,10,2,,,resume
1057146,100,1,,,pause
1057151,112,1,,,pause
1057192,115,2,,,resume
1057200,128,1,,,pause
1057203,114,1,,,resume
1057203,114,1,,,pause
1057234,112,1,,,resume
1057249,124,2,,,resume
1057253,29,1,,,pause
1057253,29,1,,,resume
1057266,125,2,,,pause
1057283,128,1,,,resume
1057283,128,1,,,pause
1057286,114,1,,,resume
1057286,114,1,,,pause
1057286,114,1,,,resume
1057290,50,1,,,pause
1057306,112,2,,,pause
1057313,100,1,,,resume
1057317,103,1,,,pause
1057317,103,1,,,resume
1057349,125,2,,,resume
1057366,128,1,,,resume
1057366,128,1,,,pause
1057369,114,1,,,pause
1057373,50,1,,,resume
1057389,112,2,,,resume
1057429,44,2,,,pause
1057429,44,2,,,resume
1057452,114,1,,,resume
1057489,65,1,,,pause
1057489,65,1,,,resume
1057532,128,1,,,resume
1057556,112,2,,,pause
1057572,65,1,,,pause
1057572,65,1,,,resume
1057640,112,2,,,resume
1057640,112,2,,,pause
1057664,67,1,,,pause
1057664,67,1,,,resume
1057698,24,1,,,pause
1057723,112,2,,,resume
1057728,35,1,,,pause
1057782,24,1,,,resume
1057790,113,2,,,pause
1057790,113,2,,,resume
1057811,35,1,,,resume
1057965,115,1,,,pause
1058033,114,1,,,pause
1058033,114,1,,,resume
1058048,115,1,,,resume
1058658,232,1,,,pause
1058658,232,1,,,resume
1058674,158,2,,,pause
1058674,158,2,,,resume
1058703,141,2,,,pause
1058703,141,2,,,resume
1058991,222,2,,,pause
1058991,222,2,,,resume
1059263,202,2,,,pause
1059322,239,1,,,pause
1059346,202,2,,,resume
1059405,239,1,,,resume
1059583,242,1,,,pause
1059583,242,1,,,resume
1060585,205,2,,,pause
1060585,205,2,,,resume
1061169,158,2,,,pause
1061169,158,2,,,resume
1061554,99,1,,,pause
1061554,99,1,,,resume
1061766,121,2,,,pause
1061785,115,1,,,pause
1061785,115,1,,,resume
1061849,121,2,,,resume
1061887,99,1,,,pause
1061888,103,1,,,pause
1061930,115,2,,,pause
1061930,115,2,,,resume
1061945,22,2,,,pause
1061970,99,1,,,resume
1061971,103,1,,,resume
1062028,22,2,,,resume
1062028,22,2,,,pause
1062028,22,2,,,resume
1062032,113,2,,,pause
1062032,113,2,,,resume
1062036,66,1,,,pause
1062036,66,1,,,resume
1062059,65,1,,,pause
1062059,65,1,,,resume
1062095,50,2,,,pause
1062095,50,2,,,resume
1062099,121,2,,,pause
1062105,70,1,,,pause
1062115,113,2,,,pause
1062115,113,2,,,resume
1062178,50,2,,,pause
1062178,50,2,,,resume
1062182,121,2,,,resume
1062182,121,2,,,pause
1062219,99,1,,,pause
1062247,42,2,,,pause
1062247,42,2,,,resume
1062261,50,2,,,pause
1062261,50,2,,,resume
1062262,115,2,,,pause
1062265,121,2,,,resume
1062265,121,2,,,pause
1062271,70,1,,,resume
1062271,70,1,,,pause
1062271,70,1,,,resume
1062276,10,2,,,pause
1062276,10,2,,,resume
1062282,113,2,,,pause
1062302,99,1,,,resume
1062302,99,1,,,pause
1062329,112,1,,,pause
1062329,112,1,,,resume
1062345,115,2,,,resume
1062348,121,2,,,resume
1062348,121,2,,,pause
1062355,114,1,,,pause
1062360,51,1,,,pause
1062365,113,2,,,resume
1062385,99,1,,,resume
1062405,55,1,,,pause
1062405,55,1,,,resume
1062431,121,2,,,resume
1062431,121,2,,,pause
1062442,126,2,,,pause
1062442,126,2,,,resume
1062443,50,1,,,pause
1062443,51,1,,,resume
1062471,103,1,,,pause
1062471,103,1,,,resume
1062514,121,2,,,resume
1062521,114,1,,,resume
1062521,114,1,,,pause
1062521,114,1,,,resume
1062609,50,1,,,resume
1062637,103,1,,,pause
1062698,113,2,,,pause
1062698,113,2,,,resume
1062700,115,1,,,pause
1062705,39,1,,,pause
1062720,103,1,,,resume
1062751,114,2,,,pause
1062788,39,1,,,resume
1062807,65,1,,,pause
1062807,65,1,,,resume
1062818,67,1,,,pause
1062818,67,1,,,resume
1062834,114,2,,,resume
1062834,114,2,,,pause
1062867,115,1,,,resume
1062901,67,1,,,pause
1062901,67,1,,,resume
1063001,114,2,,,resume
1063001,114,2,,,pause
1063001,114,2,,,resume
1063056,54,1,,,pause
1063107,50,1,,,pause
1063139,54,1,,,resume
1063151,187,2,,,pause
1063151,187,2,,,resume
1063190,50,1,,,resume
1063460,146,1,,,pause
1063460,146,1,,,resume
1063463,187,1,,,pause
1063477,122,2,,,pause
1063477,122,2,,,resume
1063504,132,1,,,pause
1063504,132,1,,,resume
1063547,187,1,,,resume
1063547,187,1,,,pause
1063592,154,1,,,pause
1063592,154,1,,,resume
1063630,187,1,,,resume
1063640,190,1,,,pause
1063640,190,1,,,resume
1063745,158,2,,,pause
1063745,158,2,,,resume
1063767,233,1,,,pause
1063850,233,1,,,resume
1063911,158,2,,,pause
1063994,158,2,,,resume
1064040,231,2,,,pause
1064040,231,2,,,resume
1064084,200,1,,,pause
1064084,200,1,,,resume
1064100,211,2,,,pause
1064100,211,2,,,resume
1064142,222,2,,,pause
1064142,222,2,,,resume
1064157,171,2,,,pause
1064157,171,2,,,resume
1064459,246,2,,,pause
1064542,246,2,,,resume
1064551,242,2,,,pause
1064551,242,2,,,resume
1064699,206,2,,,pause
1064699,206,2,,,resume
1064738,242,1,,,pause
1064738,242,1,,,resume
1064849,184,1,,,pause
1064849,184,1,,,resume
1064957,246,2,,,pause
1065040,246,2,,,resume
1065050,242,2,,,pause
1065133,242,2,,,resume
1065738,205,2,,,pause
1065738,205,2,,,resume
1066484,125,2,,,pause
1066650,125,2,,,resume
1066920,155,2,,,pause
1066987,114,2,,,pause
1066987,114,2,,,resume
1067003,155,2,,,resume
1067043,103,1,,,pause
1067053,122,2,,,pause
1067053,122,2,,,resume
1067080,115,2,,,pause
1067104,123,2,,,pause
1067104,123,2,,,resume
1067126,22,2,,,pause
1067126,103,1,,,resume
1067142,55,1,,,pause
1067142,55,1,,,resume
1067158,112,1,,,pause
1067158,112,1,,,resume
1067163,115,2,,,resume
1067167,121,2,,,pause
1067171,93,2,,,pause
1067209,22,2,,,resume
1067209,22,2,,,pause
1067209,22,2,,,resume
1067247,50,2,,,pause
1067247,50,2,,,resume
1067250,121,2,,,resume
1067255,93,2,,,resume
1067272,113,2,,,pause
1067302,122,2,,,pause
1067330,50,2,,,pause
1067330,50,2,,,resume
1067334,121,2,,,pause
1067354,123,2,,,pause
1067354,123,2,,,resume
1067382,43,1,,,pause
1067382,43,1,,,resume
1067385,122,2,,,resume
1067403,42,2,,,pause
1067404,114,2,,,pause
1067412,115,2,,,pause
1067427,70,1,,,pause
1067428,10,2,,,pause
1067428,10,2,,,resume
1067438,113,2,,,resume
1067486,42,2,,,resume
1067487,114,2,,,resume
1067500,121,2,,,resume
1067510,70,1,,,resume
1067511,10,2,,,pause
1067511,10,2,,,resume
1067541,103,2,,,pause
1067541,103,2,,,resume
1067552,13,2,,,pause
1067565,126,2,,,pause
1067624,103,1,,,pause
1067634,122,2,,,pause
1067635,13,2,,,resume
1067648,126,2,,,resume
1067661,115,2,,,resume
1067666,121,2,,,pause
1067707,103,1,,,resume
1067717,122,2,,,resume
1067749,121,2,,,resume
1067790,103,1,,,pause
1067790,103,1,,,resume
1067863,112,2,,,pause
1067916,121,2,,,pause
1067947,112,2,,,resume
1067947,112,2,,,pause
1067958,65,1,,,pause
1067958,65,1,,,resume
1068000,121,2,,,resume
1068030,112,2,,,resume
1068079,88,2,,,pause
1068163,88,2,,,resume
1068304,187,2,,,pause
1068304,187,2,,,resume
1068630,122,2,,,pause
1068630,122,2,,,resume
1068656,132,1,,,pause
1068656,132,1,,,resume
1068676,180,1,,,pause
1068676,180,1,,,resume
1068705,207,2,,,pause
1068747,154,1,,,pause
1068747,154,1,,,resume
1068788,207,2,,,resume
1068788,207,2,,,pause
1068871,207,2,,,resume
1068871,207,2,,,pause
1068954,207,2,,,resume
1069005,233,1,,,pause
1069066,158,2,,,pause
1069088,233,1,,,resume
1069149,158,2,,,resume
1069166,249,2,,,pause
1069166,249,2,,,resume
1069194,231,2,,,pause
1069194,231,2,,,resume
1069215,240,2,,,pause
1069215,240,2,,,resume
1069292,222,2,,,pause
1069292,222,2,,,resume
1069308,171,2,,,pause
1069381,240,2,,,pause
1069391,171,2,,,resume
1069445,247,2,,,pause
1069445,247,2,,,resume
1069464,240,2,,,resume
1069494,219,1,,,pause
1069494,219,1,,,resume
1069519,221,2,,,pause
1069519,221,2,,,resume
1069577,219,1,,,pause
1069577,219,1,,,resume
1069630,239,1,,,pause
1069703,242,2,,,pause
1069713,239,1,,,resume
1069713,239,1,,,pause
1069713,239,1,,,resume
1069786,242,2,,,resume
1069786,242,2,,,pause
1069819,242,1,,,pause
1069869,242,2,,,resume
1069902,242,1,,,resume
1069985,242,1,,,pause
1069985,242,1,,,resume
1070001,184,1,,,pause
1070001,184,1,,,resume
1070156,186,1,,,pause
1070239,186,1,,,resume
1070821,186,1,,,pause
1070821,186,1,,,resume
1070891,205,2,,,pause
1070891,205,2,,,resume
1070955,22,2,,,pause
1071038,22,2,,,resume
1071315,42,2,,,pause
1071315,42,2,,,resume
1071478,13,1,,,pause
1071478,13,1,,,resume
1071625,22,2,,,pause
1071660,121,2,,,pause
1071708,22,2,,,resume
1071708,22,2,,,pause
1071743,121,2,,,resume
1071791,22,2,,,resume
1071791,22,2,,,pause
1071791,22,2,,,resume
1071877,122,2,,,pause
1071877,122,2,,,resume
1071992,121,2,,,pause
1072052,171,2,,,pause
1072052,171,2,,,resume
1072075,121,2,,,resume
1072147,74,1,,,pause
1072147,74,1,,,resume
1072158,121,2,,,pause
1072190,114,1,,,pause
1072210,122,2,,,pause
1072218,125,2,,,pause
1072273,114,1,,,resume
1072273,114,1,,,pause
1072273,114,1,,,resume
1072274,66,1,,,pause
1072274,66,1,,,resume
1072293,122,2,,,resume
1072293,122,2,,,pause
1072301,55,1,,,pause
1072301,125,2,,,resume
1072301,55,1,,,resume
1072310,22,2,,,pause
1072313,112,1,,,pause
1072313,112,1,,,resume
1072325,121,2,,,resume
1072343,50,1,,,pause
1072357,66,1,,,pause
1072357,66,1,,,resume
1072358,112,2,,,pause
1072360,100,1,,,pause
1072369,65,1,,,pause
1072369,65,1,,,resume
1072376,122,2,,,resume
1072408,121,2,,,pause
1072426,50,1,,,resume
1072428,113,2,,,pause
1072441,112,2,,,resume
1072441,112,2,,,pause
1072443,100,1,,,resume
1072443,100,1,,,pause
1072459,122,2,,,pause
1072476,22,2,,,resume
1072500,24,1,,,pause
1072500,24,1,,,resume
1072525,112,2,,,resume
1072526,100,1,,,resume
1072531,99,1,,,pause
1072542,122,2,,,resume
1072550,125,2,,,pause
1072560,114,2,,,pause
1072562,74,1,,,pause
1072563,42,2,,,pause
1072563,42,2,,,resume
1072574,121,2,,,resume
1072590,70,1,,,pause
1072596,113,2,,,resume
1072614,99,1,,,resume
1072643,114,2,,,resume
1072645,74,1,,,resume
1072645,74,1,,,pause
1072645,74,1,,,resume
1072657,121,2,,,pause
1072673,70,1,,,resume
1072708,13,2,,,pause
1072716,171,2,,,pause
1072716,171,2,,,resume
1072717,125,2,,,resume
1072725,126,2,,,pause
1072725,126,2,,,resume
1072726,114,2,,,pause
1072728,74,1,,,pause
1072728,74,1,,,resume
1072774,114,1,,,pause
1072774,114,1,,,resume
1072792,13,2,,,resume
1072800,125,2,,,pause
1072809,114,2,,,resume
1072809,114,2,,,pause
1072809,114,2,,,resume
1072811,74,1,,,pause
1072811,74,1,,,resume
1072824,121,2,,,resume
1072883,125,2,,,resume
1072896,44,2,,,pause
1072896,44,2,,,resume
1072984,115,2,,,pause
1073009,50,1,,,pause
1073067,115,2,,,resume
1073092,50,1,,,resume
1073118,65,1,,,pause
1073118,65,1,,,resume
1073905,154,1,,,pause
1073905,154,1,,,resume
1073992,128,1,,,pause
1074075,128,1,,,resume
1074158,128,1,,,pause
1074160,233,1,,,pause
1074222,158,2,,,pause
1074222,158,2,,,resume
1074241,128,1,,,resume
1074243,233,1,,,resume
1074244,184,1,,,pause
1074275,253,1,,,pause
1074275,253,1,,,resume
1074327,184,1,,,resume
1074346,231,2,,,pause
1074346,231,2,,,resume
1074396,200,1,,,pause
1074396,200,1,,,resume
1074466,171,2,,,pause
1074466,171,2,,,resume
1074479,200,1,,,pause
1074479,200,1,,,resume
1074494,184,1,,,pause
1074518,247,2,,,pause
1074549,171,2,,,pause
1074549,171,2,,,resume
1074577,184,1,,,resume
1074577,184,1,,,pause
1074577,184,1,,,resume
1074601,247,2,,,resume
1074601,247,2,,,pause
1074650,219,1,,,pause
1074650,219,1,,,resume
1074685,247,2,,,resume
1074733,219,1,,,pause
1074733,219,1,,,resume
1074784,236,1,,,pause
1074784,236,1,,,resume
1074826,184,1,,,pause
1074867,236,1,,,pause
1074867,236,1,,,resume
1074909,184,1,,,resume
1074993,184,1,,,pause
1075076,184,1,,,resume
1075076,184,1,,,pause
1075145,242,1,,,pause
1075159,184,1,,,resume
1075228,242,1,,,resume
1075332,228,1,,,pause
1075333,228,1,,,resume
1076473,42,2,,,pause
1076473,42,2,,,resume
1076632,13,1,,,pause
1076632,13,1,,,resume
1076822,78,1,,,pause
1076822,78,1,,,resume
1076887,114,2,,,pause
1076970,114,2,,,resume
1077005,115,1,,,pause
1077171,115,1,,,resume
1077171,115,1,,,pause
1077206,171,2,,,pause
1077206,171,2,,,resume
1077221,42,2,,,pause
1077221,42,2,,,resume
1077254,115,1,,,resume
1077254,115,1,,,pause
1077254,115,1,,,resume
1077266,99,1,,,pause
1077329,123,2,,,pause
1077329,123,2,,,resume
1077331,50,1,,,pause
1077346,114,1,,,pause
1077349,99,1,,,resume
1077372,102,1,,,pause
1077412,123,2,,,pause
1077412,123,2,,,resume
1077414,50,1,,,resume
1077414,50,1,,,pause
1077429,66,1,,,pause
1077429,114,1,,,resume
1077429,66,1,,,resume
1077453,55,1,,,pause
1077453,55,1,,,resume
1077455,102,1,,,resume
1077486,78,1,,,pause
1077486,78,1,,,resume
1077539,124,2,,,pause
1077580,79,2,,,pause
1077580,50,1,,,resume
1077580,79,2,,,resume
1077580,50,1,,,pause
1077597,100,1,,,pause
1077620,55,1,,,pause
1077620,55,1,,,resume
1077622,124,2,,,resume
1077631,8,2,,,pause
1077634,22,2,,,pause
1077663,50,1,,,resume
1077676,113,2,,,pause
1077680,100,1,,,resume
1077697,43,1,,,pause
1077697,43,1,,,resume
1077700,125,2,,,pause
1077719,42,2,,,pause
1077719,42,2,,,resume
1077747,70,1,,,pause
1077759,113,2,,,resume
1077766,99,1,,,pause
1077783,125,2,,,resume
1077783,125,2,,,pause
1077799,8,2,,,resume
1077800,74,1,,,pause
1077800,22,2,,,resume
1077830,70,1,,,resume
1077849,99,1,,,resume
1077866,125,2,,,resume
1077870,171,2,,,pause
1077870,171,2,,,resume
1077881,126,2,,,pause
1077881,126,2,,,resume
1077939,103,2,,,pause
1077939,103,2,,,resume
1077946,13,2,,,pause
1077966,74,1,,,resume
1077979,128,1,,,pause
1078029,13,2,,,resume
1078047,126,2,,,pause
1078062,128,1,,,resume
1078062,128,1,,,pause
1078130,126,2,,,resume
1078134,44,2,,,pause
1078134,44,2,,,resume
1078198,122,2,,,pause
1078198,122,2,,,resume
1078291,168,2,,,pause
1078291,168,2,,,resume
1078311,128,1,,,resume
1078375,118,1,,,pause
1078457,168,2,,,pause
1078457,168,2,,,resume
1078624,118,1,,,resume
1078639,186,1,,,pause
1078639,186,1,,,resume
1078693,187,2,,,pause
1078693,187,2,,,resume
1078776,187,2,,,pause
1078776,187,2,,,resume
1078967,132,1,,,pause
1079024,239,1,,,pause
1079051,132,1,,,resume
1079107,239,1,,,resume
1079212,215,2,,,pause
1079295,215,2,,,resume
1079396,184,1,,,pause
1079396,184,1,,,resume
1079428,253,1,,,pause
1079428,253,1,,,resume
1079458,158,2,,,pause
1079458,158,2,,,resume
1079501,231,2,,,pause
1079501,231,2,,,resume
1079552,200,1,,,pause
1079552,200,1,,,resume
1079615,171,2,,,pause
1079615,171,2,,,resume
1079635,200,1,,,pause
1079635,200,1,,,resume
1079659,209,2,,,pause
1079659,209,2,,,resume
1079698,171,2,,,pause
1079698,171,2,,,resume
1079772,187,2,,,pause
1079772,187,2,,,resume
1079782,224,2,,,pause
1079805,219,1,,,pause
1079805,219,1,,,resume
1079865,224,2,,,resume
1079888,219,1,,,pause
1079888,219,1,,,resume
1080258,182,1,,,pause
1080258,182,1,,,resume
1080336,247,2,,,pause
1080374,17,2,,,pause
1080419,247,2,,,resume
1080457,17,2,,,resume
1080531,166,2,,,pause
1080614,166,2,,,resume
1081097,103,2,,,pause
1081097,103,2,,,resume
1081150,123,2,,,pause
1081233,123,2,,,resume
1081233,123,2,,,pause
1081233,123,2,,,resume
1081271,125,2,,,pause
1081354,125,2,,,resume
1081720,121,2,,,pause
1081782,13,1,,,pause
1081782,13,1,,,resume
1081803,121,2,,,resume
1081953,29,2,,,pause
1081959,40,2,,,pause
1081959,40,2,,,resume
1082037,29,2,,,resume
1082037,29,2,,,pause
1082102,125,2,,,pause
1082121,29,2,,,resume
1082123,44,2,,,pause
1082123,44,2,,,resume
1082185,122,2,,,pause
1082185,125,2,,,resume
1082185,122,2,,,resume
1082185,125,2,,,pause
1082187,115,1,,,pause
1082262,41,2,,,pause
1082262,41,2,,,resume
1082268,125,2,,,resume
1082273,99,2,,,pause
1082273,99,2,,,resume
1082284,126,2,,,pause
1082284,126,2,,,resume
1082351,125,2,,,pause
1082353,115,1,,,resume
1082357,171,2,,,pause
1082357,171,2,,,resume
1082373,42,2,,,pause
1082373,42,2,,,resume
1082436,115,1,,,pause
1082436,115,1,,,resume
1082479,123,2,,,pause
1082479,123,2,,,resume
1082502,48,1,,,pause
1082502,48,1,,,resume
1082536,53,1,,,pause
1082536,53,1,,,resume
1082562,123,2,,,pause
1082562,123,2,,,resume
1082600,125,2,,,resume
1082600,125,2,,,pause
1082611,117,2,,,pause
1082611,117,2,,,resume
1082634,121,2,,,pause
1082645,123,2,,,pause
1082647,79,2,,,pause
1082666,113,2,,,pause
1082683,125,2,,,resume
1082683,125,2,,,pause
1082728,123,2,,,resume
1082730,79,2,,,resume
1082749,113,2,,,resume
1082769,55,1,,,pause
1082769,55,1,,,resume
1082783,126,2,,,pause
1082794,9,2,,,pause
1082794,9,2,,,resume
1082836,112,2,,,pause
1082843,41,2,,,pause
1082843,41,2,,,resume
1082845,43,1,,,pause
1082845,43,1,,,resume
1082849,125,2,,,resume
1082849,125,2,,,pause
1082851,13,2,,,pause
1082851,115,1,,,pause
1082866,126,2,,,resume
1082872,42,2,,,pause
1082872,42,2,,,resume
1082919,112,2,,,resume
1082926,41,2,,,pause
1082926,41,2,,,resume
1082934,13,2,,,resume
1082934,115,1,,,resume
1082934,115,1,,,pause
1082942,107,2,,,pause
1082942,107,2,,,resume
1082963,128,1,,,pause
1082966,121,2,,,resume
1082966,121,2,,,pause
1083015,125,2,,,resume
1083015,125,2,,,pause
1083017,13,2,,,pause
1083017,115,1,,,resume
1083021,171,2,,,pause
1083021,171,2,,,resume
1083032,126,2,,,pause
1083032,126,2,,,resume
1083037,44,2,,,pause
1083037,44,2,,,resume
1083046,128,1,,,resume
1083049,121,2,,,resume
1083085,112,2,,,pause
1083098,125,2,,,resume
1083153,105,2,,,pause
1083153,105,2,,,resume
1083164,40,1,,,pause
1083164,40,1,,,resume
1083183,13,2,,,resume
1083198,126,2,,,pause
1083247,113,2,,,pause
1083251,112,2,,,resume
1083281,126,2,,,resume
1083286,44,2,,,pause
1083286,44,2,,,resume
1083330,113,2,,,resume
1083443,168,2,,,pause
1083443,168,2,,,resume
1083526,168,2,,,pause
1083609,168,2,,,resume
1083846,187,2,,,pause
1083846,187,2,,,resume
1083929,187,2,,,pause
1083929,187,2,,,resume
1084292,128,1,,,pause
1084292,128,1,,,resume
1084538,211,2,,,pause
1084538,211,2,,,resume
1084610,158,2,,,pause
1084610,158,2,,,resume
1084707,200,1,,,pause
1084707,200,1,,,resume
1084793,249,1,,,pause
1084793,249,1,,,resume
1084937,224,2,,,pause
1084961,219,1,,,pause
1084961,219,1,,,resume
1085020,224,2,,,resume
1085044,219,1,,,pause
1085044,219,1,,,resume
1085367,115,2,,,pause
1085411,182,1,,,pause
1085411,182,1,,,resume
1085450,115,2,,,resume
1086596,124,2,,,pause
1086679,124,2,,,resume
1086935,13,1,,,pause
1086935,13,1,,,resume
1087073,65,1,,,pause
1087112,40,2,,,pause
1087112,40,2,,,resume
1087138,127,2,,,pause
1087138,127,2,,,resume
1087156,65,1,,,resume
1087269,126,2,,,pause
1087269,126,2,,,resume
1087339,122,2,,,pause
1087339,122,2,,,resume
1087390,44,1,,,pause
1087390,44,1,,,resume
1087436,126,2,,,pause
1087508,115,1,,,pause
1087510,171,2,,,pause
1087510,171,2,,,resume
1087522,112,1,,,pause
1087524,126,2,,,resume
1087524,126,2,,,pause
1087591,115,1,,,resume
1087591,115,1,,,pause
1087605,112,1,,,resume
1087607,126,2,,,resume
1087607,126,2,,,pause
1087654,49,1,,,pause
1087655,48,1,,,pause
1087655,48,1,,,resume
1087674,115,1,,,resume
1087722,44,1,,,pause
1087722,44,1,,,resume
1087737,66,1,,,pause
1087737,49,1,,,resume
1087737,66,1,,,resume
1087754,122,2,,,pause
1087754,122,2,,,resume
1087773,126,2,,,resume
1087773,126,2,,,pause
1087773,126,2,,,resume
1087821,65,1,,,pause
1087836,13,2,,,pause
1087904,65,1,,,resume
1087919,19,2,,,pause
1087919,19,2,,,resume
1087920,13,2,,,resume
1087920,13,2,,,pause
1087921,55,1,,,pause
1087921,55,1,,,resume
1087938,112,1,,,pause
1087956,24,1,,,pause
1087967,70,1,,,pause
1087986,49,1,,,pause
1088004,13,2,,,resume
1088021,112,1,,,resume
1088039,24,1,,,resume
1088050,70,1,,,resume
1088069,49,1,,,resume
1088070,65,1,,,pause
1088070,65,1,,,resume
1088075,107,2,,,pause
1088075,107,2,,,resume
1088090,115,1,,,pause
1088106,114,2,,,pause
1088106,114,2,,,resume
1088173,115,1,,,resume
1088174,171,2,,,pause
1088174,171,2,,,resume
1088257,105,2,,,pause
1088272,114,2,,,pause
1088277,128,1,,,pause
1088303,44,1,,,pause
1088303,44,1,,,resume
1088319,65,1,,,pause
1088339,115,1,,,pause
1088340,105,2,,,resume
1088355,114,2,,,resume
1088361,128,1,,,resume
1088361,128,1,,,pause
1088386,44,1,,,pause
1088386,44,1,,,resume
1088422,115,1,,,resume
1088422,115,1,,,pause
1088444,128,1,,,resume
1088486,65,1,,,resume
1088505,115,1,,,resume
1088505,115,1,,,pause
1088505,115,1,,,resume
1088522,114,2,,,pause
1088605,114,2,,,resume
1088667,122,2,,,pause
1088671,115,1,,,pause
1088750,122,2,,,resume
1088750,122,2,,,pause
1088754,115,1,,,resume
1088833,122,2,,,resume
1088926,168,2,,,pause
1089009,168,2,,,resume
1089368,154,1,,,pause
1089368,154,1,,,resume
1089585,241,2,,,pause
1089585,241,2,,,resume
1089589,205,2,,,pause
1089605,141,2,,,pause
1089672,205,2,,,resume
1089688,211,2,,,pause
1089688,141,2,,,resume
1089688,211,2,,,resume
1089688,141,2,,,pause
1089688,141,2,,,resume
1089693,202,1,,,pause
1089708,165,2,,,pause
1089708,165,2,,,resume
1089718,249,2,,,pause
1089774,245,2,,,pause
1089776,202,1,,,resume
1089800,137,2,,,pause
1089800,137,2,,,resume
1089801,249,2,,,resume
1089807,231,2,,,pause
1089807,231,2,,,resume
1089857,245,2,,,resume
1089863,200,1,,,pause
1089863,200,1,,,resume
1089939,115,2,,,pause
1089966,137,2,,,pause
1089966,137,2,,,resume
1089976,209,2,,,pause
1089976,209,2,,,resume
1090008,117,2,,,pause
1090008,117,2,,,resume
1090009,253,2,,,pause
1090022,115,2,,,resume
1090022,115,2,,,pause
1090022,115,2,,,resume
1090071,113,2,,,pause
1090092,224,2,,,pause
1090092,253,2,,,resume
1090154,113,2,,,resume
1090175,224,2,,,resume
1090229,247,2,,,pause
1090229,247,2,,,resume
1090437,115,2,,,pause
1090564,182,1,,,pause
1090564,182,1,,,resume
1090603,115,2,,,resume
1090603,115,2,,,pause
1090686,115,2,,,resume
1090690,17,2,,,pause
1090755,117,2,,,pause
1090773,17,2,,,resume
1090852,164,2,,,pause
1090852,164,2,,,resume
1090921,117,2,,,resume
1091010,178,1,,,pause
1091010,178,1,,,resume
1091419,205,2,,,pause
1091503,205,2,,,resume
1091593,178,1,,,pause
1091593,178,1,,,resume
1091833,124,2,,,pause
1091901,125,2,,,pause
1091916,124,2,,,resume
1091985,125,2,,,resume
1091985,125,2,,,pause
1092068,125,2,,,resume
1092068,125,2,,,pause
1092124,18,2,,,pause
1092124,18,2,,,resume
1092151,125,2,,,resume
1092169,117,2,,,pause
1092169,117,2,,,resume
1092189,121,2,,,pause
1092212,127,2,,,pause
1092266,40,2,,,pause
1092266,40,2,,,resume
1092272,121,2,,,resume
1092272,121,2,,,pause
1092296,127,2,,,resume
1092296,127,2,,,pause
1092296,127,2,,,resume
1092346,29,2,,,pause
1092355,121,2,,,resume
1092429,29,2,,,resume
1092483,125,2,,,pause
1092673,112,1,,,pause
1092679,114,2,,,pause
1092679,114,2,,,resume
1092690,171,2,,,pause
1092690,171,2,,,resume
1092732,125,2,,,resume
1092756,112,1,,,resume
1092765,17,2,,,pause
1092775,24,1,,,pause
1092775,24,1,,,resume
1092780,93,2,,,pause
1092780,93,2,,,resume
1092789,18,2,,,pause
1092789,18,2,,,resume
1092815,125,2,,,pause
1092845,114,2,,,pause
1092845,114,2,,,resume
1092853,121,2,,,pause
1092886,114,1,,,pause
1092898,125,2,,,resume
1092906,60,2,,,pause
1092908,55,1,,,pause
1092908,55,1,,,resume
1092922,112,1,,,pause
1092928,114,2,,,pause
1092931,17,2,,,resume
1092943,78,1,,,pause
1092951,5,2,,,pause
1092951,5,2,,,resume
1092969,114,1,,,resume
1092989,60,2,,,resume
1093011,81,2,,,pause
1093011,114,2,,,resume
1093019,121,2,,,resume
1093026,78,1,,,resume
1093064,125,2,,,pause
1093089,112,1,,,resume
1093089,112,1,,,pause
1093094,81,2,,,resume
1093148,41,2,,,pause
1093148,41,2,,,resume
1093155,13,2,,,pause
1093160,96,2,,,pause
1093160,96,2,,,resume
1093172,112,1,,,resume
1093177,81,2,,,pause
1093177,81,2,,,resume
1093206,70,1,,,pause
1093206,70,1,,,resume
1093230,5,2,,,pause
1093230,125,2,,,resume
1093232,113,2,,,pause
1093238,13,2,,,resume
1093260,114,2,,,pause
1093260,114,2,,,resume
1093289,70,1,,,pause
1093313,5,2,,,resume
1093313,125,2,,,pause
1093313,5,2,,,pause
1093315,113,2,,,resume
1093315,113,2,,,pause
1093334,117,2,,,pause
1093334,117,2,,,resume
1093354,171,2,,,pause
1093354,171,2,,,resume
1093372,70,1,,,resume
1093396,5,2,,,resume
1093397,41,2,,,pause
1093397,41,2,,,resume
1093398,113,2,,,resume
1093437,171,2,,,pause
1093437,171,2,,,resume
1093455,44,1,,,pause
1093455,44,1,,,resume
1093479,125,2,,,resume
1093479,5,2,,,pause
1093483,113,2,,,pause
1093490,76,1,,,pause
1093490,76,1,,,resume
1093509,114,2,,,pause
1093510,81,2,,,pause
1093512,128,1,,,pause
1093538,44,1,,,pause
1093538,44,1,,,resume
1093562,5,2,,,resume
1093583,117,2,,,pause
1093592,114,2,,,resume
1093593,81,2,,,resume
1093595,128,1,,,resume
1093649,113,2,,,resume
1093663,168,2,,,pause
1093666,117,2,,,resume
1093703,35,1,,,pause
1093703,35,1,,,resume
1093732,113,2,,,pause
1093746,168,2,,,resume
1093815,113,2,,,resume
1093908,115,1,,,pause
1093991,115,1,,,resume
1093991,115,1,,,pause
1094074,115,1,,,resume
1094074,115,1,,,pause
1094157,115,1,,,resume
1094240,115,1,,,pause
1094323,115,1,,,resume
1094323,115,1,,,pause
1094323,115,1,,,resume
1094437,154,1,,,pause
1094524,154,1,,,resume
1094524,154,1,,,pause
1094524,154,1,,,resume
1094822,187,2,,,pause
1094822,187,2,,,resume
1094837,158,2,,,pause
1094840,211,2,,,pause
1094840,211,2,,,resume
1094920,158,2,,,resume
1094988,187,2,,,pause
1094988,187,2,,,resume
1095018,200,1,,,pause
1095018,200,1,,,resume
1095071,187,2,,,pause
1095071,187,2,,,resume
1095237,187,2,,,pause
1095237,187,2,,,resume
1095391,236,1,,,pause
1095391,236,1,,,resume
1095974,164,2,,,pause
1095974,164,2,,,resume
1096168,178,1,,,pause
1096168,178,1,,,resume
1096751,178,1,,,pause
1096751,178,1,,,resume
1097199,70,1,,,pause
1097199,70,1,,,resume
1097277,18,2,,,pause
1097277,18,2,,,resume
1097345,78,1,,,pause
1097345,78,1,,,resume
1097402,168,2,,,pause
1097426,47,1,,,pause
1097426,47,1,,,resume
1097468,66,1,,,pause
1097468,66,1,,,resume
1097485,12,2,,,pause
1097485,12,2,,,resume
1097486,168,2,,,resume
1097580,44,2,,,pause
1097580,44,2,,,resume
1097731,99,2,,,pause
1097814,99,2,,,resume
1097815,115,1,,,pause
1097841,42,2,,,pause
1097841,42,2,,,resume
1097849,171,2,,,pause
1097849,171,2,,,resume
1097898,115,1,,,resume
1097912,112,1,,,pause
1097927,78,1,,,pause
1097927,78,1,,,resume
1097942,18,2,,,pause
1097942,18,2,,,resume
1097995,112,1,,,resume
1097995,112,1,,,pause
1097995,112,1,,,resume
1098010,78,1,,,pause
1098031,114,1,,,pause
1098092,121,2,,,pause
1098114,114,1,,,resume
1098139,113,2,,,pause
1098176,78,1,,,resume
1098176,78,1,,,pause
1098222,113,2,,,resume
1098235,124,2,,,pause
1098259,78,1,,,resume
1098263,24,1,,,pause
1098263,24,1,,,resume
1098296,112,2,,,pause
1098312,99,2,,,pause
1098312,99,2,,,resume
1098318,124,2,,,resume
1098327,112,1,,,pause
1098335,40,2,,,pause
1098339,42,2,,,pause
1098339,42,2,,,resume
1098341,121,2,,,resume
1098361,70,1,,,pause
1098361,70,1,,,resume
1098395,107,2,,,pause
1098404,56,2,,,pause
1098410,112,1,,,resume
1098415,115,2,,,pause
1098419,40,2,,,resume
1098425,78,1,,,pause
1098463,112,2,,,resume
1098472,19,2,,,pause
1098472,19,2,,,resume
1098478,107,2,,,resume
1098487,56,2,,,resume
1098494,44,2,,,pause
1098494,44,2,,,resume
1098498,115,2,,,resume
1098502,40,2,,,pause
1098510,78,1,,,resume
1098510,78,1,,,pause
1098515,171,2,,,pause
1098515,171,2,,,resume
1098585,40,2,,,resume
1098585,40,2,,,pause
1098585,40,2,,,resume
1098593,78,1,,,resume
1098593,78,1,,,pause
1098593,78,1,,,resume
1098609,155,2,,,pause
1098609,155,2,,,resume
1098647,76,1,,,pause
1098647,76,1,,,resume
1098660,44,2,,,pause
1098730,115,1,,,pause
1098743,44,2,,,resume
1098759,78,1,,,pause
1098759,78,1,,,resume
1098815,115,1,,,resume
1098815,115,1,,,pause
1098815,115,1,,,resume
1099070,117,2,,,pause
1099070,117,2,,,resume
1099130,72,1,,,pause
1099213,72,1,,,resume
1099394,187,2,,,pause
1099477,187,2,,,resume
1099664,215,2,,,pause
1099664,215,2,,,resume
1100058,187,2,,,pause
1100136,141,2,,,pause
1100136,141,2,,,resume
1100174,200,1,,,pause
1100174,200,1,,,resume
1100186,116,2,,,pause
1100186,116,2,,,resume
1100224,187,2,,,resume
1100224,187,2,,,pause
1100224,187,2,,,resume
1100330,156,2,,,pause
1100390,187,2,,,pause
1100390,187,2,,,resume
1100413,156,2,,,resume
1100543,236,1,,,pause
1100543,236,1,,,resume
1100637,246,2,,,pause
1100718,240,2,,,pause
1100720,246,2,,,resume
1100801,240,2,,,resume
1100884,232,1,,,pause
1100884,232,1,,,resume
1100965,113,2,,,pause
1101048,113,2,,,resume
1101775,127,2,,,pause
1101849,18,2,,,pause
1101849,18,2,,,resume
1101858,127,2,,,resume
1102316,13,1,,,pause
1102316,13,1,,,resume
1102430,18,2,,,pause
1102430,18,2,,,resume
1102470,168,2,,,pause
1102470,168,2,,,resume
1102513,18,2,,,pause
1102513,18,2,,,resume
1102580,47,1,,,pause
1102580,47,1,,,resume
1102656,40,2,,,pause
1102656,40,2,,,resume
1102739,40,2,,,pause
1102822,40,2,,,resume
1102883,99,2,,,pause
1102966,99,2,,,resume
1102996,42,2,,,pause
1102996,42,2,,,resume
1103033,48,1,,,pause
1103033,48,1,,,resume
1103045,125,2,,,pause
1103055,117,2,,,pause
1103055,117,2,,,resume
1103094,18,2,,,pause
1103094,18,2,,,resume
1103116,48,1,,,pause
1103116,48,1,,,resume
1103129,125,2,,,resume
1103130,113,2,,,pause
1103162,78,1,,,pause
1103162,78,1,,,resume
1103182,114,1,,,pause
1103261,79,2,,,pause
1103261,79,2,,,resume
1103266,114,1,,,resume
1103296,113,2,,,resume
1103328,78,1,,,pause
1103378,125,2,,,pause
1103378,125,2,,,resume
1103388,124,2,,,pause
1103411,78,1,,,resume
1103411,78,1,,,pause
1103416,24,1,,,pause
1103461,125,2,,,pause
1103464,99,2,,,pause
1103471,124,2,,,resume
1103471,124,2,,,pause
1103471,124,2,,,resume
1103494,42,2,,,pause
1103494,121,2,,,pause
1103494,78,1,,,resume
1103494,42,2,,,resume
1103499,24,1,,,resume
1103544,125,2,,,resume
1103547,99,2,,,resume
1103550,107,2,,,pause
1103553,76,1,,,pause
1103553,76,1,,,resume
1103577,121,2,,,resume
1103577,78,1,,,pause
1103633,107,2,,,resume
1103647,8,2,,,pause
1103647,8,2,,,resume
1103650,114,2,,,pause
1103660,78,1,,,resume
1103660,78,1,,,pause
1103660,78,1,,,resume
1103710,14,2,,,pause
1103710,14,2,,,resume
1103736,40,2,,,pause
1103783,103,2,,,pause
1103802,76,1,,,pause
1103802,76,1,,,resume
1103866,103,2,,,resume
1103888,117,2,,,pause
1103899,114,2,,,resume
1103902,40,2,,,resume
1103967,118,2,,,pause
1103967,118,2,,,resume
1103971,117,2,,,resume
1103982,114,2,,,pause
1104050,168,2,,,pause
1104065,114,2,,,resume
1104133,168,2,,,resume
1104134,76,1,,,pause
1104134,76,1,,,resume
1104156,88,2,,,pause
1104239,88,2,,,resume
1104239,88,2,,,pause
1104239,88,2,,,resume
1104284,72,1,,,pause
1104298,187,2,,,pause
1104367,72,1,,,resume
1104381,187,2,,,resume
1104591,18,2,,,pause
1104591,18,2,,,resume
1104900,40,2,,,pause
1104900,40,2,,,resume
1104963,210,2,,,pause
1104963,210,2,,,resume
1105146,158,2,,,pause
1105214,205,2,,,pause
1105229,158,2,,,resume
1105271,137,2,,,pause
1105271,137,2,,,resume
1105292,141,2,,,pause
1105292,141,2,,,resume
1105297,205,2,,,resume
1105297,205,2,,,pause
1105326,180,1,,,pause
1105326,180,1,,,resume
1105329,200,1,,,pause
1105329,200,1,,,resume
1105333,200,2,,,pause
1105333,200,2,,,resume
1105380,205,2,,,resume
1105380,205,2,,,pause
1105380,205,2,,,resume
1105461,113,2,,,pause
1105544,113,2,,,resume
1105695,236,1,,,pause
1105695,236,1,,,resume
1105794,246,2,,,pause
1105854,242,2,,,pause
1105877,246,2,,,resume
1105878,205,2,,,pause
1105937,242,2,,,resume
1105937,242,2,,,pause
1105961,205,2,,,resume
1106020,242,2,,,resume
1106038,232,1,,,pause
1106038,232,1,,,resume
1106143,115,2,,,pause
1106226,115,2,,,resume
1106353,242,2,,,pause
1106436,242,2,,,resume
1106929,127,2,,,pause
1106964,117,2,,,pause
1106964,117,2,,,resume
1107012,127,2,,,resume
1107031,125,2,,,pause
1107114,125,2,,,resume
1107370,113,2,,,pause
1107370,113,2,,,resume
1107415,116,2,,,pause
1107415,116,2,,,resume
1107457,115,1,,,pause
1107457,115,1,,,resume
1107472,13,1,,,pause
1107472,13,1,,,resume
1107545,117,2,,,pause
1107545,117,2,,,resume
1107582,18,2,,,pause
1107582,18,2,,,resume
1107665,18,2,,,pause
1107665,18,2,,,resume
1107722,44,2,,,pause
1107722,44,2,,,resume
1107737,47,1,,,pause
1107737,47,1,,,resume
1107782,5,2,,,pause
1107865,5,2,,,resume
1107929,97,2,,,pause
1107929,97,2,,,resume
1107996,41,2,,,pause
1107996,41,2,,,resume
1108031,5,2,,,pause
1108114,5,2,,,resume
1108119,125,2,,,pause
1108152,42,2,,,pause
1108152,42,2,,,resume
1108186,48,1,,,pause
1108197,5,2,,,pause
1108212,112,1,,,pause
1108233,121,2,,,pause
1108246,18,2,,,pause
1108246,18,2,,,resume
1108251,51,1,,,pause
1108251,51,1,,,resume
1108280,5,2,,,resume
1108280,5,2,,,pause
1108292,117,2,,,pause
1108334,114,1,,,pause
1108352,48,1,,,resume
1108363,5,2,,,resume
1108369,113,2,,,pause
1108369,113,2,,,resume
1108375,117,2,,,resume
1108398,78,1,,,pause
1108399,121,2,,,resume
1108417,114,1,,,resume
1108428,97,2,,,pause
1108428,97,2,,,resume
1108435,79,2,,,pause
1108446,5,2,,,pause
1108451,125,2,,,resume
1108451,125,2,,,pause
1108462,112,1,,,resume
1108481,78,1,,,resume
1108481,78,1,,,pause
1108481,78,1,,,resume
1108500,51,1,,,pause
1108500,51,1,,,resume
1108518,79,2,,,resume
1108529,5,2,,,resume
1108529,5,2,,,pause
1108535,125,2,,,resume
1108541,124,2,,,pause
1108564,78,1,,,pause
1108565,121,2,,,pause
1108577,41,2,,,pause
1108577,41,2,,,resume
1108591,24,1,,,pause
1108608,72,1,,,pause
1108612,5,2,,,resume
1108612,5,2,,,pause
1108612,5,2,,,resume
1108619,113,2,,,pause
1108648,121,2,,,resume
1108650,42,2,,,pause
1108650,42,2,,,resume
1108660,41,2,,,pause
1108674,24,1,,,resume
1108687,112,2,,,pause
1108701,125,2,,,pause
1108705,107,2,,,pause
1108705,107,2,,,resume
1108707,124,2,,,resume
1108707,124,2,,,pause
1108707,124,2,,,resume
1108709,76,1,,,pause
1108709,76,1,,,resume
1108717,115,2,,,pause
1108717,115,2,,,resume
1108730,78,1,,,resume
1108730,78,1,,,pause
1108743,41,2,,,resume
1108749,51,1,,,pause
1108749,51,1,,,resume
1108770,112,2,,,resume
1108774,72,1,,,resume
1108779,5,2,,,pause
1108783,99,2,,,pause
1108784,125,2,,,resume
1108794,112,1,,,pause
1108801,8,2,,,pause
1108801,8,2,,,resume
1108813,78,1,,,resume
1108862,5,2,,,resume
1108862,5,2,,,pause
1108866,99,2,,,resume
1108866,99,2,,,pause
1108867,125,2,,,pause
1108868,13,2,,,pause
1108868,13,2,,,resume
1108869,113,2,,,resume
1108909,119,2,,,pause
1108945,5,2,,,resume
1108945,5,2,,,pause
1108949,99,2,,,resume
1108949,99,2,,,pause
1108950,125,2,,,resume
1108952,113,2,,,pause
1108952,113,2,,,resume
1108959,76,1,,,pause
1108959,76,1,,,resume
1108962,112,1,,,resume
1108967,114,2,,,pause
1108992,119,2,,,resume
1108998,51,1,,,pause
1108998,51,1,,,resume
1109028,5,2,,,resume
1109028,5,2,,,pause
1109032,99,2,,,resume
1109035,113,2,,,pause
1109035,113,2,,,resume
1109051,114,2,,,resume
1109111,5,2,,,resume
1109111,5,2,,,pause
1109118,113,2,,,pause
1109118,113,2,,,resume
1109194,5,2,,,resume
1109291,76,1,,,pause
1109307,88,2,,,pause
1109352,119,1,,,pause
1109374,76,1,,,resume
1109390,88,2,,,resume
1109435,119,1,,,resume
1109454,205,2,,,pause
1109454,205,2,,,resume
1109460,112,1,,,pause
1109543,112,1,,,resume
1109618,168,2,,,pause
1109701,168,2,,,resume
1109809,148,1,,,pause
1109809,148,1,,,resume
1110118,205,2,,,pause
1110118,205,2,,,resume
1110194,190,2,,,pause
1110194,190,2,,,resume
1110300,158,2,,,pause
1110364,187,2,,,pause
1110383,158,2,,,resume
1110447,187,2,,,resume
1110482,171,2,,,pause
1110482,171,2,,,resume
1110613,187,2,,,pause
1110613,187,2,,,resume
1110795,252,2,,,pause
1110795,252,2,,,resume
1110927,155,1,,,pause
1110950,246,2,,,pause
1111010,155,1,,,resume
1111033,246,2,,,resume
1111296,115,2,,,pause
1111379,115,2,,,resume
1112879,44,2,,,pause
1112879,44,2,,,resume
1112978,123,1,,,pause
1112978,123,1,,,resume
1113112,115,1,,,pause
1113195,115,1,,,resume
1113310,42,2,,,pause
1113310,42,2,,,resume
1113326,98,1,,,pause
1113326,98,1,,,resume
1113346,99,1,,,pause
1113408,51,1,,,pause
1113408,51,1,,,resume
1113439,72,1,,,pause
1113439,72,1,,,resume
1113491,114,1,,,pause
1113491,51,1,,,pause
1113514,99,1,,,resume
1113522,66,1,,,pause
1113525,55,1,,,pause
1113574,114,1,,,resume
1113574,51,1,,,resume
1113574,114,1,,,pause
1113574,114,1,,,resume
1113604,35,1,,,pause
1113604,35,1,,,resume
1113605,72,1,,,pause
1113605,66,1,,,resume
1113605,72,1,,,resume
1113608,55,1,,,resume
1113608,55,1,,,pause
1113608,55,1,,,resume
1113701,53,1,,,pause
1113701,53,1,,,resume
1113707,115,2,,,pause
1113776,115,1,,,pause
1113776,115,1,,,resume
1113783,112,1,,,pause
1113791,115,2,,,resume
1113791,115,2,,,pause
1113847,112,2,,,pause
1113876,115,2,,,resume
1113949,112,1,,,resume
1113961,8,2,,,pause
1113961,8,2,,,resume
1113992,51,1,,,pause
1114013,112,2,,,resume
1114086,70,1,,,pause
1114086,70,1,,,resume
1114124,114,2,,,pause
1114125,115,2,,,pause
1114125,115,2,,,resume
1114158,51,1,,,resume
1114207,128,1,,,pause
1114291,114,2,,,resume
1114292,128,1,,,resume
1114390,123,1,,,pause
1114390,123,1,,,resume
1114453,118,1,,,pause
1114453,118,1,,,resume
1114468,88,2,,,pause
1114507,119,1,,,pause
1114532,53,1,,,pause
1114532,53,1,,,resume
1114535,124,2,,,pause
1114551,88,2,,,resume
1114551,88,2,,,pause
1114551,88,2,,,resume
1114591,119,1,,,resume
1114618,124,2,,,resume
1114619,118,1,,,pause
1114619,118,1,,,resume
1114702,118,1,,,pause
1114702,118,1,,,resume
1115200,205,1,,,pause
1115200,205,1,,,resume
1115254,137,2,,,pause
1115254,137,2,,,resume
1115366,205,1,,,pause
1115366,205,1,,,resume
1115519,187,2,,,pause
1115602,187,2,,,resume
1115615,205,1,,,pause
1115615,205,1,,,resume
1115641,171,2,,,pause
1115641,171,2,,,resume
1115686,187,2,,,pause
1115764,239,1,,,pause
1115769,187,2,,,resume
1115769,187,2,,,pause
1115769,187,2,,,resume
1115847,239,1,,,resume
1115912,182,1,,,pause
1115912,182,1,,,resume
1115935,205,2,,,pause
1115995,182,1,,,pause
1116004,247,2,,,pause
1116004,247,2,,,resume
1116018,187,2,,,pause
1116018,205,2,,,resume
1116018,187,2,,,resume
1116018,205,2,,,pause
1116018,205,2,,,resume
1116048,222,1,,,pause
1116048,222,1,,,resume
1116078,182,1,,,resume
1116107,246,2,,,pause
1116190,246,2,,,resume
1116244,182,1,,,pause
1116244,182,1,,,resume
1116327,182,1,,,pause
1116327,182,1,,,resume
1116410,182,1,,,pause
1116410,182,1,,,resume
1116448,113,2,,,pause
1116454,115,2,,,pause
1116532,113,2,,,resume
1116537,115,2,,,resume
1117015,205,2,,,pause
1117098,205,2,,,resume
1117298,178,1,,,pause
1117381,178,1,,,resume
1117604,118,2,,,pause
1117687,118,2,,,resume
1117697,124,2,,,pause
1117720,42,2,,,pause
1117720,42,2,,,resume
1117725,119,2,,,pause
1117780,124,2,,,resume
1117808,119,2,,,resume
1117823,70,1,,,pause
1117823,70,1,,,resume
1117938,16,2,,,pause
1117938,16,2,,,resume
1117978,18,2,,,pause
1117978,18,2,,,resume
1118035,44,2,,,pause
1118118,44,2,,,resume
1118160,155,2,,,pause
1118160,155,2,,,resume
1118193,102,1,,,pause
1118230,115,1,,,pause
1118276,102,1,,,resume
1118312,98,1,,,pause
1118312,98,1,,,resume
1118313,115,1,,,resume
1118338,52,1,,,pause
1118338,52,1,,,resume
1118340,112,2,,,pause
1118352,125,2,,,pause
1118379,126,2,,,pause
1118379,126,2,,,resume
1118396,114,1,,,pause
1118423,112,2,,,resume
1118423,112,2,,,pause
1118435,125,2,,,resume
1118435,125,2,,,pause
1118468,42,2,,,pause
1118478,98,1,,,pause
1118495,96,2,,,pause
1118518,125,2,,,resume
1118518,125,2,,,pause
1118551,42,2,,,resume
1118551,42,2,,,pause
1118561,98,1,,,resume
1118562,114,1,,,resume
1118562,114,1,,,pause
1118578,96,2,,,resume
1118589,112,2,,,resume
1118589,112,2,,,pause
1118589,112,2,,,resume
1118591,72,1,,,pause
1118591,72,1,,,resume
1118601,125,2,,,resume
1118601,125,2,,,pause
1118603,16,2,,,pause
1118604,117,2,,,pause
1118604,117,2,,,resume
1118608,113,2,,,pause
1118630,46,2,,,pause
1118634,42,2,,,resume
1118646,114,1,,,resume
1118646,114,1,,,pause
1118677,55,1,,,pause
1118684,125,2,,,resume
1118686,16,2,,,resume
1118691,113,2,,,resume
1118704,75,2,,,pause
1118713,46,2,,,resume
1118717,42,2,,,pause
1118729,114,1,,,resume
1118729,114,1,,,pause
1118729,114,1,,,resume
1118758,72,1,,,pause
1118758,72,1,,,resume
1118760,55,1,,,resume
1118761,60,2,,,pause
1118774,113,2,,,pause
1118774,113,2,,,resume
1118787,75,2,,,resume
1118795,97,2,,,pause
1118798,42,1,,,pause
1118798,42,1,,,resume
1118800,42,2,,,resume
1118812,50,1,,,pause
1118838,112,2,,,pause
1118844,60,2,,,resume
1118844,60,2,,,pause
1118879,97,2,,,resume
1118894,115,1,,,pause
1118894,115,1,,,resume
1118895,50,1,,,resume
1118910,96,2,,,pause
1118927,60,2,,,resume
1118933,125,2,,,pause
1118993,96,2,,,resume
1119016,125,2,,,resume
1119016,125,2,,,pause
1119023,113,2,,,pause
1119049,42,2,,,pause
1119049,42,2,,,resume
1119106,113,2,,,resume
1119117,8,2,,,pause
1119117,8,2,,,resume
1119121,89,2,,,pause
1119121,89,2,,,resume
1119170,112,2,,,resume
1119170,112,2,,,pause
1119179,13,2,,,pause
1119179,13,2,,,resume
1119182,125,2,,,resume
1119219,119,2,,,pause
1119243,70,1,,,pause
1119243,70,1,,,resume
1119253,112,2,,,resume
1119253,112,2,,,pause
1119253,112,2,,,resume
1119302,119,2,,,resume
1119343,168,2,,,pause
1119384,64,2,,,pause
1119467,64,2,,,resume
1119525,118,1,,,pause
1119525,118,1,,,resume
1119608,118,1,,,pause
1119608,118,1,,,resume
1119675,168,2,,,resume
1119691,118,1,,,pause
1119691,118,1,,,resume
1119857,118,1,,,pause
1119940,118,1,,,resume
1120359,205,1,,,pause
1120359,205,1,,,resume
1120411,137,2,,,pause
1120411,137,2,,,resume
1120525,205,1,,,pause
1120525,205,1,,,resume
1120673,187,2,,,pause
1120693,141,2,,,pause
1120693,141,2,,,resume
1120756,187,2,,,resume
1120774,205,1,,,pause
1120774,205,1,,,resume
1120857,205,1,,,pause
1120857,205,1,,,resume
1120922,187,2,,,pause
1120922,187,2,,,resume
1121263,246,2,,,pause
1121283,180,1,,,pause
1121346,246,2,,,resume
1121366,180,1,,,resume
1122960,119,2,,,pause
1122960,119,2,,,resume
1122980,13,1,,,pause
1122980,13,1,,,resume
1123103,153,1,,,pause
1123127,18,2,,,pause
1123186,153,1,,,resume
1123210,18,2,,,resume
1123293,29,2,,,pause
1123293,29,2,,,resume
1123313,155,2,,,pause
1123313,155,2,,,resume
1123328,112,2,,,pause
1123328,112,2,,,resume
1123329,55,1,,,pause
1123365,121,2,,,pause
1123412,55,1,,,resume
1123448,121,2,,,resume
1123490,52,1,,,pause
1123495,55,1,,,pause
1123548,114,1,,,pause
1123573,52,1,,,resume
1123578,55,1,,,resume
1123578,55,1,,,pause
1123578,55,1,,,resume
1123614,126,2,,,pause
1123614,121,2,,,pause
1123614,126,2,,,resume
1123661,55,1,,,pause
1123661,55,1,,,resume
1123681,113,2,,,pause
1123686,114,2,,,pause
1123708,93,2,,,pause
1123708,93,2,,,resume
1123714,114,1,,,resume
1123731,127,2,,,pause
1123731,127,2,,,resume
1123741,72,1,,,pause
1123744,55,1,,,pause
1123756,117,2,,,pause
1123764,113,2,,,resume
1123769,114,2,,,resume
1123780,121,2,,,resume
1123791,93,2,,,pause
1123791,93,2,,,resume
1123803,65,1,,,pause
1123824,72,1,,,resume
1123839,117,2,,,resume
1123847,113,2,,,pause
1123853,75,2,,,pause
1123865,46,2,,,pause
1123886,65,1,,,resume
1123908,72,1,,,pause
1123908,72,1,,,resume
1123910,55,1,,,resume
1123910,55,1,,,pause
1123936,75,2,,,resume
1123948,46,2,,,resume
1123953,42,2,,,pause
1123972,125,2,,,pause
1123988,103,1,,,pause
1123992,112,2,,,pause
1124004,53,1,,,pause
1124004,53,1,,,resume
1124036,42,2,,,resume
1124036,42,2,,,pause
1124055,125,2,,,resume
1124055,125,2,,,pause
1124055,125,2,,,resume
1124071,103,1,,,resume
1124077,55,1,,,resume
1124077,55,1,,,pause
1124096,113,2,,,resume
1124119,42,2,,,resume
1124124,93,2,,,pause
1124127,50,1,,,pause
1124138,125,2,,,pause
1124138,125,2,,,resume
1124159,112,2,,,resume
1124159,112,2,,,pause
1124159,112,2,,,resume
1124160,55,1,,,resume
1124160,55,1,,,pause
1124170,53,1,,,pause
1124170,53,1,,,resume
1124207,93,2,,,resume
1124211,50,1,,,resume
1124221,125,2,,,pause
1124221,125,2,,,resume
1124243,55,1,,,resume
1124243,55,1,,,pause
1124262,113,2,,,pause
1124267,8,2,,,pause
1124267,8,2,,,resume
1124272,89,2,,,pause
1124295,50,1,,,pause
1124312,100,1,,,pause
1124326,55,1,,,resume
1124326,55,1,,,pause
1124326,55,1,,,resume
1124333,13,2,,,pause
1124347,115,2,,,pause
1124350,114,2,,,pause
1124355,89,2,,,resume
1124378,50,1,,,resume
1124387,125,2,,,pause
1124387,125,2,,,resume
1124395,100,1,,,resume
1124416,13,2,,,resume
1124511,113,2,,,resume
1124513,115,2,,,resume
1124516,114,2,,,resume
1124703,119,2,,,pause
1124762,115,2,,,pause
1124762,115,2,,,resume
1124835,53,1,,,pause
1124835,53,1,,,resume
1124869,119,2,,,resume
1125001,112,1,,,pause
1125084,112,1,,,resume
1125451,119,2,,,pause
1125534,119,2,,,resume
1125826,187,2,,,pause
1125909,187,2,,,resume
1125909,187,2,,,pause
1125927,205,1,,,pause
1125927,205,1,,,resume
1125992,187,2,,,resume
1126004,246,2,,,pause
1126004,246,2,,,resume
1126010,205,1,,,pause
1126010,205,1,,,resume
1126011,252,2,,,pause
1126011,252,2,,,resume
1126031,222,2,,,pause
1126031,222,2,,,resume
1126033,119,2,,,pause
1126075,187,2,,,pause
1126116,119,2,,,resume
1126149,249,1,,,pause
1126149,249,1,,,resume
1126158,187,2,,,resume
1126165,117,2,,,pause
1126171,246,2,,,pause
1126248,117,2,,,resume
1126254,246,2,,,resume
1126503,246,2,,,pause
1126586,246,2,,,resume
1127657,205,2,,,pause
1127740,205,2,,,resume
1128133,13,1,,,pause
1128133,13,1,,,resume
1128162,69,1,,,pause
1128245,69,1,,,resume
1128281,18,2,,,pause
1128281,18,2,,,resume
1128315,40,1,,,pause
1128315,40,1,,,resume
1128409,122,2,,,pause
1128409,122,2,,,resume
1128445,29,2,,,pause
1128445,29,2,,,resume
1128561,72,1,,,pause
1128589,114,2,,,pause
1128640,52,1,,,pause
1128644,72,1,,,resume
1128669,102,1,,,pause
1128672,114,2,,,resume
1128696,101,2,,,pause
1128696,101,2,,,resume
1128697,29,2,,,pause
1128697,29,2,,,resume
1128700,50,1,,,pause
1128700,50,1,,,resume
1128723,52,1,,,resume
1128727,72,1,,,pause
1128752,102,1,,,resume
1128783,50,1,,,pause
1128803,127,2,,,pause
1128810,72,1,,,resume
1128810,72,1,,,pause
1128849,121,2,,,pause
1128866,114,1,,,pause
1128866,50,1,,,resume
1128899,65,1,,,pause
1128899,65,1,,,resume
1128912,69,1,,,pause
1128912,16,2,,,pause
1128922,114,2,,,pause
1128922,114,2,,,resume
1128949,114,1,,,resume
1128976,72,1,,,resume
1128996,69,1,,,resume
1128996,16,2,,,resume
1129052,127,2,,,resume
1129052,127,2,,,pause
1129059,72,1,,,pause
1129065,65,1,,,pause
1129073,122,2,,,pause
1129073,122,2,,,resume
1129111,77,1,,,pause
1129135,127,2,,,resume
1129142,72,1,,,resume
1129142,72,1,,,pause
1129148,65,1,,,resume
1129170,113,2,,,pause
1129194,77,1,,,resume
1129225,72,1,,,resume
1129227,112,2,,,pause
1129231,65,1,,,pause
1129246,69,1,,,pause
1129253,113,2,,,resume
1129253,113,2,,,pause
1129265,121,2,,,resume
1129265,121,2,,,pause
1129303,127,2,,,pause
1129303,127,2,,,resume
1129308,49,1,,,pause
1129308,49,1,,,resume
1129314,65,1,,,resume
1129330,69,1,,,resume
1129336,113,2,,,resume
1129336,113,2,,,pause
1129337,114,2,,,pause
1129337,114,2,,,resume
1129338,24,1,,,pause
1129338,24,1,,,resume
1129349,121,2,,,resume
1129364,50,1,,,pause
1129374,59,2,,,pause
1129374,59,2,,,resume
1129394,112,2,,,resume
1129419,113,2,,,resume
1129419,113,2,,,pause
1129466,100,1,,,pause
1129477,112,2,,,pause
1129487,13,2,,,pause
1129504,113,2,,,resume
1129504,113,2,,,pause
1129515,121,2,,,pause
1129515,121,2,,,resume
1129530,50,1,,,resume
1129530,50,1,,,pause
1129549,100,1,,,resume
1129560,112,2,,,resume
1129560,112,2,,,pause
1129570,13,2,,,resume
1129575,117,2,,,pause
1129587,113,2,,,resume
1129587,113,2,,,pause
1129613,50,1,,,resume
1129643,112,2,,,resume
1129658,117,2,,,resume
1129658,117,2,,,pause
1129660,128,1,,,pause
1129670,113,2,,,resume
1129670,113,2,,,pause
1129670,113,2,,,resume
1129806,49,1,,,pause
1129806,49,1,,,resume
1129809,168,2,,,pause
1129878,160,2,,,pause
1129892,168,2,,,resume
1129907,117,2,,,resume
1129907,117,2,,,pause
1129907,117,2,,,resume
1129909,128,1,,,resume
1129962,160,2,,,resume
1129962,160,2,,,pause
1130046,160,2,,,resume
1130058,81,2,,,pause
1130058,81,2,,,resume
1130088,9,2,,,pause
1130088,9,2,,,resume
1130141,81,2,,,pause
1130141,81,2,,,resume
1130247,118,1,,,pause
1130315,205,2,,,pause
1130330,118,1,,,resume
1130398,205,2,,,resume
1130398,205,2,,,pause
1130481,205,2,,,resume
1130520,119,2,,,pause
1130603,119,2,,,resume
1130999,205,1,,,pause
1130999,205,1,,,resume
1131000,141,2,,,pause
1131000,141,2,,,resume
1131082,205,1,,,pause
1131082,205,1,,,resume
1131097,215,2,,,pause
1131097,215,2,,,resume
1131102,119,2,,,pause
1131185,119,2,,,resume
1131298,249,1,,,pause
1131298,249,1,,,resume
1131410,246,2,,,pause
1131410,246,2,,,resume
1131465,247,2,,,pause
1131465,247,2,,,resume
1131550,155,1,,,pause
1131583,150,2,,,pause
1131583,150,2,,,resume
1131633,155,1,,,resume
1131633,155,1,,,pause
1131633,155,1,,,resume
1131825,246,2,,,pause
1131825,246,2,,,resume
1132237,201,2,,,pause
1132237,201,2,,,resume
1133491,44,2,,,pause
1133563,122,2,,,pause
1133574,44,2,,,resume
1133646,122,2,,,resume
1133744,114,2,,,pause
1133744,114,2,,,resume
1133833,126,2,,,pause
1133833,126,2,,,resume
1133917,126,2,,,pause
1133974,112,1,,,pause
1134000,126,2,,,resume
1134045,103,1,,,pause
1134057,112,1,,,resume
1134101,114,1,,,pause
1134101,114,1,,,resume
1134111,96,2,,,pause
1134111,96,2,,,resume
1134129,103,1,,,resume
1134129,103,1,,,pause
1134129,103,1,,,resume
1134146,69,1,,,pause
1134184,75,2,,,pause
1134184,75,2,,,resume
1134212,103,1,,,pause
1134212,103,1,,,resume
1134229,69,1,,,resume
1134333,126,2,,,pause
1134333,126,2,,,resume
1134454,3,1,,,pause
1134454,3,1,,,resume
1134482,60,2,,,pause
1134482,60,2,,,resume
1134491,114,2,,,pause
1134491,114,2,,,resume
1134683,105,2,,,pause
1134683,105,2,,,resume
1134727,69,1,,,pause
1134812,69,1,,,resume
1134812,69,1,,,pause
1134895,69,1,,,resume
1134912,113,2,,,pause
1134995,113,2,,,resume
1135061,117,2,,,pause
1135144,117,2,,,resume
1135183,114,1,,,pause
1135266,114,1,,,resume
1135577,191,1,,,pause
1135577,191,1,,,resume
1135757,119,2,,,pause
1135840,119,2,,,resume
1135904,158,2,,,pause
1135904,158,2,,,resume
1135958,241,2,,,pause
1136006,119,2,,,pause
1136019,161,1,,,pause
1136019,161,1,,,resume
1136039,141,2,,,pause
1136039,141,2,,,resume
1136041,241,2,,,resume
1136049,205,2,,,pause
1136089,119,2,,,resume
1136122,141,2,,,pause
1136122,141,2,,,resume
1136132,205,2,,,resume
1136132,205,2,,,pause
1136205,141,2,,,pause
1136205,141,2,,,resume
1136215,205,2,,,resume
1136237,205,1,,,pause
1136237,205,1,,,resume
1136257,215,2,,,pause
1136257,215,2,,,resume
1136295,211,2,,,pause
1136295,211,2,,,resume
1136298,248,2,,,pause
1136313,201,2,,,pause
1136313,201,2,,,resume
1136338,119,2,,,pause
1136381,248,2,,,resume
1136396,201,2,,,pause
1136396,201,2,,,resume
1136421,119,2,,,resume
1136446,249,1,,,pause
1136446,249,1,,,resume
1136479,201,2,,,pause
1136479,201,2,,,resume
1136505,119,2,,,pause
1136567,246,2,,,pause
1136567,246,2,,,resume
1136588,119,2,,,resume
1136588,119,2,,,pause
1136622,247,2,,,pause
1136671,119,2,,,resume
1136705,247,2,,,resume
1136707,155,1,,,pause
1136709,184,1,,,pause
1136709,184,1,,,resume
1136710,168,2,,,pause
1136710,168,2,,,resume
1136790,155,1,,,resume
1136831,213,2,,,pause
1136831,213,2,,,resume
1136982,246,2,,,pause
1136982,246,2,,,resume
1138587,18,2,,,pause
1138665,46,2,,,pause
1138665,46,2,,,resume
1138670,18,2,,,resume
1138728,44,2,,,pause
1138758,29,2,,,pause
1138758,29,2,,,resume
1138811,44,2,,,resume
1138912,45,2,,,pause
1138912,45,2,,,resume
1138963,112,1,,,pause
1139022,100,1,,,pause
1139027,52,1,,,pause
1139037,49,1,,,pause
1139037,112,2,,,pause
1139037,49,1,,,resume
1139044,118,2,,,pause
1139046,112,1,,,resume
1139046,112,1,,,pause
1139062,61,2,,,pause
1139062,61,2,,,resume
1139105,100,1,,,resume
1139110,52,1,,,resume
1139118,72,1,,,pause
1139121,112,2,,,resume
1139127,118,2,,,resume
1139153,126,2,,,pause
1139157,121,2,,,pause
1139175,114,1,,,pause
1139179,96,2,,,pause
1139179,96,2,,,resume
1139200,103,1,,,pause
1139201,72,1,,,resume
1139203,49,1,,,pause
1139212,112,1,,,resume
1139212,112,1,,,pause
1139227,16,2,,,pause
1139236,113,2,,,pause
1139236,126,2,,,resume
1139258,114,1,,,resume
1139262,96,2,,,pause
1139262,96,2,,,resume
1139283,103,1,,,resume
1139283,103,1,,,pause
1139286,49,1,,,resume
1139286,49,1,,,pause
1139296,112,1,,,resume
1139310,16,2,,,resume
1139338,75,2,,,pause
1139338,75,2,,,resume
1139344,12,2,,,pause
1139344,12,2,,,resume
1139366,103,1,,,resume
1139366,103,1,,,pause
1139369,49,1,,,resume
1139369,49,1,,,pause
1139389,124,2,,,pause
1139400,42,1,,,pause
1139400,42,1,,,resume
1139422,50,1,,,pause
1139422,50,1,,,resume
1139439,100,1,,,pause
1139449,103,1,,,resume
1139452,49,1,,,resume
1139452,49,1,,,pause
1139452,49,1,,,resume
1139458,53,1,,,pause
1139458,53,1,,,resume
1139472,124,2,,,resume
1139472,124,2,,,pause
1139485,113,2,,,resume
1139485,126,2,,,pause
1139485,126,2,,,resume
1139511,12,2,,,pause
1139511,12,2,,,resume
1139522,100,1,,,resume
1139522,100,1,,,pause
1139522,100,1,,,resume
1139533,72,1,,,pause
1139533,72,1,,,resume
1139535,49,1,,,pause
1139535,49,1,,,resume
1139544,13,2,,,pause
1139555,124,2,,,resume
1139573,121,2,,,resume
1139608,70,1,,,pause
1139608,70,1,,,resume
1139618,49,1,,,pause
1139618,49,1,,,resume
1139627,13,2,,,resume
1139652,113,2,,,pause
1139691,70,1,,,pause
1139692,52,1,,,pause
1139692,52,1,,,resume
1139701,49,1,,,pause
1139774,70,1,,,resume
1139774,70,1,,,pause
1139784,49,1,,,resume
1139784,49,1,,,pause
1139784,49,1,,,resume
1139785,105,2,,,pause
1139818,113,2,,,resume
1139857,70,1,,,resume
1139857,70,1,,,pause
1139857,70,1,,,resume
1139868,105,2,,,resume
1139883,117,2,,,pause
1140116,49,1,,,pause
1140116,49,1,,,resume
1140117,112,2,,,pause
1140132,117,2,,,resume
1140132,117,2,,,pause
1140212,128,1,,,pause
1140212,128,1,,,resume
1140215,117,2,,,resume
1140254,114,1,,,pause
1140289,53,1,,,pause
1140289,53,1,,,resume
1140368,112,2,,,resume
1140375,112,1,,,pause
1140375,187,2,,,pause
1140375,187,2,,,resume
1140420,114,1,,,resume
1140444,81,2,,,pause
1140444,81,2,,,resume
1140458,112,1,,,resume
1140597,186,1,,,pause
1140597,186,1,,,resume
1140680,186,1,,,pause
1140680,186,1,,,resume
1140695,119,1,,,pause
1140778,119,1,,,resume
1140908,119,2,,,pause
1140923,238,2,,,pause
1140923,238,2,,,resume
1140991,119,2,,,resume
1140991,119,2,,,pause
1141059,158,2,,,pause
1141059,158,2,,,resume
1141060,205,1,,,pause
1141060,205,1,,,resume
1141074,119,2,,,resume
1141280,211,2,,,pause
1141280,211,2,,,resume
1141446,211,2,,,pause
1141529,211,2,,,resume
1141557,246,2,,,pause
1141557,246,2,,,resume
1141595,249,1,,,pause
1141595,249,1,,,resume
1141616,239,1,,,pause
1141616,239,1,,,resume
1141619,115,2,,,pause
1141619,115,2,,,resume
1141723,246,2,,,pause
1141723,246,2,,,resume
1141752,217,1,,,pause
1141752,217,1,,,resume
1141776,155,1,,,pause
1141822,119,2,,,pause
1141905,119,2,,,resume
1141922,242,2,,,pause
1141942,155,1,,,resume
1142005,242,2,,,resume
1142055,246,2,,,pause
1142117,115,2,,,pause
1142117,115,2,,,resume
1142138,246,2,,,resume
1142138,246,2,,,pause
1142138,246,2,,,resume
1142689,155,1,,,pause
1142689,155,1,,,resume
1143532,115,2,,,pause
1143532,115,2,,,resume
1143699,115,2,,,pause
1143699,115,2,,,resume
1143736,46,2,,,pause
1143736,46,2,,,resume
1143739,18,2,,,pause
1143782,115,2,,,pause
1143782,115,2,,,resume
1143783,43,2,,,pause
1143783,43,2,,,resume
1143816,39,2,,,pause
1143822,18,2,,,resume
1143865,115,2,,,pause
1143866,43,2,,,pause
1143866,43,2,,,resume
1143878,9,1,,,pause
1143899,39,2,,,resume
1143961,9,1,,,resume
1144031,115,2,,,resume
1144067,45,2,,,pause
1144136,126,2,,,pause
1144150,45,2,,,resume
1144179,52,1,,,pause
1144215,114,2,,,pause
1144246,113,2,,,pause
1144246,113,2,,,resume
1144262,52,1,,,resume
1144272,72,1,,,pause
1144272,72,1,,,resume
1144280,115,2,,,pause
1144329,96,2,,,pause
1144329,79,2,,,pause
1144329,96,2,,,resume
1144329,79,2,,,resume
1144363,115,2,,,resume
1144382,16,2,,,pause
1144382,114,2,,,resume
1144386,126,2,,,resume
1144386,126,2,,,pause
1144412,96,2,,,pause
1144412,96,2,,,resume
1144440,49,1,,,pause
1144446,115,2,,,pause
1144446,115,2,,,resume
1144454,122,2,,,pause
1144465,16,2,,,resume
1144469,126,2,,,resume
1144469,126,2,,,pause
1144486,7,2,,,pause
1144486,7,2,,,resume
1144491,75,2,,,pause
1144491,75,2,,,resume
1144498,12,2,,,pause
1144498,12,2,,,resume
1144523,49,1,,,resume
1144524,112,2,,,pause
1144524,112,2,,,resume
1144529,115,2,,,pause
1144530,112,1,,,pause
1144537,122,2,,,resume
1144552,126,2,,,resume
1144563,39,2,,,pause
1144578,113,2,,,pause
1144581,12,2,,,pause
1144581,12,2,,,resume
1144602,103,1,,,pause
1144608,112,2,,,pause
1144613,112,1,,,resume
1144646,39,2,,,resume
1144662,113,2,,,resume
1144664,12,2,,,pause
1144664,12,2,,,resume
1144685,103,1,,,resume
1144685,103,1,,,pause
1144691,112,2,,,resume
1144745,113,2,,,pause
1144745,113,2,,,resume
1144747,12,2,,,pause
1144768,103,1,,,resume
1144768,103,1,,,pause
1144778,115,2,,,resume
1144830,19,2,,,pause
1144830,12,2,,,resume
1144852,103,1,,,resume
1144861,115,2,,,pause
1144861,115,2,,,resume
1144913,19,2,,,resume
1144944,115,2,,,pause
1145027,115,2,,,resume
1145047,114,2,,,pause
1145113,128,1,,,pause
1145115,117,2,,,pause
1145130,114,2,,,resume
1145279,128,1,,,resume
1145282,117,2,,,resume
1145290,124,2,,,pause
1145290,124,2,,,resume
1145301,64,2,,,pause
1145301,64,2,,,resume
1145361,112,1,,,pause
1145361,112,1,,,resume
1145528,187,2,,,pause
1145611,187,2,,,resume
1145750,186,1,,,pause
1145750,186,1,,,resume
1145833,186,1,,,pause
1145833,186,1,,,resume
1145978,119,2,,,pause
1146061,119,2,,,resume
1146078,238,2,,,pause
1146078,238,2,,,resume
1146442,141,2,,,pause
1146442,141,2,,,resume
1146660,253,1,,,pause
1146660,253,1,,,resume
1146744,249,1,,,pause
1146744,249,1,,,resume
1146903,217,1,,,pause
1146903,217,1,,,resume
1146931,155,1,,,pause
1147097,155,1,,,resume
1147102,240,2,,,pause
1147185,240,2,,,resume
1147185,240,2,,,pause
1147268,240,2,,,resume
1147434,112,2,,,pause
1147518,112,2,,,resume
1148768,115,2,,,pause
1148807,45,2,,,pause
1148851,115,2,,,resume
1148851,115,2,,,pause
1148851,115,2,,,resume
1148890,45,2,,,resume
1148953,44,2,,,pause
1148953,44,2,,,resume
1148998,115,1,,,pause
1148998,115,1,,,resume
1149030,9,1,,,pause
1149036,44,2,,,pause
1149067,29,2,,,pause
1149067,29,2,,,resume
1149119,44,2,,,resume
1149145,47,1,,,pause
1149172,97,2,,,pause
1149172,97,2,,,resume
1149183,115,2,,,pause
1149183,115,2,,,resume
1149196,9,1,,,resume
1149228,47,1,,,resume
1149249,125,2,,,pause
1149249,125,2,,,resume
1149329,52,1,,,pause
1149369,126,2,,,pause
1149412,52,1,,,resume
1149426,72,1,,,pause
1149426,72,1,,,resume
1149452,126,2,,,resume
1149463,121,2,,,pause
1149479,96,2,,,pause
1149479,96,2,,,resume
1149487,1,2,,,pause
1149487,1,2,,,resume
1149496,115,1,,,pause
1149498,125,2,,,pause
1149535,126,2,,,pause
1149535,126,2,,,resume
1149547,121,2,,,resume
1149561,114,1,,,pause
1149561,114,1,,,resume
1149562,96,2,,,pause
1149562,96,2,,,resume
1149579,115,1,,,resume
1149581,125,2,,,resume
1149618,126,2,,,pause
1149618,126,2,,,resume
1149630,121,2,,,pause
1149644,75,2,,,pause
1149644,75,2,,,resume
1149650,113,2,,,pause
1149679,112,1,,,pause
1149681,115,2,,,pause
1149695,9,1,,,pause
1149701,42,1,,,pause
1149701,42,1,,,resume
1149713,121,2,,,resume
1149762,53,1,,,pause
1149762,53,1,,,resume
1149778,9,1,,,resume
1149817,113,2,,,resume
1149817,113,2,,,pause
1149839,155,1,,,pause
1149846,112,1,,,resume
1149847,115,2,,,resume
1149847,115,2,,,pause
1149900,113,2,,,resume
1149922,103,1,,,pause
1149922,155,1,,,resume
1149974,40,2,,,pause
1150014,115,2,,,resume
1150014,115,2,,,pause
1150057,40,2,,,resume
1150088,103,1,,,resume
1150097,115,2,,,resume
1150115,25,2,,,pause
1150115,25,2,,,resume
1150254,155,1,,,pause
1150259,153,2,,,pause
1150261,112,1,,,pause
1150261,112,1,,,resume
1150268,117,2,,,pause
1150342,153,2,,,resume
1150344,112,1,,,pause
1150344,112,1,,,resume
1150435,117,2,,,resume
1150452,64,2,,,pause
1150452,64,2,,,resume
1150493,115,1,,,pause
1150504,155,1,,,resume
1150513,128,1,,,pause
1150513,128,1,,,resume
1150577,115,1,,,resume
1150588,119,1,,,pause
1150592,53,1,,,pause
1150592,53,1,,,resume
1150671,119,1,,,resume
1150680,187,2,,,pause
1150753,155,1,,,pause
1150836,155,1,,,resume
1150836,155,1,,,pause
1150861,151,1,,,pause
1150861,151,1,,,resume
1150870,187,2,,,resume
1150905,186,1,,,pause
1150905,186,1,,,resume
1150919,155,1,,,resume
1150919,155,1,,,pause
1150988,186,1,,,pause
1150988,186,1,,,resume
1151002,155,1,,,resume
1151002,155,1,,,pause
1151002,155,1,,,resume
1151085,155,1,,,pause
1151093,205,2,,,pause
1151093,205,2,,,resume
1151149,238,2,,,pause
1151172,155,1,,,resume
1151232,238,2,,,resume
1151232,238,2,,,pause
1151232,238,2,,,resume
1151427,217,2,,,pause
1151427,217,2,,,resume
1151534,205,1,,,pause
1151617,205,1,,,resume
1151794,119,2,,,pause
1151877,119,2,,,resume
1152036,246,2,,,pause
1152080,184,1,,,pause
1152080,184,1,,,resume
1152119,246,2,,,resume
1152368,246,2,,,pause
1152451,246,2,,,resume
1152510,112,2,,,pause
1152593,112,2,,,resume
1152678,112,2,,,pause
1152678,112,2,,,resume
1152925,128,1,,,pause
1152925,128,1,,,resume
1153003,205,2,,,pause
1153087,205,2,,,resume
1153968,45,2,,,pause
1154051,45,2,,,resume
1154069,125,2,,,pause
1154152,125,2,,,resume
1154195,44,2,,,pause
1154227,29,2,,,pause
1154227,29,2,,,resume
1154236,125,2,,,pause
1154278,44,2,,,resume
1154319,125,2,,,resume
1154332,97,2,,,pause
1154332,97,2,,,resume
1154337,72,1,,,pause
1154337,72,1,,,resume
1154384,45,2,,,pause
1154403,125,2,,,pause
1154422,72,1,,,pause
1154422,72,1,,,resume
1154462,126,2,,,pause
1154467,45,2,,,resume
1154486,125,2,,,resume
1154519,69,1,,,pause
1154519,69,1,,,resume
1154551,114,1,,,pause
1154589,72,1,,,pause
1154589,72,1,,,resume
1154628,126,2,,,resume
1154628,126,2,,,pause
1154634,114,1,,,resume
1154635,96,2,,,pause
1154635,96,2,,,resume
1154652,125,2,,,pause
1154673,96,1,,,pause
1154673,96,1,,,resume
1154675,115,2,,,pause
1154712,126,2,,,resume
1154712,126,2,,,pause
1154712,126,2,,,resume
1154718,96,2,,,pause
1154718,96,2,,,resume
1154735,125,2,,,resume
1154782,75,2,,,pause
1154782,75,2,,,resume
1154786,121,2,,,pause
1154795,126,2,,,pause
1154798,120,2,,,pause
1154798,120,2,,,resume
1154806,18,2,,,pause
1154806,50,1,,,pause
1154806,18,2,,,resume
1154810,113,2,,,pause
1154814,12,2,,,pause
1154841,115,2,,,resume
1154841,115,2,,,pause
1154869,121,2,,,resume
1154878,126,2,,,resume
1154889,50,1,,,resume
1154893,113,2,,,resume
1154893,113,2,,,pause
1154897,12,2,,,resume
1154897,12,2,,,pause
1154917,112,1,,,pause
1154920,53,1,,,pause
1154920,53,1,,,resume
1154922,96,1,,,pause
1154922,96,1,,,resume
1154924,115,2,,,resume
1154924,115,2,,,pause
1154940,124,2,,,pause
1154942,78,1,,,pause
1154942,78,1,,,resume
1154952,23,2,,,pause
1154980,12,2,,,resume
1155000,112,1,,,resume
1155004,53,1,,,pause
1155004,53,1,,,resume
1155007,115,2,,,resume
1155007,115,2,,,pause
1155007,115,2,,,resume
1155024,124,2,,,resume
1155033,22,2,,,pause
1155035,121,2,,,pause
1155035,23,2,,,resume
1155051,114,1,,,pause
1155053,22,2,,,resume
1155055,42,2,,,pause
1155061,113,2,,,resume
1155089,128,1,,,pause
1155118,121,2,,,resume
1155134,114,1,,,resume
1155134,114,1,,,pause
1155139,59,2,,,pause
1155140,42,2,,,resume
1155140,42,2,,,pause
1155141,42,2,,,resume
1155142,19,2,,,pause
1155172,128,1,,,resume
1155218,114,1,,,resume
1155222,59,2,,,resume
1155225,19,2,,,resume
1155338,128,1,,,pause
1155342,117,2,,,pause
1155425,117,2,,,resume
1155473,42,2,,,pause
1155497,153,2,,,pause
1155508,117,2,,,pause
1155553,18,2,,,pause
1155553,18,2,,,resume
1155556,42,2,,,resume
1155571,168,2,,,pause
1155571,168,2,,,resume
1155580,153,2,,,resume
1155590,128,1,,,resume
1155590,128,1,,,pause
1155590,128,1,,,resume
1155591,117,2,,,resume
1155610,64,2,,,pause
1155667,112,1,,,pause
1155693,64,2,,,resume
1155751,53,1,,,pause
1155751,112,1,,,resume
1155751,53,1,,,resume
1155751,112,1,,,pause
1155751,112,1,,,resume
1155830,205,2,,,pause
1155830,205,2,,,resume
1156061,186,1,,,pause
1156144,186,1,,,resume
1156165,187,2,,,pause
1156165,187,2,,,resume
1156186,222,2,,,pause
1156186,222,2,,,resume
1156304,238,2,,,pause
1156358,114,2,,,pause
1156387,238,2,,,resume
1156435,222,2,,,pause
1156441,114,2,,,resume
1156486,190,2,,,pause
1156518,222,2,,,resume
1156565,164,2,,,pause
1156569,190,2,,,resume
1156569,190,2,,,pause
1156648,164,2,,,resume
1156652,190,2,,,resume
1156660,210,2,,,pause
1156660,210,2,,,resume
1156913,187,2,,,pause
1156940,150,2,,,pause
1156940,150,2,,,resume
1156996,187,2,,,resume
1157130,242,2,,,pause
1157130,242,2,,,resume
1157182,246,1,,,pause
1157182,246,1,,,resume
1157630,182,1,,,pause
1157630,182,1,,,resume
1157937,176,1,,,pause
1157937,176,1,,,resume
1159195,121,2,,,pause
1159278,121,2,,,resume
1159380,29,2,,,pause
1159380,29,2,,,resume
1159432,114,2,,,pause
1159488,97,2,,,pause
1159488,97,2,,,resume
1159502,115,2,,,pause
1159515,114,2,,,resume
1159571,97,2,,,pause
1159571,97,2,,,resume
1159585,115,2,,,resume
1159657,112,1,,,pause
1159681,114,2,,,pause
1159738,72,1,,,pause
1159740,112,1,,,resume
1159740,112,1,,,pause
1159744,128,1,,,pause
1159744,128,1,,,resume
1159764,114,2,,,resume
1159777,121,2,,,pause
1159810,115,1,,,pause
1159810,115,1,,,resume
1159821,72,1,,,resume
1159823,112,1,,,resume
1159833,96,1,,,pause
1159833,96,1,,,resume
1159860,121,2,,,resume
1159860,121,2,,,pause
1159860,121,2,,,resume
1159884,18,2,,,pause
1159915,117,2,,,pause
1159915,117,2,,,resume
1159963,75,2,,,pause
1159963,75,2,,,resume
1159967,18,2,,,resume
1159986,17,2,,,pause
1159987,113,2,,,pause
1160001,115,2,,,pause
1160033,126,2,,,pause
1160069,17,2,,,resume
1160069,17,2,,,pause
1160072,112,1,,,pause
1160092,78,1,,,pause
1160092,78,1,,,resume
1160116,126,2,,,resume
1160152,17,2,,,resume
1160153,97,2,,,pause
1160153,113,2,,,resume
1160153,97,2,,,resume
1160155,112,1,,,resume
1160155,112,1,,,pause
1160189,23,2,,,pause
1160205,114,1,,,pause
1160213,42,2,,,pause
1160238,112,1,,,resume
1160272,23,2,,,resume
1160282,126,2,,,pause
1160282,126,2,,,resume
1160296,42,2,,,resume
1160296,42,2,,,pause
1160333,115,2,,,resume
1160372,114,1,,,resume
1160379,42,2,,,resume
1160414,117,2,,,pause
1160474,115,1,,,pause
1160526,119,2,,,pause
1160526,119,2,,,resume
1160558,115,1,,,resume
1160580,96,1,,,pause
1160580,96,1,,,resume
1160653,153,2,,,pause
1160714,18,2,,,pause
1160714,18,2,,,resume
1160725,168,2,,,pause
1160725,168,2,,,resume
1160736,153,2,,,resume
1160736,153,2,,,pause
1160746,117,2,,,resume
1160761,89,2,,,pause
1160761,89,2,,,resume
1160780,126,2,,,pause
1160780,126,2,,,resume
1160807,115,1,,,pause
1160807,115,1,,,resume
1160819,153,2,,,resume
1160863,126,2,,,pause
1160863,126,2,,,resume
1160930,176,1,,,pause
1160930,176,1,,,resume
1160983,205,2,,,pause
1161010,64,2,,,pause
1161066,205,2,,,resume
1161093,64,2,,,resume
1161214,186,1,,,pause
1161255,151,1,,,pause
1161255,151,1,,,resume
1161297,186,1,,,resume
1161350,203,2,,,pause
1161380,186,1,,,pause
1161405,128,1,,,pause
1161405,128,1,,,resume
1161433,203,2,,,resume
1161463,186,1,,,resume
1161482,205,2,,,pause
1161488,128,1,,,pause
1161565,205,2,,,resume
1161571,128,1,,,resume
1161586,222,2,,,pause
1161600,203,2,,,pause
1161600,203,2,,,resume
1161669,222,2,,,resume
1161741,217,2,,,pause
1161824,217,2,,,resume
1161922,200,2,,,pause
1162005,200,2,,,resume
1162005,200,2,,,pause
1162067,245,2,,,pause
1162067,245,2,,,resume
1162088,200,2,,,resume
1162090,180,1,,,pause
1162173,180,1,,,resume
1162173,180,1,,,pause
1162173,180,1,,,resume
1162339,180,1,,,pause
1162339,180,1,,,resume
1162377,186,1,,,pause
1162414,246,1,,,pause
1162414,246,1,,,resume
1162505,180,1,,,pause
1162543,186,1,,,resume
1162588,180,1,,,resume
1162588,180,1,,,pause
1162588,180,1,,,resume
1162782,182,1,,,pause
1162782,182,1,,,resume
1162923,176,1,,,pause
1163003,124,2,,,pause
1163006,176,1,,,resume
1163065,155,1,,,pause
1163065,155,1,,,resume
1163086,124,2,,,resume
1163089,176,1,,,pause
1163089,176,1,,,resume
1164296,115,1,,,pause
1164356,46,2,,,pause
1164356,46,2,,,resume
1164359,45,2,,,pause
1164380,115,1,,,resume
1164380,115,1,,,pause
1164380,115,1,,,resume
1164443,45,2,,,resume
1164458,18,2,,,pause
1164458,18,2,,,resume
1164519,126,2,,,pause
1164530,29,2,,,pause
1164530,29,2,,,resume
1164548,115,1,,,pause
1164548,115,1,,,resume
1164602,126,2,,,resume
1164602,126,2,,,pause
1164665,97,2,,,pause
1164665,97,2,,,resume
1164694,45,2,,,pause
1164748,154,2,,,pause
1164748,154,2,,,resume
1164768,126,2,,,resume
1164776,22,2,,,pause
1164777,45,2,,,resume
1164797,115,1,,,pause
1164837,102,1,,,pause
1164837,102,1,,,resume
1164851,126,2,,,pause
1164859,22,2,,,resume
1164880,115,1,,,resume
1164891,72,1,,,pause
1164891,72,1,,,resume
1164894,113,2,,,pause
1164894,113,2,,,resume
1164917,114,2,,,pause
1164929,121,2,,,pause
1164934,126,2,,,resume
1164949,75,2,,,pause
1164949,75,2,,,resume
1164963,115,1,,,pause
1164963,115,1,,,resume
1164983,96,1,,,pause
1164983,96,1,,,resume
1164993,71,1,,,pause
1165000,114,2,,,resume
1165012,121,2,,,resume
1165039,54,2,,,pause
1165040,18,2,,,pause
1165060,113,2,,,pause
1165063,79,2,,,pause
1165063,79,2,,,resume
1165067,117,2,,,pause
1165068,13,2,,,pause
1165080,71,1,,,resume
1165083,114,2,,,pause
1165083,114,2,,,resume
1165095,121,2,,,pause
1165100,126,2,,,pause
1165115,75,2,,,pause
1165115,75,2,,,resume
1165117,42,2,,,pause
1165122,54,2,,,resume
1165124,18,2,,,resume
1165124,18,2,,,pause
1165124,18,2,,,resume
1165131,125,2,,,pause
1165143,113,2,,,resume
1165143,113,2,,,pause
1165165,50,2,,,pause
1165165,50,2,,,resume
1165178,121,2,,,resume
1165183,126,2,,,resume
1165183,126,2,,,pause
1165200,51,1,,,pause
1165200,42,2,,,resume
1165200,51,1,,,resume
1165200,42,2,,,pause
1165214,125,2,,,resume
1165232,96,1,,,pause
1165232,96,1,,,resume
1165233,117,2,,,resume
1165233,117,2,,,pause
1165233,117,2,,,resume
1165234,13,2,,,resume
1165244,78,1,,,pause
1165244,78,1,,,resume
1165266,126,2,,,resume
1165283,42,2,,,resume
1165283,42,2,,,pause
1165297,125,2,,,pause
1165297,125,2,,,resume
1165307,155,1,,,pause
1165309,113,2,,,resume
1165309,113,2,,,pause
1165309,113,2,,,resume
1165317,117,2,,,pause
1165317,117,2,,,resume
1165330,97,2,,,pause
1165330,97,2,,,resume
1165349,126,2,,,pause
1165356,114,1,,,pause
1165378,23,2,,,pause
1165390,155,1,,,resume
1165390,155,1,,,pause
1165390,155,1,,,resume
1165439,114,1,,,resume
1165450,42,2,,,resume
1165450,42,2,,,pause
1165462,23,2,,,resume
1165462,23,2,,,pause
1165462,23,2,,,resume
1165473,155,1,,,pause
1165516,126,2,,,resume
1165533,42,2,,,resume
1165556,155,1,,,resume
1165558,113,2,,,pause
1165641,113,2,,,resume
1165678,119,2,,,pause
1165678,119,2,,,resume
1165699,42,2,,,pause
1165722,155,1,,,pause
1165732,117,2,,,pause
1165735,96,1,,,pause
1165735,96,1,,,resume
1165761,119,2,,,pause
1165782,42,2,,,resume
1165782,42,2,,,pause
1165805,155,1,,,resume
1165805,155,1,,,pause
1165815,117,2,,,resume
1165815,117,2,,,pause
1165865,42,2,,,resume
1165877,168,2,,,pause
1165877,168,2,,,resume
1165888,155,1,,,resume
1165898,117,2,,,resume
1165898,117,2,,,pause
1165909,118,1,,,pause
1165909,118,1,,,resume
1165913,89,2,,,pause
1165913,89,2,,,resume
1165927,119,2,,,resume
1165981,117,2,,,resume
1165981,117,2,,,pause
1165981,117,2,,,resume
1166075,64,2,,,pause
1166160,64,2,,,resume
1166220,187,2,,,pause
1166229,119,1,,,pause
1166303,187,2,,,resume
1166312,119,1,,,resume
1166327,151,1,,,pause
1166327,151,1,,,resume
1166505,203,2,,,pause
1166505,203,2,,,resume
1166556,128,1,,,pause
1166597,189,1,,,pause
1166639,128,1,,,resume
1166639,128,1,,,pause
1166639,128,1,,,resume
1166642,155,1,,,pause
1166680,189,1,,,resume
1166725,155,1,,,resume
1166898,217,2,,,pause
1166922,159,1,,,pause
1166922,159,1,,,resume
1166981,217,2,,,resume
1167022,231,2,,,pause
1167074,200,2,,,pause
1167105,231,2,,,resume
1167157,200,2,,,resume
1167157,200,2,,,pause
1167220,128,1,,,pause
1167240,200,2,,,resume
1167245,228,2,,,pause
1167256,244,2,,,pause
1167256,244,2,,,resume
1167303,128,1,,,resume
1167328,228,2,,,resume
1167376,211,2,,,pause
1167376,211,2,,,resume
1167382,248,2,,,pause
1167382,248,2,,,resume
1167591,218,1,,,pause
1167591,218,1,,,resume
1167926,221,1,,,pause
1167926,221,1,,,resume
1168987,124,2,,,pause
1169070,124,2,,,resume
1169303,112,2,,,pause
1169303,112,2,,,resume
1169367,115,1,,,pause
1169367,115,1,,,resume
1169553,43,2,,,pause
1169553,43,2,,,resume
1169598,45,2,,,pause
1169636,43,2,,,pause
1169651,25,2,,,pause
1169651,25,2,,,resume
1169681,45,2,,,resume
1169719,43,2,,,resume
1169872,43,1,,,pause
1169872,43,1,,,resume
1170032,115,1,,,pause
1170036,125,2,,,pause
1170043,72,1,,,pause
1170043,72,1,,,resume
1170045,70,1,,,pause
1170065,71,1,,,pause
1170086,96,2,,,pause
1170086,96,2,,,resume
1170093,114,1,,,pause
1170105,75,2,,,pause
1170115,115,1,,,resume
1170128,70,1,,,resume
1170139,96,1,,,pause
1170139,96,1,,,resume
1170148,71,1,,,resume
1170169,96,2,,,pause
1170169,96,2,,,resume
1170176,114,1,,,resume
1170195,54,2,,,pause
1170195,54,2,,,resume
1170197,18,2,,,pause
1170202,125,2,,,resume
1170206,99,1,,,pause
1170215,49,1,,,pause
1170248,121,2,,,pause
1170249,120,2,,,pause
1170280,18,2,,,resume
1170289,99,1,,,resume
1170294,112,1,,,pause
1170298,49,1,,,resume
1170331,121,2,,,resume
1170331,121,2,,,pause
1170332,120,2,,,resume
1170347,93,2,,,pause
1170347,93,2,,,resume
1170355,75,2,,,resume
1170372,99,1,,,pause
1170377,112,1,,,resume
1170380,155,1,,,pause
1170383,112,2,,,pause
1170388,96,1,,,pause
1170388,96,1,,,resume
1170389,115,2,,,pause
1170396,78,1,,,pause
1170396,78,1,,,resume
1170414,121,2,,,resume
1170415,120,2,,,pause
1170451,125,2,,,pause
1170455,99,1,,,resume
1170458,53,1,,,pause
1170458,53,1,,,resume
1170509,114,1,,,pause
1170538,48,1,,,pause
1170538,48,1,,,resume
1170541,24,1,,,pause
1170541,24,1,,,resume
1170546,155,1,,,resume
1170554,117,2,,,pause
1170581,120,2,,,resume
1170592,114,1,,,resume
1170592,114,1,,,pause
1170615,115,1,,,pause
1170615,115,1,,,resume
1170618,125,2,,,resume
1170637,117,2,,,resume
1170638,115,2,,,resume
1170638,115,2,,,pause
1170675,114,1,,,resume
1170708,128,1,,,pause
1170721,115,2,,,resume
1170721,115,2,,,pause
1170781,115,1,,,pause
1170799,112,2,,,resume
1170804,115,2,,,resume
1170804,115,2,,,pause
1170886,96,1,,,pause
1170886,96,1,,,resume
1170889,115,2,,,resume
1170960,153,2,,,pause
1171031,115,1,,,resume
1171031,115,1,,,pause
1171031,115,1,,,resume
1171041,128,1,,,resume
1171043,153,2,,,resume
1171043,153,2,,,pause
1171064,89,2,,,pause
1171064,89,2,,,resume
1171083,116,2,,,pause
1171126,153,2,,,resume
1171166,116,2,,,resume
1171166,116,2,,,pause
1171249,116,2,,,resume
1171373,187,2,,,pause
1171479,118,1,,,pause
1171479,118,1,,,resume
1171541,187,2,,,resume
1171550,117,2,,,pause
1171550,117,2,,,resume
1171661,203,2,,,pause
1171744,203,2,,,resume
1171796,155,1,,,pause
1171879,155,1,,,resume
1171893,200,2,,,pause
1171976,200,2,,,resume
1172129,118,2,,,pause
1172129,118,2,,,resume
1172205,187,2,,,pause
1172205,187,2,,,resume
1172284,184,1,,,pause
1172284,184,1,,,resume
1172297,245,2,,,pause
1172380,245,2,,,resume
1172385,222,2,,,pause
1172385,222,2,,,resume
1172386,217,2,,,pause
1172386,217,2,,,resume
1172452,210,2,,,pause
1172452,210,2,,,resume
1172524,186,2,,,pause
1172524,186,2,,,resume
1174219,154,2,,,pause
1174219,154,2,,,resume
1174773,18,2,,,pause
1174773,18,2,,,resume
1174835,29,2,,,pause
1174835,29,2,,,resume
1174957,117,2,,,pause
1175031,72,1,,,pause
1175031,72,1,,,resume
1175040,117,2,,,resume
1175089,29,2,,,pause
1175089,29,2,,,resume
1175109,125,2,,,pause
1175141,114,2,,,pause
1175192,125,2,,,resume
1175197,72,1,,,pause
1175197,72,1,,,resume
1175211,113,2,,,pause
1175211,113,2,,,resume
1175224,114,2,,,resume
1175246,114,1,,,pause
1175255,29,2,,,pause
1175255,29,2,,,resume
1175294,96,1,,,pause
1175294,96,1,,,resume
1175297,115,2,,,pause
1175320,96,2,,,pause
1175320,96,2,,,resume
1175329,114,1,,,resume
1175343,42,2,,,pause
1175343,42,2,,,resume
1175355,18,2,,,pause
1175361,2,1,,,pause
1175361,2,1,,,resume
1175370,43,2,,,pause
1175389,9,2,,,pause
1175392,16,2,,,pause
1175426,42,2,,,pause
1175438,18,2,,,resume
1175440,66,1,,,pause
1175453,43,2,,,resume
1175472,9,2,,,resume
1175472,9,2,,,pause
1175472,9,2,,,resume
1175475,16,2,,,resume
1175483,121,2,,,pause
1175509,42,2,,,resume
1175509,42,2,,,pause
1175523,66,1,,,resume
1175533,112,1,,,pause
1175544,113,2,,,pause
1175546,115,2,,,resume
1175546,115,2,,,pause
1175546,115,2,,,resume
1175592,42,2,,,resume
1175611,53,1,,,pause
1175611,53,1,,,resume
1175616,112,1,,,resume
1175616,112,1,,,pause
1175616,112,1,,,resume
1175617,155,1,,,pause
1175617,155,1,,,resume
1175627,113,2,,,resume
1175662,114,1,,,pause
1175692,48,1,,,pause
1175692,99,1,,,pause
1175692,48,1,,,resume
1175775,99,1,,,resume
1175816,120,2,,,pause
1175816,121,2,,,resume
1175816,120,2,,,resume
1175876,155,2,,,pause
1175876,155,2,,,resume
1175912,114,1,,,resume
1176030,153,2,,,pause
1176042,96,1,,,pause
1176042,96,1,,,resume
1176133,25,2,,,pause
1176133,25,2,,,resume
1176215,159,2,,,pause
1176280,153,2,,,resume
1176288,117,2,,,pause
1176298,159,2,,,resume
1176371,117,2,,,resume
1176442,205,2,,,pause
1176525,205,2,,,resume
1176525,205,2,,,pause
1176608,187,2,,,pause
1176608,205,2,,,resume
1176690,113,1,,,pause
1176690,113,1,,,resume
1176692,187,2,,,resume
1176773,113,1,,,pause
1176773,113,1,,,resume
1176781,154,1,,,pause
1176781,154,1,,,resume
1176816,203,2,,,pause
1176899,203,2,,,resume
1176953,155,1,,,pause
1177036,155,1,,,resume
1177120,222,2,,,pause
1177120,222,2,,,resume
1177156,189,1,,,pause
1177239,189,1,,,resume
1177513,216,2,,,pause
1177513,216,2,,,resume
1177605,210,2,,,pause
1177605,210,2,,,resume
1178151,221,1,,,pause
1178234,221,1,,,resume
1179373,154,2,,,pause
1179373,154,2,,,resume
1179986,46,2,,,pause
1179986,46,2,,,resume
1179993,29,2,,,pause
1179993,29,2,,,resume
1180009,115,1,,,pause
1180092,115,1,,,resume
1180181,48,1,,,pause
1180181,48,1,,,resume
1180185,72,1,,,pause
1180185,72,1,,,resume
1180205,113,2,,,pause
1180211,114,2,,,pause
1180288,113,2,,,resume
1180288,113,2,,,pause
1180288,113,2,,,resume
1180351,72,1,,,pause
1180377,114,2,,,resume
1180434,72,1,,,resume
1180447,96,1,,,pause
1180447,96,1,,,resume
1180451,123,2,,,pause
1180454,113,2,,,pause
1180454,113,2,,,resume
1180458,71,1,,,pause
1180510,113,1,,,pause
1180510,113,1,,,resume
1180511,18,2,,,pause
1180511,18,2,,,resume
1180526,43,2,,,pause
1180527,117,2,,,pause
1180534,123,2,,,resume
1180541,71,1,,,resume
1180547,112,1,,,pause
1180547,112,1,,,resume
1180584,42,2,,,pause
1180584,42,2,,,resume
1180591,115,1,,,pause
1180591,115,1,,,resume
1180594,18,2,,,pause
1180594,18,2,,,resume
1180609,43,2,,,resume
1180610,117,2,,,resume
1180610,117,2,,,pause
1180628,16,2,,,pause
1180694,117,2,,,resume
1180696,96,1,,,pause
1180701,115,2,,,pause
1180703,113,2,,,pause
1180703,113,2,,,resume
1180711,16,2,,,resume
1180713,112,1,,,pause
1180757,67,1,,,pause
1180757,67,1,,,resume
1180760,53,1,,,pause
1180760,53,1,,,resume
1180779,96,1,,,resume
1180779,96,1,,,pause
1180779,96,1,,,resume
1180790,71,1,,,pause
1180796,112,1,,,resume
1180845,24,1,,,pause
1180845,24,1,,,resume
1180930,99,1,,,pause
1180950,115,2,,,resume
1180956,71,1,,,resume
1180995,101,2,,,pause
1180995,101,2,,,resume
1181013,99,1,,,resume
1181036,113,2,,,pause
1181068,161,1,,,pause
1181151,161,1,,,resume
1181172,115,1,,,pause
1181172,115,1,,,resume
1181189,155,1,,,pause
1181196,96,1,,,pause
1181196,96,1,,,resume
1181202,113,2,,,resume
1181202,113,2,,,pause
1181216,120,2,,,pause
1181272,155,1,,,resume
1181272,155,1,,,pause
1181277,117,2,,,pause
1181285,113,2,,,resume
1181299,120,2,,,resume
1181355,155,1,,,resume
1181360,117,2,,,resume
1181360,117,2,,,pause
1181438,155,1,,,pause
1181521,155,1,,,resume
1181521,155,1,,,pause
1181521,155,1,,,resume
1181544,112,1,,,pause
1181544,112,1,,,resume
1181609,117,2,,,resume
1181922,113,1,,,pause
1181922,113,1,,,resume
1182017,165,2,,,pause
1182091,128,1,,,pause
1182100,165,2,,,resume
1182121,201,2,,,pause
1182174,128,1,,,resume
1182188,222,2,,,pause
1182188,137,2,,,pause
1182188,222,2,,,resume
1182204,201,2,,,resume
1182271,137,2,,,resume
1182274,206,2,,,pause
1182357,206,2,,,resume
1182357,206,2,,,pause
1182357,206,2,,,resume
1182368,217,2,,,pause
1182434,118,2,,,pause
1182434,118,2,,,resume
1182451,217,2,,,resume
1182492,249,2,,,pause
1182575,249,2,,,resume
1182589,241,2,,,pause
1182589,241,2,,,resume
1182598,165,2,,,pause
1182633,253,2,,,pause
1182653,245,2,,,pause
1182653,245,2,,,resume
1182669,216,2,,,pause
1182669,216,2,,,resume
1182672,128,1,,,pause
1182681,165,2,,,resume
1182681,165,2,,,pause
1182681,165,2,,,resume
1182686,222,2,,,pause
1182686,222,2,,,resume
1182716,253,2,,,resume
1182716,253,2,,,pause
1182755,128,1,,,resume
1182758,210,2,,,pause
1182799,253,2,,,resume
1182799,253,2,,,pause
1182799,253,2,,,resume
1182841,248,2,,,pause
1182841,210,2,,,resume
1182924,248,2,,,resume
1184366,124,2,,,pause
1184449,124,2,,,resume
1184486,116,2,,,pause
1184486,116,2,,,resume
1184524,154,2,,,pause
1184524,154,2,,,resume
1184947,114,2,,,pause
1184947,114,2,,,resume
1185000,125,2,,,pause
1185007,72,1,,,pause
1185007,72,1,,,resume
1185057,46,2,,,pause
1185083,125,2,,,resume
1185197,114,2,,,pause
1185223,46,2,,,resume
1185280,114,2,,,resume
1185280,114,2,,,pause
1185338,125,2,,,pause
1185360,97,2,,,pause
1185360,97,2,,,resume
1185363,114,2,,,resume
1185363,114,2,,,pause
1185390,44,1,,,pause
1185411,115,1,,,pause
1185473,44,1,,,resume
1185494,115,1,,,resume
1185504,125,2,,,resume
1185505,72,1,,,pause
1185505,72,1,,,resume
1185529,114,2,,,resume
1185540,121,2,,,pause
1185577,115,1,,,pause
1185635,114,1,,,pause
1185639,44,1,,,pause
1185655,42,2,,,pause
1185655,42,2,,,resume
1185706,121,2,,,resume
1185706,121,2,,,pause
1185718,114,1,,,resume
1185722,44,1,,,resume
1185732,51,1,,,pause
1185738,42,2,,,pause
1185742,96,2,,,pause
1185742,96,2,,,resume
1185743,115,1,,,resume
1185751,18,2,,,pause
1185751,18,2,,,resume
1185777,113,2,,,pause
1185782,16,2,,,pause
1185789,121,2,,,resume
1185805,44,1,,,pause
1185815,51,1,,,resume
1185821,42,2,,,resume
1185829,53,1,,,pause
1185837,125,2,,,pause
1185865,16,2,,,resume
1185865,16,2,,,pause
1185888,44,1,,,resume
1185899,51,1,,,pause
1185899,51,1,,,resume
1185912,53,1,,,resume
1185920,125,2,,,resume
1185937,115,2,,,pause
1185943,113,2,,,resume
1185948,16,2,,,resume
1185999,48,1,,,pause
1185999,48,1,,,resume
1186006,24,1,,,pause
1186006,24,1,,,resume
1186024,60,2,,,pause
1186024,60,2,,,resume
1186103,115,2,,,resume
1186105,155,2,,,pause
1186162,128,1,,,pause
1186186,115,2,,,pause
1186188,155,2,,,resume
1186195,114,2,,,pause
1186269,115,2,,,resume
1186278,114,2,,,resume
1186411,128,1,,,resume
1186411,128,1,,,pause
1186494,128,1,,,resume
1186509,117,2,,,pause
1186573,115,1,,,pause
1186656,115,1,,,resume
1186675,117,2,,,resume
1186675,117,2,,,pause
1186760,117,2,,,resume
1187173,155,1,,,pause
1187173,155,1,,,resume
1187566,186,1,,,pause
1187649,186,1,,,resume
1187664,187,2,,,pause
1187747,187,2,,,resume
1187825,216,2,,,pause
1187825,216,2,,,resume
1187858,217,2,,,pause
1187911,210,2,,,pause
1187941,217,2,,,resume
1187994,210,2,,,resume
1189642,116,2,,,pause
1189642,116,2,,,resume
1190024,65,1,,,pause
1190024,65,1,,,resume
1190161,72,1,,,pause
1190161,72,1,,,resume
1190177,69,1,,,pause
1190177,69,1,,,resume
1190211,46,2,,,pause
1190294,46,2,,,resume
1190294,46,2,,,pause
1190303,29,2,,,pause
1190303,29,2,,,resume
1190378,46,2,,,resume
1190378,46,2,,,pause
1190461,46,2,,,resume
1190513,97,2,,,pause
1190513,97,2,,,resume
1190583,98,1,,,pause
1190639,126,2,,,pause
1190659,125,2,,,pause
1190659,72,1,,,pause
1190659,72,1,,,resume
1190664,96,2,,,pause
1190666,98,1,,,resume
1190670,70,1,,,pause
1190670,70,1,,,resume
1190740,115,1,,,pause
1190740,115,1,,,resume
1190747,96,2,,,resume
1190747,96,2,,,pause
1190757,115,2,,,pause
1190777,121,2,,,pause
1190789,41,1,,,pause
1190789,41,1,,,resume
1190805,126,2,,,resume
1190809,42,2,,,pause
1190809,42,2,,,resume
1190824,2,1,,,pause
1190824,2,1,,,resume
1190826,18,2,,,pause
1190830,96,2,,,resume
1190840,115,2,,,resume
1190842,69,1,,,pause
1190842,69,1,,,resume
1190860,121,2,,,resume
1190880,93,2,,,pause
1190880,93,2,,,resume
1190893,42,2,,,pause
1190909,18,2,,,resume
1190913,96,2,,,pause
1190913,96,2,,,resume
1190991,125,2,,,resume
1190997,117,2,,,pause
1190997,117,2,,,resume
1191003,66,1,,,pause
1191015,113,2,,,pause
1191015,113,2,,,resume
1191026,121,2,,,pause
1191059,42,2,,,resume
1191074,72,1,,,pause
1191074,72,1,,,resume
1191086,66,1,,,resume
1191121,114,1,,,pause
1191177,97,2,,,pause
1191177,97,2,,,resume
1191204,114,1,,,resume
1191204,114,1,,,pause
1191236,54,1,,,pause
1191236,54,1,,,resume
1191249,112,2,,,pause
1191275,121,2,,,resume
1191322,115,1,,,pause
1191332,112,2,,,resume
1191332,112,2,,,pause
1191332,112,2,,,resume
1191371,114,1,,,resume
1191371,114,1,,,pause
1191454,114,1,,,resume
1191489,153,2,,,pause
1191511,114,2,,,pause
1191546,93,2,,,pause
1191546,93,2,,,resume
1191571,115,1,,,resume
1191571,115,1,,,pause
1191571,115,1,,,resume
1191594,114,2,,,resume
1191655,153,2,,,resume
1191655,115,1,,,pause
1191655,153,2,,,pause
1191662,117,2,,,pause
1191667,112,2,,,pause
1191738,115,1,,,resume
1191738,153,2,,,resume
1191750,112,2,,,resume
1191757,122,2,,,pause
1191757,122,2,,,resume
1191828,117,2,,,resume
1191889,116,2,,,pause
1191972,116,2,,,resume
1192010,180,1,,,pause
1192010,180,1,,,resume
1192240,158,1,,,pause
1192316,205,2,,,pause
1192323,158,1,,,resume
1192399,205,2,,,resume
1192471,238,2,,,pause
1192471,238,2,,,resume
1192502,137,2,,,pause
1192585,137,2,,,resume
1192618,161,1,,,pause
1192618,161,1,,,resume
1192648,210,2,,,pause
1192674,180,1,,,pause
1192674,180,1,,,resume
1192704,189,1,,,pause
1192704,189,1,,,resume
1192708,159,1,,,pause
1192708,159,1,,,resume
1192731,210,2,,,resume
1192981,216,2,,,pause
1192981,216,2,,,resume
1193004,243,2,,,pause
1193004,243,2,,,resume
1193013,217,2,,,pause
1193013,217,2,,,resume
1193081,200,2,,,pause
1193147,248,2,,,pause
1193164,200,2,,,resume
1193230,248,2,,,resume
1194614,161,1,,,pause
1194614,161,1,,,resume
1194679,124,2,,,pause
1194763,124,2,,,resume
1195082,127,2,,,pause
1195082,127,2,,,resume
1195165,127,2,,,pause
1195165,127,2,,,resume
1195186,65,1,,,pause
1195186,65,1,,,resume
1195318,72,1,,,pause
1195318,72,1,,,resume
1195364,40,2,,,pause
1195364,40,2,,,resume
1195462,29,2,,,pause
1195462,29,2,,,resume
1195673,114,2,,,pause
1195673,97,2,,,pause
1195673,97,2,,,resume
1195713,126,2,,,pause
1195746,112,2,,,pause
1195756,114,2,,,resume
1195765,58,2,,,pause
1195765,58,2,,,resume
1195768,121,2,,,pause
1195768,121,2,,,resume
1195795,113,1,,,pause
1195795,113,1,,,resume
1195820,72,1,,,pause
1195820,72,1,,,resume
1195826,96,2,,,pause
1195829,112,2,,,resume
1195903,72,1,,,pause
1195903,72,1,,,resume
1195909,96,2,,,resume
1195909,96,2,,,pause
1195918,69,1,,,pause
1195963,126,2,,,resume
1195986,2,1,,,pause
1195986,2,1,,,resume
1196001,122,2,,,pause
1196001,69,1,,,resume
1196001,122,2,,,resume
1196001,69,1,,,pause
1196001,69,1,,,resume
1196039,50,1,,,pause
1196075,96,2,,,resume
1196082,115,2,,,pause
1196084,66,1,,,pause
1196085,25,2,,,pause
1196085,25,2,,,resume
1196122,50,1,,,resume
1196130,100,1,,,pause
1196130,47,1,,,pause
1196130,100,1,,,resume
1196132,22,2,,,pause
1196132,22,2,,,resume
1196154,117,2,,,pause
1196165,115,2,,,resume
1196167,66,1,,,resume
1196167,66,1,,,pause
1196210,51,1,,,pause
1196213,47,1,,,resume
1196218,42,2,,,pause
1196218,42,2,,,resume
1196237,72,1,,,pause
1196237,117,2,,,resume
1196237,72,1,,,resume
1196250,66,1,,,resume
1196295,51,1,,,resume
1196313,115,1,,,pause
1196313,115,1,,,resume
1196328,47,2,,,pause
1196341,60,2,,,pause
1196341,60,2,,,resume
1196411,112,2,,,pause
1196411,47,2,,,resume
1196411,112,2,,,resume
1196433,65,1,,,pause
1196433,65,1,,,resume
1196494,112,2,,,pause
1196494,112,2,,,resume
1196575,159,2,,,pause
1196639,128,1,,,pause
1196639,128,1,,,resume
1196658,159,2,,,resume
1196753,114,2,,,pause
1196753,114,2,,,resume
1196832,89,2,,,pause
1196888,128,1,,,pause
1196915,89,2,,,resume
1196971,128,1,,,resume
1197063,115,1,,,pause
1197146,115,1,,,resume
1197341,151,1,,,pause
1197341,151,1,,,resume
1197386,205,2,,,pause
1197405,154,1,,,pause
1197405,154,1,,,resume
1197469,205,2,,,resume
1197486,155,1,,,pause
1197513,235,1,,,pause
1197577,155,1,,,resume
1197596,235,1,,,resume
1197801,210,2,,,pause
1197859,189,1,,,pause
1197859,189,1,,,resume
1197884,210,2,,,resume
1197892,239,1,,,pause
1197892,187,2,,,pause
1197924,158,2,,,pause
1197928,235,1,,,pause
1197928,235,1,,,resume
1197942,189,1,,,pause
1197942,189,1,,,resume
1197968,205,2,,,pause
1197968,205,2,,,resume
1197975,239,1,,,resume
1197975,187,2,,,resume
1197975,187,2,,,pause
1197975,187,2,,,resume
1198008,158,2,,,resume
1198008,158,2,,,pause
1198011,235,1,,,pause
1198011,235,1,,,resume
1198051,249,2,,,pause
1198051,249,2,,,resume
1198091,158,2,,,resume
1198131,208,1,,,pause
1198138,216,2,,,pause
1198138,216,2,,,resume
1198141,239,1,,,pause
1198214,208,1,,,resume
1198224,239,1,,,resume
1198224,239,1,,,pause
1198307,239,1,,,resume
1198325,137,2,,,pause
1198325,137,2,,,resume
1198798,210,2,,,pause
1198881,210,2,,,resume
1199123,185,1,,,pause
1199123,185,1,,,resume
1199539,186,1,,,pause
1199622,186,1,,,resume
1199928,113,2,,,pause
1200011,113,2,,,resume
1200011,113,2,,,pause
1200011,113,2,,,resume
1200242,127,2,,,pause
1200242,127,2,,,resume
1200352,19,2,,,pause
1200352,19,2,,,resume
1200465,125,2,,,pause
1200472,72,1,,,pause
1200472,72,1,,,resume
1200489,25,2,,,pause
1200489,25,2,,,resume
1200509,113,2,,,pause
1200509,113,2,,,resume
1200572,25,2,,,pause
1200572,25,2,,,resume
1200592,113,2,,,pause
1200617,126,2,,,pause
1200617,29,2,,,pause
1200617,29,2,,,resume
1200631,125,2,,,resume
1200645,117,2,,,pause
1200645,117,2,,,resume
1200675,113,2,,,resume
1200675,113,2,,,pause
1200675,113,2,,,resume
1200700,126,2,,,resume
1200700,29,2,,,pause
1200700,29,2,,,resume
1200711,97,2,,,pause
1200738,25,2,,,pause
1200741,115,2,,,pause
1200741,115,2,,,resume
1200746,114,2,,,pause
1200804,125,2,,,pause
1200821,25,2,,,resume
1200821,25,2,,,pause
1200829,114,2,,,resume
1200829,114,2,,,pause
1200877,97,2,,,resume
1200905,25,2,,,resume
1200905,25,2,,,pause
1200905,25,2,,,resume
1200912,114,2,,,resume
1200915,58,2,,,pause
1200915,58,2,,,resume
1200924,113,2,,,pause
1200925,121,2,,,pause
1200945,76,1,,,pause
1200945,76,1,,,resume
1200970,125,2,,,resume
1200970,125,2,,,pause
1200971,72,1,,,pause
1200971,72,1,,,resume
1200990,115,2,,,pause
1201009,65,1,,,pause
1201009,65,1,,,resume
1201040,55,1,,,pause
1201054,72,1,,,pause
1201054,72,1,,,resume
1201073,115,2,,,resume
1201073,115,2,,,pause
1201089,126,2,,,pause
1201089,126,2,,,resume
1201090,113,2,,,resume
1201091,121,2,,,resume
1201092,65,1,,,pause
1201092,65,1,,,resume
1201098,61,2,,,pause
1201098,61,2,,,resume
1201123,55,1,,,resume
1201123,55,1,,,pause
1201139,2,1,,,pause
1201139,2,1,,,resume
1201146,78,1,,,pause
1201146,78,1,,,resume
1201154,25,2,,,pause
1201172,126,2,,,pause
1201173,113,2,,,pause
1201173,113,2,,,resume
1201175,65,1,,,pause
1201181,61,2,,,pause
1201181,61,2,,,resume
1201206,55,1,,,resume
1201222,64,1,,,pause
1201237,25,2,,,resume
1201239,89,2,,,pause
1201239,115,2,,,resume
1201239,89,2,,,resume
1201255,126,2,,,resume
1201256,113,2,,,pause
1201258,65,1,,,resume
1201284,100,1,,,pause
1201285,47,1,,,pause
1201287,22,2,,,pause
1201287,22,2,,,resume
1201298,24,1,,,pause
1201302,125,2,,,resume
1201302,125,2,,,pause
1201305,64,1,,,resume
1201309,117,2,,,pause
1201320,25,2,,,pause
1201333,96,1,,,pause
1201338,126,2,,,pause
1201338,126,2,,,resume
1201339,113,2,,,resume
1201360,93,2,,,pause
1201360,93,2,,,resume
1201366,51,1,,,pause
1201367,100,1,,,resume
1201368,47,1,,,resume
1201375,128,1,,,pause
1201377,42,2,,,pause
1201377,42,2,,,resume
1201378,68,1,,,pause
1201378,68,1,,,resume
1201381,24,1,,,resume
1201385,125,2,,,resume
1201392,117,2,,,resume
1201404,25,2,,,resume
1201404,25,2,,,pause
1201405,89,2,,,pause
1201410,114,2,,,pause
1201416,96,1,,,resume
1201421,126,2,,,pause
1201421,126,2,,,resume
1201449,51,1,,,resume
1201458,128,1,,,resume
1201468,125,2,,,pause
1201484,112,2,,,pause
1201484,112,2,,,resume
1201487,25,2,,,resume
1201487,25,2,,,pause
1201488,89,2,,,resume
1201493,114,2,,,resume
1201496,73,2,,,pause
1201496,73,2,,,resume
1201497,60,2,,,pause
1201497,60,2,,,resume
1201504,126,2,,,pause
1201551,125,2,,,resume
1201562,43,2,,,pause
1201570,25,2,,,resume
1201570,25,2,,,pause
1201570,25,2,,,resume
1201587,126,2,,,resume
1201588,113,2,,,pause
1201590,65,1,,,pause
1201590,65,1,,,resume
1201643,107,2,,,pause
1201643,107,2,,,resume
1201645,43,2,,,resume
1201662,36,1,,,pause
1201662,36,1,,,resume
1201665,155,2,,,pause
1201665,155,2,,,resume
1201713,169,2,,,pause
1201750,119,2,,,pause
1201754,113,2,,,resume
1201790,128,1,,,pause
1201796,169,2,,,resume
1201802,115,1,,,pause
1201808,117,2,,,pause
1201819,25,2,,,pause
1201833,119,2,,,resume
1201859,93,2,,,pause
1201859,93,2,,,resume
1201873,128,1,,,resume
1201873,128,1,,,pause
1201891,117,2,,,resume
1201891,117,2,,,pause
1201895,159,2,,,pause
1201895,159,2,,,resume
1201902,25,2,,,resume
1201903,89,2,,,pause
1201956,128,1,,,resume
1201956,128,1,,,pause
1201974,117,2,,,resume
1201974,117,2,,,pause
1201988,122,2,,,pause
1201988,122,2,,,resume
1202002,126,2,,,pause
1202002,126,2,,,resume
1202039,128,1,,,resume
1202051,115,1,,,resume
1202051,115,1,,,pause
1202085,126,2,,,pause
1202134,115,1,,,resume
1202140,117,2,,,resume
1202140,117,2,,,pause
1202140,117,2,,,resume
1202152,89,2,,,resume
1202168,126,2,,,resume
1202235,25,2,,,pause
1202235,25,2,,,resume
1202496,151,1,,,pause
1202496,151,1,,,resume
1202557,154,1,,,pause
1202640,154,1,,,resume
1202805,200,2,,,pause
1202805,200,2,,,resume
1202890,247,1,,,pause
1202967,189,1,,,pause
1202967,189,1,,,resume
1202973,247,1,,,resume
1203128,187,2,,,pause
1203211,187,2,,,resume
1203237,243,2,,,pause
1203283,208,1,,,pause
1203294,216,2,,,pause
1203294,216,2,,,resume
1203320,243,2,,,resume
1203366,208,1,,,resume
1203403,243,2,,,pause
1203403,243,2,,,resume
1203435,190,1,,,pause
1203435,190,1,,,resume
1203623,184,1,,,pause
1203623,184,1,,,resume
1203818,243,2,,,pause
1203818,243,2,,,resume
1204142,180,1,,,pause
1204142,180,1,,,resume
1204222,168,2,,,pause
1204222,168,2,,,resume
1204275,185,1,,,pause
1204275,185,1,,,resume
1204583,182,1,,,pause
1204583,182,1,,,resume
1204749,182,1,,,pause
1204749,182,1,,,resume
1205395,127,2,,,pause
1205395,127,2,,,resume
1205472,70,1,,,pause
1205472,70,1,,,resume
1205655,155,2,,,pause
1205655,155,2,,,resume
1205904,155,2,,,pause
1205904,155,2,,,resume
1205944,53,1,,,pause
1205976,122,2,,,pause
1205987,155,2,,,pause
1206027,53,1,,,resume
1206027,53,1,,,pause
1206054,98,1,,,pause
1206058,112,2,,,pause
1206058,112,2,,,resume
1206059,115,2,,,pause
1206059,122,2,,,resume
1206059,115,2,,,resume
1206070,155,2,,,resume
1206070,155,2,,,pause
1206070,155,2,,,resume
1206110,53,1,,,resume
1206110,53,1,,,pause
1206110,53,1,,,resume
1206136,70,1,,,pause
1206136,70,1,,,resume
1206137,98,1,,,resume
1206142,115,2,,,pause
1206142,115,2,,,resume
1206192,55,1,,,pause
1206220,98,1,,,pause
1206220,98,1,,,resume
1206225,115,2,,,pause
1206275,55,1,,,resume
1206276,53,1,,,pause
1206276,53,1,,,resume
1206290,2,1,,,pause
1206297,54,2,,,pause
1206297,54,2,,,resume
1206308,122,2,,,pause
1206308,115,2,,,resume
1206308,122,2,,,resume
1206308,115,2,,,pause
1206366,99,2,,,pause
1206373,2,1,,,resume
1206378,117,2,,,pause
1206390,112,2,,,pause
1206441,128,1,,,pause
1206441,55,1,,,pause
1206449,99,2,,,resume
1206461,117,2,,,resume
1206474,115,2,,,resume
1206474,115,2,,,pause
1206474,115,2,,,resume
1206495,65,1,,,pause
1206518,51,1,,,pause
1206524,128,1,,,resume
1206524,55,1,,,resume
1206529,68,1,,,pause
1206529,68,1,,,resume
1206544,117,2,,,pause
1206544,117,2,,,resume
1206556,112,2,,,resume
1206556,112,2,,,pause
1206578,65,1,,,resume
1206601,51,1,,,resume
1206619,114,1,,,pause
1206639,112,2,,,resume
1206639,112,2,,,pause
1206652,60,2,,,pause
1206652,60,2,,,resume
1206702,114,1,,,resume
1206805,112,2,,,resume
1206805,112,2,,,pause
1206805,112,2,,,resume
1206888,112,2,,,pause
1206985,119,2,,,pause
1207045,159,2,,,pause
1207045,159,2,,,resume
1207054,112,2,,,resume
1207069,119,2,,,resume
1207139,122,2,,,pause
1207139,122,2,,,resume
1207225,118,1,,,pause
1207225,118,1,,,resume
1207621,115,1,,,pause
1207704,115,1,,,resume
1207819,141,2,,,pause
1207819,141,2,,,resume
1207897,158,2,,,pause
1207956,200,2,,,pause
1207956,200,2,,,resume
1207978,174,1,,,pause
1207978,174,1,,,resume
1207980,158,2,,,resume
1207980,158,2,,,pause
1208043,247,1,,,pause
1208063,158,2,,,resume
1208126,247,1,,,resume
1208144,174,1,,,pause
1208144,174,1,,,resume
1208281,187,2,,,pause
1208364,187,2,,,resume
1208435,208,1,,,pause
1208484,217,2,,,pause
1208518,208,1,,,resume
1208544,65,2,,,pause
1208544,65,2,,,resume
1208567,217,2,,,resume
1208590,190,1,,,pause
1208590,190,1,,,resume
1208634,25,2,,,pause
1208655,242,1,,,pause
1208655,242,1,,,resume
1208738,242,1,,,pause
1208738,242,1,,,resume
1208773,184,1,,,pause
1208800,25,2,,,resume
1208831,214,2,,,pause
1208831,214,2,,,resume
1208857,184,1,,,resume
1209070,242,2,,,pause
1209070,242,2,,,resume
1209236,242,2,,,pause
1209236,242,2,,,resume
1209320,242,2,,,pause
1209320,242,2,,,resume
1209429,185,1,,,pause
1209429,185,1,,,resume
1210550,127,2,,,pause
1210550,127,2,,,resume
1210759,22,2,,,pause
1210759,22,2,,,resume
1210814,121,2,,,pause
1210858,18,2,,,pause
1210858,18,2,,,resume
1210870,154,2,,,pause
1210881,122,2,,,pause
1210881,122,2,,,resume
1210898,121,2,,,resume
1210914,46,2,,,pause
1210925,47,1,,,pause
1210951,117,2,,,pause
1210951,78,1,,,pause
1210951,117,2,,,resume
1210951,78,1,,,resume
1210997,46,2,,,resume
1211008,47,1,,,resume
1211012,123,1,,,pause
1211012,123,1,,,resume
1211037,154,2,,,resume
1211037,154,2,,,pause
1211037,154,2,,,resume
1211047,66,1,,,pause
1211052,114,2,,,pause
1211103,42,2,,,pause
1211107,114,1,,,pause
1211130,122,2,,,pause
1211130,66,1,,,resume
1211135,114,2,,,resume
1211168,93,2,,,pause
1211168,93,2,,,resume
1211186,42,2,,,resume
1211197,125,2,,,pause
1211207,97,2,,,pause
1211209,70,1,,,pause
1211231,112,1,,,pause
1211231,112,1,,,resume
1211252,76,1,,,pause
1211252,76,1,,,resume
1211257,100,1,,,pause
1211273,103,1,,,pause
1211273,103,1,,,resume
1211274,114,1,,,resume
1211276,72,1,,,pause
1211276,72,1,,,resume
1211280,125,2,,,resume
1211290,98,1,,,pause
1211290,97,2,,,resume
1211290,97,2,,,pause
1211292,70,1,,,resume
1211301,114,2,,,pause
1211341,100,1,,,resume
1211354,2,1,,,pause
1211356,18,2,,,pause
1211356,103,1,,,pause
1211363,125,2,,,pause
1211374,98,1,,,resume
1211374,97,2,,,resume
1211374,97,2,,,pause
1211374,97,2,,,resume
1211376,70,1,,,pause
1211376,70,1,,,resume
1211397,121,2,,,pause
1211427,55,1,,,pause
1211437,2,1,,,resume
1211437,2,1,,,pause
1211439,103,1,,,resume
1211459,70,1,,,pause
1211459,70,1,,,resume
1211462,122,2,,,resume
1211462,122,2,,,pause
1211462,122,2,,,resume
1211463,115,2,,,pause
1211467,114,2,,,resume
1211481,112,1,,,pause
1211487,41,2,,,pause
1211487,41,2,,,resume
1211496,50,1,,,pause
1211507,128,1,,,pause
1211510,55,1,,,resume
1211519,42,2,,,pause
1211521,2,1,,,resume
1211522,99,2,,,pause
1211522,18,2,,,resume
1211522,18,2,,,pause
1211540,25,2,,,pause
1211545,122,2,,,pause
1211557,14,2,,,pause
1211557,14,2,,,resume
1211564,112,1,,,resume
1211579,50,1,,,resume
1211579,50,1,,,pause
1211589,47,1,,,pause
1211590,100,1,,,pause
1211593,55,1,,,pause
1211595,68,1,,,pause
1211595,68,1,,,resume
1211602,42,2,,,resume
1211602,42,2,,,pause
1211605,99,2,,,resume
1211608,72,1,,,pause
1211623,25,2,,,resume
1211628,122,2,,,resume
1211628,122,2,,,pause
1211639,96,1,,,pause
1211662,50,1,,,resume
1211662,50,1,,,pause
1211672,47,1,,,resume
1211674,128,1,,,resume
1211674,100,1,,,resume
1211678,68,1,,,pause
1211678,68,1,,,resume
1211685,42,2,,,resume
1211685,42,2,,,pause
1211688,18,2,,,resume
1211689,114,1,,,pause
1211711,122,2,,,resume
1211722,96,1,,,resume
1211730,112,1,,,pause
1211730,112,1,,,resume
1211734,113,2,,,pause
1211745,50,1,,,resume
1211759,55,1,,,resume
1211768,42,2,,,resume
1211772,114,1,,,resume
1211772,114,1,,,pause
1211774,72,1,,,resume
1211774,72,1,,,pause
1211774,72,1,,,resume
1211780,125,2,,,resume
1211780,125,2,,,pause
1211782,78,1,,,pause
1211782,78,1,,,resume
1211789,25,2,,,pause
1211789,25,2,,,resume
1211813,121,2,,,resume
1211840,128,1,,,pause
1211856,114,1,,,resume
1211863,125,2,,,resume
1211872,89,2,,,pause
1211872,89,2,,,resume
1211878,115,2,,,resume
1211923,128,1,,,resume
1211923,128,1,,,pause
1211937,54,1,,,pause
1211937,54,1,,,resume
1211941,72,1,,,pause
1211942,72,1,,,resume
1211985,113,2,,,resume
1212024,153,2,,,pause
1212055,119,2,,,pause
1212062,112,1,,,pause
1212089,128,1,,,resume
1212124,165,2,,,pause
1212145,112,1,,,resume
1212172,128,1,,,pause
1212190,153,2,,,resume
1212190,153,2,,,pause
1212207,165,2,,,resume
1212207,165,2,,,pause
1212207,165,2,,,resume
1212255,128,1,,,resume
1212273,153,2,,,resume
1212280,117,2,,,pause
1212280,78,1,,,pause
1212280,117,2,,,resume
1212280,78,1,,,resume
1212299,137,2,,,pause
1212299,137,2,,,resume
1212300,157,2,,,pause
1212363,117,2,,,pause
1212371,89,2,,,pause
1212376,122,2,,,pause
1212383,157,2,,,resume
1212387,119,2,,,resume
1212446,117,2,,,resume
1212455,89,2,,,resume
1212459,122,2,,,resume
1212768,187,2,,,pause
1212794,176,1,,,pause
1212794,176,1,,,resume
1212851,187,2,,,resume
1213087,117,1,,,pause
1213170,117,1,,,resume
1214508,249,1,,,pause
1214508,249,1,,,resume
1215771,78,1,,,pause
1215854,78,1,,,resume
1215854,78,1,,,pause
1215903,40,2,,,pause
1215903,40,2,,,resume
1215937,78,1,,,resume
1216203,66,1,,,pause
1216203,66,1,,,resume
1216435,78,1,,,pause
1216518,78,1,,,resume
1216518,78,1,,,pause
1216533,122,2,,,pause
1216533,122,2,,,resume
1216553,65,1,,,pause
1216553,65,1,,,resume
1216592,114,1,,,pause
1216601,78,1,,,resume
1216601,78,1,,,pause
1216611,112,2,,,pause
1216611,112,2,,,resume
1216636,65,1,,,pause
1216676,114,1,,,resume
1216684,78,1,,,resume
1216719,65,1,,,resume
1216767,78,1,,,pause
1216930,115,1,,,pause
1216930,115,1,,,resume
1216934,78,1,,,resume
1217490,119,1,,,pause
1217490,119,1,,,resume
1217517,117,2,,,pause
1217517,117,2,,,resume
1217889,161,1,,,pause
1217889,161,1,,,resume
1218130,141,2,,,pause
1218130,141,2,,,resume
1218183,215,2,,,pause
1218183,215,2,,,resume
1218190,191,1,,,pause
1218190,191,1,,,resume
1218203,235,1,,,pause
1218206,158,2,,,pause
1218286,235,1,,,resume
1218289,158,2,,,resume
1218357,165,2,,,pause
1218370,137,2,,,pause
1218440,165,2,,,resume
1218536,137,2,,,resume
1218617,241,2,,,pause
1218700,241,2,,,resume
1218725,218,2,,,pause
1218725,218,2,,,resume
1218762,117,2,,,pause
1218778,244,2,,,pause
1218778,244,2,,,resume
1218846,117,2,,,resume
1218884,252,2,,,pause
1218884,252,2,,,resume
1218949,201,2,,,pause
1218949,201,2,,,resume
1219076,184,1,,,pause
1219139,214,2,,,pause
1219139,214,2,,,resume
1219160,184,1,,,resume
1219516,161,2,,,pause
1219516,161,2,,,resume
1219656,249,1,,,pause
1219656,249,1,,,resume
1219770,165,2,,,pause
1219770,165,2,,,resume
1220004,200,2,,,pause
1220087,200,2,,,resume
1220196,171,2,,,pause
1220196,171,2,,,resume
1220652,103,2,,,pause
1220735,103,2,,,resume
1220754,125,2,,,pause
1220838,125,2,,,resume
1220838,125,2,,,pause
1220861,127,2,,,pause
1220861,127,2,,,resume
1220921,125,2,,,resume
1220921,125,2,,,pause
1220959,19,2,,,pause
1220959,19,2,,,resume
1221007,115,1,,,pause
1221027,127,2,,,pause
1221027,127,2,,,resume
1221058,40,2,,,pause
1221058,40,2,,,resume
1221087,125,2,,,resume
1221110,127,2,,,pause
1221110,127,2,,,resume
1221170,125,2,,,pause
1221173,115,1,,,resume
1221173,115,1,,,pause
1221175,21,2,,,pause
1221175,21,2,,,resume
1221190,122,2,,,pause
1221190,122,2,,,resume
1221253,125,2,,,resume
1221253,125,2,,,pause
1221263,89,2,,,pause
1221263,89,2,,,resume
1221275,171,2,,,pause
1221324,123,1,,,pause
1221340,115,1,,,resume
1221340,115,1,,,pause
1221346,89,2,,,pause
1221356,97,2,,,pause
1221358,171,2,,,resume
1221375,66,1,,,pause
1221375,66,1,,,resume
1221398,53,1,,,pause
1221407,123,1,,,resume
1221423,115,1,,,resume
1221429,89,2,,,resume
1221429,89,2,,,pause
1221439,97,2,,,resume
1221439,97,2,,,pause
1221440,122,2,,,pause
1221440,122,2,,,resume
1221456,155,2,,,pause
1221481,76,1,,,pause
1221481,53,1,,,resume
1221481,76,1,,,resume
1221498,42,2,,,pause
1221506,115,1,,,pause
1221512,89,2,,,resume
1221512,89,2,,,pause
1221517,112,2,,,pause
1221522,97,2,,,resume
1221523,122,2,,,pause
1221535,121,2,,,pause
1221539,155,2,,,resume
1221539,155,2,,,pause
1221564,53,1,,,pause
1221564,53,1,,,resume
1221581,42,2,,,resume
1221589,115,1,,,resume
1221589,115,1,,,pause
1221595,89,2,,,resume
1221595,89,2,,,pause
1221599,125,2,,,resume
1221599,125,2,,,pause
1221605,97,2,,,pause
1221605,97,2,,,resume
1221610,127,2,,,pause
1221610,127,2,,,resume
1221619,121,2,,,resume
1221623,155,2,,,resume
1221652,95,2,,,pause
1221665,114,1,,,pause
1221672,115,1,,,resume
1221672,115,1,,,pause
1221678,89,2,,,resume
1221678,89,2,,,pause
1221681,161,2,,,pause
1221684,112,2,,,resume
1221684,112,2,,,pause
1221689,122,2,,,resume
1221689,97,2,,,pause
1221689,122,2,,,pause
1221689,122,2,,,resume
1221731,51,1,,,pause
1221731,51,1,,,resume
1221735,95,2,,,resume
1221735,95,2,,,pause
1221735,95,2,,,resume
1221751,57,2,,,pause
1221751,57,2,,,resume
1221755,115,1,,,resume
1221755,115,1,,,pause
1221761,25,2,,,pause
1221764,161,2,,,resume
1221767,112,2,,,resume
1221772,97,2,,,resume
1221772,97,2,,,pause
1221780,124,2,,,pause
1221780,124,2,,,resume
1221785,121,2,,,pause
1221791,41,2,,,pause
1221791,41,2,,,resume
1221813,53,1,,,pause
1221831,114,1,,,resume
1221838,115,1,,,resume
1221844,25,2,,,resume
1221848,125,2,,,resume
1221855,122,2,,,pause
1221855,97,2,,,resume
1221855,122,2,,,resume
1221857,114,2,,,pause
1221868,121,2,,,resume
1221884,113,2,,,pause
1221896,53,1,,,resume
1221921,115,1,,,pause
1221927,89,2,,,resume
1221927,89,2,,,pause
1221931,125,2,,,pause
1221938,97,2,,,pause
1221938,97,2,,,resume
1221940,114,2,,,resume
1221940,114,2,,,pause
1221967,113,2,,,resume
1222004,115,1,,,resume
1222010,89,2,,,resume
1222010,89,2,,,pause
1222021,97,2,,,pause
1222023,114,2,,,resume
1222040,41,2,,,pause
1222040,41,2,,,resume
1222059,93,2,,,pause
1222059,93,2,,,resume
1222087,115,1,,,pause
1222097,125,2,,,resume
1222133,113,2,,,pause
1222133,113,2,,,resume
1222170,115,1,,,resume
1222172,117,2,,,pause
1222177,89,2,,,resume
1222177,89,2,,,pause
1222187,97,2,,,resume
1222187,97,2,,,pause
1222187,97,2,,,resume
1222190,115,2,,,pause
1222191,171,2,,,pause
1222191,171,2,,,resume
1222255,117,2,,,resume
1222255,117,2,,,pause
1222260,89,2,,,resume
1222270,44,2,,,pause
1222270,97,2,,,pause
1222270,97,2,,,resume
1222277,74,1,,,pause
1222277,74,1,,,resume
1222353,44,2,,,resume
1222426,89,2,,,pause
1222433,165,2,,,pause
1222439,115,2,,,resume
1222502,115,1,,,pause
1222509,25,2,,,pause
1222516,165,2,,,resume
1222519,44,2,,,pause
1222562,119,1,,,pause
1222586,159,2,,,pause
1222586,159,2,,,resume
1222588,117,2,,,resume
1222592,89,2,,,resume
1222592,89,2,,,pause
1222602,44,2,,,resume
1222645,119,1,,,resume
1222668,115,1,,,resume
1222675,89,2,,,resume
1222675,89,2,,,pause
1222676,25,2,,,resume
1222676,25,2,,,pause
1222676,25,2,,,resume
1222685,122,2,,,pause
1222758,89,2,,,resume
1222768,122,2,,,resume
1222768,122,2,,,pause
1222768,122,2,,,resume
1222774,201,2,,,pause
1222855,163,2,,,pause
1222855,163,2,,,resume
1222857,201,2,,,resume
1222908,187,2,,,pause
1222940,201,2,,,pause
1222940,201,2,,,resume
1222991,187,2,,,resume
1223267,141,2,,,pause
1223267,141,2,,,resume
1223336,215,2,,,pause
1223336,215,2,,,resume
1223590,211,1,,,pause
1223590,211,1,,,resume
1223930,244,2,,,pause
1223978,184,1,,,pause
1224013,244,2,,,resume
1224061,184,1,,,resume
1224086,242,1,,,pause
1224169,242,1,,,resume
1224169,242,1,,,pause
1224252,242,1,,,resume
1224253,116,2,,,pause
1224253,116,2,,,resume
1224310,184,1,,,pause
1224393,184,1,,,resume
1224805,249,1,,,pause
1224805,249,1,,,resume
1225155,200,2,,,pause
1225193,182,1,,,pause
1225193,182,1,,,resume
1225238,200,2,,,resume
1225320,123,2,,,pause
1225320,123,2,,,resume
1226017,127,2,,,pause
1226017,127,2,,,resume
1226151,123,2,,,pause
1226151,123,2,,,resume
1226184,127,2,,,pause
1226184,127,2,,,resume
1226208,65,1,,,pause
1226208,65,1,,,resume
1226267,127,2,,,pause
1226267,127,2,,,resume
1226378,46,2,,,pause
1226461,46,2,,,resume
1226507,122,2,,,pause
1226507,122,2,,,resume
1226510,114,2,,,pause
1226593,114,2,,,resume
1226593,114,2,,,pause
1226610,155,2,,,pause
1226633,53,1,,,pause
1226636,76,1,,,pause
1226636,76,1,,,resume
1226645,35,2,,,pause
1226676,114,2,,,resume
1226684,74,1,,,pause
1226684,74,1,,,resume
1226693,155,2,,,resume
1226707,50,1,,,pause
1226716,53,1,,,resume
1226716,53,1,,,pause
1226716,53,1,,,resume
1226728,35,2,,,resume
1226732,114,1,,,pause
1226757,98,1,,,pause
1226758,122,2,,,pause
1226767,74,1,,,pause
1226790,50,1,,,resume
1226840,98,1,,,resume
1226841,122,2,,,resume
1226841,122,2,,,pause
1226850,74,1,,,resume
1226850,74,1,,,pause
1226872,65,1,,,pause
1226872,65,1,,,resume
1226927,114,2,,,pause
1226933,124,2,,,pause
1226933,74,1,,,resume
1226933,124,2,,,resume
1226933,74,1,,,pause
1226965,53,1,,,pause
1226966,100,1,,,pause
1226982,114,1,,,resume
1226982,114,1,,,pause
1226982,114,1,,,resume
1227010,114,2,,,resume
1227010,114,2,,,pause
1227016,74,1,,,resume
1227048,53,1,,,resume
1227048,53,1,,,pause
1227049,100,1,,,resume
1227068,42,2,,,pause
1227090,122,2,,,resume
1227093,114,2,,,resume
1227093,114,2,,,pause
1227131,53,1,,,resume
1227132,100,1,,,pause
1227151,42,2,,,resume
1227176,114,2,,,resume
1227216,100,1,,,resume
1227237,78,1,,,pause
1227320,78,1,,,resume
1227371,50,1,,,pause
1227398,114,1,,,pause
1227398,114,1,,,resume
1227431,74,1,,,pause
1227431,74,1,,,resume
1227454,50,1,,,resume
1227481,114,1,,,pause
1227481,114,1,,,resume
1227626,128,1,,,pause
1227709,128,1,,,resume
1227792,128,1,,,pause
1227797,119,1,,,pause
1227822,117,2,,,pause
1227822,117,2,,,resume
1227875,128,1,,,resume
1227875,128,1,,,pause
1227881,119,1,,,resume
1227958,128,1,,,resume
1227958,128,1,,,pause
1228041,128,1,,,resume
1228207,128,1,,,pause
1228290,128,1,,,resume
1228373,128,1,,,pause
1228413,141,2,,,pause
1228456,128,1,,,resume
1228465,184,1,,,pause
1228490,215,2,,,pause
1228490,215,2,,,resume
1228496,141,2,,,resume
1228527,157,1,,,pause
1228610,157,1,,,resume
1228631,184,1,,,resume
1228631,184,1,,,pause
1228714,184,1,,,resume
1228994,141,2,,,pause
1228994,141,2,,,resume
1229045,208,1,,,pause
1229073,243,2,,,pause
1229128,208,1,,,resume
1229156,243,2,,,resume
1229194,252,2,,,pause
1229194,252,2,,,resume
1229865,161,2,,,pause
1229948,161,2,,,resume
1229948,161,2,,,pause
1229948,161,2,,,resume
1229954,249,1,,,pause
1230037,249,1,,,resume
1230273,155,2,,,pause
1230356,155,2,,,resume
1230472,123,2,,,pause
1230555,123,2,,,resume
1230740,125,2,,,pause
1230740,125,2,,,resume
1230823,125,2,,,pause
1230823,125,2,,,resume
1231053,123,2,,,pause
1231053,123,2,,,resume
1231072,125,2,,,pause
1231090,127,2,,,pause
1231155,125,2,,,resume
1231155,125,2,,,pause
1231173,127,2,,,resume
1231238,125,2,,,resume
1231238,125,2,,,pause
1231302,123,2,,,pause
1231312,117,2,,,pause
1231321,125,2,,,resume
1231321,125,2,,,pause
1231330,114,2,,,pause
1231339,127,2,,,pause
1231384,65,1,,,pause
1231384,65,1,,,resume
1231385,123,2,,,resume
1231385,123,2,,,pause
1231385,123,2,,,resume
1231395,117,2,,,resume
1231395,117,2,,,pause
1231404,125,2,,,resume
1231404,125,2,,,pause
1231413,114,2,,,resume
1231422,127,2,,,resume
1231476,99,2,,,pause
1231478,117,2,,,resume
1231532,46,2,,,pause
1231560,99,2,,,resume
1231560,99,2,,,pause
1231560,99,2,,,resume
1231615,46,2,,,resume
1231653,125,2,,,resume
1231653,125,2,,,pause
1231657,5,2,,,pause
1231657,5,2,,,resume
1231677,121,2,,,pause
1231800,123,2,,,pause
1231913,98,1,,,pause
1231951,53,1,,,pause
1231977,57,2,,,pause
1231996,98,1,,,resume
1232034,53,1,,,resume
1232049,65,1,,,pause
1232049,65,1,,,resume
1232051,123,2,,,resume
1232060,57,2,,,resume
1232086,124,2,,,pause
1232159,125,2,,,resume
1232159,125,2,,,pause
1232169,124,2,,,resume
1232178,53,2,,,pause
1232178,53,2,,,resume
1232216,97,2,,,pause
1232216,97,2,,,resume
1232242,125,2,,,resume
1232242,125,2,,,pause
1232258,121,2,,,resume
1232261,53,2,,,pause
1232261,53,2,,,resume
1232283,53,1,,,pause
1232283,53,1,,,resume
1232293,22,2,,,pause
1232293,22,2,,,resume
1232325,125,2,,,resume
1232325,125,2,,,pause
1232341,121,2,,,pause
1232365,93,2,,,pause
1232365,93,2,,,resume
1232391,117,2,,,pause
1232410,114,2,,,pause
1232414,115,2,,,pause
1232466,54,1,,,pause
1232466,54,1,,,resume
1232475,117,2,,,resume
1232475,117,2,,,pause
1232491,125,2,,,resume
1232507,121,2,,,resume
1232516,155,2,,,pause
1232576,114,2,,,resume
1232599,155,2,,,resume
1232640,159,2,,,pause
1232640,159,2,,,resume
1232655,165,2,,,pause
1232664,115,2,,,resume
1232664,115,2,,,pause
1232739,112,2,,,pause
1232740,165,2,,,resume
1232740,165,2,,,pause
1232809,117,2,,,resume
1232822,112,2,,,resume
1232824,165,2,,,resume
1232885,153,2,,,pause
1232885,153,2,,,resume
1232914,115,2,,,resume
1233563,141,2,,,pause
1233563,141,2,,,resume
1233627,246,2,,,pause
1233627,246,2,,,resume
1233715,200,2,,,pause
1233798,200,2,,,resume
1233838,182,1,,,pause
1233838,182,1,,,resume
1233951,185,1,,,pause
1233951,185,1,,,resume
1234211,190,1,,,pause
1234211,190,1,,,resume
1234231,216,2,,,pause
1234231,216,2,,,resume
1234294,190,1,,,pause
1234294,190,1,,,resume
1234349,252,2,,,pause
1234349,252,2,,,resume
1234431,186,1,,,pause
1234431,186,1,,,resume
1234546,200,2,,,pause
1234560,116,2,,,pause
1234560,116,2,,,resume
1234629,200,2,,,resume
1234655,235,1,,,pause
1234738,235,1,,,resume
1235086,8,2,,,pause
1235086,8,2,,,resume
1235103,249,1,,,pause
1235186,249,1,,,resume
1235747,182,1,,,pause
1235747,182,1,,,resume
1236549,65,1,,,pause
1236549,65,1,,,resume
1236688,46,2,,,pause
1236772,46,2,,,resume
1236772,46,2,,,pause
1236855,46,2,,,resume
1236873,76,1,,,pause
1236873,76,1,,,resume
1236995,116,1,,,pause
1236995,116,1,,,resume
1237025,53,1,,,pause
1237073,98,1,,,pause
1237109,53,1,,,resume
1237109,53,1,,,pause
1237125,20,2,,,pause
1237125,20,2,,,resume
1237156,98,1,,,resume
1237156,98,1,,,pause
1237192,53,1,,,resume
1237213,65,1,,,pause
1237213,65,1,,,resume
1237226,100,1,,,pause
1237235,112,2,,,pause
1237235,112,2,,,resume
1237239,98,1,,,resume
1237245,127,2,,,pause
1237270,50,1,,,pause
1237276,53,1,,,pause
1237309,100,1,,,resume
1237328,127,2,,,resume
1237333,74,1,,,pause
1237354,50,1,,,resume
1237359,53,1,,,resume
1237377,12,2,,,pause
1237377,12,2,,,resume
1237416,74,1,,,resume
1237420,114,1,,,pause
1237420,114,1,,,resume
1237448,68,1,,,pause
1237448,68,1,,,resume
1237458,22,2,,,pause
1237458,22,2,,,resume
1237541,22,2,,,pause
1237548,78,1,,,pause
1237551,115,1,,,pause
1237551,115,1,,,resume
1237585,35,1,,,pause
1237608,53,1,,,pause
1237624,22,2,,,resume
1237632,78,1,,,resume
1237632,78,1,,,pause
1237650,114,2,,,pause
1237668,35,1,,,resume
1237668,35,1,,,pause
1237691,53,1,,,resume
1237715,78,1,,,resume
1237733,114,2,,,resume
1237751,35,1,,,resume
1237751,35,1,,,pause
1237834,35,1,,,resume
1238139,100,1,,,pause
1238139,100,1,,,resume
1238297,117,2,,,pause
1238381,117,2,,,resume
1238474,125,2,,,pause
1238641,125,2,,,resume
1238641,125,2,,,pause
1238642,141,2,,,pause
1238652,157,2,,,pause
1238652,157,2,,,resume
1238724,125,2,,,resume
1238737,114,2,,,pause
1238771,189,2,,,pause
1238809,141,2,,,resume
1238809,141,2,,,pause
1238821,114,2,,,resume
1238855,189,2,,,resume
1238855,189,2,,,pause
1238855,189,2,,,resume
1238863,238,2,,,pause
1238863,238,2,,,resume
1238868,200,2,,,pause
1238892,141,2,,,resume
1238952,200,2,,,resume
1239004,229,2,,,pause
1239004,229,2,,,resume
1239069,201,2,,,pause
1239069,201,2,,,resume
1239092,222,2,,,pause
1239092,222,2,,,resume
1239118,200,2,,,pause
1239118,200,2,,,resume
1239141,141,2,,,pause
1239141,141,2,,,resume
1239224,141,2,,,pause
1239235,157,2,,,pause
1239235,201,2,,,pause
1239235,157,2,,,resume
1239235,201,2,,,resume
1239237,242,2,,,pause
1239237,242,2,,,resume
1239277,245,2,,,pause
1239307,141,2,,,resume
1239307,141,2,,,pause
1239307,141,2,,,resume
1239321,249,2,,,pause
1239321,249,2,,,resume
1239359,218,1,,,pause
1239359,218,1,,,resume
1239360,245,2,,,resume
1239360,245,2,,,pause
1239367,190,1,,,pause
1239367,190,1,,,resume
1239389,216,2,,,pause
1239389,216,2,,,resume
1239403,157,2,,,pause
1239403,157,2,,,resume
1239443,245,2,,,resume
1239450,190,1,,,pause
1239450,190,1,,,resume
1239472,216,2,,,pause
1239472,216,2,,,resume
1239483,112,2,,,pause
1239483,112,2,,,resume
1239484,201,2,,,pause
1239506,186,1,,,pause
1239567,201,2,,,resume
1239567,201,2,,,pause
1239567,201,2,,,resume
1239589,186,1,,,resume
1239635,242,1,,,pause
1239718,242,1,,,resume
1239736,242,2,,,pause
1239736,242,2,,,resume
1239812,65,2,,,pause
1239812,65,2,,,resume
1240066,112,2,,,pause
1240150,112,2,,,resume
1240243,8,2,,,pause
1240243,8,2,,,resume
1241160,120,2,,,pause
1241160,120,2,,,resume
1241490,121,2,,,pause
1241573,121,2,,,resume
1241740,121,2,,,pause
1241777,123,2,,,pause
1241777,123,2,,,resume
1241791,115,1,,,pause
1241791,115,1,,,resume
1241811,114,2,,,pause
1241823,121,2,,,resume
1241854,97,2,,,pause
1241854,97,2,,,resume
1241868,45,2,,,pause
1241874,115,1,,,pause
1241927,46,2,,,pause
1241951,45,2,,,resume
1241951,45,2,,,pause
1241957,115,1,,,resume
1241962,60,2,,,pause
1241962,60,2,,,resume
1241989,121,2,,,pause
1241999,44,1,,,pause
1241999,44,1,,,resume
1242010,46,2,,,resume
1242010,46,2,,,pause
1242010,46,2,,,resume
1242034,153,2,,,pause
1242034,153,2,,,resume
1242039,117,2,,,pause
1242045,60,2,,,pause
1242045,60,2,,,resume
1242059,98,1,,,pause
1242066,5,2,,,pause
1242066,5,2,,,resume
1242078,112,1,,,pause
1242088,155,2,,,pause
1242117,45,2,,,resume
1242117,45,2,,,pause
1242117,45,2,,,resume
1242122,117,2,,,resume
1242128,60,2,,,pause
1242128,60,2,,,resume
1242142,98,1,,,resume
1242142,98,1,,,pause
1242148,70,1,,,pause
1242151,116,1,,,pause
1242151,116,1,,,resume
1242161,112,1,,,resume
1242171,155,2,,,resume
1242171,155,2,,,pause
1242171,155,2,,,resume
1242197,35,2,,,pause
1242200,45,2,,,pause
1242200,45,2,,,resume
1242211,60,2,,,pause
1242211,60,2,,,resume
1242212,125,2,,,pause
1242226,114,2,,,resume
1242226,114,2,,,pause
1242234,70,1,,,resume
1242246,114,1,,,pause
1242281,35,2,,,resume
1242281,35,2,,,pause
1242281,35,2,,,resume
1242284,20,2,,,pause
1242284,20,2,,,resume
1242295,125,2,,,resume
1242308,98,1,,,resume
1242308,98,1,,,pause
1242309,114,2,,,resume
1242309,114,2,,,pause
1242321,16,2,,,pause
1242321,16,2,,,resume
1242360,113,2,,,pause
1242366,65,1,,,pause
1242366,65,1,,,resume
1242378,125,2,,,pause
1242378,125,2,,,resume
1242380,100,1,,,pause
1242387,9,2,,,pause
1242387,9,2,,,resume
1242391,98,1,,,resume
1242404,124,2,,,pause
1242409,61,2,,,pause
1242409,61,2,,,resume
1242425,50,1,,,pause
1242435,97,2,,,pause
1242435,97,2,,,resume
1242443,113,2,,,resume
1242449,12,2,,,pause
1242449,21,2,,,pause
1242449,21,2,,,resume
1242454,117,2,,,pause
1242463,53,2,,,pause
1242463,100,1,,,resume
1242475,114,2,,,resume
1242483,115,2,,,pause
1242487,124,2,,,resume
1242489,121,2,,,resume
1242495,114,1,,,resume
1242508,50,1,,,resume
1242518,97,2,,,pause
1242526,113,2,,,pause
1242532,12,2,,,resume
1242532,12,2,,,pause
1242532,12,2,,,resume
1242537,117,2,,,resume
1242538,115,1,,,pause
1242538,115,1,,,resume
1242541,42,2,,,pause
1242541,42,2,,,resume
1242544,125,2,,,pause
1242546,53,2,,,resume
1242578,114,1,,,pause
1242578,114,1,,,resume
1242579,98,2,,,pause
1242579,98,2,,,resume
1242581,67,1,,,pause
1242602,68,1,,,pause
1242602,97,2,,,resume
1242602,68,1,,,resume
1242609,113,2,,,resume
1242613,22,2,,,pause
1242613,22,2,,,resume
1242615,78,1,,,pause
1242615,12,2,,,pause
1242615,12,2,,,resume
1242627,125,2,,,resume
1242629,53,2,,,pause
1242641,114,2,,,pause
1242655,121,2,,,pause
1242661,41,2,,,pause
1242661,41,2,,,resume
1242664,67,1,,,resume
1242685,97,2,,,pause
1242685,97,2,,,resume
1242696,22,2,,,pause
1242698,78,1,,,resume
1242699,45,2,,,pause
1242712,89,2,,,pause
1242712,53,2,,,resume
1242712,53,2,,,pause
1242775,113,2,,,pause
1242775,113,2,,,resume
1242779,22,2,,,resume
1242780,54,1,,,pause
1242780,54,1,,,resume
1242783,45,2,,,resume
1242792,60,2,,,pause
1242792,60,2,,,resume
1242795,53,2,,,resume
1242808,98,1,,,pause
1242808,98,1,,,resume
1242815,115,2,,,resume
1242835,155,2,,,pause
1242878,89,2,,,resume
1242901,127,2,,,pause
1242905,121,2,,,resume
1242918,155,2,,,resume
1242973,114,2,,,resume
1242984,127,2,,,resume
1243024,113,2,,,pause
1243030,153,2,,,pause
1243030,153,2,,,resume
1243044,89,2,,,pause
1243082,130,1,,,pause
1243082,130,1,,,resume
1243113,153,2,,,pause
1243113,153,2,,,resume
1243120,115,1,,,pause
1243181,205,2,,,pause
1243190,113,2,,,resume
1243202,117,2,,,pause
1243205,115,1,,,resume
1243210,89,2,,,resume
1243223,157,2,,,pause
1243223,157,2,,,resume
1243247,126,2,,,pause
1243247,126,2,,,resume
1243255,185,2,,,pause
1243264,205,2,,,resume
1243264,205,2,,,pause
1243293,100,1,,,pause
1243318,16,2,,,pause
1243320,121,2,,,pause
1243338,185,2,,,resume
1243347,205,2,,,resume
1243374,125,2,,,pause
1243374,125,2,,,resume
1243376,89,2,,,pause
1243376,100,1,,,resume
1243392,201,2,,,pause
1243401,16,2,,,resume
1243403,121,2,,,resume
1243451,117,2,,,resume
1243542,89,2,,,resume
1243558,201,2,,,resume
1243668,128,1,,,pause
1243711,242,1,,,pause
1243711,242,1,,,resume
1243751,128,1,,,resume
1243840,235,2,,,pause
1243840,235,2,,,resume
1243921,237,1,,,pause
1243921,237,1,,,resume
1244003,215,2,,,pause
1244086,215,2,,,resume
1244170,228,1,,,pause
1244170,228,1,,,resume
1244189,141,2,,,pause
1244189,141,2,,,resume
1244336,237,1,,,pause
1244390,193,1,,,pause
1244390,193,1,,,resume
1244391,242,2,,,pause
1244391,242,2,,,resume
1244419,237,1,,,resume
1244419,237,1,,,pause
1244419,237,1,,,resume
1244473,193,1,,,pause
1244473,193,1,,,resume
1244553,157,2,,,pause
1244553,157,2,,,resume
1244627,216,2,,,pause
1244627,216,2,,,resume
1244639,193,1,,,pause
1244639,193,1,,,resume
1245000,237,1,,,pause
1245000,237,1,,,resume
1245166,237,1,,,pause
1245249,237,1,,,resume
1245249,237,1,,,pause
1245332,237,1,,,resume
1245332,237,1,,,pause
1245332,237,1,,,resume
1245396,8,2,,,pause
1245396,8,2,,,resume
1245581,237,1,,,pause
1245581,237,1,,,resume
1246778,115,1,,,pause
1246824,65,1,,,pause
1246861,115,1,,,resume
1246861,115,1,,,pause
1246907,65,1,,,resume
1246944,115,1,,,resume
1247027,115,1,,,pause
1247027,115,1,,,resume
1247101,123,1,,,pause
1247132,112,2,,,pause
1247164,46,2,,,pause
1247164,46,2,,,resume
1247178,76,1,,,pause
1247184,123,1,,,resume
1247215,112,2,,,resume
1247215,112,2,,,pause
1247261,76,1,,,resume
1247364,60,2,,,pause
1247364,60,2,,,resume
1247381,112,2,,,resume
1247381,112,2,,,pause
1247406,65,1,,,pause
1247489,65,1,,,resume
1247489,65,1,,,pause
1247504,51,1,,,pause
1247504,51,1,,,resume
1247515,103,1,,,pause
1247547,112,2,,,resume
1247547,112,2,,,pause
1247572,65,1,,,resume
1247575,50,1,,,pause
1247598,103,1,,,resume
1247617,100,1,,,pause
1247630,112,2,,,resume
1247650,126,2,,,pause
1247658,50,1,,,resume
1247684,96,2,,,pause
1247684,96,2,,,resume
1247691,115,1,,,pause
1247691,115,1,,,resume
1247700,100,1,,,resume
1247701,67,1,,,pause
1247701,67,1,,,resume
1247713,112,2,,,pause
1247733,126,2,,,resume
1247753,68,1,,,pause
1247753,68,1,,,resume
1247784,67,1,,,pause
1247784,67,1,,,resume
1247796,112,2,,,resume
1247796,112,2,,,pause
1247879,112,2,,,resume
1247927,115,2,,,pause
1247931,54,1,,,pause
1247931,54,1,,,resume
1247950,60,2,,,pause
1247950,60,2,,,resume
1247962,112,2,,,pause
1248045,112,2,,,resume
1248045,112,2,,,pause
1248104,117,2,,,pause
1248104,168,2,,,pause
1248104,117,2,,,resume
1248104,168,2,,,resume
1248128,112,2,,,resume
1248128,112,2,,,pause
1248211,112,2,,,resume
1248211,112,2,,,pause
1248211,112,2,,,resume
1248222,127,2,,,pause
1248259,115,2,,,resume
1248259,115,2,,,pause
1248270,168,2,,,pause
1248294,112,2,,,pause
1248305,127,2,,,resume
1248342,115,2,,,resume
1248436,168,2,,,resume
1248437,48,1,,,pause
1248460,112,2,,,resume
1248473,120,2,,,pause
1248520,48,1,,,resume
1248556,120,2,,,resume
1248577,113,1,,,pause
1248577,113,1,,,resume
1248795,201,2,,,pause
1248796,201,2,,,resume
1248814,186,1,,,pause
1248826,113,1,,,pause
1248897,186,1,,,resume
1248909,113,1,,,resume
1248995,235,2,,,pause
1248995,235,2,,,resume
1249214,158,2,,,pause
1249214,158,2,,,resume
1249261,165,1,,,pause
1249261,165,1,,,resume
1249310,222,2,,,pause
1249310,222,2,,,resume
1249322,228,1,,,pause
1249322,228,1,,,resume
1249393,222,2,,,pause
1249393,222,2,,,resume
1249543,193,1,,,pause
1249543,193,1,,,resume
1249626,193,1,,,pause
1249626,193,1,,,resume
1249656,237,1,,,pause
1249656,237,1,,,resume
1249709,193,1,,,pause
1249709,193,1,,,resume
1249710,253,1,,,pause
1249793,253,1,,,resume
1251203,201,2,,,pause
1251286,201,2,,,resume
1251520,42,2,,,pause
1251686,42,2,,,resume
1251794,121,2,,,pause
1251843,45,2,,,pause
1251877,121,2,,,resume
1251891,102,1,,,pause
1251891,102,1,,,resume
1251926,45,2,,,resume
1251932,115,1,,,pause
1252015,115,1,,,resume
1252015,115,1,,,pause
1252015,115,1,,,resume
1252054,126,2,,,pause
1252098,115,1,,,pause
1252108,21,2,,,pause
1252119,97,2,,,pause
1252137,126,2,,,resume
1252140,44,1,,,pause
1252140,44,1,,,resume
1252175,45,2,,,pause
1252184,29,2,,,pause
1252191,21,2,,,resume
1252199,114,2,,,pause
1252202,97,2,,,resume
1252202,97,2,,,pause
1252202,97,2,,,resume
1252220,126,2,,,pause
1252256,123,1,,,pause
1252256,113,2,,,pause
1252256,113,2,,,resume
1252259,48,1,,,pause
1252264,115,1,,,resume
1252267,29,2,,,resume
1252282,114,2,,,resume
1252293,121,2,,,pause
1252303,126,2,,,resume
1252318,46,2,,,pause
1252318,46,2,,,resume
1252335,76,1,,,pause
1252339,123,1,,,resume
1252342,48,1,,,resume
1252343,125,2,,,pause
1252365,114,2,,,pause
1252418,76,1,,,resume
1252418,76,1,,,pause
1252424,45,2,,,resume
1252433,29,2,,,pause
1252448,114,2,,,resume
1252448,114,2,,,pause
1252456,70,1,,,pause
1252472,102,1,,,pause
1252472,102,1,,,resume
1252486,68,1,,,pause
1252501,76,1,,,resume
1252505,35,2,,,pause
1252505,113,2,,,pause
1252505,113,2,,,resume
1252509,125,2,,,resume
1252516,29,2,,,resume
1252519,60,2,,,pause
1252519,100,1,,,pause
1252519,60,2,,,resume
1252519,100,1,,,resume
1252531,114,2,,,resume
1252538,74,1,,,pause
1252538,74,1,,,resume
1252539,70,1,,,resume
1252555,102,1,,,pause
1252555,102,1,,,resume
1252557,96,1,,,pause
1252557,96,1,,,resume
1252569,68,1,,,resume
1252578,115,2,,,pause
1252589,35,2,,,resume
1252590,45,2,,,pause
1252621,74,1,,,pause
1252645,50,1,,,pause
1252653,68,1,,,pause
1252653,68,1,,,resume
1252658,40,2,,,pause
1252658,40,2,,,resume
1252673,45,2,,,resume
1252675,72,1,,,pause
1252680,98,1,,,pause
1252680,98,1,,,resume
1252691,21,2,,,pause
1252704,74,1,,,resume
1252708,121,2,,,resume
1252718,126,2,,,pause
1252723,96,1,,,pause
1252723,96,1,,,resume
1252736,68,1,,,pause
1252736,68,1,,,resume
1252744,115,2,,,resume
1252744,115,2,,,pause
1252757,48,1,,,pause
1252758,72,1,,,resume
1252760,117,2,,,pause
1252774,21,2,,,resume
1252792,121,2,,,pause
1252801,126,2,,,resume
1252801,126,2,,,pause
1252806,96,1,,,pause
1252828,115,2,,,resume
1252828,115,2,,,pause
1252828,115,2,,,resume
1252836,103,1,,,pause
1252836,103,1,,,resume
1252840,48,1,,,resume
1252843,117,2,,,resume
1252857,67,1,,,pause
1252857,67,1,,,resume
1252884,126,2,,,resume
1252890,96,1,,,resume
1252894,50,1,,,resume
1252894,50,1,,,pause
1252902,68,1,,,pause
1252902,68,1,,,resume
1252921,113,2,,,pause
1252940,67,1,,,pause
1252940,67,1,,,resume
1252958,121,2,,,resume
1252973,96,1,,,pause
1252973,96,1,,,resume
1252977,50,1,,,resume
1252977,50,1,,,pause
1252977,50,1,,,resume
1252978,113,1,,,pause
1253004,113,2,,,resume
1253061,113,1,,,resume
1253065,155,2,,,pause
1253148,155,2,,,resume
1253148,155,2,,,pause
1253231,155,2,,,resume
1253258,125,2,,,pause
1253314,155,2,,,pause
1253341,125,2,,,resume
1253397,155,2,,,resume
1253422,48,1,,,pause
1253426,115,1,,,pause
1253510,115,1,,,resume
1253558,50,1,,,pause
1253558,50,1,,,resume
1253559,113,1,,,pause
1253641,50,1,,,pause
1253642,113,1,,,resume
1253671,48,1,,,resume
1253671,48,1,,,pause
1253707,121,2,,,pause
1253725,50,1,,,resume
1253754,48,1,,,resume
1253790,121,2,,,resume
1253808,113,1,,,pause
1253891,113,1,,,resume
1254093,204,1,,,pause
1254176,204,1,,,resume
1254477,228,1,,,pause
1254477,228,1,,,resume
1254576,187,2,,,pause
1254576,187,2,,,resume
1254659,187,2,,,pause
1254659,187,2,,,resume
1254999,239,1,,,pause
1254999,239,1,,,resume
1255149,248,2,,,pause
1255149,248,2,,,resume
1255700,124,2,,,pause
1255700,124,2,,,resume
1256106,242,2,,,pause
1256106,242,2,,,resume
1256356,168,2,,,pause
1256439,168,2,,,resume
1256660,22,2,,,pause
1256660,22,2,,,resume
1256938,168,2,,,pause
1257021,168,2,,,resume
1257323,154,2,,,pause
1257323,154,2,,,resume
1257334,115,1,,,pause
1257382,9,1,,,pause
1257407,22,2,,,pause
1257407,22,2,,,resume
1257411,123,1,,,pause
1257417,115,1,,,resume
1257425,60,2,,,pause
1257465,9,1,,,resume
1257474,46,2,,,pause
1257494,123,1,,,resume
1257508,60,2,,,resume
1257541,44,1,,,pause
1257541,44,1,,,resume
1257557,46,2,,,resume
1257572,99,2,,,pause
1257572,99,2,,,resume
1257591,60,2,,,pause
1257591,60,2,,,resume
1257632,50,1,,,pause
1257660,12,2,,,pause
1257665,98,1,,,pause
1257674,60,2,,,pause
1257674,60,2,,,resume
1257715,50,1,,,resume
1257732,115,2,,,pause
1257743,12,2,,,resume
1257748,98,1,,,resume
1257748,98,1,,,pause
1257810,40,2,,,pause
1257810,40,2,,,resume
1257815,115,2,,,resume
1257831,98,1,,,resume
1257898,115,2,,,pause
1257909,12,2,,,pause
1257935,96,2,,,pause
1257945,124,2,,,pause
1257990,103,1,,,pause
1257990,103,1,,,resume
1257992,12,2,,,resume
1257992,12,2,,,pause
1257992,12,2,,,resume
1258013,67,1,,,pause
1258013,67,1,,,resume
1258018,96,2,,,resume
1258028,124,2,,,resume
1258070,78,1,,,pause
1258100,114,2,,,pause
1258153,78,1,,,resume
1258154,22,2,,,pause
1258183,114,2,,,resume
1258183,114,2,,,pause
1258230,115,2,,,resume
1258230,115,2,,,pause
1258230,115,2,,,resume
1258237,22,2,,,resume
1258266,114,2,,,resume
1258477,40,2,,,pause
1258477,40,2,,,resume
1258754,60,2,,,pause
1258837,60,2,,,resume
1258846,155,1,,,pause
1258930,155,1,,,resume
1259469,210,2,,,pause
1259469,210,2,,,resume
1259523,158,2,,,pause
1259523,158,2,,,resume
1259629,242,1,,,pause
1259629,242,1,,,resume
1259701,148,2,,,pause
1259769,201,2,,,pause
1259769,201,2,,,resume
1259784,148,2,,,resume
1259934,206,2,,,pause
1260017,206,2,,,resume
1260073,117,2,,,pause
1260157,117,2,,,resume
1261010,216,2,,,pause
1261010,216,2,,,resume
1261216,205,2,,,pause
1261301,205,2,,,resume
1261301,205,2,,,pause
1261301,205,2,,,resume
1261801,205,2,,,pause
1261884,205,2,,,resume
1262109,126,2,,,pause
1262192,126,2,,,resume
1262201,50,1,,,pause
1262233,1,2,,,pause
1262233,1,2,,,resume
1262284,50,1,,,resume
1262384,40,2,,,pause
1262384,40,2,,,resume
1262475,154,2,,,pause
1262475,154,2,,,resume
1262482,1,2,,,pause
1262482,1,2,,,resume
1262490,115,1,,,pause
1262563,118,2,,,pause
1262563,118,2,,,resume
1262568,123,1,,,pause
1262574,115,1,,,resume
1262628,46,2,,,pause
1262631,93,2,,,pause
1262651,123,1,,,resume
1262684,121,2,,,pause
1262691,126,2,,,pause
1262711,46,2,,,resume
1262714,93,2,,,resume
1262737,20,2,,,pause
1262737,20,2,,,resume
1262775,126,2,,,resume
1262775,126,2,,,pause
1262807,125,2,,,pause
1262822,113,2,,,pause
1262822,113,2,,,resume
1262827,100,1,,,pause
1262836,114,2,,,pause
1262858,126,2,,,resume
1262860,14,2,,,pause
1262860,14,2,,,resume
1262868,50,1,,,pause
1262885,115,2,,,pause
1262900,72,1,,,pause
1262900,72,1,,,resume
1262903,98,1,,,pause
1262910,100,1,,,resume
1262915,9,2,,,pause
1262915,9,2,,,resume
1262919,114,2,,,resume
1262952,50,1,,,resume
1262952,50,1,,,pause
1262952,50,1,,,resume
1262965,40,2,,,pause
1262965,40,2,,,resume
1262978,103,1,,,pause
1262980,1,2,,,pause
1262980,1,2,,,resume
1262983,72,1,,,pause
1262984,117,2,,,pause
1262984,117,2,,,resume
1262988,113,2,,,pause
1263039,42,1,,,pause
1263051,115,2,,,resume
1263051,115,2,,,pause
1263051,115,2,,,resume
1263061,103,1,,,resume
1263066,72,1,,,resume
1263069,98,1,,,resume
1263100,121,2,,,resume
1263122,42,1,,,resume
1263125,68,1,,,pause
1263144,103,1,,,pause
1263154,113,2,,,resume
1263156,115,1,,,pause
1263172,10,2,,,pause
1263181,67,1,,,pause
1263181,67,1,,,resume
1263208,68,1,,,resume
1263222,78,1,,,pause
1263223,125,2,,,resume
1263227,103,1,,,resume
1263237,113,2,,,pause
1263239,115,1,,,resume
1263251,114,2,,,pause
1263255,10,2,,,resume
1263292,114,1,,,pause
1263305,78,1,,,resume
1263306,125,2,,,pause
1263308,22,2,,,pause
1263320,113,2,,,resume
1263322,115,1,,,pause
1263322,115,1,,,resume
1263334,114,2,,,resume
1263334,114,2,,,pause
1263389,125,2,,,resume
1263391,22,2,,,resume
1263417,114,2,,,resume
1263458,114,1,,,resume
1263459,155,2,,,pause
1263476,118,2,,,pause
1263476,118,2,,,resume
1263487,113,2,,,pause
1263487,113,2,,,resume
1263542,155,2,,,resume
1263570,113,2,,,pause
1263639,154,2,,,pause
1263639,154,2,,,resume
1263737,113,2,,,resume
1263816,117,2,,,pause
1263903,115,1,,,pause
1263982,117,2,,,resume
1264042,205,2,,,pause
1264069,115,1,,,resume
1264125,205,2,,,resume
1264307,81,2,,,pause
1264307,81,2,,,resume
1264355,113,1,,,pause
1264438,113,1,,,resume
1264509,206,2,,,pause
1264564,191,1,,,pause
1264564,191,1,,,resume
1264592,206,2,,,resume
1264605,151,1,,,pause
1264605,151,1,,,resume
1264643,201,1,,,pause
1264643,201,1,,,resume
1264678,158,2,,,pause
1264678,158,2,,,resume
1264720,165,1,,,pause
1264720,165,1,,,resume
1264784,242,1,,,pause
1264867,242,1,,,resume
1264965,187,2,,,pause
1264965,187,2,,,resume
1265067,235,1,,,pause
1265067,235,1,,,resume
1265090,206,2,,,pause
1265090,206,2,,,resume
1265173,206,2,,,pause
1265256,206,2,,,resume
1265377,220,2,,,pause
1265377,220,2,,,resume
1265543,220,2,,,pause
1265543,220,2,,,resume
1265626,115,2,,,pause
1265709,115,2,,,resume
1265713,204,2,,,pause
1265713,204,2,,,resume
1265958,220,2,,,pause
1265958,220,2,,,resume
1266012,8,2,,,pause
1266012,8,2,,,resume
1266841,124,2,,,pause
1266924,124,2,,,resume
1267423,126,2,,,pause
1267425,8,2,,,pause
1267425,8,2,,,resume
1267506,126,2,,,resume
1267557,98,1,,,pause
1267615,155,2,,,pause
1267641,115,1,,,pause
1267658,44,2,,,pause
1267658,44,2,,,resume
1267698,155,2,,,resume
1267722,72,1,,,pause
1267723,98,1,,,resume
1267756,126,2,,,pause
1267781,155,2,,,pause
1267805,72,1,,,resume
1267808,115,1,,,resume
1267839,126,2,,,resume
1267861,114,1,,,pause
1267864,155,2,,,resume
1267864,155,2,,,pause
1267923,126,2,,,pause
1267947,155,2,,,resume
1267966,22,2,,,pause
1267966,22,2,,,resume
1267978,100,1,,,pause
1267996,19,2,,,pause
1267996,52,1,,,pause
1268006,126,2,,,resume
1268006,126,2,,,pause
1268018,14,2,,,pause
1268018,14,2,,,resume
1268019,50,1,,,pause
1268038,115,2,,,pause
1268061,100,1,,,resume
1268079,19,2,,,resume
1268079,52,1,,,resume
1268084,74,1,,,pause
1268089,8,2,,,pause
1268102,50,1,,,resume
1268102,50,1,,,pause
1268119,51,1,,,pause
1268119,51,1,,,resume
1268121,115,2,,,resume
1268137,72,1,,,pause
1268137,72,1,,,resume
1268148,50,2,,,pause
1268157,10,2,,,pause
1268167,74,1,,,resume
1268172,8,2,,,resume
1268185,50,1,,,resume
1268185,50,1,,,pause
1268195,114,1,,,resume
1268195,114,1,,,pause
1268195,114,1,,,resume
1268204,115,2,,,pause
1268212,80,2,,,pause
1268212,80,2,,,resume
1268220,72,1,,,pause
1268220,72,1,,,resume
1268221,98,1,,,pause
1268228,100,1,,,pause
1268229,113,2,,,pause
1268231,50,2,,,resume
1268240,10,2,,,resume
1268240,10,2,,,pause
1268255,67,1,,,pause
1268255,126,2,,,resume
1268255,67,1,,,resume
1268255,126,2,,,pause
1268268,50,1,,,resume
1268278,68,1,,,pause
1268287,115,2,,,resume
1268287,115,2,,,pause
1268304,98,1,,,resume
1268311,100,1,,,resume
1268312,113,2,,,resume
1268312,113,2,,,pause
1268312,113,2,,,resume
1268323,10,2,,,resume
1268351,50,1,,,pause
1268361,68,1,,,resume
1268368,51,1,,,pause
1268368,51,1,,,resume
1268370,115,2,,,resume
1268370,115,2,,,pause
1268370,115,2,,,resume
1268374,78,1,,,pause
1268386,72,1,,,pause
1268405,114,2,,,pause
1268434,50,1,,,resume
1268444,114,1,,,pause
1268446,22,2,,,pause
1268453,115,2,,,pause
1268457,78,1,,,resume
1268469,72,1,,,resume
1268488,114,2,,,resume
1268504,126,2,,,resume
1268504,126,2,,,pause
1268529,155,2,,,pause
1268529,22,2,,,resume
1268536,115,2,,,resume
1268536,115,2,,,pause
1268559,115,1,,,pause
1268588,126,2,,,resume
1268588,126,2,,,pause
1268619,115,2,,,resume
1268649,155,1,,,pause
1268672,126,2,,,resume
1268693,114,1,,,resume
1268715,117,2,,,pause
1268718,72,1,,,pause
1268725,115,1,,,resume
1268725,115,1,,,pause
1268725,115,1,,,resume
1268732,155,1,,,resume
1268732,155,1,,,pause
1268755,126,2,,,pause
1268778,155,2,,,resume
1268790,154,2,,,pause
1268790,154,2,,,resume
1268799,117,2,,,resume
1268815,155,1,,,resume
1268815,155,1,,,pause
1268815,155,1,,,resume
1268838,126,2,,,resume
1268849,50,1,,,pause
1268884,72,1,,,resume
1268884,72,1,,,pause
1268884,72,1,,,resume
1268901,88,2,,,pause
1268903,44,2,,,pause
1268932,50,1,,,resume
1268932,50,1,,,pause
1268981,155,1,,,pause
1268985,88,2,,,resume
1268986,44,2,,,resume
1268986,44,2,,,pause
1268986,44,2,,,resume
1269015,50,1,,,resume
1269064,155,1,,,resume
1269069,44,2,,,pause
1269069,44,2,,,resume
1269108,114,1,,,pause
1269147,155,1,,,pause
1269191,114,1,,,resume
1269195,205,2,,,pause
1269278,205,2,,,resume
1269278,205,2,,,pause
1269314,155,1,,,resume
1269361,205,2,,,resume
1269361,205,2,,,pause
1269368,125,2,,,pause
1269444,205,2,,,resume
1269444,205,2,,,pause
1269444,205,2,,,resume
1269451,125,2,,,resume
1269451,125,2,,,pause
1269479,176,1,,,pause
1269509,113,1,,,pause
1269523,185,2,,,pause
1269523,185,2,,,resume
1269534,125,2,,,resume
1269534,125,2,,,pause
1269537,203,2,,,pause
1269562,176,1,,,resume
1269592,113,1,,,resume
1269606,185,2,,,pause
1269617,125,2,,,resume
1269620,203,2,,,resume
1269660,216,2,,,pause
1269689,185,2,,,resume
1269702,235,2,,,pause
1269702,235,2,,,resume
1269743,216,2,,,resume
1269797,201,1,,,pause
1269797,201,1,,,resume
1269816,249,1,,,pause
1269816,249,1,,,resume
1269872,165,1,,,pause
1269872,165,1,,,resume
1269895,155,1,,,pause
1269942,205,2,,,pause
1269955,165,1,,,pause
1269978,155,1,,,resume
1270025,185,1,,,pause
1270025,185,1,,,resume
1270026,205,2,,,resume
1270026,205,2,,,pause
1270038,165,1,,,resume
1270077,201,2,,,pause
1270102,224,2,,,pause
1270102,224,2,,,resume
1270104,185,2,,,pause
1270109,205,2,,,resume
1270109,205,2,,,pause
1270109,205,2,,,resume
1270118,187,2,,,pause
1270118,187,2,,,resume
1270160,201,2,,,resume
1270160,201,2,,,pause
1270160,201,2,,,resume
1270188,185,2,,,resume
1270192,205,2,,,pause
1270276,205,2,,,resume
1270324,157,2,,,pause
1270324,157,2,,,resume
1270351,252,2,,,pause
1270407,157,2,,,pause
1270407,157,2,,,resume
1270434,252,2,,,resume
1270442,205,2,,,pause
1270525,205,2,,,resume
1270608,248,2,,,pause
1270608,248,2,,,resume
1271994,124,2,,,pause
1272077,124,2,,,resume
1272077,124,2,,,pause
1272243,124,2,,,resume
1272715,100,1,,,pause
1272798,100,1,,,resume
1272869,103,1,,,pause
1272869,103,1,,,resume
1272875,123,1,,,pause
1272883,113,2,,,pause
1272958,123,1,,,resume
1272976,69,1,,,pause
1273021,125,2,,,pause
1273049,113,2,,,resume
1273059,69,1,,,resume
1273072,121,2,,,pause
1273104,125,2,,,resume
1273104,125,2,,,pause
1273147,112,2,,,pause
1273147,52,1,,,pause
1273149,19,2,,,pause
1273187,125,2,,,resume
1273187,125,2,,,pause
1273230,112,2,,,resume
1273230,52,1,,,resume
1273232,19,2,,,resume
1273238,121,2,,,resume
1273238,121,2,,,pause
1273271,125,2,,,resume
1273271,125,2,,,pause
1273354,125,2,,,resume
1273354,125,2,,,pause
1273404,121,2,,,resume
1273427,55,1,,,pause
1273427,55,1,,,resume
1273534,103,1,,,pause
1273534,103,1,,,resume
1273547,155,1,,,pause
1273570,121,2,,,pause
1273574,16,2,,,pause
1273574,16,2,,,resume
1273603,125,2,,,resume
1273603,125,2,,,pause
1273640,69,1,,,pause
1273685,115,2,,,pause
1273686,125,2,,,resume
1273723,69,1,,,resume
1273736,121,2,,,resume
1273768,115,2,,,resume
1273768,115,2,,,pause
1273796,155,1,,,resume
1273796,155,1,,,pause
1273851,115,2,,,resume
1273851,115,2,,,pause
1273871,117,2,,,pause
1273896,112,2,,,pause
1273963,155,1,,,resume
1273963,155,1,,,pause
1273963,155,1,,,resume
1274017,115,1,,,pause
1274018,125,2,,,pause
1274019,115,2,,,resume
1274037,117,2,,,resume
1274046,155,1,,,pause
1274062,112,2,,,resume
1274062,112,2,,,pause
1274102,125,2,,,resume
1274102,125,2,,,pause
1274102,125,2,,,resume
1274122,116,2,,,pause
1274122,116,2,,,resume
1274130,155,1,,,resume
1274130,155,1,,,pause
1274147,112,2,,,resume
1274186,115,1,,,resume
1274298,155,1,,,resume
1274298,155,1,,,pause
1274356,119,1,,,pause
1274385,155,1,,,resume
1274385,155,1,,,pause
1274439,119,1,,,resume
1274468,155,1,,,resume
1274679,137,2,,,pause
1274762,137,2,,,resume
1274872,191,1,,,pause
1274883,155,1,,,pause
1274955,191,1,,,resume
1274964,249,1,,,pause
1274964,249,1,,,resume
1274966,155,1,,,resume
1274987,158,2,,,pause
1275052,228,2,,,pause
1275052,228,2,,,resume
1275070,158,2,,,resume
1275131,172,1,,,pause
1275131,172,1,,,resume
1275137,228,2,,,pause
1275137,228,2,,,resume
1275174,224,2,,,pause
1275232,216,2,,,pause
1275257,224,2,,,resume
1275315,216,2,,,resume
1275435,244,2,,,pause
1275435,244,2,,,resume
1275506,252,2,,,pause
1275512,248,2,,,pause
1275512,248,2,,,resume
1275554,242,2,,,pause
1275554,242,2,,,resume
1275567,206,2,,,pause
1275567,206,2,,,resume
1275589,252,2,,,resume
1275614,240,2,,,pause
1275614,240,2,,,resume
1275678,248,2,,,pause
1275680,220,2,,,pause
1275680,220,2,,,resume
1275761,248,2,,,resume
1275763,220,2,,,pause
1275763,220,2,,,resume
1275780,240,2,,,pause
1275780,240,2,,,resume
1275846,220,2,,,pause
1275846,220,2,,,resume
1275868,236,1,,,pause
1275868,236,1,,,resume
1275933,244,2,,,pause
1275933,244,2,,,resume
1276021,204,2,,,pause
1276021,204,2,,,resume
1276087,252,2,,,pause
1276099,244,2,,,pause
1276099,244,2,,,resume
1276135,168,2,,,pause
1276170,252,2,,,resume
1276178,220,2,,,pause
1276218,168,2,,,resume
1276218,168,2,,,pause
1276261,220,2,,,resume
1276301,168,2,,,resume
1276384,168,2,,,pause
1276467,168,2,,,resume
1276477,216,2,,,pause
1276561,216,2,,,resume
1276800,168,2,,,pause
1276967,168,2,,,resume
1277066,124,2,,,pause
1277149,124,2,,,resume
1277212,113,2,,,pause
1277212,113,2,,,resume
1277282,116,2,,,pause
1277282,116,2,,,resume
1277343,96,2,,,pause
1277343,96,2,,,resume
1277383,168,2,,,pause
1277383,168,2,,,resume
1277466,168,2,,,pause
1277466,168,2,,,resume
1277467,42,2,,,pause
1277550,42,2,,,resume
1277632,168,2,,,pause
1277632,168,2,,,resume
1277652,8,2,,,pause
1277736,8,2,,,resume
1277938,99,2,,,pause
1277987,8,2,,,pause
1277987,128,1,,,pause
1277987,8,2,,,resume
1278021,99,2,,,resume
1278040,100,1,,,pause
1278070,128,1,,,resume
1278070,8,2,,,pause
1278070,8,2,,,resume
1278085,9,1,,,pause
1278095,46,2,,,pause
1278095,46,2,,,resume
1278104,99,2,,,pause
1278123,100,1,,,resume
1278168,9,1,,,resume
1278168,9,1,,,pause
1278168,9,1,,,resume
1278187,99,2,,,resume
1278187,99,2,,,pause
1278187,99,2,,,resume
1278205,76,1,,,pause
1278205,76,1,,,resume
1278237,8,2,,,pause
1278248,14,2,,,pause
1278260,115,2,,,pause
1278297,42,2,,,pause
1278331,14,2,,,resume
1278332,13,1,,,pause
1278332,102,1,,,pause
1278332,13,1,,,resume
1278332,102,1,,,resume
1278362,1,2,,,pause
1278362,1,2,,,resume
1278380,42,2,,,resume
1278384,69,1,,,pause
1278403,8,2,,,resume
1278426,115,2,,,resume
1278461,113,2,,,pause
1278461,113,2,,,resume
1278463,42,2,,,pause
1278467,69,1,,,resume
1278486,8,2,,,pause
1278507,125,2,,,pause
1278521,99,2,,,pause
1278538,100,1,,,pause
1278544,113,2,,,pause
1278544,113,2,,,resume
1278546,42,2,,,resume
1278569,8,2,,,resume
1278569,8,2,,,pause
1278569,8,2,,,resume
1278572,113,1,,,pause
1278572,113,1,,,resume
1278589,96,2,,,pause
1278589,96,2,,,resume
1278590,125,2,,,resume
1278593,115,1,,,pause
1278604,99,2,,,resume
1278604,99,2,,,pause
1278604,99,2,,,resume
1278627,113,2,,,pause
1278627,113,2,,,resume
1278676,115,1,,,resume
1278676,115,1,,,pause
1278704,100,1,,,resume
1278710,113,2,,,pause
1278713,42,2,,,pause
1278759,115,1,,,resume
1278776,117,2,,,pause
1278788,155,1,,,pause
1278788,155,1,,,resume
1278796,42,2,,,resume
1278796,42,2,,,pause
1278798,114,2,,,pause
1278800,69,1,,,pause
1278859,117,2,,,resume
1278879,113,2,,,resume
1278879,42,2,,,resume
1278881,114,2,,,resume
1278942,117,2,,,pause
1278967,69,1,,,resume
1279110,117,2,,,resume
1279110,117,2,,,pause
1279185,119,1,,,pause
1279185,119,1,,,resume
1279193,117,2,,,resume
1279200,36,1,,,pause
1279239,29,2,,,pause
1279239,29,2,,,resume
1279283,36,1,,,resume
1279310,121,2,,,pause
1279310,121,2,,,resume
1279321,113,1,,,pause
1279337,68,1,,,pause
1279337,68,1,,,resume
1279404,113,1,,,resume
1279418,205,2,,,pause
1279453,18,2,,,pause
1279453,18,2,,,resume
1279501,205,2,,,resume
1279501,205,2,,,pause
1279507,115,1,,,pause
1279584,205,2,,,resume
1279586,125,2,,,pause
1279590,115,1,,,resume
1279639,201,2,,,pause
1279674,115,1,,,pause
1279674,115,1,,,resume
1279689,81,2,,,pause
1279689,81,2,,,resume
1279722,201,2,,,resume
1279752,125,2,,,resume
1279892,206,2,,,pause
1279975,206,2,,,resume
1280143,214,2,,,pause
1280143,158,2,,,pause
1280143,214,2,,,resume
1280143,158,2,,,resume
1280162,228,1,,,pause
1280162,228,1,,,resume
1280290,237,2,,,pause
1280290,237,2,,,resume
1280376,182,1,,,pause
1280387,201,2,,,pause
1280460,182,1,,,resume
1280470,201,2,,,resume
1280497,205,2,,,pause
1280511,202,1,,,pause
1280511,202,1,,,resume
1280522,235,1,,,pause
1280522,235,1,,,resume
1280581,205,2,,,resume
1280593,218,1,,,pause
1280593,218,1,,,resume
1280598,244,2,,,pause
1280598,244,2,,,resume
1280605,235,1,,,pause
1280605,235,1,,,resume
1280671,243,2,,,pause
1280671,243,2,,,resume
1280687,246,1,,,pause
1280687,246,1,,,resume
1280754,243,2,,,pause
1280754,243,2,,,resume
1280765,159,2,,,pause
1280765,159,2,,,resume
1280767,239,1,,,pause
1280767,239,1,,,resume
1280770,246,1,,,pause
1280770,246,1,,,resume
1280925,218,1,,,pause
1281008,218,1,,,resume
1281169,243,2,,,pause
1281169,243,2,,,resume
1281324,178,1,,,pause
1281370,155,1,,,pause
1281370,155,1,,,resume
1281407,178,1,,,resume
1281682,99,2,,,pause
1281682,99,2,,,resume
1281988,178,1,,,pause
1282071,178,1,,,resume
1282071,178,1,,,pause
1282143,124,2,,,pause
1282143,124,2,,,resume
1282154,178,1,,,resume
1282593,41,2,,,pause
1282593,41,2,,,resume
1282676,114,1,,,pause
1282676,114,1,,,resume
1282738,47,2,,,pause
1282738,47,2,,,resume
1282837,115,1,,,pause
1282876,114,2,,,pause
1282876,114,2,,,resume
1282886,126,2,,,pause
1282886,126,2,,,resume
1282920,115,1,,,resume
1282920,115,1,,,pause
1282921,115,2,,,pause
1282921,115,2,,,resume
1282997,27,1,,,pause
1282997,27,1,,,resume
1283003,115,1,,,resume
1283026,123,1,,,pause
1283032,45,2,,,pause
1283032,45,2,,,resume
1283052,126,2,,,pause
1283061,67,1,,,pause
1283061,67,1,,,resume
1283065,21,2,,,pause
1283080,27,1,,,pause
1283080,27,1,,,resume
1283086,115,1,,,pause
1283095,103,1,,,pause
1283109,123,1,,,resume
1283125,114,2,,,pause
1283148,21,2,,,resume
1283148,21,2,,,pause
1283148,21,2,,,resume
1283169,115,1,,,resume
1283192,123,1,,,pause
1283208,114,2,,,resume
1283218,126,2,,,resume
1283218,126,2,,,pause
1283242,125,2,,,pause
1283259,99,2,,,pause
1283261,103,1,,,resume
1283275,123,1,,,resume
1283275,123,1,,,pause
1283275,123,1,,,resume
1283281,45,2,,,pause
1283281,45,2,,,resume
1283291,113,2,,,pause
1283325,125,2,,,resume
1283350,117,2,,,pause
1283353,48,1,,,pause
1283374,114,2,,,pause
1283374,113,2,,,resume
1283384,126,2,,,resume
1283387,121,2,,,pause
1283404,14,2,,,pause
1283408,125,2,,,pause
1283419,115,2,,,pause
1283425,99,2,,,resume
1283431,99,1,,,pause
1283433,117,2,,,resume
1283436,48,1,,,resume
1283442,3,1,,,pause
1283442,3,1,,,resume
1283443,100,1,,,pause
1283443,100,1,,,resume
1283449,9,2,,,pause
1283455,52,1,,,pause
1283455,52,1,,,resume
1283457,113,2,,,pause
1283466,112,2,,,pause
1283486,102,1,,,pause
1283486,102,1,,,resume
1283487,14,2,,,resume
1283491,125,2,,,resume
1283502,115,2,,,resume
1283502,115,2,,,pause
1283502,115,2,,,resume
1283508,99,2,,,pause
1283508,99,2,,,resume
1283510,103,1,,,pause
1283511,40,2,,,pause
1283511,40,2,,,resume
1283526,100,1,,,pause
1283532,9,2,,,resume
1283540,114,2,,,resume
1283549,112,2,,,resume
1283569,1,2,,,pause
1283583,125,2,,,pause
1283584,61,2,,,pause
1283584,61,2,,,resume
1283585,115,2,,,pause
1283593,103,1,,,resume
1283593,103,1,,,pause
1283594,40,2,,,pause
1283594,40,2,,,resume
1283597,99,1,,,resume
1283598,81,2,,,pause
1283598,81,2,,,resume
1283601,47,1,,,pause
1283601,47,1,,,resume
1283622,42,2,,,pause
1283622,42,2,,,resume
1283623,113,2,,,resume
1283623,113,2,,,pause
1283636,121,2,,,resume
1283652,1,2,,,resume
1283677,40,2,,,pause
1283677,40,2,,,resume
1283681,81,2,,,pause
1283681,81,2,,,resume
1283682,117,2,,,pause
1283720,124,2,,,pause
1283750,115,1,,,pause
1283751,115,2,,,resume
1283751,115,2,,,pause
1283757,99,2,,,pause
1283765,117,2,,,resume
1283769,96,2,,,pause
1283769,96,2,,,resume
1283775,100,1,,,resume
1283775,100,1,,,pause
1283803,124,2,,,resume
1283834,115,2,,,resume
1283834,115,2,,,pause
1283834,115,2,,,resume
1283835,78,1,,,pause
1283840,99,2,,,resume
1283858,100,1,,,resume
1283915,125,2,,,resume
1283916,115,1,,,resume
1283918,78,1,,,resume
1283918,78,1,,,pause
1283918,78,1,,,resume
1283922,41,2,,,pause
1283922,41,2,,,resume
1283925,103,1,,,resume
1283925,103,1,,,pause
1283988,71,1,,,pause
1283988,71,1,,,resume
1284010,103,1,,,resume
1284031,119,2,,,pause
1284031,119,2,,,resume
1284038,113,2,,,resume
1284038,113,2,,,pause
1284114,119,2,,,pause
1284121,113,2,,,resume
1284121,113,2,,,pause
1284190,100,1,,,pause
1284204,113,2,,,resume
1284213,112,2,,,pause
1284245,27,1,,,pause
1284245,27,1,,,resume
1284247,125,2,,,pause
1284280,119,2,,,resume
1284280,119,2,,,pause
1284356,100,1,,,resume
1284357,123,1,,,pause
1284357,123,1,,,resume
1284368,118,1,,,pause
1284368,118,1,,,resume
1284379,112,2,,,resume
1284389,169,2,,,pause
1284389,169,2,,,resume
1284394,29,2,,,pause
1284394,29,2,,,resume
1284413,125,2,,,resume
1284429,116,2,,,pause
1284430,117,2,,,pause
1284447,119,2,,,resume
1284512,116,2,,,resume
1284596,117,2,,,resume
1284605,18,2,,,pause
1284605,18,2,,,resume
1284737,205,2,,,pause
1284820,205,2,,,resume
1284820,205,2,,,pause
1284829,115,1,,,pause
1284845,81,2,,,pause
1284845,81,2,,,resume
1284903,205,2,,,resume
1284912,115,1,,,resume
1284945,168,2,,,pause
1285016,172,2,,,pause
1285016,172,2,,,resume
1285028,168,2,,,resume
1285078,115,1,,,pause
1285161,115,1,,,resume
1285296,158,2,,,pause
1285296,158,2,,,resume
1285360,207,2,,,pause
1285360,207,2,,,resume
1285484,224,2,,,pause
1285545,216,2,,,pause
1285567,224,2,,,resume
1285577,148,2,,,pause
1285577,148,2,,,resume
1285628,216,2,,,resume
1285628,216,2,,,pause
1285703,244,2,,,pause
1285711,216,2,,,resume
1285711,216,2,,,pause
1285786,244,2,,,resume
1285794,216,2,,,resume
1285794,216,2,,,pause
1285794,216,2,,,resume
1285870,246,1,,,pause
1285870,246,1,,,resume
1285921,239,1,,,pause
1285921,240,2,,,pause
1285921,240,2,,,resume
1285953,246,1,,,pause
1285953,246,1,,,resume
1286004,239,1,,,resume
1286201,244,2,,,pause
1286329,204,2,,,pause
1286329,204,2,,,resume
1286450,244,2,,,resume
1286631,124,2,,,pause
1286714,124,2,,,resume
1287129,124,2,,,pause
1287212,124,2,,,resume
1287296,124,2,,,pause
1287296,124,2,,,resume
1287657,78,1,,,pause
1287657,78,1,,,resume
1287769,168,2,,,pause
1287852,168,2,,,resume
1287887,47,2,,,pause
1287887,47,2,,,resume
1288155,115,2,,,pause
1288155,115,2,,,resume
1288323,78,1,,,pause
1288360,114,2,,,pause
1288406,78,1,,,resume
1288433,168,2,,,pause
1288433,168,2,,,resume
1288443,114,2,,,resume
1288497,114,1,,,pause
1288534,126,2,,,pause
1288580,114,1,,,resume
1288587,107,2,,,pause
1288593,26,1,,,pause
1288610,114,2,,,pause
1288619,126,2,,,resume
1288619,126,2,,,pause
1288621,74,1,,,pause
1288637,13,1,,,pause
1288637,13,1,,,resume
1288640,102,1,,,pause
1288640,102,1,,,resume
1288655,115,2,,,pause
1288670,107,2,,,resume
1288676,26,1,,,resume
1288693,114,2,,,resume
1288704,74,1,,,resume
1288704,74,1,,,pause
1288738,115,2,,,resume
1288738,115,2,,,pause
1288746,114,1,,,pause
1288747,103,1,,,pause
1288787,74,1,,,resume
1288826,99,2,,,pause
1288829,114,1,,,resume
1288829,114,1,,,pause
1288830,103,1,,,resume
1288851,96,2,,,pause
1288868,126,2,,,resume
1288868,126,2,,,pause
1288909,99,2,,,resume
1288909,99,2,,,pause
1288912,114,1,,,resume
1288934,96,2,,,resume
1288987,78,1,,,pause
1288987,115,2,,,resume
1288988,112,2,,,pause
1288992,99,2,,,resume
1289025,114,2,,,pause
1289070,115,2,,,pause
1289071,112,2,,,resume
1289078,114,1,,,pause
1289078,114,1,,,resume
1289108,114,2,,,resume
1289108,114,2,,,pause
1289117,126,2,,,resume
1289153,78,1,,,resume
1289153,115,2,,,resume
1289153,115,2,,,pause
1289153,115,2,,,resume
1289191,114,2,,,resume
1289200,126,2,,,pause
1289241,155,2,,,pause
1289283,126,2,,,resume
1289324,155,2,,,resume
1289366,126,2,,,pause
1289366,126,2,,,resume
1289403,112,2,,,pause
1289486,112,2,,,resume
1289521,118,1,,,pause
1289521,118,1,,,resume
1289757,18,2,,,pause
1289757,18,2,,,resume
1289903,115,1,,,pause
1289986,115,1,,,resume
1290327,211,2,,,pause
1290327,211,2,,,resume
1290410,211,2,,,pause
1290410,211,2,,,resume
1290448,158,2,,,pause
1290448,158,2,,,resume
1290499,201,1,,,pause
1290499,201,1,,,resume
1290639,224,2,,,pause
1290722,224,2,,,resume
1290909,232,1,,,pause
1290909,232,1,,,resume
1291022,244,2,,,pause
1291022,244,2,,,resume
1291097,155,1,,,pause
1291097,155,1,,,resume
1291220,248,2,,,pause
1291220,248,2,,,resume
1291260,168,2,,,pause
1291260,168,2,,,resume
1291324,236,1,,,pause
1291324,236,1,,,resume
1291573,180,1,,,pause
1291573,180,1,,,resume
1291604,244,2,,,pause
1291604,244,2,,,resume
1292584,176,1,,,pause
1292615,124,2,,,pause
1292667,176,1,,,resume
1292699,124,2,,,resume
1292699,124,2,,,pause
1292865,124,2,,,resume
1292865,124,2,,,pause
1292888,85,2,,,pause
1292896,41,2,,,pause
1292896,41,2,,,resume
1292924,45,2,,,pause
1292924,45,2,,,resume
1292948,124,2,,,resume
1292973,85,2,,,resume
1293007,45,2,,,pause
1293051,125,2,,,pause
1293090,45,2,,,resume
1293090,45,2,,,pause
1293134,125,2,,,resume
1293158,117,2,,,pause
1293173,45,2,,,resume
1293173,45,2,,,pause
1293217,125,2,,,pause
1293256,45,2,,,resume
1293324,117,2,,,resume
1293339,45,2,,,pause
1293422,45,2,,,resume
1293422,45,2,,,pause
1293422,45,2,,,resume
1293466,125,2,,,resume
1293466,125,2,,,pause
1293582,100,1,,,pause
1293588,45,2,,,pause
1293588,45,2,,,resume
1293602,126,2,,,pause
1293637,115,2,,,pause
1293657,112,1,,,pause
1293657,112,1,,,resume
1293665,100,1,,,resume
1293685,126,2,,,resume
1293705,13,1,,,pause
1293710,14,2,,,pause
1293721,115,2,,,resume
1293721,115,2,,,pause
1293722,78,1,,,pause
1293740,112,1,,,pause
1293740,112,1,,,resume
1293769,5,2,,,pause
1293769,5,2,,,resume
1293774,121,2,,,pause
1293788,13,1,,,resume
1293788,13,1,,,pause
1293788,13,1,,,resume
1293793,14,2,,,resume
1293795,102,1,,,pause
1293795,102,1,,,resume
1293804,115,2,,,resume
1293804,115,2,,,pause
1293804,115,2,,,resume
1293805,78,1,,,resume
1293805,78,1,,,pause
1293805,78,1,,,resume
1293824,47,1,,,pause
1293843,69,1,,,pause
1293843,69,1,,,resume
1293866,53,1,,,pause
1293891,51,1,,,pause
1293892,61,2,,,pause
1293895,115,1,,,pause
1293901,40,2,,,pause
1293901,40,2,,,resume
1293905,99,1,,,pause
1293905,99,1,,,resume
1293907,47,1,,,resume
1293919,9,2,,,pause
1293930,42,2,,,pause
1293932,49,1,,,pause
1293949,53,1,,,resume
1293950,64,1,,,pause
1293972,125,2,,,resume
1293972,125,2,,,pause
1293974,51,1,,,resume
1293975,61,2,,,resume
1293978,115,1,,,resume
1293985,103,1,,,pause
1293985,114,1,,,pause
1293997,100,1,,,pause
1294002,9,2,,,resume
1294003,1,2,,,pause
1294013,42,2,,,resume
1294015,49,1,,,resume
1294024,121,2,,,resume
1294033,64,1,,,resume
1294053,85,2,,,pause
1294055,125,2,,,resume
1294055,125,2,,,pause
1294068,103,1,,,resume
1294068,114,1,,,resume
1294068,103,1,,,pause
1294071,117,2,,,pause
1294071,117,2,,,resume
1294130,112,2,,,pause
1294136,85,2,,,resume
1294138,125,2,,,resume
1294151,103,1,,,resume
1294152,155,2,,,pause
1294163,100,1,,,resume
1294169,1,2,,,resume
1294172,155,1,,,pause
1294221,125,2,,,pause
1294226,41,2,,,pause
1294226,41,2,,,resume
1294255,155,1,,,resume
1294275,121,2,,,pause
1294296,112,2,,,resume
1294318,155,2,,,resume
1294358,121,2,,,resume
1294387,125,2,,,resume
1294518,113,2,,,pause
1294518,113,2,,,resume
1294547,112,2,,,pause
1294548,27,1,,,pause
1294548,27,1,,,resume
1294560,115,1,,,pause
1294630,112,2,,,resume
1294630,112,2,,,pause
1294643,115,1,,,resume
1294675,118,1,,,pause
1294675,118,1,,,resume
1294713,112,2,,,resume
1294758,118,1,,,pause
1294797,103,2,,,pause
1294797,103,2,,,resume
1294841,118,1,,,resume
1294892,115,1,,,pause
1294899,180,1,,,pause
1294899,180,1,,,resume
1294919,155,1,,,pause
1294924,155,1,,,resume
1294975,115,1,,,resume
1295473,243,2,,,pause
1295480,211,2,,,pause
1295480,211,2,,,resume
1295556,243,2,,,resume
1295563,211,2,,,pause
1295563,211,2,,,resume
1295605,158,2,,,pause
1295605,158,2,,,resume
1295655,201,1,,,pause
1295669,207,2,,,pause
1295669,207,2,,,resume
1295738,201,1,,,resume
1295789,230,1,,,pause
1295789,230,1,,,resume
1295882,199,1,,,pause
1295965,199,1,,,resume
1296054,243,2,,,pause
1296063,232,1,,,pause
1296063,232,1,,,resume
1296073,202,1,,,pause
1296073,202,1,,,resume
1296078,242,1,,,pause
1296078,242,1,,,resume
1296137,243,2,,,resume
1296137,243,2,,,pause
1296164,242,2,,,pause
1296164,242,2,,,resume
1296220,243,2,,,resume
1296386,218,1,,,pause
1296435,214,2,,,pause
1296435,214,2,,,resume
1296456,248,2,,,pause
1296456,248,2,,,resume
1296469,218,1,,,resume
1296469,218,1,,,pause
1296469,218,1,,,resume
1296475,236,1,,,pause
1296475,236,1,,,resume
1296493,242,1,,,pause
1296493,242,1,,,resume
1296727,180,1,,,pause
1296727,180,1,,,resume
1296810,240,2,,,pause
1296810,240,2,,,resume
1297811,116,2,,,pause
1297895,116,2,,,resume
1297969,22,2,,,pause
1297969,22,2,,,resume
1298018,124,2,,,pause
1298101,124,2,,,resume
1298193,13,1,,,pause
1298193,13,1,,,resume
1298241,168,2,,,pause
1298325,168,2,,,resume
1298332,114,2,,,pause
1298332,114,2,,,resume
1298340,126,2,,,pause
1298423,126,2,,,resume
1298506,126,2,,,pause
1298645,98,1,,,pause
1298645,98,1,,,resume
1298664,114,2,,,pause
1298747,114,2,,,resume
1298756,112,1,,,pause
1298757,126,2,,,resume
1298757,126,2,,,pause
1298766,124,2,,,pause
1298792,78,1,,,pause
1298819,100,1,,,pause
1298840,112,1,,,resume
1298840,126,2,,,resume
1298840,126,2,,,pause
1298849,124,2,,,resume
1298856,47,2,,,pause
1298856,47,2,,,resume
1298857,13,1,,,pause
1298867,14,2,,,pause
1298875,78,1,,,resume
1298875,78,1,,,pause
1298894,107,2,,,pause
1298896,47,1,,,pause
1298902,100,1,,,resume
1298913,114,2,,,pause
1298920,20,2,,,pause
1298924,126,2,,,resume
1298924,126,2,,,pause
1298926,74,1,,,pause
1298940,13,1,,,resume
1298949,102,1,,,pause
1298949,102,1,,,resume
1298950,14,2,,,resume
1298958,78,1,,,resume
1298958,78,1,,,pause
1298958,78,1,,,resume
1298975,114,1,,,pause
1298976,99,1,,,pause
1298977,107,2,,,resume
1298979,47,1,,,resume
1298979,47,1,,,pause
1298979,47,1,,,resume
1298996,114,2,,,resume
1299003,20,2,,,resume
1299004,49,1,,,pause
1299007,126,2,,,resume
1299007,126,2,,,pause
1299009,74,1,,,resume
1299045,51,1,,,pause
1299054,40,2,,,pause
1299054,40,2,,,resume
1299058,114,1,,,resume
1299059,99,1,,,resume
1299090,126,2,,,resume
1299128,51,1,,,resume
1299139,103,1,,,pause
1299222,103,1,,,resume
1299253,49,1,,,resume
1299253,49,1,,,pause
1299253,49,1,,,resume
1299367,112,2,,,pause
1299388,155,2,,,pause
1299412,114,2,,,pause
1299445,50,1,,,pause
1299450,112,2,,,resume
1299460,51,1,,,pause
1299460,51,1,,,resume
1299471,155,2,,,resume
1299471,155,2,,,pause
1299471,155,2,,,resume
1299495,114,2,,,resume
1299528,50,1,,,resume
1299563,113,1,,,pause
1299655,119,2,,,pause
1299729,113,1,,,resume
1299739,119,2,,,resume
1299910,155,1,,,pause
1299993,155,1,,,resume
1300000,49,1,,,pause
1300000,49,1,,,resume
1300052,180,1,,,pause
1300052,180,1,,,resume
1300063,18,2,,,pause
1300063,18,2,,,resume
1300164,155,1,,,pause
1300192,186,1,,,pause
1300247,155,1,,,resume
1300247,155,1,,,pause
1300330,155,1,,,resume
1300330,155,1,,,pause
1300358,186,1,,,resume
1300405,187,1,,,pause
1300413,155,1,,,resume
1300488,187,1,,,resume
1300550,211,2,,,pause
1300550,211,2,,,resume
1300579,118,1,,,pause
1300633,180,1,,,pause
1300633,211,2,,,pause
1300633,180,1,,,resume
1300633,211,2,,,resume
1300662,118,1,,,resume
1300716,211,2,,,pause
1300757,158,2,,,pause
1300757,158,2,,,resume
1300799,211,2,,,resume
1300823,207,2,,,pause
1300823,207,2,,,resume
1300856,230,1,,,pause
1300941,230,1,,,resume
1300941,230,1,,,pause
1301024,230,1,,,resume
1301214,180,1,,,pause
1301214,180,1,,,resume
1301216,232,1,,,pause
1301216,232,1,,,resume
1301232,202,1,,,pause
1301232,202,1,,,resume
1301233,242,1,,,pause
1301233,242,1,,,resume
1301382,239,1,,,pause
1301382,232,1,,,pause
1301382,232,1,,,resume
1301440,186,1,,,pause
1301440,186,1,,,resume
1301465,239,1,,,resume
1301465,239,1,,,pause
1301542,218,1,,,pause
1301548,239,1,,,resume
1301625,218,1,,,resume
1301627,236,1,,,pause
1301627,236,1,,,resume
1301648,242,1,,,pause
1301648,242,1,,,resume
1301878,180,1,,,pause
1301878,180,1,,,resume
1301964,240,2,,,pause
1301964,240,2,,,resume
1302392,176,1,,,pause
1302475,176,1,,,resume
1303201,41,2,,,pause
1303201,41,2,,,resume
1303387,47,1,,,pause
1303397,52,1,,,pause
1303453,115,1,,,pause
1303453,115,1,,,resume
1303470,47,1,,,resume
1303480,52,1,,,resume
1303517,123,2,,,pause
1303517,123,2,,,resume
1303553,47,1,,,pause
1303593,29,2,,,pause
1303593,29,2,,,resume
1303619,115,1,,,pause
1303636,47,1,,,resume
1303636,47,1,,,pause
1303636,47,1,,,resume
1303646,52,1,,,pause
1303702,115,1,,,resume
1303711,89,2,,,pause
1303729,52,1,,,resume
1303761,29,2,,,pause
1303761,29,2,,,resume
1303768,68,1,,,pause
1303768,68,1,,,resume
1303783,7,1,,,pause
1303783,7,1,,,resume
1303794,125,2,,,pause
1303794,89,2,,,resume
1303794,125,2,,,resume
1303802,3,1,,,pause
1303827,49,1,,,pause
1303833,113,2,,,pause
1303844,29,2,,,pause
1303885,3,1,,,resume
1303910,112,1,,,pause
1303910,49,1,,,resume
1303914,121,2,,,pause
1303916,113,2,,,resume
1303927,29,2,,,resume
1303927,29,2,,,pause
1303927,29,2,,,resume
1303944,78,1,,,pause
1303972,100,1,,,pause
1303978,52,1,,,pause
1304021,14,2,,,pause
1304027,78,1,,,resume
1304027,78,1,,,pause
1304032,1,2,,,pause
1304032,1,2,,,resume
1304048,97,2,,,pause
1304048,97,2,,,resume
1304049,48,1,,,pause
1304049,48,1,,,resume
1304056,100,1,,,resume
1304061,52,1,,,resume
1304061,52,1,,,pause
1304061,52,1,,,resume
1304076,112,1,,,resume
1304081,74,1,,,pause
1304093,29,2,,,pause
1304093,29,2,,,resume
1304104,14,2,,,resume
1304110,78,1,,,resume
1304110,78,1,,,pause
1304110,78,1,,,resume
1304126,125,2,,,pause
1304129,99,1,,,pause
1304134,47,1,,,pause
1304144,52,1,,,pause
1304176,29,2,,,pause
1304176,29,2,,,resume
1304201,51,1,,,pause
1304201,115,1,,,pause
1304201,115,1,,,resume
1304209,89,2,,,pause
1304209,40,2,,,pause
1304209,125,2,,,resume
1304209,40,2,,,resume
1304209,125,2,,,pause
1304212,99,1,,,resume
1304214,77,2,,,pause
1304214,77,2,,,resume
1304217,47,1,,,resume
1304227,52,1,,,resume
1304234,155,1,,,pause
1304246,121,2,,,resume
1304247,74,1,,,resume
1304280,43,2,,,pause
1304284,51,1,,,resume
1304292,89,2,,,resume
1304292,125,2,,,resume
1304292,89,2,,,pause
1304292,125,2,,,pause
1304297,114,1,,,pause
1304297,114,1,,,resume
1304325,49,1,,,pause
1304329,121,2,,,pause
1304333,113,2,,,pause
1304363,43,2,,,resume
1304375,89,2,,,resume
1304375,125,2,,,resume
1304375,89,2,,,pause
1304375,125,2,,,pause
1304408,49,1,,,resume
1304408,49,1,,,pause
1304412,121,2,,,resume
1304416,113,2,,,resume
1304491,49,1,,,resume
1304521,112,2,,,pause
1304534,32,1,,,pause
1304534,32,1,,,resume
1304542,89,2,,,resume
1304542,89,2,,,pause
1304546,155,2,,,pause
1304604,112,2,,,resume
1304616,51,1,,,pause
1304624,125,2,,,resume
1304624,125,2,,,pause
1304625,89,2,,,resume
1304629,155,2,,,resume
1304635,113,1,,,pause
1304641,119,2,,,pause
1304649,155,1,,,resume
1304649,155,1,,,pause
1304699,51,1,,,resume
1304707,125,2,,,resume
1304708,89,2,,,pause
1304711,117,2,,,pause
1304732,155,1,,,resume
1304801,113,1,,,resume
1304801,113,1,,,pause
1304801,113,1,,,resume
1304809,52,1,,,pause
1304874,89,2,,,resume
1304874,89,2,,,pause
1304891,119,2,,,resume
1304891,119,2,,,pause
1304892,52,1,,,resume
1304924,29,2,,,pause
1304924,29,2,,,resume
1304957,89,2,,,resume
1304957,89,2,,,pause
1304961,117,2,,,resume
1304974,119,2,,,resume
1305015,151,1,,,pause
1305015,151,1,,,resume
1305020,112,2,,,pause
1305035,115,1,,,pause
1305040,89,2,,,resume
1305040,89,2,,,pause
1305040,89,2,,,resume
1305104,112,2,,,resume
1305111,1,2,,,pause
1305119,115,1,,,resume
1305122,180,1,,,pause
1305122,180,1,,,resume
1305194,1,2,,,resume
1305317,155,1,,,pause
1305336,206,2,,,pause
1305336,206,2,,,resume
1305344,115,1,,,pause
1305427,115,1,,,resume
1305432,205,2,,,pause
1305483,155,1,,,resume
1305510,115,1,,,pause
1305510,115,1,,,resume
1305515,205,2,,,resume
1305515,205,2,,,pause
1305537,180,1,,,pause
1305537,180,1,,,resume
1305538,137,2,,,pause
1305538,137,2,,,resume
1305566,155,1,,,pause
1305643,187,1,,,pause
1305649,155,1,,,resume
1305678,186,1,,,pause
1305681,205,2,,,resume
1305726,187,1,,,resume
1305761,186,1,,,resume
1305801,211,2,,,pause
1305801,211,2,,,resume
1305852,226,2,,,pause
1305927,186,1,,,pause
1305927,186,1,,,resume
1305933,218,2,,,pause
1305933,218,2,,,resume
1305935,226,2,,,resume
1306078,158,2,,,pause
1306134,176,1,,,pause
1306161,158,2,,,resume
1306217,176,1,,,resume
1306267,226,2,,,pause
1306350,226,2,,,resume
1306516,226,2,,,pause
1306591,186,1,,,pause
1306599,226,2,,,resume
1306674,186,1,,,resume
1306674,186,1,,,pause
1306743,214,2,,,pause
1306743,214,2,,,resume
1306757,186,1,,,resume
1306762,248,2,,,pause
1306762,248,2,,,resume
1306779,236,1,,,pause
1306779,236,1,,,resume
1306803,242,1,,,pause
1306803,242,1,,,resume
1306886,242,1,,,pause
1306886,242,1,,,resume
1307117,240,2,,,pause
1307117,240,2,,,resume
1307632,242,2,,,pause
1307632,242,2,,,resume
1308116,116,2,,,pause
1308116,116,2,,,resume
1308130,168,2,,,pause
1308213,168,2,,,resume
1308393,126,2,,,pause
1308393,126,2,,,resume
1308660,12,2,,,pause
1308660,12,2,,,resume
1308666,123,2,,,pause
1308666,123,2,,,resume
1308712,52,1,,,pause
1308712,52,1,,,resume
1308878,52,1,,,pause
1308892,126,2,,,pause
1308907,98,1,,,pause
1308907,98,1,,,resume
1308951,155,2,,,pause
1308990,98,1,,,pause
1308990,98,1,,,resume
1309034,155,2,,,resume
1309059,126,2,,,resume
1309059,126,2,,,pause
1309073,98,1,,,pause
1309073,98,1,,,resume
1309085,50,1,,,pause
1309096,78,1,,,pause
1309128,52,1,,,resume
1309128,52,1,,,pause
1309142,120,2,,,pause
1309142,126,2,,,resume
1309156,98,1,,,pause
1309156,98,1,,,resume
1309168,50,1,,,resume
1309178,14,2,,,pause
1309202,48,1,,,pause
1309202,107,2,,,pause
1309202,48,1,,,resume
1309225,120,2,,,resume
1309239,98,1,,,pause
1309239,98,1,,,resume
1309261,14,2,,,resume
1309262,78,1,,,resume
1309262,78,1,,,pause
1309286,107,2,,,resume
1309295,52,1,,,resume
1309295,52,1,,,pause
1309308,126,2,,,pause
1309308,126,2,,,resume
1309318,74,1,,,pause
1309318,20,2,,,pause
1309318,20,2,,,resume
1309343,7,2,,,pause
1309343,7,2,,,resume
1309345,78,1,,,resume
1309360,40,2,,,pause
1309360,40,2,,,resume
1309378,52,1,,,resume
1309378,52,1,,,pause
1309378,52,1,,,resume
1309391,126,2,,,pause
1309474,126,2,,,resume
1309500,50,1,,,pause
1309528,117,2,,,pause
1309528,117,2,,,resume
1309551,155,1,,,pause
1309567,74,1,,,resume
1309583,50,1,,,resume
1309583,50,1,,,pause
1309616,155,2,,,pause
1309628,52,1,,,pause
1309628,52,1,,,resume
1309635,155,1,,,resume
1309666,50,1,,,resume
1309699,155,2,,,resume
1309699,155,2,,,pause
1309711,52,1,,,pause
1309757,112,2,,,pause
1309782,155,2,,,resume
1309782,155,2,,,pause
1309794,52,1,,,resume
1309840,112,2,,,resume
1309865,155,2,,,resume
1309948,155,2,,,pause
1309948,155,2,,,resume
1309951,113,1,,,pause
1309951,113,1,,,resume
1310010,119,2,,,pause
1310010,119,2,,,resume
1310097,130,1,,,pause
1310097,130,1,,,resume
1310113,117,2,,,pause
1310117,113,1,,,pause
1310196,117,2,,,resume
1310196,117,2,,,pause
1310196,117,2,,,resume
1310200,113,1,,,resume
1310274,180,1,,,pause
1310274,180,1,,,resume
1310357,180,1,,,pause
1310357,180,1,,,resume
1310451,118,1,,,pause
1310451,118,1,,,resume
1310490,206,2,,,pause
1310490,206,2,,,resume
1310498,115,1,,,pause
1310498,115,1,,,resume
1310534,118,1,,,pause
1310534,118,1,,,resume
1310573,206,2,,,pause
1310573,206,2,,,resume
1310592,117,1,,,pause
1310667,139,2,,,pause
1310667,139,2,,,resume
1310675,117,1,,,resume
1310888,157,2,,,pause
1310888,157,2,,,resume
1310934,236,1,,,pause
1310934,236,1,,,resume
1310943,117,2,,,pause
1310943,117,2,,,resume
1310945,137,2,,,pause
1310945,137,2,,,resume
1310955,211,2,,,pause
1310955,211,2,,,resume
1310984,214,2,,,pause
1310984,214,2,,,resume
1311067,214,2,,,pause
1311067,214,2,,,resume
1311231,141,2,,,pause
1311231,141,2,,,resume
1311260,159,2,,,pause
1311260,159,2,,,resume
1311275,117,2,,,pause
1311275,117,2,,,resume
1311277,137,2,,,pause
1311360,117,2,,,pause
1311360,137,2,,,resume
1311360,137,2,,,pause
1311360,137,2,,,resume
1311443,137,2,,,pause
1311443,137,2,,,resume
1311524,232,1,,,pause
1311524,232,1,,,resume
1311526,117,2,,,resume
1311526,137,2,,,pause
1311526,117,2,,,pause
1311526,137,2,,,resume
1311567,158,2,,,pause
1311567,158,2,,,resume
1311609,117,2,,,resume
1311690,232,1,,,pause
1311690,232,1,,,resume
1311832,248,2,,,pause
1311832,248,2,,,resume
1311896,168,2,,,pause
1311896,168,2,,,resume
1311897,214,2,,,pause
1311897,214,2,,,resume
1311931,236,1,,,pause
1312014,236,1,,,resume
1312079,217,1,,,pause
1312079,217,1,,,resume
1312100,125,2,,,pause
1312183,125,2,,,resume
1312231,158,2,,,pause
1312271,240,2,,,pause
1312271,240,2,,,resume
1312273,117,2,,,pause
1312273,117,2,,,resume
1312277,115,2,,,pause
1312277,115,2,,,resume
1312314,158,2,,,resume
1312354,240,2,,,pause
1312354,240,2,,,resume
1312398,158,2,,,pause
1312481,158,2,,,resume
1312697,155,2,,,pause
1312780,155,2,,,resume
1313270,116,2,,,pause
1313270,116,2,,,resume
1313503,41,2,,,pause
1313503,41,2,,,resume
1313807,53,1,,,pause
1313817,123,2,,,pause
1313817,123,2,,,resume
1313890,53,1,,,resume
1313890,53,1,,,pause
1313890,53,1,,,resume
1313893,124,2,,,pause
1313976,124,2,,,resume
1314006,36,2,,,pause
1314006,36,2,,,resume
1314024,98,1,,,pause
1314066,123,2,,,pause
1314066,123,2,,,resume
1314107,98,1,,,resume
1314126,44,2,,,pause
1314143,96,2,,,pause
1314143,96,2,,,resume
1314190,98,1,,,pause
1314190,98,1,,,resume
1314208,126,2,,,pause
1314209,44,2,,,resume
1314221,121,2,,,pause
1314221,121,2,,,resume
1314266,125,2,,,pause
1314273,98,1,,,pause
1314291,126,2,,,resume
1314291,126,2,,,pause
1314304,121,2,,,pause
1314329,112,2,,,pause
1314331,78,1,,,pause
1314331,78,1,,,resume
1314333,14,2,,,pause
1314349,125,2,,,resume
1314349,125,2,,,pause
1314355,107,2,,,pause
1314356,98,1,,,resume
1314356,98,1,,,pause
1314356,98,1,,,resume
1314361,3,1,,,pause
1314374,126,2,,,resume
1314387,121,2,,,resume
1314387,121,2,,,pause
1314398,12,2,,,pause
1314398,12,2,,,resume
1314412,112,2,,,resume
1314412,112,2,,,pause
1314414,78,1,,,pause
1314414,78,1,,,resume
1314428,40,2,,,pause
1314433,125,2,,,resume
1314444,3,1,,,resume
1314457,126,2,,,pause
1314472,53,1,,,pause
1314472,53,1,,,resume
1314476,20,2,,,pause
1314480,81,2,,,pause
1314480,81,2,,,resume
1314481,12,2,,,pause
1314481,12,2,,,resume
1314496,112,2,,,resume
1314496,112,2,,,pause
1314498,7,2,,,pause
1314498,7,2,,,resume
1314500,14,2,,,resume
1314515,117,2,,,pause
1314515,117,2,,,resume
1314521,107,2,,,resume
1314523,113,1,,,pause
1314523,113,1,,,resume
1314528,52,1,,,pause
1314553,121,2,,,resume
1314555,53,1,,,pause
1314579,112,2,,,resume
1314594,40,2,,,resume
1314600,99,1,,,pause
1314605,114,1,,,pause
1314606,113,1,,,pause
1314611,52,1,,,resume
1314623,126,2,,,resume
1314638,53,1,,,resume
1314642,20,2,,,resume
1314662,112,2,,,pause
1314680,89,2,,,pause
1314684,99,1,,,resume
1314684,99,1,,,pause
1314687,115,2,,,pause
1314688,114,1,,,resume
1314689,113,1,,,resume
1314724,24,1,,,pause
1314724,24,1,,,resume
1314737,50,1,,,pause
1314745,112,2,,,resume
1314763,89,2,,,resume
1314767,99,1,,,resume
1314807,24,1,,,pause
1314807,24,1,,,resume
1314820,50,1,,,resume
1314853,115,2,,,resume
1314856,113,1,,,pause
1314911,112,2,,,pause
1314936,115,2,,,pause
1314939,113,1,,,resume
1314995,112,2,,,resume
1315022,113,1,,,pause
1315103,115,2,,,resume
1315105,113,1,,,resume
1315105,113,1,,,pause
1315153,115,1,,,pause
1315183,172,2,,,pause
1315183,172,2,,,resume
1315236,115,1,,,resume
1315246,119,2,,,pause
1315246,119,2,,,resume
1315265,117,2,,,pause
1315271,113,1,,,resume
1315348,117,2,,,resume
1315520,18,2,,,pause
1315585,187,2,,,pause
1315603,18,2,,,resume
1315641,155,1,,,pause
1315646,206,2,,,pause
1315646,206,2,,,resume
1315668,187,2,,,resume
1315724,155,1,,,resume
1315777,117,1,,,pause
1315816,139,2,,,pause
1315852,137,2,,,pause
1315852,137,2,,,resume
1315860,117,1,,,resume
1315900,139,2,,,resume
1316018,137,2,,,pause
1316018,137,2,,,resume
1316041,157,2,,,pause
1316041,157,2,,,resume
1316111,211,2,,,pause
1316111,211,2,,,resume
1316138,214,2,,,pause
1316138,214,2,,,resume
1316154,249,1,,,pause
1316154,249,1,,,resume
1316388,141,2,,,pause
1316388,141,2,,,resume
1316585,235,1,,,pause
1316599,137,2,,,pause
1316651,217,1,,,pause
1316651,217,1,,,resume
1316668,235,1,,,resume
1316668,235,1,,,pause
1316682,137,2,,,resume
1316734,217,1,,,pause
1316734,217,1,,,resume
1316751,235,1,,,resume
1316844,232,1,,,pause
1316844,232,1,,,resume
1317003,218,1,,,pause
1317003,218,1,,,resume
1317068,248,2,,,pause
1317068,248,2,,,resume
1317232,217,1,,,pause
1317232,217,1,,,resume
1317372,181,1,,,pause
1317425,240,2,,,pause
1317425,240,2,,,resume
1317436,155,2,,,pause
1317436,155,2,,,resume
1317455,181,1,,,resume
1317508,240,2,,,pause
1317508,240,2,,,resume
1317520,155,2,,,pause
1317603,155,2,,,resume
1317603,155,2,,,pause
1317603,155,2,,,resume
1318020,112,2,,,pause
1318020,112,2,,,resume
1318579,41,2,,,pause
1318579,41,2,,,resume
1318662,41,2,,,pause
1318662,41,2,,,resume
1318672,125,2,,,pause
1318702,44,2,,,pause
1318755,125,2,,,resume
1318785,44,2,,,resume
1318838,125,2,,,pause
1318921,125,2,,,resume
1318963,53,1,,,pause
1318973,123,2,,,pause
1319047,53,1,,,resume
1319056,123,2,,,resume
1319199,112,1,,,pause
1319282,112,1,,,resume
1319303,24,1,,,pause
1319303,24,1,,,resume
1319346,98,1,,,pause
1319346,98,1,,,resume
1319366,112,1,,,pause
1319366,112,1,,,resume
1340081,121,2,,,pause
1340330,121,2,,,resume
1340580,121,2,,,pause
1340859,125,2,,,pause
1341610,133,2,,,pause
1341693,133,2,,,resume
1341742,129,2,,,pause
1341776,133,2,,,pause
1341859,133,2,,,resume
1342191,133,2,,,pause
1342304,129,2,,,resume
1342411,129,2,,,pause
1342494,129,2,,,resume
1342494,129,2,,,pause
1342494,129,2,,,resume
1342577,129,2,,,pause
1342726,117,2,,,pause
1342960,73,2,,,pause
1342975,117,2,,,resume
1342975,117,2,,,pause
1342993,129,2,,,resume
1343044,73,2,,,resume
1343058,117,2,,,resume
1343159,121,2,,,resume
1343296,73,2,,,pause
1343362,77,2,,,pause
1343362,77,2,,,resume
1343449,21,2,,,pause
1343516,125,2,,,resume
1343529,77,2,,,pause
1343612,77,2,,,resume
1343615,21,2,,,resume
1343615,21,2,,,pause
1343615,21,2,,,resume
1343771,133,2,,,resume
1343879,73,2,,,resume
1343879,73,2,,,pause
1343944,77,2,,,pause
1344030,21,2,,,pause
1344030,21,2,,,resume
1344045,73,2,,,resume
1344110,77,2,,,resume
1344128,73,2,,,pause
1344132,9,2,,,pause
1344132,9,2,,,resume
1344175,17,2,,,pause
1344258,17,2,,,resume
1344258,17,2,,,pause
1344258,17,2,,,resume
1344276,77,2,,,pause
1344362,21,2,,,pause
1344525,77,2,,,resume
1344543,73,2,,,resume
1344612,21,2,,,resume
1344674,17,2,,,pause
1344674,17,2,,,resume
1345010,77,2,,,pause
1345089,17,2,,,pause
1345255,17,2,,,resume
1345429,117,2,,,pause
1345437,113,2,,,pause
1345451,77,2,,,resume
1345504,17,2,,,pause
1345507,45,2,,,pause
1345512,117,2,,,resume
1345590,45,2,,,resume
1345590,45,2,,,pause
1345595,117,2,,,pause
1345602,41,2,,,pause
1345673,45,2,,,resume
1345679,117,2,,,resume
1345685,41,2,,,resume
1345734,129,2,,,pause
1345756,45,2,,,pause
1345768,41,2,,,pause
1345768,41,2,,,resume
1345817,129,2,,,resume
1345817,129,2,,,pause
1345837,17,2,,,resume
1345839,45,2,,,resume
1345839,45,2,,,pause
1345851,41,2,,,pause
1345851,41,2,,,resume
1345900,129,2,,,resume
1345928,117,2,,,pause
1346034,113,2,,,resume
1346117,113,2,,,pause
1346117,113,2,,,resume
1346169,125,2,,,pause
1346177,117,2,,,resume
1346200,113,2,,,pause
1346200,113,2,,,resume
1346260,117,2,,,pause
1346267,41,2,,,pause
1346283,113,2,,,pause
1346283,113,2,,,resume
1346292,113,2,,,pause
1346434,41,2,,,resume
1346435,113,2,,,resume
1346624,113,2,,,pause
1346685,9,2,,,pause
1346730,9,2,,,resume
1346835,45,2,,,resume
1346971,93,2,,,pause
1346975,113,2,,,resume
1347054,93,2,,,resume
1347350,9,2,,,pause
1347350,9,2,,,resume
1347424,117,2,,,resume
1348095,133,2,,,pause
1348817,129,2,,,pause
1348844,133,2,,,resume
1348927,133,2,,,pause
1349093,133,2,,,resume
1349093,133,2,,,pause
1349124,129,2,,,resume
1349268,21,2,,,pause
1349268,21,2,,,resume
1349290,129,2,,,pause
1349290,129,2,,,resume
1349349,77,2,,,pause
1349351,21,2,,,pause
1349432,77,2,,,resume
1349456,129,2,,,pause
1349515,69,2,,,pause
1349515,69,2,,,resume
1349517,21,2,,,resume
1349531,73,2,,,pause
1349614,73,2,,,resume
1349683,21,2,,,pause
1349697,73,2,,,pause
1349783,77,2,,,pause
1349863,73,2,,,resume
1349907,125,2,,,resume
1349946,73,2,,,pause
1349946,73,2,,,resume
1350007,133,2,,,resume
1350015,21,2,,,resume
1350029,73,2,,,pause
1350078,13,2,,,pause
1350078,13,2,,,resume
1350181,21,2,,,pause
1350196,73,2,,,resume
1350218,77,2,,,resume
1350279,73,2,,,pause
1350344,41,2,,,pause
1350362,73,2,,,resume
1350385,77,2,,,pause
1350385,77,2,,,resume
1350428,41,2,,,resume
1350445,73,2,,,pause
1350468,77,2,,,pause
1350594,41,2,,,pause
1350599,21,2,,,resume
1350677,41,2,,,resume
1350682,21,2,,,pause
1350682,21,2,,,resume
1350778,73,2,,,resume
1350882,17,2,,,pause
1350968,17,2,,,resume
1350982,17,2,,,pause
1351084,17,2,,,resume
1351084,17,2,,,pause
1351167,17,2,,,resume
1351216,77,2,,,resume
1351367,129,2,,,resume
1353668,89,2,,,pause
1353668,89,2,,,resume
1354412,133,2,,,pause
1354662,133,2,,,resume
1354828,133,2,,,pause
1354912,133,2,,,resume
1354933,73,2,,,pause
1355016,73,2,,,resume
1355328,133,2,,,pause
1355478,45,2,,,pause
1355561,45,2,,,resume
1355737,117,2,,,pause
1355744,133,2,,,resume
1355744,133,2,,,pause
1355827,133,2,,,resume
1355827,133,2,,,pause
1355840,113,2,,,pause
1355842,113,2,,,resume
1355866,77,2,,,pause
1355884,129,2,,,pause
1355910,133,2,,,resume
1355941,113,2,,,pause
1355941,113,2,,,resume
1355945,113,2,,,pause
1355949,77,2,,,resume
1355957,113,2,,,resume
1355976,45,2,,,pause
1356050,129,2,,,resume
1356060,45,2,,,resume
1356090,113,2,,,pause
1356090,113,2,,,resume
1356115,77,2,,,pause
1356133,129,2,,,pause
1356143,45,2,,,pause
1356242,133,2,,,pause
1356281,77,2,,,resume
1356392,45,2,,,resume
1356392,45,2,,,pause
1356466,129,2,,,resume
1356475,45,2,,,resume
1356475,45,2,,,pause
1356558,45,2,,,resume
1356558,45,2,,,pause
1356575,133,2,,,resume
1356632,129,2,,,pause
1356650,117,2,,,resume
1356671,113,2,,,pause
1356724,45,2,,,resume
1356724,45,2,,,pause
1356798,129,2,,,resume
1356816,117,2,,,pause
1356881,129,2,,,pause
1356973,45,2,,,resume
1357056,45,2,,,pause
1357088,113,2,,,resume
1357130,129,2,,,resume
1357139,45,2,,,resume
1357139,45,2,,,pause
1357213,129,2,,,pause
1357222,45,2,,,resume
1357337,113,2,,,pause
1357420,113,2,,,resume
1357480,117,2,,,resume
1357546,129,2,,,resume
1357546,129,2,,,pause
1357629,129,2,,,resume
1362812,133,2,,,pause
1362978,133,2,,,resume
1363052,117,2,,,pause
1363135,117,2,,,resume
1363135,117,2,,,pause
1363218,117,2,,,resume
1363227,133,2,,,pause
1363645,133,2,,,resume
1363645,133,2,,,pause
1363728,133,2,,,resume
1363728,133,2,,,pause
1363756,73,2,,,pause
1363756,73,2,,,resume
1363839,73,2,,,pause
1363839,73,2,,,resume
1363977,133,2,,,resume
1363977,133,2,,,pause
1364005,73,2,,,pause
1364005,73,2,,,resume
1364088,73,2,,,pause
1364118,77,2,,,pause
1364145,133,2,,,resume
1364145,133,2,,,pause
1364285,77,2,,,resume
1364311,133,2,,,resume
1364586,73,2,,,resume
1364617,77,2,,,pause
1364669,73,2,,,pause
1364701,77,2,,,resume
1364752,73,2,,,resume
1364752,73,2,,,pause
1364752,73,2,,,resume
1364836,73,2,,,pause
1364867,77,2,,,pause
1364919,73,2,,,resume
1364950,77,2,,,resume
1365003,73,2,,,pause
1365086,73,2,,,resume
1365116,77,2,,,pause
1365169,73,2,,,pause
1365169,73,2,,,resume
1365245,77,2,,,resume
1365250,77,2,,,pause
1365271,77,2,,,resume
1365335,73,2,,,pause
1365418,73,2,,,resume
1365418,73,2,,,pause
1365584,73,2,,,resume
1365584,73,2,,,pause
1365584,73,2,,,resume
1368243,117,2,,,pause
1368243,117,2,,,resume
1368556,237,2,,,pause
1368639,237,2,,,resume
1370824,117,2,,,pause
1370824,117,2,,,resume
1370882,133,2,,,pause
1370965,133,2,,,resume
1371031,77,2,,,pause
1371031,77,2,,,resume
1371239,117,2,,,pause
1371546,133,2,,,pause
1371571,117,2,,,resume
1371654,117,2,,,pause
1371712,133,2,,,resume
1372044,133,2,,,pause
1372069,117,2,,,resume
1372318,117,2,,,pause
1372318,117,2,,,resume
1372379,237,2,,,pause
1372459,133,2,,,resume
1372459,133,2,,,pause
1372462,237,2,,,resume
1372462,237,2,,,pause
1372542,133,2,,,resume
1372542,133,2,,,pause
1372545,237,2,,,resume
1372545,237,2,,,pause
1372616,233,2,,,pause
1372628,237,2,,,resume
1372699,233,2,,,resume
1372782,233,2,,,pause
1372791,133,2,,,resume
1372835,237,2,,,pause
1372835,237,2,,,resume
1372865,233,2,,,resume
1372871,181,2,,,pause
1372871,181,2,,,resume
1372874,133,2,,,pause
1372918,237,2,,,pause
1373007,177,2,,,pause
1373040,133,2,,,resume
1373090,177,2,,,resume
1373100,129,2,,,pause
1373100,129,2,,,resume
1373114,233,2,,,pause
1373167,237,2,,,resume
1373197,233,2,,,resume
1373371,181,2,,,pause
1373371,181,2,,,resume
1376413,132,2,,,pause
1376496,132,2,,,resume
1377131,153,2,,,pause
1377131,153,2,,,resume
1377478,117,2,,,pause
1377517,233,2,,,pause
1377561,117,2,,,resume
1377601,233,2,,,resume
1377613,133,2,,,pause
1377629,153,2,,,pause
1377644,117,2,,,pause
1377712,153,2,,,resume
1377779,133,2,,,resume
1377779,133,2,,,pause
1377810,117,2,,,resume
1377860,181,2,,,pause
1377862,133,2,,,resume
1377862,133,2,,,pause
1377958,113,2,,,pause
1378018,233,2,,,pause
1378026,181,2,,,resume
1378028,133,2,,,resume
1378041,113,2,,,resume
1378109,177,2,,,pause
1378109,177,2,,,resume
1378111,133,2,,,pause
1378111,133,2,,,resume
1378184,233,2,,,resume
1378192,177,2,,,pause
1378195,133,2,,,pause
1378278,133,2,,,resume
1378308,117,2,,,pause
1378358,177,2,,,resume
1378441,181,2,,,pause
1378525,181,2,,,resume
1378559,117,2,,,resume
1378559,117,2,,,pause
1378612,133,2,,,pause
1378642,117,2,,,resume
1378653,237,2,,,pause
1378690,177,2,,,pause
1378695,133,2,,,resume
1378695,133,2,,,pause
1378736,237,2,,,resume
1378856,177,2,,,resume
1378861,133,2,,,resume
1378861,133,2,,,pause
1378876,153,2,,,pause
1378944,133,2,,,resume
1378959,153,2,,,resume
1378959,153,2,,,pause
1378959,153,2,,,resume
1379027,133,2,,,pause
1379030,89,2,,,pause
1379110,133,2,,,resume
1379113,89,2,,,resume
1379276,133,2,,,pause
1379526,133,2,,,resume
1379552,73,2,,,pause
1379552,73,2,,,resume
1379635,73,2,,,pause
1379718,73,2,,,resume
1379718,73,2,,,pause
1379801,73,2,,,resume
1379801,73,2,,,pause
1379967,73,2,,,resume
1379967,73,2,,,pause
1379967,73,2,,,resume
1380050,73,2,,,pause
1380133,73,2,,,resume
1380133,73,2,,,pause
1380133,73,2,,,resume
1381005,77,2,,,pause
1381005,77,2,,,resume
1381401,132,2,,,pause
1381401,132,2,,,resume
1382379,237,2,,,pause
1382478,237,2,,,resume
1382478,237,2,,,pause
1382644,237,2,,,resume
1382662,129,2,,,pause
1382742,117,2,,,pause
1382745,129,2,,,resume
1382977,237,2,,,pause
1382991,117,2,,,resume
1383145,237,2,,,resume
1383265,181,2,,,pause
1383323,117,2,,,pause
1383348,181,2,,,resume
1383351,133,2,,,pause
1383351,133,2,,,resume
1383361,217,2,,,pause
1383406,117,2,,,resume
1383419,233,2,,,pause
1383444,217,2,,,resume
1383478,237,2,,,pause
1383502,233,2,,,resume
1383517,133,2,,,pause
1383561,237,2,,,resume
1383561,237,2,,,pause
1383600,133,2,,,resume
1383600,133,2,,,pause
1383600,133,2,,,resume
1383644,237,2,,,resume
1383644,237,2,,,pause
1383765,181,2,,,pause
1383848,181,2,,,resume
1383849,133,2,,,pause
1383849,133,2,,,resume
1383864,239,2,,,pause
1383931,181,2,,,pause
1383947,239,2,,,resume
1383976,237,2,,,resume
1384014,181,2,,,resume
1384016,133,2,,,pause
1384029,153,2,,,pause
1384029,153,2,,,resume
1384115,89,2,,,pause
1384115,89,2,,,resume
1384198,89,2,,,pause
1384198,89,2,,,resume
1384228,132,2,,,pause
1384278,153,2,,,pause
1384347,235,2,,,pause
1384347,235,2,,,resume
1384357,217,2,,,pause
1384357,217,2,,,resume
1384444,153,2,,,resume
1384514,133,2,,,resume
1384560,132,2,,,resume
1384595,181,2,,,pause
1384610,153,2,,,pause
1384693,153,2,,,resume
1384693,153,2,,,pause
1384696,89,2,,,pause
1384696,89,2,,,resume
1384723,237,2,,,pause
1384761,181,2,,,resume
1384776,153,2,,,resume
1384806,237,2,,,resume
1384831,233,2,,,pause
1384893,132,2,,,pause
1384914,233,2,,,resume
1384918,135,2,,,pause
1384947,77,2,,,pause
1385002,135,2,,,resume
1385030,77,2,,,resume
1385030,77,2,,,pause
1385279,77,2,,,resume
1385308,132,2,,,resume
1385524,153,2,,,pause
1385529,77,2,,,pause
1385529,77,2,,,resume
1385608,153,2,,,resume
1386017,217,2,,,pause
1386100,217,2,,,resume
1386161,77,2,,,pause
1386161,77,2,,,resume
1386590,235,2,,,pause
1386756,235,2,,,resume
1386936,239,2,,,pause
1387020,239,2,,,resume
1387072,129,2,,,pause
1387155,129,2,,,resume
1387171,235,2,,,pause
1387254,235,2,,,resume
1387436,239,2,,,pause
1387520,239,2,,,resume
1387520,239,2,,,pause
1387586,235,2,,,pause
1387669,235,2,,,resume
1387669,235,2,,,pause
1387669,235,2,,,resume
1387686,239,2,,,resume
1387752,235,2,,,pause
1387770,239,2,,,pause
1387835,235,2,,,resume
1387835,235,2,,,pause
1387853,239,2,,,resume
1387893,223,2,,,pause
1387918,235,2,,,resume
1387976,223,2,,,resume
1388002,235,2,,,pause
1388086,235,2,,,resume
1388114,117,2,,,pause
1388114,117,2,,,resume
1388185,239,2,,,pause
1388242,135,2,,,pause
1388325,135,2,,,resume
1388420,235,2,,,pause
1388420,235,2,,,resume
1388435,239,2,,,resume
1388589,133,2,,,pause
1388839,133,2,,,resume
1388852,217,2,,,pause
1388869,117,2,,,pause
1388922,133,2,,,pause
1388935,217,2,,,resume
1388952,117,2,,,resume
1389005,133,2,,,resume
1389005,133,2,,,pause
1389153,221,2,,,pause
1389153,221,2,,,resume
1389322,233,2,,,pause
1389488,233,2,,,resume
1389488,233,2,,,pause
1389599,153,2,,,pause
1389599,153,2,,,resume
1389700,117,2,,,pause
1389700,117,2,,,resume
1389765,217,2,,,pause
1389765,153,2,,,pause
1389765,217,2,,,resume
1389765,153,2,,,resume
1389774,73,2,,,pause
1389820,233,2,,,resume
1389836,89,2,,,pause
1389836,133,2,,,resume
1389836,133,2,,,pause
1389848,153,2,,,pause
1389857,73,2,,,resume
1389911,237,2,,,pause
1389911,237,2,,,resume
1389919,89,2,,,resume
1389931,153,2,,,resume
1389931,153,2,,,pause
1389941,73,2,,,pause
1390003,133,2,,,resume
1390003,133,2,,,pause
1390014,153,2,,,resume
1390087,133,2,,,resume
1390087,133,2,,,pause
1390152,233,2,,,pause
1390171,133,2,,,resume
1390190,73,2,,,resume
1390274,73,2,,,pause
1390318,77,2,,,pause
1390318,233,2,,,resume
1390334,89,2,,,pause
1390357,73,2,,,resume
1390417,89,2,,,resume
1390440,73,2,,,pause
1390471,237,2,,,pause
1390484,77,2,,,resume
1390523,73,2,,,resume
1390554,237,2,,,resume
1390554,237,2,,,pause
1390554,237,2,,,resume
1390650,233,2,,,pause
1390816,135,2,,,pause
1390899,135,2,,,resume
1390899,135,2,,,pause
1390982,233,2,,,resume
1390982,135,2,,,resume
1391052,237,2,,,pause
1391052,237,2,,,resume
1391065,135,2,,,pause
1391065,135,2,,,resume
1391176,217,2,,,pause
1391218,237,2,,,pause
1391259,217,2,,,resume
1391259,217,2,,,pause
1391301,237,2,,,resume
1391342,217,2,,,resume
1391360,117,2,,,pause
1391360,117,2,,,resume
1391647,135,2,,,pause
1391730,135,2,,,resume
1391730,135,2,,,pause
1391730,135,2,,,resume
1392024,117,2,,,pause
1392190,117,2,,,resume
1392228,135,2,,,pause
1392311,135,2,,,resume
1392573,235,2,,,pause
1392656,235,2,,,resume
1392656,235,2,,,pause
1392822,235,2,,,resume
1392822,235,2,,,pause
1392905,235,2,,,resume
1392905,235,2,,,pause
1393052,215,2,,,pause
1393052,215,2,,,resume
1393071,235,2,,,resume
1393071,235,2,,,pause
1393154,235,2,,,resume
1393296,223,2,,,pause
1393296,223,2,,,resume
1393344,212,2,,,pause
1393344,212,2,,,resume
1393371,232,2,,,pause
1393454,232,2,,,resume
1393462,223,2,,,pause
1393462,223,2,,,resume
1393467,208,2,,,pause
1393550,208,2,,,resume
1393687,219,2,,,pause
1393770,219,2,,,resume
1393828,133,2,,,pause
1393911,133,2,,,resume
1394280,117,2,,,pause
1394304,135,2,,,pause
1394363,117,2,,,resume
1394369,132,2,,,pause
1394387,135,2,,,resume
1394387,135,2,,,pause
1394452,132,2,,,resume
1394470,135,2,,,resume
1394470,135,2,,,pause
1394553,135,2,,,resume
1394575,133,2,,,pause
1394695,117,2,,,pause
1394738,181,2,,,pause
1394741,133,2,,,resume
1394755,217,2,,,pause
1394778,117,2,,,resume
1394821,181,2,,,resume
1394824,133,2,,,pause
1394885,135,2,,,pause
1394921,217,2,,,resume
1394968,135,2,,,resume
1394968,135,2,,,pause
1395004,217,2,,,pause
1395004,217,2,,,resume
1395075,133,2,,,resume
1395135,135,2,,,resume
1395158,133,2,,,pause
1395158,133,2,,,resume
1395166,153,2,,,pause
1395208,237,2,,,pause
1395218,135,2,,,pause
1395218,135,2,,,resume
1395238,177,2,,,pause
1395238,177,2,,,resume
1395249,153,2,,,resume
1395277,117,2,,,pause
1395291,237,2,,,resume
1395360,117,2,,,resume
1395387,221,2,,,pause
1395387,221,2,,,resume
1395699,132,2,,,pause
1395707,237,2,,,pause
1395751,217,2,,,pause
1395790,237,2,,,resume
1395820,177,2,,,pause
1395820,177,2,,,resume
1395824,133,2,,,pause
1395824,133,2,,,resume
1395865,132,2,,,resume
1395886,237,2,,,pause
1395886,237,2,,,resume
1395958,208,2,,,pause
1396000,217,2,,,resume
1396000,217,2,,,pause
1396008,209,2,,,pause
1396008,209,2,,,resume
1396041,208,2,,,resume
1396107,117,2,,,pause
1396111,117,2,,,resume
1396135,221,2,,,pause
1396135,221,2,,,resume
1396166,217,2,,,resume
1396166,217,2,,,pause
1396218,221,2,,,pause
1396249,217,2,,,resume
1396301,237,2,,,pause
1396301,221,2,,,resume
1396365,132,2,,,pause
1396467,237,2,,,resume
1396531,132,2,,,resume
1396531,132,2,,,pause
1396633,221,2,,,pause
1396633,221,2,,,resume
1396799,221,2,,,pause
1396882,221,2,,,resume
1397003,212,2,,,pause
1397035,117,2,,,pause
1397035,117,2,,,resume
1397118,117,2,,,pause
1397118,117,2,,,resume
1397133,237,2,,,pause
1397195,132,2,,,resume
1397242,153,2,,,pause
1397326,239,2,,,pause
1397383,237,2,,,resume
1397409,153,2,,,resume
1397409,239,2,,,resume
1397418,212,2,,,resume
1397418,212,2,,,pause
1397532,223,2,,,pause
1397532,223,2,,,resume
1397534,117,2,,,pause
1397584,212,2,,,resume
1397584,212,2,,,pause
1397631,221,2,,,pause
1397658,239,2,,,pause
1397700,117,2,,,resume
1397714,221,2,,,resume
1397741,239,2,,,resume
1397742,236,2,,,pause
1397750,212,2,,,resume
1397771,237,2,,,pause
1397807,235,2,,,pause
1397825,236,2,,,resume
1397866,117,2,,,pause
1397885,237,2,,,resume
1397890,235,2,,,resume
1397890,235,2,,,pause
1397903,133,2,,,pause
1397949,117,2,,,resume
1397985,177,2,,,pause
1397986,133,2,,,resume
1397986,133,2,,,pause
1398056,235,2,,,resume
1398073,239,2,,,pause
1398129,221,2,,,pause
1398139,235,2,,,pause
1398151,177,2,,,resume
1398152,133,2,,,resume
1398156,239,2,,,resume
1398203,215,2,,,pause
1398203,215,2,,,resume
1398212,221,2,,,resume
1398222,235,2,,,resume
1398234,177,2,,,pause
1398239,239,2,,,pause
1398281,117,2,,,pause
1398317,177,2,,,resume
1398322,239,2,,,resume
1398322,239,2,,,pause
1398364,117,2,,,resume
1398388,235,2,,,pause
1398396,237,2,,,pause
1398406,239,2,,,resume
1398406,239,2,,,pause
1398423,219,2,,,pause
1398448,223,2,,,pause
1398489,239,2,,,resume
1398503,181,2,,,pause
1398506,219,2,,,resume
1398530,117,2,,,pause
1398531,223,2,,,resume
1398562,237,2,,,resume
1398572,239,2,,,pause
1398572,239,2,,,resume
1398586,181,2,,,resume
1398604,232,2,,,pause
1398637,235,2,,,resume
1398649,177,2,,,pause
1398650,133,2,,,pause
1398655,239,2,,,pause
1398678,177,2,,,resume
1398687,232,2,,,resume
1398701,215,2,,,pause
1398701,215,2,,,resume
1398817,133,2,,,resume
1398817,133,2,,,pause
1398821,239,2,,,resume
1398821,239,2,,,pause
1398932,177,2,,,pause
1398957,135,2,,,pause
1398957,135,2,,,resume
1398960,233,2,,,pause
1398984,133,2,,,resume
1398984,133,2,,,pause
1399031,223,2,,,pause
1399031,223,2,,,resume
1399043,233,2,,,resume
1399053,235,2,,,pause
1399073,239,2,,,resume
1399084,181,2,,,pause
1399098,177,2,,,resume
1399137,235,2,,,resume
1399137,235,2,,,pause
1399167,181,2,,,resume
1399194,117,2,,,resume
1399206,135,2,,,pause
1399206,135,2,,,resume
1399233,133,2,,,resume
1399233,133,2,,,pause
1399250,181,2,,,pause
1399250,181,2,,,resume
1399303,235,2,,,resume
1399375,233,2,,,pause
1399529,223,2,,,pause
1399529,223,2,,,resume
1399558,237,2,,,pause
1399641,237,2,,,resume
1399648,133,2,,,resume
1399707,233,2,,,resume
1399981,133,2,,,pause
1399997,181,2,,,pause
1399997,181,2,,,resume
1400142,237,2,,,pause
1400147,133,2,,,resume
1400207,233,2,,,pause
1400373,233,2,,,resume
1400391,237,2,,,resume
1400789,233,2,,,pause
1400872,233,2,,,resume
1400899,237,2,,,pause
1400982,237,2,,,resume
1401398,237,2,,,pause
1401398,237,2,,,resume
1401408,217,2,,,pause
1401408,217,2,,,resume
1401481,237,2,,,pause
1401564,237,2,,,resume
1401564,237,2,,,pause
1401564,237,2,,,resume
1402034,233,2,,,pause
1402117,233,2,,,resume
1402145,237,2,,,pause
1402200,233,2,,,pause
1402229,237,2,,,resume
1402230,153,2,,,pause
1402283,233,2,,,resume
1402314,153,2,,,resume
1402314,153,2,,,pause
1402397,153,2,,,resume
1402397,153,2,,,pause
1402404,217,2,,,pause
1402561,237,2,,,pause
1402561,237,2,,,resume
1402563,153,2,,,resume
1402570,217,2,,,resume
1402645,237,2,,,pause
1402698,233,2,,,pause
1402729,237,2,,,resume
1402754,181,2,,,pause
1402837,181,2,,,resume
1402947,233,2,,,resume
1403088,181,2,,,pause
1403144,153,2,,,pause
1403171,181,2,,,resume
1403364,233,2,,,pause
1403394,153,2,,,resume
1403394,153,2,,,pause
1403394,153,2,,,resume
1403423,177,2,,,pause
1403423,177,2,,,resume
1403447,233,2,,,resume
1403447,233,2,,,pause
1403477,153,2,,,pause
1403614,233,2,,,resume
1403642,133,2,,,pause
1403644,153,2,,,resume
1403644,153,2,,,pause
1403659,209,2,,,pause
1403670,181,2,,,pause
1403727,153,2,,,resume
1403742,209,2,,,resume
1403754,232,2,,,pause
1403808,133,2,,,resume
1403808,133,2,,,pause
1403836,181,2,,,resume
1403836,181,2,,,pause
1403837,232,2,,,resume
1403891,133,2,,,resume
1403919,181,2,,,resume
1403921,177,2,,,pause
1403974,133,2,,,pause
1403981,237,2,,,pause
1404057,133,2,,,resume
1404064,237,2,,,resume
1404087,177,2,,,resume
1404087,177,2,,,pause
1404087,177,2,,,resume
1404223,133,2,,,pause
1404254,177,2,,,pause
1404306,133,2,,,resume
1404306,133,2,,,pause
1404309,236,2,,,pause
1404337,177,2,,,resume
1404389,133,2,,,resume
1404393,236,2,,,resume
1404472,133,2,,,pause
1404472,133,2,,,resume
1404522,135,2,,,pause
1404555,133,2,,,pause
1404576,117,2,,,pause
1404576,117,2,,,resume
1404638,133,2,,,resume
1404638,133,2,,,pause
1404699,221,2,,,pause
1404722,133,2,,,resume
1404771,135,2,,,resume
1404771,135,2,,,pause
1404805,133,2,,,pause
1404826,117,2,,,pause
1404865,221,2,,,resume
1404888,133,2,,,resume
1404888,133,2,,,pause
1404909,117,2,,,resume
1404909,117,2,,,pause
1404909,117,2,,,resume
1404929,132,2,,,pause
1404971,133,2,,,resume
1404971,133,2,,,pause
1405012,132,2,,,resume
1405146,212,2,,,pause
1405186,135,2,,,resume
1405186,135,2,,,pause
1405229,212,2,,,resume
1405229,212,2,,,pause
1405312,212,2,,,resume
1405344,132,2,,,pause
1405350,177,2,,,pause
1405350,177,2,,,resume
1405389,133,2,,,resume
1405519,135,2,,,resume
1405576,117,2,,,pause
1405603,135,2,,,pause
1405603,135,2,,,resume
1405660,237,2,,,pause
1405676,237,2,,,resume
1405756,213,2,,,pause
1405760,132,2,,,resume
1405769,135,2,,,pause
1405815,217,2,,,pause
1405839,213,2,,,resume
1405852,135,2,,,resume
1405852,135,2,,,pause
1405908,117,2,,,resume
1405935,135,2,,,resume
1405935,135,2,,,pause
1405981,217,2,,,resume
1406020,135,2,,,resume
1406093,132,2,,,pause
1406093,132,2,,,resume
1406098,237,2,,,pause
1406098,237,2,,,resume
1406142,212,2,,,pause
1406147,217,2,,,pause
1406176,132,2,,,pause
1406226,212,2,,,resume
1406396,217,2,,,resume
1406479,217,2,,,pause
1406510,132,2,,,resume
1406598,237,2,,,pause
1406645,217,2,,,resume
1406645,217,2,,,pause
1406728,217,2,,,resume
1406728,217,2,,,pause
1406811,217,2,,,resume
1406831,117,2,,,pause
1406831,117,2,,,resume
1406847,237,2,,,resume
1406914,117,2,,,pause
1406930,237,2,,,pause
1407080,117,2,,,resume
1407080,117,2,,,pause
1407144,217,2,,,pause
1407163,117,2,,,resume
1407182,237,2,,,resume
1407191,221,2,,,pause
1407191,221,2,,,resume
1407353,77,2,,,pause
1407355,77,2,,,resume
1407424,223,2,,,pause
1407431,237,2,,,pause
1407440,221,2,,,pause
1407478,217,2,,,resume
1407508,223,2,,,resume
1407523,221,2,,,resume
1407523,221,2,,,pause
1407579,117,2,,,pause
1407597,237,2,,,resume
1407604,233,2,,,pause
1407606,221,2,,,resume
1407662,117,2,,,resume
1407662,117,2,,,pause
1407680,237,2,,,pause
1407680,237,2,,,resume
1407687,233,2,,,resume
1407745,117,2,,,resume
1407763,237,2,,,pause
1407763,237,2,,,resume
1407774,221,2,,,pause
1407882,239,2,,,pause
1407931,237,2,,,pause
1407965,239,2,,,resume
1408048,239,2,,,pause
1408106,221,2,,,resume
1408131,239,2,,,resume
1408172,223,2,,,pause
1408177,133,2,,,pause
1408196,235,2,,,pause
1408243,117,2,,,pause
1408255,223,2,,,resume
1408260,133,2,,,resume
1408264,177,2,,,pause
1408264,177,2,,,resume
1408283,181,2,,,pause
1408283,181,2,,,resume
1408326,117,2,,,resume
1408347,177,2,,,pause
1408362,235,2,,,resume
1408380,239,2,,,pause
1408402,213,2,,,pause
1408402,213,2,,,resume
1408409,117,2,,,pause
1408463,239,2,,,resume
1408485,237,2,,,resume
1408492,117,2,,,resume
1408513,177,2,,,resume
1408528,235,2,,,pause
1408532,181,2,,,pause
1408532,181,2,,,resume
1408563,219,2,,,pause
1408563,219,2,,,resume
1408596,177,2,,,pause
1408611,235,2,,,resume
1408611,235,2,,,pause
1408611,235,2,,,resume
1408679,177,2,,,resume
1408694,235,2,,,pause
1408741,117,2,,,pause
1408753,236,2,,,pause
1408837,236,2,,,resume
1408837,236,2,,,pause
1408837,236,2,,,resume
1408860,235,2,,,resume
1408908,117,2,,,resume
1408920,236,2,,,pause
1408943,235,2,,,pause
1409003,236,2,,,resume
1409011,177,2,,,pause
1409011,177,2,,,resume
1409045,239,2,,,pause
1409110,235,2,,,resume
1409155,232,2,,,pause
1409157,117,2,,,pause
1409157,117,2,,,resume
1409177,177,2,,,pause
1409212,239,2,,,resume
1409240,117,2,,,pause
1409260,177,2,,,resume
1409345,133,2,,,pause
1409345,133,2,,,resume
1409404,232,2,,,resume
1409442,235,2,,,pause
1409489,117,2,,,resume
1409525,235,2,,,resume
1409655,117,2,,,pause
1409821,117,2,,,resume
1409821,117,2,,,pause
1409821,117,2,,,resume
1409934,208,2,,,pause
1409934,208,2,,,resume
1410128,153,2,,,pause
1410263,233,2,,,pause
1410263,233,2,,,resume
1410294,153,2,,,resume
1410377,153,2,,,pause
1410384,212,2,,,pause
1410385,212,2,,,resume
1410460,153,2,,,resume
1410460,153,2,,,pause
1410546,153,2,,,resume
1410546,153,2,,,pause
1410629,153,2,,,resume
1410629,153,2,,,pause
1410639,181,2,,,pause
1410706,134,2,,,pause
1410706,134,2,,,resume
1410712,153,2,,,resume
1410721,113,2,,,pause
1410724,217,2,,,pause
1410724,217,2,,,resume
1410779,181,2,,,resume
1410809,237,2,,,pause
1410817,89,2,,,pause
1410817,89,2,,,resume
1410862,181,2,,,pause
1410872,134,2,,,pause
1410872,134,2,,,resume
1410887,113,2,,,resume
1410945,181,2,,,resume
1410975,237,2,,,resume
1410991,213,2,,,pause
1411074,213,2,,,resume
1411093,233,2,,,pause
1411362,181,2,,,pause
1411362,181,2,,,resume
1411370,134,2,,,pause
1411453,134,2,,,resume
1411459,153,2,,,pause
1411471,217,2,,,pause
1411542,153,2,,,resume
1411554,217,2,,,resume
1411556,237,2,,,pause
1411591,233,2,,,resume
1411597,221,2,,,pause
1411637,217,2,,,pause
1411639,237,2,,,resume
1411697,181,2,,,pause
1411710,133,2,,,pause
1411720,217,2,,,resume
1411764,221,2,,,resume
1411781,181,2,,,resume
1411837,77,2,,,pause
1411842,233,2,,,pause
1411887,217,2,,,pause
1411887,217,2,,,resume
1411894,133,2,,,resume
1411920,77,2,,,resume
1411920,77,2,,,pause
1411970,217,2,,,pause
1412003,77,2,,,resume
1412003,77,2,,,pause
1412013,213,2,,,pause
1412013,213,2,,,resume
1412049,113,2,,,pause
1412053,217,2,,,resume
1412060,133,2,,,pause
1412078,132,2,,,pause
1412078,132,2,,,resume
1412087,77,2,,,resume
1412132,113,2,,,resume
1412137,237,2,,,pause
1412179,221,2,,,pause
1412341,233,2,,,resume
1412381,219,2,,,pause
1412385,217,2,,,pause
1412392,133,2,,,resume
1412424,233,2,,,pause
1412424,233,2,,,resume
1412428,221,2,,,resume
1412431,77,2,,,pause
1412464,219,2,,,resume
1412469,237,2,,,resume
1412470,209,2,,,pause
1412470,209,2,,,resume
1412507,233,2,,,pause
1412597,77,2,,,resume
1412634,217,2,,,resume
1412677,181,2,,,pause
1412677,221,2,,,pause
1412717,212,2,,,pause
1412717,217,2,,,pause
1412771,181,2,,,resume
1412796,113,2,,,pause
1412796,113,2,,,resume
1412800,217,2,,,resume
1412808,133,2,,,pause
1412839,233,2,,,resume
1412854,181,2,,,pause
1412867,236,2,,,pause
1412891,133,2,,,resume
1412899,133,2,,,pause
1412927,221,2,,,resume
1412937,181,2,,,resume
1412937,181,2,,,pause
1412950,236,2,,,resume
1412956,177,2,,,pause
1412967,237,2,,,pause
1412979,117,2,,,pause
1413020,181,2,,,resume
1413039,177,2,,,resume
1413049,212,2,,,resume
1413049,212,2,,,pause
1413093,221,2,,,pause
1413093,221,2,,,resume
1413128,219,2,,,pause
1413132,212,2,,,resume
1413138,237,2,,,resume
1413145,117,2,,,resume
1413145,117,2,,,pause
1413159,133,2,,,resume
1413211,219,2,,,resume
1413269,181,2,,,pause
1413294,113,2,,,pause
1413298,212,2,,,pause
1413311,117,2,,,resume
1413352,181,2,,,resume
1413377,113,2,,,resume
1413381,212,2,,,resume
1413381,212,2,,,pause
1413394,117,2,,,pause
1413464,212,2,,,resume
1413464,212,2,,,pause
1413531,236,2,,,pause
1413531,236,2,,,resume
1413547,212,2,,,resume
1413560,117,2,,,resume
1413593,208,2,,,pause
1413654,215,2,,,pause
1413713,219,2,,,pause
1413737,215,2,,,resume
1413759,208,2,,,resume
1413796,212,2,,,pause
1413796,219,2,,,resume
1413803,232,2,,,pause
1413886,232,2,,,resume
1413948,239,2,,,pause
1413962,212,2,,,resume
1414031,239,2,,,resume
1414045,212,2,,,pause
1414128,212,2,,,resume
1414128,212,2,,,pause
1414211,212,2,,,resume
1414219,232,2,,,pause
1414259,208,2,,,pause
1414302,232,2,,,resume
1414342,208,2,,,resume
1414726,135,2,,,pause
1414726,135,2,,,resume
1415069,132,2,,,pause
1415114,236,2,,,pause
1415114,236,2,,,resume
1415195,239,2,,,pause
1415235,132,2,,,resume
1415280,236,2,,,pause
1415318,132,2,,,pause
1415318,132,2,,,resume
1415362,239,2,,,resume
1415363,236,2,,,resume
1415508,235,2,,,pause
1415527,134,2,,,pause
1415556,135,2,,,pause
1415591,235,2,,,resume
1415694,134,2,,,resume
1415694,134,2,,,pause
1415974,177,2,,,pause
1415974,135,2,,,resume
1416057,177,2,,,resume
1416057,135,2,,,pause
1416140,135,2,,,resume
1416320,133,2,,,pause
1416320,133,2,,,resume
1416562,177,2,,,pause
1416611,134,2,,,resume
1416646,177,2,,,resume
1416646,177,2,,,pause
1416646,177,2,,,resume
1416743,233,2,,,pause
1416819,133,2,,,pause
1416860,134,2,,,pause
1416875,237,2,,,pause
1416875,237,2,,,resume
1416943,134,2,,,resume
1417000,221,2,,,pause
1417075,233,2,,,resume
1417083,221,2,,,resume
1417110,153,2,,,pause
1417125,217,2,,,pause
1417188,234,2,,,pause
1417208,217,2,,,resume
1417230,177,2,,,pause
1417241,233,2,,,pause
1417276,153,2,,,resume
1417276,153,2,,,pause
1417291,217,2,,,pause
1417313,177,2,,,resume
1417317,133,2,,,resume
1417332,221,2,,,pause
1417355,234,2,,,resume
1417374,217,2,,,resume
1417420,213,2,,,pause
1417440,239,2,,,pause
1417440,239,2,,,resume
1417479,177,2,,,pause
1417479,177,2,,,resume
1417483,133,2,,,pause
1417490,233,2,,,resume
1417490,233,2,,,pause
1417498,221,2,,,resume
1417503,213,2,,,resume
1417512,181,2,,,pause
1417525,153,2,,,resume
1417525,153,2,,,pause
1417525,153,2,,,resume
1417541,209,2,,,pause
1417541,217,2,,,pause
1417573,233,2,,,resume
1417573,233,2,,,pause
1417581,221,2,,,pause
1417608,153,2,,,pause
1417608,153,2,,,resume
1417616,219,2,,,pause
1417624,209,2,,,resume
1417656,233,2,,,resume
1417665,221,2,,,resume
1417669,235,2,,,pause
1417678,181,2,,,resume
1417699,219,2,,,resume
1417752,235,2,,,resume
1417752,235,2,,,pause
1417752,235,2,,,resume
1417772,236,2,,,pause
1417774,153,2,,,pause
1417814,177,2,,,pause
1417857,153,2,,,resume
1417867,113,2,,,pause
1417867,113,2,,,resume
1417906,233,2,,,pause
1417927,129,2,,,pause
1417939,239,2,,,pause
1417939,239,2,,,resume
1417982,133,2,,,resume
1417982,177,2,,,resume
1417982,133,2,,,pause
1418001,235,2,,,pause
1418010,129,2,,,resume
1418010,129,2,,,pause
1418021,236,2,,,resume
1418021,236,2,,,pause
1418065,133,2,,,resume
1418065,133,2,,,pause
1418080,221,2,,,pause
1418085,235,2,,,resume
1418093,129,2,,,resume
1418104,236,2,,,resume
1418106,153,2,,,pause
1418122,157,2,,,pause
1418122,157,2,,,resume
1418156,233,2,,,resume
1418168,235,2,,,pause
1418172,181,2,,,pause
1418187,236,2,,,pause
1418206,237,2,,,pause
1418231,177,2,,,pause
1418248,221,2,,,resume
1418251,235,2,,,resume
1418251,235,2,,,pause
1418252,213,2,,,pause
1418252,213,2,,,resume
1418255,181,2,,,resume
1418270,236,2,,,resume
1418272,153,2,,,resume
1418314,177,2,,,resume
1418334,235,2,,,resume
1418334,235,2,,,pause
1418414,221,2,,,pause
1418417,235,2,,,resume
1418417,235,2,,,pause
1418458,217,2,,,resume
1418458,217,2,,,pause
1418458,217,2,,,resume
1418465,93,2,,,pause
1418500,235,2,,,resume
1418520,239,2,,,pause
1418539,237,2,,,resume
1418549,93,2,,,resume
1418563,177,2,,,pause
1418580,221,2,,,resume
1418583,235,2,,,pause
1418603,239,2,,,resume
1418603,239,2,,,pause
1418609,133,2,,,resume
1418624,217,2,,,pause
1418663,221,2,,,pause
1418686,236,2,,,pause
1418707,217,2,,,resume
1418707,217,2,,,pause
1418729,177,2,,,resume
1418769,239,2,,,resume
1418769,236,2,,,resume
1418781,113,2,,,pause
1418789,237,2,,,pause
1418792,217,2,,,resume
1418830,221,2,,,resume
1418864,113,2,,,resume
1418872,237,2,,,resume
1418915,235,2,,,resume
1418915,235,2,,,pause
1418955,237,2,,,pause
1418970,215,2,,,pause
1419002,181,2,,,pause
1419018,239,2,,,pause
1419019,236,2,,,pause
1419036,232,2,,,pause
1419038,237,2,,,resume
1419038,237,2,,,pause
1419038,237,2,,,resume
1419053,215,2,,,resume
1419085,181,2,,,resume
1419119,232,2,,,resume
1419119,232,2,,,pause
1419164,235,2,,,resume
1419186,236,2,,,resume
1419202,232,2,,,resume
1419333,132,2,,,pause
1419434,239,2,,,resume
1419434,239,2,,,pause
1419434,239,2,,,resume
1419666,132,2,,,resume
1419666,132,2,,,pause
1419749,132,2,,,resume
1419749,132,2,,,pause
1419832,132,2,,,resume
1419832,132,2,,,pause
1419832,132,2,,,resume
1419867,232,2,,,pause
1419889,223,2,,,pause
1419950,232,2,,,resume
1420056,223,2,,,resume
1420165,132,2,,,pause
1420278,212,2,,,pause
1420361,212,2,,,resume
1420449,232,2,,,pause
1420532,232,2,,,resume
1420664,132,2,,,resume
1421109,212,2,,,pause
1421192,212,2,,,resume
1421740,208,2,,,pause
1421823,208,2,,,resume
1421860,232,2,,,pause
1421943,232,2,,,resume
1422365,238,2,,,pause
1422511,234,2,,,pause
1422531,238,2,,,resume
1422549,223,2,,,pause
1422594,234,2,,,resume
1422609,232,2,,,pause
1422632,223,2,,,resume
1422692,232,2,,,resume
1422854,212,2,,,pause
1423024,232,2,,,pause
1423103,212,2,,,resume
1423103,212,2,,,pause
1423186,212,2,,,resume
1423194,237,2,,,pause
1423273,232,2,,,resume
1423273,232,2,,,pause
1423277,237,2,,,resume
1423277,237,2,,,pause
1423277,237,2,,,resume
1423360,237,2,,,pause
1423439,232,2,,,resume
1423463,223,2,,,pause
1423463,223,2,,,resume
1423521,212,2,,,pause
1423526,237,2,,,resume
1423604,212,2,,,resume
1423653,235,2,,,pause
1423819,235,2,,,resume
1423840,239,2,,,pause
1423840,239,2,,,resume
1423860,238,2,,,pause
1424003,236,2,,,pause
1424003,236,2,,,resume
1424008,234,2,,,pause
1424020,232,2,,,pause
1424026,237,2,,,pause
1424027,238,2,,,resume
1424086,236,2,,,pause
1424091,234,2,,,resume
1424103,232,2,,,resume
1424109,237,2,,,resume
1424109,237,2,,,pause
1424110,238,2,,,pause
1424192,237,2,,,resume
1424192,237,2,,,pause
1424193,238,2,,,resume
1424275,237,2,,,resume
1424275,237,2,,,pause
1424275,237,2,,,resume
1424322,208,2,,,pause
1424337,236,2,,,resume
1424358,237,2,,,pause
1424359,238,2,,,pause
1424405,208,2,,,resume
1424420,236,2,,,pause
1424420,236,2,,,resume
1424435,232,2,,,pause
1424442,238,2,,,resume
1424442,238,2,,,pause
1424503,236,2,,,pause
1424503,236,2,,,resume
1424518,232,2,,,resume
1424525,237,2,,,resume
1424525,237,2,,,pause
1424608,238,2,,,resume
1424608,237,2,,,resume
1424608,237,2,,,pause
1424673,234,2,,,pause
1424691,237,2,,,resume
1424753,236,2,,,pause
1424753,236,2,,,resume
1424756,234,2,,,resume
1424839,234,2,,,pause
1424920,153,2,,,pause
1424922,234,2,,,resume
1424922,234,2,,,pause
1425003,153,2,,,resume
1425089,234,2,,,resume
1425125,223,2,,,pause
1425362,135,2,,,pause
1425458,223,2,,,resume
1425554,233,2,,,pause
1425569,132,2,,,pause
1425652,132,2,,,resume
1425652,132,2,,,pause
1425694,135,2,,,resume
1425735,132,2,,,resume
1425750,239,2,,,pause
1425750,239,2,,,resume
1425834,239,2,,,pause
1425969,233,2,,,resume
1425984,132,2,,,pause
1426000,239,2,,,resume
1426234,132,2,,,resume
1426234,132,2,,,pause
1426279,135,2,,,pause
1426333,239,2,,,pause
1426401,132,2,,,resume
1426401,132,2,,,pause
1426416,239,2,,,resume
1426484,132,2,,,resume
1426499,239,2,,,pause
1426514,212,2,,,pause
1426530,135,2,,,resume
1426582,239,2,,,resume
1426582,239,2,,,pause
1426582,239,2,,,resume
1426586,134,2,,,pause
1426586,134,2,,,resume
1426680,212,2,,,resume
1426862,135,2,,,pause
1426896,208,2,,,pause
1426966,233,2,,,pause
1426979,208,2,,,resume
1426983,132,2,,,pause
1427010,232,2,,,pause
1427010,232,2,,,resume
1427020,237,2,,,pause
1427028,135,2,,,resume
1427050,233,2,,,resume
1427067,132,2,,,resume
1427093,232,2,,,pause
1427100,209,2,,,pause
1427103,217,2,,,pause
1427103,217,2,,,resume
1427173,133,2,,,pause
1427176,232,2,,,resume
1427176,232,2,,,pause
1427176,232,2,,,resume
1427186,237,2,,,resume
1427207,133,2,,,resume
1427266,209,2,,,resume
1427414,236,2,,,pause
1427460,133,2,,,pause
1427460,133,2,,,resume
1427497,236,2,,,resume
1427601,237,2,,,pause
1427684,237,2,,,resume
1427793,133,2,,,pause
1427876,133,2,,,resume
1427876,133,2,,,pause
1427876,133,2,,,resume
1427959,133,2,,,pause
1427959,133,2,,,resume
1427973,221,2,,,pause
1428008,212,2,,,pause
1428042,133,2,,,pause
1428056,221,2,,,resume
1428061,208,2,,,pause
1428077,153,2,,,pause
1428091,212,2,,,resume
1428139,221,2,,,pause
1428144,208,2,,,resume
1428161,153,2,,,resume
1428161,153,2,,,pause
1428185,217,2,,,pause
1428222,221,2,,,resume
1428229,220,2,,,pause
1428244,153,2,,,resume
1428268,217,2,,,resume
1428305,221,2,,,pause
1428312,220,2,,,resume
1428388,221,2,,,resume
1428410,153,2,,,pause
1428493,236,2,,,pause
1428493,153,2,,,resume
1428493,153,2,,,pause
1428519,217,2,,,pause
1428556,221,2,,,pause
1428576,153,2,,,resume
1428605,217,2,,,resume
1428639,221,2,,,resume
1428659,236,2,,,resume
1428675,212,2,,,pause
1428706,133,2,,,resume
1428744,239,2,,,pause
1428753,216,2,,,pause
1428758,212,2,,,resume
1428789,133,2,,,pause
1428789,133,2,,,resume
1428827,239,2,,,resume
1428827,239,2,,,pause
1428827,239,2,,,resume
1428836,216,2,,,resume
1428877,233,2,,,pause
1428910,239,2,,,pause
1428910,239,2,,,resume
1428955,133,2,,,pause
1429045,233,2,,,resume
1429121,133,2,,,resume
1429121,133,2,,,pause
1429138,235,2,,,pause
1429158,236,2,,,pause
1429189,217,2,,,pause
1429189,217,2,,,resume
1429204,133,2,,,resume
1429221,235,2,,,resume
1429221,235,2,,,pause
1429241,236,2,,,resume
1429242,239,2,,,pause
1429243,153,2,,,pause
1429272,217,2,,,pause
1429304,235,2,,,resume
1429305,221,2,,,pause
1429326,153,2,,,resume
1429370,133,2,,,pause
1429378,233,2,,,pause
1429409,239,2,,,resume
1429425,212,2,,,pause
1429438,217,2,,,resume
1429471,221,2,,,resume
1429491,236,2,,,pause
1429492,239,2,,,pause
1429508,212,2,,,resume
1429544,233,2,,,resume
1429564,208,2,,,pause
1429575,239,2,,,resume
1429647,208,2,,,resume
1429703,133,2,,,resume
1429741,236,2,,,resume
1429804,235,2,,,pause
1429887,235,2,,,resume
1429887,235,2,,,pause
1429970,235,2,,,resume
1430136,235,2,,,pause
1430136,235,2,,,resume
1430167,219,2,,,pause
1430250,219,2,,,resume
1430277,223,2,,,pause
1430407,239,2,,,pause
1430490,239,2,,,resume
1430490,239,2,,,pause
1430505,212,2,,,pause
1430526,223,2,,,resume
1430588,212,2,,,resume
1430588,212,2,,,pause
1430600,135,2,,,pause
1430671,212,2,,,resume
1430671,212,2,,,pause
1430671,212,2,,,resume
1430683,135,2,,,resume
1430711,132,2,,,pause
1430739,239,2,,,resume
1430794,132,2,,,resume
1430828,134,2,,,pause
1430828,134,2,,,resume
1430994,134,2,,,pause
1431004,212,2,,,pause
1431058,208,2,,,pause
1431089,212,2,,,resume
1431141,208,2,,,resume
1431161,134,2,,,resume
1431161,134,2,,,pause
1431209,132,2,,,pause
1431244,134,2,,,resume
1431328,134,2,,,pause
1431339,212,2,,,pause
1431423,212,2,,,resume
1431423,212,2,,,pause
1431423,212,2,,,resume
1431494,134,2,,,resume
1431556,208,2,,,pause
1431708,132,2,,,resume
1431722,208,2,,,resume
1431722,208,2,,,pause
1431805,208,2,,,resume
1431805,208,2,,,pause
1431888,208,2,,,resume
1431921,212,2,,,pause
1431930,217,2,,,pause
1431986,236,2,,,pause
1431986,236,2,,,resume
1431992,134,2,,,pause
1432004,212,2,,,resume
1432013,217,2,,,resume
1432013,217,2,,,pause
1432040,132,2,,,pause
1432040,132,2,,,resume
1432075,134,2,,,resume
1432075,134,2,,,pause
1432097,135,2,,,pause
1432097,135,2,,,resume
1432123,132,2,,,pause
1432123,132,2,,,resume
1432137,208,2,,,pause
1432158,134,2,,,resume
1432158,134,2,,,pause
1432206,132,2,,,pause
1432206,132,2,,,resume
1432241,134,2,,,resume
1432296,221,2,,,pause
1432324,134,2,,,pause
1432325,234,2,,,pause
1432345,217,2,,,resume
1432387,208,2,,,resume
1432387,208,2,,,pause
1432387,208,2,,,resume
1432408,234,2,,,resume
1432409,134,2,,,resume
1432409,134,2,,,pause
1432410,232,2,,,pause
1432428,217,2,,,pause
1432462,221,2,,,resume
1432492,134,2,,,resume
1432493,232,2,,,resume
1432493,232,2,,,pause
1432507,237,2,,,pause
1432511,217,2,,,resume
1432511,217,2,,,pause
1432511,217,2,,,resume
1432576,232,2,,,resume
1432576,232,2,,,pause
1432590,237,2,,,resume
1432594,217,2,,,pause
1432659,232,2,,,resume
1432659,232,2,,,pause
1432668,212,2,,,pause
1432668,212,2,,,resume
1432742,232,2,,,resume
1432742,232,2,,,pause
1432742,232,2,,,resume
1432752,238,2,,,pause
1432752,238,2,,,resume
1432760,217,2,,,resume
1432760,217,2,,,pause
1432794,221,2,,,pause
1432877,221,2,,,resume
1432885,208,2,,,pause
1432899,236,2,,,pause
1432899,236,2,,,resume
1432961,222,2,,,pause
1432961,222,2,,,resume
1432968,208,2,,,resume
1432968,208,2,,,pause
1433000,212,2,,,pause
1433051,208,2,,,resume
1433083,212,2,,,resume
1433092,217,2,,,resume
1433092,217,2,,,pause
1433103,223,2,,,pause
1433128,221,2,,,pause
1433157,232,2,,,pause
1433166,212,2,,,pause
1433175,217,2,,,resume
1433175,217,2,,,pause
1433186,223,2,,,resume
1433210,222,2,,,pause
1433231,236,2,,,pause
1433240,232,2,,,resume
1433254,237,2,,,pause
1433293,222,2,,,resume
1433293,222,2,,,pause
1433294,221,2,,,resume
1433294,221,2,,,pause
1433314,236,2,,,resume
1433314,236,2,,,pause
1433314,236,2,,,resume
1433332,212,2,,,resume
1433332,212,2,,,pause
1433332,212,2,,,resume
1433376,222,2,,,resume
1433394,220,2,,,pause
1433406,234,2,,,pause
1433421,237,2,,,resume
1433460,221,2,,,resume
1433460,221,2,,,pause
1433477,220,2,,,resume
1433480,236,2,,,pause
1433489,234,2,,,resume
1433499,212,2,,,pause
1433507,217,2,,,resume
1433582,238,2,,,pause
1433582,212,2,,,resume
1433625,235,2,,,pause
1433729,236,2,,,resume
1433738,234,2,,,pause
1433793,221,2,,,resume
1433796,218,2,,,pause
1433796,218,2,,,resume
1433821,234,2,,,resume
1433837,237,2,,,pause
1433897,239,2,,,pause
1433914,238,2,,,resume
1433934,223,2,,,pause
1433958,235,2,,,resume
1433959,222,2,,,pause
1433959,222,2,,,resume
1433980,239,2,,,resume
1434017,223,2,,,resume
1434041,235,2,,,pause
1434042,222,2,,,pause
1434071,234,2,,,pause
1434125,222,2,,,resume
1434127,133,2,,,pause
1434127,133,2,,,resume
1434163,238,2,,,pause
1434210,133,2,,,pause
1434237,234,2,,,resume
1434237,234,2,,,pause
1434253,237,2,,,resume
1434320,234,2,,,resume
1434320,234,2,,,pause
1434376,133,2,,,resume
1434403,234,2,,,resume
1434460,218,2,,,pause
1434460,218,2,,,resume
1434495,238,2,,,resume
1434585,237,2,,,pause
1434622,235,2,,,resume
1434622,235,2,,,pause
1434662,238,2,,,pause
1434668,237,2,,,resume
1434705,235,2,,,resume
1434705,235,2,,,pause
1434705,235,2,,,resume
1434745,238,2,,,resume
1434818,234,2,,,pause
1434828,238,2,,,pause
1434901,234,2,,,resume
1435037,235,2,,,pause
1435067,234,2,,,pause
1435077,238,2,,,resume
1435120,235,2,,,resume
1435150,234,2,,,resume
1435823,132,2,,,pause
1435906,132,2,,,resume
1436072,132,2,,,pause
1436147,232,2,,,pause
1436155,132,2,,,resume
1436230,232,2,,,resume
1436249,135,2,,,pause
1436503,135,2,,,resume
1436531,237,2,,,pause
1436571,132,2,,,pause
1436587,135,2,,,pause
1436587,135,2,,,resume
1436614,237,2,,,resume
1436614,237,2,,,pause
1436614,237,2,,,resume
1436655,132,2,,,resume
1436722,236,2,,,pause
1436722,236,2,,,resume
1436906,132,2,,,pause
1437074,212,2,,,pause
1437157,212,2,,,resume
1437157,212,2,,,pause
1437192,132,2,,,resume
1437406,212,2,,,resume
1437406,212,2,,,pause
1437441,132,2,,,pause
1437572,212,2,,,resume
1437572,212,2,,,pause
1437637,236,2,,,pause
1437637,236,2,,,resume
1437644,219,2,,,pause
1437655,212,2,,,resume
1437655,212,2,,,pause
1437656,132,2,,,resume
1437693,237,2,,,pause
1437727,219,2,,,resume
1437859,237,2,,,resume
1437886,236,2,,,pause
1437894,133,2,,,pause
1437894,133,2,,,resume
1437942,237,2,,,pause
1437948,221,2,,,pause
1438031,221,2,,,resume
1438052,236,2,,,resume
1438105,220,2,,,pause
1438105,220,2,,,resume
1438108,237,2,,,resume
1438114,221,2,,,pause
1438173,223,2,,,pause
1438197,221,2,,,resume
1438197,221,2,,,pause
1438197,221,2,,,resume
1438207,208,2,,,pause
1438223,232,2,,,pause
1438227,133,2,,,pause
1438290,208,2,,,resume
1438300,153,2,,,pause
1438301,236,2,,,pause
1438339,223,2,,,resume
1438339,223,2,,,pause
1438373,208,2,,,pause
1438373,208,2,,,resume
1438389,232,2,,,resume
1438393,133,2,,,resume
1438393,133,2,,,pause
1438435,233,2,,,pause
1438476,133,2,,,resume
1438490,113,2,,,pause
1438526,237,2,,,pause
1438549,153,2,,,resume
1438550,236,2,,,resume
1438551,239,2,,,pause
1438551,239,2,,,resume
1438574,113,2,,,resume
1438590,223,2,,,resume
1438603,220,2,,,pause
1438652,212,2,,,resume
1438716,236,2,,,pause
1438725,133,2,,,pause
1438725,177,2,,,pause
1438725,177,2,,,resume
1438741,113,2,,,pause
1438770,220,2,,,resume
1438777,237,2,,,resume
1438799,236,2,,,resume
1438809,133,2,,,resume
1438824,113,2,,,resume
1438824,113,2,,,pause
1438853,220,2,,,pause
1438853,220,2,,,resume
1438863,221,2,,,pause
1438883,239,2,,,pause
1438893,133,2,,,pause
1438908,215,2,,,pause
1438933,233,2,,,resume
1438940,235,2,,,pause
1438946,221,2,,,resume
1438990,113,2,,,resume
1438991,215,2,,,resume
1438998,93,2,,,pause
1439005,223,2,,,pause
1439016,233,2,,,pause
1439023,235,2,,,resume
1439023,235,2,,,pause
1439023,235,2,,,resume
1439026,237,2,,,pause
1439026,237,2,,,resume
1439029,221,2,,,pause
1439081,133,2,,,resume
1439081,93,2,,,resume
1439109,237,2,,,pause
1439112,221,2,,,resume
1439131,236,2,,,pause
1439132,239,2,,,resume
1439132,239,2,,,pause
1439132,239,2,,,resume
1439164,133,2,,,pause
1439164,133,2,,,resume
1439171,223,2,,,resume
1439182,233,2,,,resume
1439213,153,2,,,pause
1439247,133,2,,,pause
1439247,133,2,,,resume
1439265,233,2,,,pause
1439276,237,2,,,resume
1439296,153,2,,,resume
1439298,236,2,,,resume
1439331,133,2,,,pause
1439331,133,2,,,resume
1439350,233,2,,,resume
1439355,235,2,,,pause
1439379,153,2,,,pause
1439379,153,2,,,resume
1439381,239,2,,,pause
1439381,236,2,,,pause
1439392,177,2,,,pause
1439392,177,2,,,resume
1439414,133,2,,,pause
1439414,133,2,,,resume
1439433,233,2,,,pause
1439438,235,2,,,resume
1439464,236,2,,,resume
1439580,133,2,,,pause
1439615,218,2,,,pause
1439615,218,2,,,resume
1439631,239,2,,,resume
1439631,239,2,,,pause
1439682,233,2,,,resume
1439682,233,2,,,pause
1439766,233,2,,,resume
1439797,239,2,,,resume
1439829,133,2,,,resume
1439858,222,2,,,pause
1439881,239,2,,,pause
1439941,222,2,,,resume
1439964,239,2,,,resume
1439993,135,2,,,pause
1440076,135,2,,,resume
1440130,239,2,,,pause
1440159,135,2,,,pause
1440213,239,2,,,resume
1440213,239,2,,,pause
1440242,135,2,,,resume
1440296,239,2,,,resume
1440296,239,2,,,pause
1440379,239,2,,,resume
1440379,239,2,,,pause
1440387,219,2,,,pause
1440462,239,2,,,resume
1440475,134,2,,,pause
1440475,134,2,,,resume
1440553,219,2,,,resume
1440807,134,2,,,pause
1440890,134,2,,,resume
1441224,134,2,,,pause
1441391,135,2,,,pause
1441555,135,2,,,resume
1441559,135,2,,,pause
1441567,135,2,,,resume
1441800,219,2,,,pause
1441800,219,2,,,resume
1442120,132,2,,,pause
1442120,132,2,,,resume
1442139,134,2,,,resume
1442222,134,2,,,pause
1442286,132,2,,,pause
1442294,132,2,,,resume
1442298,132,2,,,pause
1442305,134,2,,,resume
1442305,134,2,,,pause
1442307,132,2,,,resume
1442471,134,2,,,resume
1442547,219,2,,,pause
1442570,135,2,,,pause
1442570,135,2,,,resume
1442630,219,2,,,resume
1442718,234,2,,,pause
1442720,134,2,,,pause
1442801,234,2,,,resume
1442803,134,2,,,resume
1442957,232,2,,,pause
1442963,219,2,,,pause
1443040,232,2,,,resume
1443046,219,2,,,resume
1443075,217,2,,,pause
1443129,219,2,,,pause
1443158,217,2,,,resume
1443280,208,2,,,pause
1443352,221,2,,,pause
1443378,219,2,,,resume
1443435,221,2,,,resume
1443446,208,2,,,resume
1443446,208,2,,,pause
1443519,221,2,,,pause
1443529,208,2,,,resume
1443534,132,2,,,pause
1443538,236,2,,,pause
1443540,232,2,,,pause
1443586,133,2,,,pause
1443602,221,2,,,resume
1443602,221,2,,,pause
1443617,132,2,,,resume
1443621,236,2,,,resume
1443623,232,2,,,resume
1443627,219,2,,,pause
1443627,219,2,,,resume
1443656,217,2,,,pause
1443671,133,2,,,resume
1443678,222,2,,,pause
1443685,221,2,,,resume
1443700,132,2,,,pause
1443700,132,2,,,resume
1443739,217,2,,,resume
1443739,217,2,,,pause
1443761,222,2,,,resume
1443768,221,2,,,pause
1443768,221,2,,,resume
1443783,132,2,,,pause
1443783,132,2,,,resume
1443822,217,2,,,resume
1443822,217,2,,,pause
1443837,133,2,,,pause
1443837,133,2,,,resume
1443870,236,2,,,pause
1443949,132,2,,,pause
1443949,132,2,,,resume
1443953,236,2,,,resume
1444014,237,2,,,pause
1444032,132,2,,,pause
1444055,216,2,,,pause
1444070,93,2,,,pause
1444070,93,2,,,resume
1444072,217,2,,,resume
1444097,237,2,,,resume
1444097,237,2,,,pause
1444115,132,2,,,resume
1444125,219,2,,,pause
1444180,237,2,,,resume
1444198,132,2,,,pause
1444198,132,2,,,resume
1444208,219,2,,,resume
1444208,219,2,,,pause
1444208,219,2,,,resume
1444221,212,2,,,pause
1444221,212,2,,,resume
1444252,133,2,,,pause
1444259,235,2,,,pause
1444281,132,2,,,pause
1444281,132,2,,,resume
1444287,232,2,,,pause
1444305,216,2,,,resume
1444335,133,2,,,resume
1444344,222,2,,,pause
1444365,132,2,,,pause
1444365,132,2,,,resume
1444370,232,2,,,resume
1444388,216,2,,,pause
1444425,235,2,,,resume
1444425,235,2,,,pause
1444427,222,2,,,resume
1444471,216,2,,,resume
1444471,216,2,,,pause
1444471,216,2,,,resume
1444510,222,2,,,pause
1444531,132,2,,,pause
1444531,132,2,,,resume
1444554,216,2,,,pause
1444554,216,2,,,resume
1444593,222,2,,,resume
1444614,132,2,,,pause
1444614,132,2,,,resume
1444631,234,2,,,pause
1444631,234,2,,,resume
1444674,235,2,,,resume
1444697,132,2,,,pause
1444697,132,2,,,resume
1444738,217,2,,,pause
1444821,217,2,,,resume
1444821,217,2,,,pause
1444837,133,2,,,pause
1444840,235,2,,,pause
1444904,217,2,,,resume
1444923,235,2,,,resume
1444950,239,2,,,pause
1445003,133,2,,,resume
1445003,133,2,,,pause
1445086,133,2,,,resume
1445116,239,2,,,resume
1445117,232,2,,,pause
1445129,234,2,,,pause
1445177,237,2,,,pause
1445201,232,2,,,resume
1445212,234,2,,,resume
1445260,237,2,,,resume
1445297,238,2,,,pause
1445329,211,2,,,pause
1445329,211,2,,,resume
1445380,238,2,,,resume
1445673,235,2,,,pause
1445727,135,2,,,pause
1445727,135,2,,,resume
1445756,235,2,,,resume
1445976,135,2,,,pause
1446112,132,2,,,pause
1446195,132,2,,,resume
1446195,132,2,,,pause
1446361,132,2,,,resume
1446444,132,2,,,pause
1446462,238,2,,,pause
1446518,135,2,,,resume
1446545,238,2,,,resume
1446610,132,2,,,resume
1446693,132,2,,,pause
1446776,132,2,,,resume
1447131,216,2,,,pause
1447214,216,2,,,resume
1447215,212,2,,,pause
1447232,217,2,,,pause
1447290,220,2,,,pause
1447290,220,2,,,resume
1447315,217,2,,,resume
1447360,132,2,,,pause
1447381,212,2,,,resume
1447401,133,2,,,pause
1447509,221,2,,,pause
1447554,132,2,,,resume
1447592,221,2,,,resume
1447592,221,2,,,pause
1447609,239,2,,,pause
1447620,133,2,,,resume
1447675,221,2,,,resume
1447692,239,2,,,resume
1447730,217,2,,,pause
1447781,219,2,,,pause
1447813,217,2,,,resume
1447864,219,2,,,resume
1447864,219,2,,,pause
1447864,219,2,,,resume
1447879,212,2,,,pause
1447919,237,2,,,pause
1447941,232,2,,,pause
1447941,232,2,,,resume
1448007,221,2,,,pause
1448030,219,2,,,pause
1448030,219,2,,,resume
1448170,237,2,,,resume
1448206,234,2,,,pause
1448207,238,2,,,pause
1448211,212,2,,,resume
1448211,212,2,,,pause
1448228,217,2,,,pause
1448253,237,2,,,pause
1448256,221,2,,,resume
1448279,219,2,,,pause
1448289,234,2,,,resume
1448289,234,2,,,pause
1448290,238,2,,,resume
1448294,212,2,,,resume
1448294,212,2,,,pause
1448336,237,2,,,resume
1448362,219,2,,,resume
1448367,133,2,,,pause
1448367,133,2,,,resume
1448372,234,2,,,resume
1448373,238,2,,,pause
1448396,217,2,,,resume
1448456,234,2,,,pause
1448456,234,2,,,resume
1448539,238,2,,,resume
1448580,222,2,,,pause
1448589,221,2,,,pause
1448645,217,2,,,pause
1448663,222,2,,,resume
1448699,133,2,,,pause
1448699,133,2,,,resume
1448723,214,2,,,pause
1448723,214,2,,,resume
1448729,217,2,,,resume
1448742,233,2,,,pause
1448755,221,2,,,resume
1448782,133,2,,,pause
1448782,133,2,,,resume
1448792,212,2,,,resume
1448798,113,2,,,pause
1448798,113,2,,,resume
1448812,217,2,,,pause
1448825,233,2,,,resume
1448836,237,2,,,pause
1448865,133,2,,,pause
1448865,133,2,,,resume
1448871,238,2,,,pause
1448873,234,2,,,pause
1448895,217,2,,,resume
1448895,217,2,,,pause
1448896,223,2,,,pause
1448909,93,2,,,pause
1448954,238,2,,,resume
1448954,238,2,,,pause
1448972,214,2,,,pause
1448972,214,2,,,resume
1448978,217,2,,,resume
1448992,93,2,,,resume
1449039,234,2,,,resume
1449039,234,2,,,pause
1449063,223,2,,,resume
1449075,93,2,,,pause
1449104,232,2,,,pause
1449106,236,2,,,pause
1449106,236,2,,,resume
1449120,238,2,,,resume
1449122,234,2,,,resume
1449158,93,2,,,resume
1449170,237,2,,,resume
1449174,218,2,,,pause
1449187,232,2,,,resume
1449187,232,2,,,pause
1449189,236,2,,,pause
1449189,236,2,,,resume
1449210,212,2,,,pause
1449246,235,2,,,pause
1449247,222,2,,,pause
1449255,221,2,,,pause
1449257,218,2,,,resume
1449270,232,2,,,resume
1449270,232,2,,,pause
1449273,236,2,,,pause
1449273,236,2,,,resume
1449288,234,2,,,pause
1449293,212,2,,,resume
1449330,222,2,,,resume
1449369,238,2,,,pause
1449374,234,2,,,resume
1449374,234,2,,,pause
1449421,221,2,,,resume
1449436,232,2,,,resume
1449453,220,2,,,pause
1449457,234,2,,,resume
1449457,234,2,,,pause
1449491,93,2,,,pause
1449491,93,2,,,resume
1449561,223,2,,,pause
1449578,235,2,,,resume
1449578,235,2,,,pause
1449603,232,2,,,pause
1449605,239,2,,,pause
1449613,187,1,,,pause
1449613,187,1,,,resume
1449619,220,2,,,resume
1449623,234,2,,,resume
1449623,234,2,,,pause
1449637,214,2,,,pause
1449637,214,2,,,resume
1449688,239,2,,,resume
1449688,239,2,,,pause
1449703,220,2,,,pause
1449727,223,2,,,resume
1449746,222,2,,,pause
1449829,222,2,,,resume
1449839,218,2,,,pause
1449852,232,2,,,resume
1449869,238,2,,,resume
1449869,220,2,,,resume
1449872,234,2,,,resume
1449910,235,2,,,resume
1449910,235,2,,,pause
1449937,239,2,,,resume
1449937,239,2,,,pause
1449937,239,2,,,resume
1449993,235,2,,,resume
1449993,235,2,,,pause
1450028,187,1,,,pause
1450028,187,1,,,resume
1450076,235,2,,,resume
1450088,218,2,,,resume
1450138,133,2,,,pause
1450187,239,2,,,pause
1450221,133,2,,,resume
1450271,239,2,,,resume
1450304,214,2,,,pause
1450304,214,2,,,resume
1450352,232,2,,,pause
1450435,232,2,,,resume
1450520,239,2,,,pause
1450687,239,2,,,resume
1450854,239,2,,,pause
1450889,223,2,,,pause
1450937,239,2,,,resume
1450937,239,2,,,pause
1451020,239,2,,,resume
1451020,239,2,,,pause
1451138,223,2,,,resume
1451186,239,2,,,resume
1451318,233,2,,,pause
1451352,153,2,,,pause
1451435,153,2,,,resume
1451567,233,2,,,resume
1451567,233,2,,,pause
1451567,233,2,,,resume
1451683,132,2,,,pause
1451685,236,2,,,pause
1451766,132,2,,,resume
1451768,236,2,,,resume
1451899,233,2,,,pause
1451899,233,2,,,resume
1451931,89,2,,,pause
1451931,89,2,,,resume
1452062,211,2,,,pause
1452062,211,2,,,resume
1452287,216,2,,,pause
1452370,216,2,,,resume
1452480,233,2,,,pause
1452764,236,2,,,pause
1452847,236,2,,,resume
1452847,236,2,,,pause
1452897,233,2,,,resume
1452936,132,2,,,pause
1452936,132,2,,,resume
1453019,132,2,,,pause
1453096,236,2,,,resume
1453185,132,2,,,resume
1453313,233,2,,,pause
1453369,212,2,,,pause
1453373,220,2,,,pause
1453452,212,2,,,resume
1453452,212,2,,,pause
1453452,212,2,,,resume
1453479,233,2,,,resume
1453488,237,2,,,pause
1453488,237,2,,,resume
1453512,236,2,,,pause
1453515,219,2,,,pause
1453527,133,2,,,pause
1453527,133,2,,,resume
1453549,223,2,,,pause
1453549,223,2,,,resume
1453562,233,2,,,pause
1453577,221,2,,,pause
1453598,219,2,,,resume
1453598,219,2,,,pause
1453598,219,2,,,resume
1453611,234,2,,,pause
1453611,234,2,,,resume
1453622,220,2,,,resume
1453631,213,2,,,pause
1453631,213,2,,,resume
1453632,223,2,,,pause
1453645,233,2,,,resume
1453654,237,2,,,pause
1453660,221,2,,,resume
1453678,236,2,,,resume
1453715,223,2,,,resume
1453715,223,2,,,pause
1453728,233,2,,,pause
1453737,237,2,,,resume
1453761,236,2,,,pause
1453776,133,2,,,pause
1453784,212,2,,,pause
1453811,233,2,,,resume
1453826,221,2,,,pause
1453867,212,2,,,resume
1453871,220,2,,,pause
1453881,223,2,,,resume
1453894,233,2,,,pause
1453942,133,2,,,resume
1453953,209,2,,,pause
1453988,237,2,,,pause
1454035,113,2,,,pause
1454036,209,2,,,resume
1454036,209,2,,,pause
1454036,209,2,,,resume
1454037,220,2,,,resume
1454051,217,2,,,pause
1454051,217,2,,,resume
1454060,233,2,,,resume
1454119,113,2,,,resume
1454119,113,2,,,pause
1454120,220,2,,,pause
1454120,220,2,,,resume
1454158,221,2,,,resume
1454171,232,2,,,pause
1454196,216,2,,,pause
1454202,113,2,,,resume
1454240,237,2,,,resume
1454254,232,2,,,resume
1454279,216,2,,,resume
1454362,216,2,,,pause
1454380,223,2,,,pause
1454425,236,2,,,resume
1454425,239,2,,,pause
1454443,234,2,,,pause
1454445,216,2,,,resume
1454445,216,2,,,pause
1454468,217,2,,,pause
1454503,232,2,,,pause
1454509,239,2,,,resume
1454512,219,2,,,pause
1454512,219,2,,,resume
1454527,234,2,,,resume
1454528,216,2,,,resume
1454546,223,2,,,resume
1454551,217,2,,,resume
1454586,232,2,,,resume
1454595,219,2,,,pause
1454641,233,2,,,pause
1454646,93,2,,,pause
1454646,93,2,,,resume
1454675,239,2,,,pause
1454697,212,2,,,pause
1454702,220,2,,,pause
1454702,220,2,,,resume
1454724,233,2,,,resume
1454739,218,2,,,pause
1454741,221,2,,,pause
1454761,219,2,,,resume
1454761,219,2,,,pause
1454777,216,2,,,pause
1454787,214,2,,,pause
1454787,214,2,,,resume
1454824,221,2,,,resume
1454841,239,2,,,resume
1454841,239,2,,,pause
1454844,219,2,,,resume
1454844,219,2,,,pause
1454855,133,2,,,pause
1454855,133,2,,,resume
1454863,212,2,,,resume
1454863,212,2,,,pause
1454905,218,2,,,resume
1454927,219,2,,,resume
1454927,219,2,,,pause
1454927,219,2,,,resume
1454936,238,2,,,pause
1454943,216,2,,,resume
1454946,212,2,,,resume
1454946,212,2,,,pause
1455019,238,2,,,resume
1455026,216,2,,,pause
1455029,212,2,,,resume
1455090,239,2,,,resume
1455104,133,2,,,pause
1455110,216,2,,,resume
1455134,217,2,,,pause
1455134,217,2,,,resume
1455144,222,2,,,pause
1455180,187,1,,,pause
1455180,187,1,,,resume
1455227,222,2,,,resume
1455227,222,2,,,pause
1455250,232,2,,,pause
1455250,232,2,,,resume
1455263,187,1,,,pause
1455263,187,1,,,resume
1455269,238,2,,,pause
1455310,222,2,,,resume
1455310,222,2,,,pause
1455352,238,2,,,resume
1455393,222,2,,,resume
1455393,222,2,,,pause
1455413,210,2,,,pause
1455413,210,2,,,resume
1455427,219,2,,,pause
1455436,133,2,,,resume
1455438,215,2,,,pause
1455476,222,2,,,resume
1455510,219,2,,,resume
1455521,215,2,,,resume
1455588,239,2,,,pause
1455605,215,2,,,pause
1455605,215,2,,,resume
1455636,211,2,,,pause
1455636,211,2,,,resume
1455759,219,2,,,pause
1455759,219,2,,,resume
1455837,239,2,,,resume
1455837,239,2,,,pause
1455842,219,2,,,pause
1455856,234,2,,,pause
1455920,239,2,,,resume
1455939,234,2,,,resume
1456018,133,2,,,pause
1456025,134,2,,,pause
1456025,134,2,,,resume
1456070,218,2,,,pause
1456091,219,2,,,resume
1456105,234,2,,,pause
1456105,234,2,,,resume
1456153,218,2,,,resume
1456184,133,2,,,resume
1456274,134,2,,,pause
1456343,132,2,,,pause
1456350,133,2,,,pause
1456357,134,2,,,resume
1456357,134,2,,,pause
1456433,133,2,,,resume
1456440,134,2,,,resume
1456446,209,2,,,pause
1456504,153,2,,,pause
1456509,132,2,,,resume
1456509,132,2,,,pause
1456526,135,2,,,pause
1456526,135,2,,,resume
1456529,209,2,,,resume
1456587,153,2,,,resume
1456587,153,2,,,pause
1456592,132,2,,,resume
1456606,134,2,,,pause
1456606,134,2,,,resume
1456610,135,2,,,pause
1456670,153,2,,,resume
1456670,153,2,,,pause
1456689,134,2,,,pause
1456689,134,2,,,resume
1456693,135,2,,,resume
1456719,233,2,,,pause
1456753,153,2,,,resume
1456772,134,2,,,pause
1456802,233,2,,,resume
1456841,132,2,,,pause
1456856,134,2,,,resume
1456856,134,2,,,pause
1457023,134,2,,,resume
1457023,134,2,,,pause
1457023,134,2,,,resume
1457048,211,2,,,pause
1457083,89,2,,,pause
1457083,89,2,,,resume
1457106,134,2,,,pause
1457106,134,2,,,resume
1457214,211,2,,,resume
1457214,211,2,,,pause
1457214,211,2,,,resume
1457256,219,2,,,pause
1457256,219,2,,,resume
1457341,132,2,,,resume
1457341,132,2,,,pause
1457424,132,2,,,resume
1457610,134,2,,,pause
1457610,134,2,,,resume
1457693,134,2,,,pause
1457693,134,2,,,resume
1457776,134,2,,,pause
1457776,134,2,,,resume
1457835,135,2,,,pause
1457877,217,2,,,pause
1457918,135,2,,,resume
1457962,217,2,,,resume
1458143,237,2,,,pause
1458197,134,2,,,pause
1458211,217,2,,,pause
1458226,237,2,,,resume
1458226,237,2,,,pause
1458280,134,2,,,resume
1458294,217,2,,,resume
1458309,237,2,,,resume
1458357,212,2,,,pause
1458357,212,2,,,resume
1458418,219,2,,,pause
1458418,219,2,,,resume
1458440,212,2,,,pause
1458606,212,2,,,resume
1458627,217,2,,,pause
1458689,212,2,,,pause
1458710,217,2,,,resume
1458763,213,2,,,pause
1458772,212,2,,,resume
1458846,213,2,,,resume
1458846,213,2,,,pause
1458846,213,2,,,resume
1458877,217,2,,,pause
1459021,212,2,,,pause
1459021,212,2,,,resume
1459022,220,2,,,pause
1459022,220,2,,,resume
1459189,220,2,,,pause
1459211,233,2,,,pause
1459211,233,2,,,resume
1459270,212,2,,,pause
1459272,220,2,,,resume
1459293,217,2,,,resume
1459308,237,2,,,pause
1459313,221,2,,,pause
1459345,93,2,,,pause
1459376,217,2,,,pause
1459396,221,2,,,resume
1459403,232,2,,,pause
1459428,93,2,,,resume
1459479,221,2,,,pause
1459479,221,2,,,resume
1459569,232,2,,,resume
1459569,232,2,,,pause
1459569,232,2,,,resume
1459581,219,2,,,pause
1459598,216,2,,,pause
1459601,234,2,,,pause
1459644,237,2,,,resume
1459664,219,2,,,resume
1459664,219,2,,,pause
1459677,93,2,,,pause
1459682,216,2,,,resume
1459685,212,2,,,resume
1459687,220,2,,,pause
1459729,221,2,,,pause
1459735,232,2,,,pause
1459747,219,2,,,resume
1459765,216,2,,,pause
1459767,234,2,,,resume
1459768,212,2,,,pause
1459770,220,2,,,resume
1459770,220,2,,,pause
1459792,217,2,,,resume
1459799,235,2,,,pause
1459799,235,2,,,resume
1459812,221,2,,,resume
1459843,93,2,,,resume
1459848,216,2,,,resume
1459848,216,2,,,pause
1459875,217,2,,,pause
1459893,237,2,,,pause
1459902,232,2,,,resume
1459921,187,1,,,pause
1459921,187,1,,,resume
1459931,216,2,,,resume
1459937,220,2,,,resume
1459958,217,2,,,resume
1459958,217,2,,,pause
1459963,222,2,,,pause
1459965,235,2,,,pause
1459985,232,2,,,pause
1460017,212,2,,,resume
1460021,220,2,,,pause
1460042,217,2,,,resume
1460042,217,2,,,pause
1460046,222,2,,,resume
1460048,235,2,,,resume
1460048,235,2,,,pause
1460060,237,2,,,resume
1460068,232,2,,,resume
1460068,232,2,,,pause
1460068,232,2,,,resume
1460126,217,2,,,resume
1460126,217,2,,,pause
1460142,218,2,,,pause
1460151,232,2,,,pause
1460171,133,2,,,pause
1460172,238,2,,,pause
1460172,238,2,,,resume
1460182,234,2,,,pause
1460182,234,2,,,resume
1460187,220,2,,,resume
1460187,220,2,,,pause
1460210,217,2,,,resume
1460210,217,2,,,pause
1460214,235,2,,,resume
1460225,218,2,,,resume
1460234,232,2,,,resume
1460234,232,2,,,pause
1460243,135,2,,,pause
1460254,133,2,,,resume
1460255,238,2,,,pause
1460309,237,2,,,pause
1460312,221,2,,,pause
1460317,232,2,,,resume
1460326,135,2,,,resume
1460336,187,1,,,pause
1460336,187,1,,,resume
1460342,93,2,,,pause
1460351,209,2,,,pause
1460352,113,2,,,pause
1460354,220,2,,,resume
1460380,235,2,,,pause
1460400,232,2,,,pause
1460419,187,1,,,pause
1460419,187,1,,,resume
1460421,238,2,,,resume
1460435,209,2,,,resume
1460435,113,2,,,resume
1460437,220,2,,,pause
1460459,217,2,,,resume
1460463,235,2,,,resume
1460463,235,2,,,pause
1460475,237,2,,,resume
1460478,221,2,,,resume
1460483,232,2,,,resume
1460483,232,2,,,pause
1460508,93,2,,,resume
1460514,216,2,,,pause
1460520,220,2,,,resume
1460558,237,2,,,pause
1460561,221,2,,,pause
1460561,221,2,,,resume
1460567,232,2,,,resume
1460567,232,2,,,pause
1460588,215,2,,,pause
1460597,216,2,,,resume
1460629,235,2,,,resume
1460644,221,2,,,pause
1460672,215,2,,,resume
1460681,234,2,,,pause
1460727,221,2,,,resume
1460733,232,2,,,resume
1460733,232,2,,,pause
1460733,232,2,,,resume
1460764,234,2,,,resume
1460802,177,2,,,pause
1460816,232,2,,,pause
1460816,232,2,,,resume
1460847,234,2,,,pause
1460885,177,2,,,resume
1460890,237,2,,,resume
1460921,238,2,,,pause
1460921,238,2,,,resume
1460990,135,2,,,pause
1461074,135,2,,,resume
1461074,135,2,,,pause
1461087,238,2,,,pause
1461096,234,2,,,resume
1461170,238,2,,,resume
1461240,135,2,,,resume
1461240,135,2,,,pause
1461585,238,2,,,pause
1461656,239,2,,,pause
1461656,239,2,,,resume
1461668,238,2,,,resume
1461822,239,2,,,pause
1461822,239,2,,,resume
1461904,135,2,,,resume
1461904,135,2,,,pause
1461949,211,2,,,pause
1461987,135,2,,,resume
1462027,134,2,,,pause
1462032,211,2,,,resume
1462110,134,2,,,resume
1462141,135,2,,,pause
1462170,135,2,,,resume
1462193,134,2,,,pause
1462277,134,2,,,resume
1462819,239,2,,,pause
1462902,239,2,,,resume
1462959,235,2,,,pause
1463042,235,2,,,resume
1463270,223,2,,,pause
1463360,134,2,,,pause
1463437,223,2,,,resume
1463443,134,2,,,resume
1463657,208,2,,,pause
1463710,132,2,,,pause
1463710,132,2,,,resume
1463715,218,2,,,pause
1463715,218,2,,,resume
1463740,208,2,,,resume
1463781,233,2,,,pause
1463803,221,2,,,pause
1463839,234,2,,,pause
1463864,233,2,,,resume
1463876,132,2,,,pause
1463876,132,2,,,resume
1463886,221,2,,,resume
1463886,221,2,,,pause
1463922,234,2,,,resume
1463938,223,2,,,pause
1463982,239,2,,,pause
1463982,239,2,,,resume
1464019,133,2,,,pause
1464021,223,2,,,resume
1464052,221,2,,,resume
1464073,208,2,,,pause
1464073,208,2,,,resume
1464103,133,2,,,resume
1464196,233,2,,,pause
1464204,235,2,,,pause
1464258,212,2,,,pause
1464258,212,2,,,resume
1464279,233,2,,,resume
1464327,238,2,,,pause
1464339,209,2,,,pause
1464341,212,2,,,pause
1464363,233,2,,,pause
1464370,235,2,,,resume
1464370,235,2,,,pause
1464370,235,2,,,resume
1464410,238,2,,,resume
1464422,209,2,,,resume
1464424,212,2,,,resume
1464424,212,2,,,pause
1464425,214,2,,,pause
1464425,214,2,,,resume
1464468,221,2,,,pause
1464507,212,2,,,resume
1464512,220,2,,,pause
1464564,236,2,,,pause
1464595,220,2,,,resume
1464603,223,2,,,pause
1464614,233,2,,,resume
1464634,221,2,,,resume
1464648,133,2,,,pause
1464671,234,2,,,pause
1464785,235,2,,,pause
1464814,236,2,,,resume
1464814,236,2,,,pause
1464814,236,2,,,resume
1464838,234,2,,,resume
1464839,212,2,,,pause
1464852,223,2,,,resume
1464868,235,2,,,resume
1464868,235,2,,,pause
1464878,218,2,,,pause
1464896,239,2,,,pause
1464897,133,2,,,resume
1464922,212,2,,,resume
1464922,212,2,,,pause
1464951,235,2,,,resume
1464951,235,2,,,pause
1464979,239,2,,,resume
1464979,239,2,,,pause
1464980,236,2,,,pause
1464991,238,2,,,pause
1465005,212,2,,,resume
1465005,212,2,,,pause
1465005,212,2,,,resume
1465007,214,2,,,pause
1465007,214,2,,,resume
1465029,233,2,,,pause
1465034,235,2,,,resume
1465044,218,2,,,resume
1465062,239,2,,,resume
1465062,239,2,,,pause
1465062,239,2,,,resume
1465063,236,2,,,resume
1465063,236,2,,,pause
1465063,236,2,,,resume
1465074,187,1,,,pause
1465074,187,1,,,resume
1465088,212,2,,,pause
1465090,214,2,,,pause
1465090,214,2,,,resume
1465133,221,2,,,pause
1465146,236,2,,,pause
1465148,219,2,,,pause
1465148,219,2,,,resume
1465157,238,2,,,resume
1465157,238,2,,,pause
1465170,234,2,,,pause
1465218,210,2,,,pause
1465218,210,2,,,resume
1465228,239,2,,,pause
1465228,239,2,,,resume
1465229,236,2,,,resume
1465240,238,2,,,resume
1465253,234,2,,,resume
1465253,234,2,,,pause
1465254,212,2,,,resume
1465311,239,2,,,pause
1465336,234,2,,,resume
1465364,233,2,,,resume
1465364,233,2,,,pause
1465367,235,2,,,pause
1465397,219,2,,,pause
1465406,238,2,,,pause
1465420,212,2,,,pause
1465447,233,2,,,resume
1465450,235,2,,,resume
1465466,221,2,,,resume
1465489,187,1,,,pause
1465489,238,2,,,resume
1465489,238,2,,,pause
1465503,212,2,,,resume
1465503,212,2,,,pause
1465530,233,2,,,pause
1465530,233,2,,,resume
1465551,210,2,,,pause
1465551,210,2,,,resume
1465562,236,2,,,pause
1465572,187,1,,,resume
1465572,238,2,,,resume
1465572,238,2,,,pause
1465645,236,2,,,resume
1465646,219,2,,,resume
1465646,219,2,,,pause
1465669,212,2,,,resume
1465669,212,2,,,pause
1465729,219,2,,,resume
1465729,219,2,,,pause
1465752,212,2,,,resume
1465756,214,2,,,pause
1465756,214,2,,,resume
1465779,233,2,,,pause
1465809,239,2,,,resume
1465809,239,2,,,pause
1465809,239,2,,,resume
1465812,219,2,,,resume
1465812,219,2,,,pause
1465812,219,2,,,resume
1465839,214,2,,,pause
1465839,214,2,,,resume
1465883,232,2,,,pause
1465883,232,2,,,resume
1465895,236,2,,,pause
1465904,238,2,,,resume
1465917,234,2,,,pause
1465945,233,2,,,resume
1465958,218,2,,,pause
1465958,218,2,,,resume
1465966,232,2,,,pause
1465966,232,2,,,resume
1465977,133,2,,,pause
1465978,219,2,,,pause
1465978,236,2,,,resume
1466083,234,2,,,resume
1466083,234,2,,,pause
1466083,234,2,,,resume
1466124,218,2,,,pause
1466144,133,2,,,resume
1466145,219,2,,,resume
1466145,219,2,,,pause
1466154,238,2,,,pause
1466207,218,2,,,resume
1466237,238,2,,,resume
1466237,238,2,,,pause
1466311,219,2,,,resume
1466394,219,2,,,pause
1466394,219,2,,,resume
1466403,238,2,,,resume
1466443,233,2,,,pause
1466526,233,2,,,resume
1466619,132,2,,,pause
1466619,132,2,,,resume
1466702,132,2,,,pause
1466702,132,2,,,resume
1466904,215,2,,,pause
1466907,134,2,,,pause
1466907,134,2,,,resume
1467070,215,2,,,resume
1467073,134,2,,,pause
1467156,134,2,,,resume
1467239,134,2,,,pause
1467239,134,2,,,resume
1467386,89,2,,,pause
1467386,89,2,,,resume
1467406,134,2,,,pause
1467490,134,2,,,resume
1467490,134,2,,,pause
1467490,134,2,,,resume
1468135,132,2,,,pause
1468135,132,2,,,resume
1468157,134,2,,,pause
1468157,134,2,,,resume
1468218,132,2,,,pause
1468219,132,2,,,resume
1468222,132,2,,,pause
1468324,134,2,,,pause
1468324,134,2,,,resume
1468398,132,2,,,resume
1468398,132,2,,,pause
1468481,132,2,,,resume
1468481,132,2,,,pause
1468528,133,2,,,pause
1468647,132,2,,,resume
1468647,132,2,,,pause
1468694,133,2,,,resume
1468730,208,2,,,pause
1468743,212,2,,,pause
1468827,212,2,,,resume
1468872,232,2,,,pause
1468872,232,2,,,resume
1468898,208,2,,,resume
1468898,208,2,,,pause
1468935,222,2,,,pause
1468980,132,2,,,resume
1469018,222,2,,,resume
1469018,222,2,,,pause
1469063,132,2,,,pause
1469064,208,2,,,resume
1469101,222,2,,,resume
1469101,222,2,,,pause
1469137,236,2,,,pause
1469184,222,2,,,resume
1469184,222,2,,,pause
1469205,221,2,,,pause
1469205,221,2,,,resume
1469220,236,2,,,resume
1469230,208,2,,,pause
1469230,132,2,,,resume
1469230,132,2,,,pause
1469267,222,2,,,resume
1469313,208,2,,,resume
1469329,212,2,,,pause
1469359,133,2,,,pause
1469359,133,2,,,resume
1469413,212,2,,,resume
1469413,212,2,,,pause
1469425,223,2,,,pause
1469469,236,2,,,pause
1469469,236,2,,,resume
1469508,223,2,,,resume
1469532,218,2,,,pause
1469532,218,2,,,resume
1469585,220,2,,,pause
1469635,236,2,,,pause
1469663,212,2,,,resume
1469683,222,2,,,pause
1469691,133,2,,,pause
1469691,133,2,,,resume
1469707,133,2,,,pause
1469729,132,2,,,resume
1469744,93,2,,,pause
1469751,220,2,,,resume
1469767,222,2,,,resume
1469803,133,2,,,resume
1469827,93,2,,,resume
1469855,235,2,,,pause
1469887,237,2,,,pause
1469887,237,2,,,resume
1469899,208,2,,,pause
1469968,236,2,,,resume
1469968,236,2,,,pause
1469968,236,2,,,resume
1469971,237,2,,,pause
1469983,208,2,,,resume
1469992,133,2,,,pause
1469995,212,2,,,pause
1470006,223,2,,,pause
1470021,235,2,,,resume
1470024,217,2,,,pause
1470024,217,2,,,resume
1470054,237,2,,,resume
1470075,133,2,,,resume
1470078,212,2,,,resume
1470078,212,2,,,pause
1470161,212,2,,,resume
1470161,212,2,,,pause
1470172,223,2,,,resume
1470187,235,2,,,pause
1470220,237,2,,,pause
1470244,212,2,,,resume
1470267,222,2,,,pause
1470302,219,2,,,pause
1470357,217,2,,,pause
1470357,217,2,,,resume
1470385,219,2,,,resume
1470385,219,2,,,pause
1470432,134,2,,,pause
1470436,235,2,,,resume
1470468,219,2,,,resume
1470469,237,2,,,resume
1470490,133,2,,,pause
1470516,222,2,,,resume
1470552,237,2,,,pause
1470598,134,2,,,resume
1470617,232,2,,,pause
1470621,221,2,,,pause
1470621,221,2,,,resume
1470630,239,2,,,pause
1470656,133,2,,,resume
1470660,212,2,,,pause
1470700,232,2,,,resume
1470713,239,2,,,resume
1470743,212,2,,,resume
1470796,239,2,,,pause
1470801,237,2,,,resume
1470826,212,2,,,pause
1470868,232,2,,,pause
1470868,232,2,,,resume
1470880,239,2,,,resume
1470884,237,2,,,pause
1470906,93,2,,,pause
1470909,212,2,,,resume
1470940,217,2,,,pause
1470967,153,2,,,pause
1470989,93,2,,,resume
1471013,134,2,,,pause
1471023,217,2,,,resume
1471050,153,2,,,resume
1471238,133,2,,,pause
1471238,133,2,,,resume
1471264,134,2,,,resume
1471272,217,2,,,pause
1471298,219,2,,,pause
1471299,237,2,,,resume
1471299,237,2,,,pause
1471322,133,2,,,pause
1471322,133,2,,,resume
1471324,234,2,,,pause
1471368,221,2,,,pause
1471407,234,2,,,resume
1471407,234,2,,,pause
1471438,217,2,,,resume
1471438,217,2,,,pause
1471451,221,2,,,resume
1471464,219,2,,,resume
1471490,234,2,,,resume
1471526,218,2,,,pause
1471526,218,2,,,resume
1471596,222,2,,,pause
1471609,218,2,,,pause
1471609,218,2,,,resume
1471632,237,2,,,resume
1471632,237,2,,,pause
1471640,238,2,,,pause
1471640,238,2,,,resume
1471679,222,2,,,resume
1471679,222,2,,,pause
1471687,217,2,,,resume
1471716,237,2,,,resume
1471739,133,2,,,pause
1471762,222,2,,,resume
1471792,134,2,,,pause
1471820,135,2,,,pause
1471820,135,2,,,resume
1471875,134,2,,,resume
1471903,135,2,,,pause
1471903,135,2,,,resume
1471905,133,2,,,resume
1471936,217,2,,,pause
1472019,217,2,,,resume
1472019,217,2,,,pause
1472019,217,2,,,resume
1472047,153,2,,,pause
1472130,153,2,,,resume
1472290,134,2,,,pause
1472334,135,2,,,pause
1472334,135,2,,,resume
1472373,134,2,,,resume
1472710,219,2,,,pause
1472793,219,2,,,resume
1472984,135,2,,,pause
1472984,135,2,,,resume
1473096,235,2,,,pause
1473179,235,2,,,resume
1473202,135,2,,,pause
1473374,219,2,,,pause
1473375,239,2,,,pause
1473401,135,2,,,resume
1473401,135,2,,,pause
1473457,219,2,,,resume
1473457,219,2,,,pause
1473458,239,2,,,resume
1473484,135,2,,,resume
1473484,135,2,,,pause
1473540,219,2,,,resume
1473540,219,2,,,pause
1473623,219,2,,,resume
1473632,215,2,,,pause
1473650,135,2,,,resume
1473650,135,2,,,pause
1473715,215,2,,,resume
1473789,219,2,,,pause
1473790,239,2,,,pause
1473872,219,2,,,resume
1473872,219,2,,,pause
1473873,239,2,,,resume
1473935,218,2,,,pause
1473955,219,2,,,resume
1473955,219,2,,,pause
1473956,239,2,,,pause
1474003,222,2,,,pause
1474018,218,2,,,resume
1474039,239,2,,,resume
1474074,223,2,,,pause
1474086,222,2,,,resume
1474123,239,2,,,pause
1474148,135,2,,,resume
1474148,135,2,,,pause
1474169,222,2,,,pause
1474204,219,2,,,resume
1474206,239,2,,,resume
1474206,239,2,,,pause
1474213,215,2,,,pause
1474231,135,2,,,resume
1474231,135,2,,,pause
1474252,222,2,,,resume
1474268,218,2,,,pause
1474289,239,2,,,resume
1474296,215,2,,,resume
1474296,215,2,,,pause
1474314,135,2,,,resume
1474314,135,2,,,pause
1474323,223,2,,,resume
1474372,239,2,,,pause
1474379,215,2,,,resume
1474434,218,2,,,resume
1474455,239,2,,,resume
1474455,239,2,,,pause
1474463,238,2,,,pause
1474491,134,2,,,pause
1474491,134,2,,,resume
1474546,238,2,,,resume
1474546,238,2,,,pause
1474546,238,2,,,resume
1474563,135,2,,,resume
1474621,239,2,,,resume
1474683,218,2,,,pause
1474705,219,2,,,pause
1474734,234,2,,,pause
1474750,222,2,,,pause
1474771,218,2,,,resume
1474787,239,2,,,pause
1474788,219,2,,,resume
1474788,219,2,,,pause
1474871,219,2,,,resume
1474900,234,2,,,resume
1474905,223,2,,,pause
1474925,235,2,,,pause
1474953,239,2,,,resume
1474990,134,2,,,pause
1475000,222,2,,,resume
1475036,239,2,,,pause
1475064,133,2,,,pause
1475073,223,2,,,resume
1475073,223,2,,,pause
1475073,223,2,,,resume
1475091,235,2,,,resume
1475119,220,2,,,pause
1475119,239,2,,,resume
1475119,220,2,,,resume
1475147,133,2,,,resume
1475156,134,2,,,resume
1475174,235,2,,,pause
1475186,218,2,,,pause
1475203,220,2,,,pause
1475203,220,2,,,resume
1475225,216,2,,,pause
1475225,216,2,,,resume
1475230,133,2,,,pause
1475239,134,2,,,pause
1475239,134,2,,,resume
1475257,235,2,,,resume
1475286,220,2,,,pause
1475286,220,2,,,resume
1475313,133,2,,,resume
1475368,239,2,,,pause
1475451,239,2,,,resume
1475474,216,2,,,pause
1475518,218,2,,,resume
1475525,210,2,,,pause
1475536,220,2,,,pause
1475544,238,2,,,pause
1475609,210,2,,,resume
1475619,220,2,,,resume
1475619,220,2,,,pause
1475619,220,2,,,resume
1475640,216,2,,,resume
1475710,238,2,,,resume
1475793,238,2,,,pause
1475834,233,2,,,pause
1475834,233,2,,,resume
1475876,238,2,,,resume
1475932,232,2,,,pause
1475973,216,2,,,pause
1475988,134,2,,,pause
1475988,134,2,,,resume
1476016,232,2,,,resume
1476056,216,2,,,resume
1476201,220,2,,,pause
1476201,220,2,,,resume
1476229,212,2,,,pause
1476229,212,2,,,resume
1476305,216,2,,,pause
1476305,216,2,,,resume
1476563,212,2,,,pause
1476563,212,2,,,resume
1476616,219,2,,,pause
1476617,220,2,,,pause
1476617,220,2,,,resume
1476699,219,2,,,resume
1476810,234,2,,,pause
1476867,220,2,,,pause
1476867,220,2,,,resume
1476893,234,2,,,resume
1477112,89,2,,,pause
1477112,89,2,,,resume
1477640,234,2,,,pause
1477807,234,2,,,resume
1478557,212,2,,,pause
1478557,212,2,,,resume
1478701,238,2,,,pause
1478701,238,2,,,resume
1478784,238,2,,,pause
1478867,238,2,,,resume
1478867,238,2,,,pause
1478867,238,2,,,resume
1478889,212,2,,,pause
1478889,212,2,,,resume
1478941,219,2,,,pause
1478941,219,2,,,resume
1478972,212,2,,,pause
1478972,212,2,,,resume
1479054,234,2,,,pause
1479190,219,2,,,pause
1479191,239,2,,,pause
1479222,234,2,,,resume
1479257,218,2,,,pause
1479273,219,2,,,resume
1479273,219,2,,,pause
1479274,239,2,,,resume
1479274,239,2,,,pause
1479274,239,2,,,resume
1479356,219,2,,,resume
1479356,219,2,,,pause
1479357,219,2,,,resume
1479366,238,2,,,pause
1479366,238,2,,,resume
1479387,212,2,,,pause
1479387,212,2,,,resume
1479412,235,2,,,pause
1479424,218,2,,,resume
1479444,220,2,,,pause
1479449,238,2,,,pause
1479495,235,2,,,resume
1479523,219,2,,,pause
1479523,219,2,,,resume
1479527,220,2,,,resume
1479532,238,2,,,resume
1479553,212,2,,,pause
1479553,212,2,,,resume
1479606,219,2,,,pause
1479625,208,2,,,pause
1479625,208,2,,,resume
1479637,133,2,,,pause
1479669,232,2,,,pause
1479689,219,2,,,resume
1479689,219,2,,,pause
1479752,232,2,,,resume
1479759,132,2,,,pause
1479759,132,2,,,resume
1479772,239,2,,,pause
1479772,219,2,,,resume
1479797,216,2,,,pause
1479802,212,2,,,pause
1479803,133,2,,,resume
1479835,232,2,,,pause
1479846,221,2,,,pause
1479855,239,2,,,resume
1479855,239,2,,,pause
1479855,239,2,,,resume
1479864,238,2,,,pause
1479879,214,2,,,pause
1479879,214,2,,,resume
1479880,216,2,,,resume
1479880,216,2,,,pause
1479885,212,2,,,resume
1479885,212,2,,,pause
1479910,235,2,,,pause
1479910,235,2,,,resume
1479929,221,2,,,resume
1479947,236,2,,,pause
1479947,238,2,,,resume
1479947,236,2,,,resume
1479963,216,2,,,resume
1479968,212,2,,,resume
1480030,236,2,,,pause
1480104,219,2,,,pause
1480113,236,2,,,resume
1480113,236,2,,,pause
1480146,93,2,,,pause
1480167,232,2,,,resume
1480167,232,2,,,pause
1480196,238,2,,,pause
1480196,236,2,,,resume
1480229,93,2,,,resume
1480300,212,2,,,pause
1480333,232,2,,,resume
1480365,238,2,,,resume
1480365,238,2,,,pause
1480365,238,2,,,resume
1480385,212,2,,,resume
1480385,212,2,,,pause
1480436,219,2,,,resume
1480443,215,2,,,pause
1480446,236,2,,,pause
1480469,133,2,,,pause
1480469,212,2,,,resume
1480469,133,2,,,resume
1480478,93,2,,,pause
1480529,236,2,,,resume
1480529,236,2,,,pause
1480531,238,2,,,pause
1480531,238,2,,,resume
1480545,216,2,,,pause
1480552,212,2,,,pause
1480552,133,2,,,pause
1480561,93,2,,,resume
1480584,232,2,,,pause
1480608,220,2,,,pause
1480609,215,2,,,resume
1480612,236,2,,,resume
1480614,238,2,,,pause
1480635,133,2,,,resume
1480635,133,2,,,pause
1480667,232,2,,,resume
1480692,215,2,,,pause
1480711,216,2,,,resume
1480718,212,2,,,resume
1480718,133,2,,,resume
1480718,133,2,,,pause
1480727,93,2,,,pause
1480727,93,2,,,resume
1480770,239,2,,,pause
1480776,215,2,,,resume
1480778,236,2,,,pause
1480780,238,2,,,resume
1480795,216,2,,,pause
1480801,133,2,,,resume
1480809,223,2,,,pause
1480809,223,2,,,resume
1480833,232,2,,,pause
1480843,210,2,,,pause
1480853,239,2,,,resume
1480858,220,2,,,resume
1480879,216,2,,,resume
1480926,210,2,,,resume
1480946,236,2,,,resume
1480967,212,2,,,pause
1480999,232,2,,,resume
1481025,215,2,,,pause
1481025,215,2,,,resume
1481050,212,2,,,resume
1481051,133,2,,,pause
1481082,232,2,,,pause
1481108,215,2,,,pause
1481142,93,2,,,pause
1481166,232,2,,,resume
1481191,215,2,,,resume
1481206,237,2,,,pause
1481206,237,2,,,resume
1481217,133,2,,,resume
1481225,93,2,,,resume
1481391,93,2,,,pause
1481391,93,2,,,resume
1481593,221,2,,,pause
1481639,223,2,,,pause
1481673,210,2,,,pause
1481673,210,2,,,resume
1481676,221,2,,,resume
1481723,93,2,,,pause
1481806,93,2,,,resume
1482137,223,2,,,resume
1482175,221,2,,,pause
1482258,221,2,,,resume
1482267,89,2,,,pause
1482267,89,2,,,resume
1482410,134,2,,,pause
1482410,134,2,,,resume
1482714,234,2,,,pause
1482765,89,2,,,pause
1482835,210,2,,,pause
1482848,89,2,,,resume
1482848,89,2,,,pause
1482848,89,2,,,resume
1482918,210,2,,,resume
1482963,234,2,,,resume
1483152,222,2,,,pause
1483319,222,2,,,resume
1483483,235,2,,,pause
1483506,214,2,,,pause
1483506,214,2,,,resume
1483566,235,2,,,resume
1483584,210,2,,,pause
1483589,214,2,,,pause
1483589,214,2,,,resume
1483667,210,2,,,resume
1483672,214,2,,,pause
1483741,134,2,,,pause
1483755,214,2,,,resume
1483793,212,2,,,pause
1483793,212,2,,,resume
1483824,134,2,,,resume
1483833,210,2,,,pause
1483916,210,2,,,resume
1483935,238,2,,,pause
1484019,238,2,,,resume
1484043,234,2,,,pause
1484126,234,2,,,resume
1484165,134,2,,,pause
1484165,210,2,,,pause
1484248,134,2,,,resume
1484248,210,2,,,resume
1484253,214,2,,,pause
1484315,222,2,,,pause
1484419,214,2,,,resume
1484562,235,2,,,pause
1484565,222,2,,,resume
1484565,222,2,,,pause
1484648,222,2,,,resume
1484674,132,2,,,pause
1484733,215,2,,,pause
1484733,215,2,,,resume
1484759,132,2,,,resume
1484813,235,2,,,resume
1484842,132,2,,,pause
1484842,132,2,,,resume
1485008,132,2,,,pause
1485008,132,2,,,resume
1485010,239,2,,,pause
1485093,239,2,,,resume
1485099,238,2,,,pause
1485099,238,2,,,resume
1485146,222,2,,,pause
1485165,210,2,,,pause
1485165,210,2,,,resume
1485245,134,2,,,pause
1485313,222,2,,,resume
1485395,235,2,,,pause
1485414,236,2,,,pause
1485478,235,2,,,resume
1485494,134,2,,,resume
1485497,236,2,,,resume
1485644,235,2,,,pause
1485718,223,2,,,pause
1485727,235,2,,,resume
1485746,236,2,,,pause
1485792,133,2,,,pause
1485810,235,2,,,pause
1485829,236,2,,,resume
1485865,216,2,,,pause
1485875,133,2,,,resume
1485884,223,2,,,resume
1485893,235,2,,,resume
1485923,239,2,,,pause
1485948,216,2,,,resume
1485948,216,2,,,pause
1486004,132,2,,,pause
1486004,132,2,,,resume
1486076,134,2,,,pause
1486115,216,2,,,resume
1486160,134,2,,,resume
1486173,239,2,,,resume
1486173,239,2,,,pause
1486256,239,2,,,resume
1486256,239,2,,,pause
1486339,239,2,,,resume
1486339,239,2,,,pause
1486339,239,2,,,resume
1486584,219,2,,,pause
1486625,133,2,,,pause
1486668,219,2,,,resume
1486708,133,2,,,resume
1486708,133,2,,,pause
1486791,133,2,,,resume
1486791,133,2,,,pause
1486791,133,2,,,resume
1486957,133,2,,,pause
1486966,223,2,,,pause
1487040,133,2,,,resume
1487040,133,2,,,pause
1487087,132,2,,,pause
1487123,133,2,,,resume
1487132,223,2,,,resume
1487336,132,2,,,resume
1487419,132,2,,,pause
1487502,132,2,,,resume
1487502,132,2,,,pause
1487502,132,2,,,resume
1487738,135,2,,,pause
1487738,135,2,,,resume
1488955,134,2,,,pause
1488955,134,2,,,resume
1489150,210,2,,,pause
1489233,210,2,,,resume
1489233,210,2,,,pause
1489233,210,2,,,resume
1489244,219,2,,,pause
1489327,219,2,,,resume
1489327,219,2,,,pause
1489337,238,2,,,pause
1489411,219,2,,,resume
1489420,238,2,,,resume
1489494,219,2,,,pause
1489498,239,2,,,pause
1489498,239,2,,,resume
1489744,222,2,,,pause
1489745,219,2,,,resume
1489745,219,2,,,pause
1489827,222,2,,,resume
1489829,219,2,,,resume
1489996,239,2,,,pause
1490080,239,2,,,resume
1490080,239,2,,,pause
1490085,238,2,,,pause
1490161,219,2,,,pause
1490163,239,2,,,resume
1490168,238,2,,,resume
1490244,219,2,,,resume
1490244,219,2,,,pause
1490296,235,2,,,pause
1490327,219,2,,,resume
1490493,222,2,,,pause
1490493,222,2,,,resume
1490495,239,2,,,pause
1490578,239,2,,,resume
1490578,239,2,,,pause
1490631,235,2,,,resume
1490663,218,2,,,pause
1490663,218,2,,,resume
1490744,239,2,,,resume
1490746,135,2,,,pause
1490746,135,2,,,resume
1490797,235,2,,,pause
1490829,218,2,,,pause
1490845,187,1,,,pause
1490880,235,2,,,resume
1490880,235,2,,,pause
1490928,187,1,,,resume
1490993,239,2,,,pause
1490995,218,2,,,resume
1491076,239,2,,,resume
1491076,239,2,,,pause
1491129,235,2,,,resume
1491409,239,2,,,resume
1491409,239,2,,,pause
1491459,93,2,,,pause
1491492,239,2,,,resume
1491496,153,2,,,pause
1491496,153,2,,,resume
1491544,93,2,,,resume
1491748,238,2,,,pause
1491833,238,2,,,resume
1491914,89,2,,,pause
1491914,89,2,,,resume
1491942,237,2,,,pause
1491942,237,2,,,resume
1492242,135,2,,,pause
1492242,135,2,,,resume
1492366,133,2,,,pause
1492414,238,2,,,pause
1492497,238,2,,,resume
1492532,133,2,,,resume
1492532,133,2,,,pause
1492532,133,2,,,resume
1492580,238,2,,,pause
1492651,221,2,,,pause
1492651,221,2,,,resume
1492663,238,2,,,resume
1492698,133,2,,,pause
1492781,133,2,,,resume
1493244,89,2,,,pause
1493244,89,2,,,resume
1493320,218,2,,,pause
1493403,218,2,,,resume
1493403,218,2,,,pause
1493569,218,2,,,resume
1493569,218,2,,,pause
1493652,218,2,,,resume
1493652,218,2,,,pause
1493659,238,2,,,pause
1493735,218,2,,,resume
1493742,238,2,,,resume
1493742,238,2,,,pause
1493742,238,2,,,resume
1493810,217,2,,,pause
1493818,218,2,,,pause
1493818,218,2,,,resume
1493825,135,2,,,pause
1493861,135,2,,,resume
1493893,217,2,,,resume
1493968,135,2,,,pause
1493968,135,2,,,resume
1494051,135,2,,,pause
1494134,135,2,,,resume
1494217,135,2,,,pause
1494217,135,2,,,resume
1494383,135,2,,,pause
1494383,135,2,,,resume
1494482,218,2,,,pause
1494565,218,2,,,resume
1494646,219,2,,,pause
1494687,234,2,,,pause
1494731,218,2,,,pause
1494770,234,2,,,resume
1494814,218,2,,,resume
1494862,214,2,,,pause
1494862,214,2,,,resume
1494881,135,2,,,pause
1494881,135,2,,,resume
1494895,219,2,,,resume
1494964,135,2,,,pause
1494964,135,2,,,resume
1494978,222,2,,,pause
1495044,133,2,,,pause
1495061,219,2,,,pause
1495061,222,2,,,resume
1495144,219,2,,,resume
1495144,219,2,,,pause
1495211,133,2,,,resume
1495211,133,2,,,pause
1495227,219,2,,,resume
1495294,133,2,,,resume
1495296,135,2,,,pause
1495296,135,2,,,resume
1495560,219,2,,,pause
1495809,219,2,,,resume
1495809,219,2,,,pause
1495892,219,2,,,resume
1496030,235,2,,,pause
1496150,238,2,,,pause
1496162,187,1,,,pause
1496190,223,2,,,pause
1496190,223,2,,,resume
1496196,235,2,,,resume
1496233,238,2,,,resume
1496245,187,1,,,resume
1496456,133,2,,,pause
1496622,133,2,,,resume
1496648,238,2,,,pause
1496814,238,2,,,resume
1497068,89,2,,,pause
1497068,89,2,,,resume
1497123,135,2,,,pause
1497123,135,2,,,resume
1497285,191,1,,,pause
1497285,191,1,,,resume
1497315,238,2,,,pause
1497398,238,2,,,resume
1497398,238,2,,,pause
1497471,222,2,,,pause
1497481,238,2,,,resume
1497539,135,2,,,pause
1497554,222,2,,,resume
1497567,89,2,,,pause
1497567,89,2,,,resume
1497623,135,2,,,resume
1497869,133,2,,,pause
1497886,217,2,,,pause
1497951,215,2,,,pause
1497951,215,2,,,resume
1497953,133,2,,,resume
1497955,135,2,,,pause
1497969,217,2,,,resume
1497969,217,2,,,pause
1497969,217,2,,,resume
1498038,135,2,,,resume
1498927,134,2,,,pause
1498927,134,2,,,resume
1499059,132,2,,,pause
1499142,132,2,,,resume
1499266,214,2,,,pause
1499266,214,2,,,resume
1499598,223,2,,,pause
1499930,214,2,,,pause
1499930,223,2,,,resume
1499962,222,2,,,pause
1500013,214,2,,,resume
1500013,214,2,,,pause
1500013,214,2,,,resume
1500045,222,2,,,resume
1500045,222,2,,,pause
1500211,222,2,,,resume
1500211,222,2,,,pause
1500262,223,2,,,pause
1500262,223,2,,,resume
1500294,222,2,,,resume
1500388,236,2,,,pause
1500388,238,2,,,pause
1500388,236,2,,,resume
1500463,217,2,,,pause
1500471,238,2,,,resume
1500471,238,2,,,pause
1500546,217,2,,,resume
1500554,238,2,,,resume
1500615,133,2,,,pause
1500615,133,2,,,resume
1501097,215,2,,,pause
1501097,215,2,,,resume
1501280,133,2,,,pause
1501302,132,2,,,pause
1501363,133,2,,,resume
1501363,133,2,,,pause
1501385,132,2,,,resume
1501386,238,2,,,pause
1501386,238,2,,,resume
1501433,233,2,,,pause
1501516,233,2,,,resume
1501524,191,1,,,pause
1501524,191,1,,,resume
1501529,133,2,,,resume
1501542,222,2,,,pause
1501548,239,2,,,pause
1501557,89,2,,,pause
1501557,89,2,,,resume
1501625,222,2,,,resume
1501714,239,2,,,resume
1502221,89,2,,,pause
1502221,89,2,,,resume
1502461,221,2,,,pause
1502461,221,2,,,resume
1502631,153,2,,,pause
1502692,133,2,,,pause
1502715,153,2,,,resume
1502715,153,2,,,pause
1502715,153,2,,,resume
1502719,89,2,,,pause
1502719,89,2,,,resume
1502858,133,2,,,resume
1502914,134,2,,,pause
1503047,132,2,,,pause
1503047,132,2,,,resume
1503164,134,2,,,resume
1503247,134,2,,,pause
1503247,134,2,,,resume
1503291,221,2,,,pause
1503291,221,2,,,resume
1503430,134,2,,,pause
1503554,89,2,,,pause
1503554,89,2,,,resume
1503578,134,2,,,resume
1503605,77,2,,,pause
1503605,77,2,,,resume
1503661,134,2,,,pause
1503744,134,2,,,resume
1503795,132,2,,,pause
1503878,132,2,,,resume
1503950,222,2,,,pause
1504033,222,2,,,resume
1504207,217,2,,,pause
1504207,217,2,,,resume
1504244,134,2,,,pause
1504244,134,2,,,resume
1505211,218,2,,,pause
1505295,218,2,,,resume
1505295,218,2,,,pause
1505440,133,2,,,pause
1505461,218,2,,,resume
1505540,153,2,,,pause
1505541,236,2,,,pause
1505541,236,2,,,resume
1505601,93,2,,,pause
1505608,133,2,,,resume
1505619,217,2,,,pause
1505624,153,2,,,resume
1505624,153,2,,,pause
1505624,153,2,,,resume
1505684,93,2,,,resume
1505702,217,2,,,resume
1506182,93,2,,,pause
1506204,239,2,,,pause
1506211,218,2,,,pause
1506266,93,2,,,resume
1506287,239,2,,,resume
1506294,218,2,,,resume
1506294,218,2,,,pause
1506361,222,2,,,pause
1506377,218,2,,,resume
1506429,216,1,,,pause
1506429,216,1,,,resume
1506444,222,2,,,resume
1506444,222,2,,,pause
1506512,216,1,,,pause
1506527,222,2,,,resume
1506527,222,2,,,pause
1506584,235,2,,,pause
1506584,235,2,,,resume
1506595,216,1,,,resume
1506610,222,2,,,resume
1506610,222,2,,,pause
1506610,222,2,,,resume
1506679,191,1,,,pause
1506679,191,1,,,resume
1506764,93,2,,,pause
1506786,238,2,,,pause
1506847,93,2,,,resume
1506853,133,2,,,pause
1506853,133,2,,,resume
1506869,238,2,,,resume
1507035,153,2,,,pause
1507035,153,2,,,resume
1507096,216,1,,,pause
1507096,216,1,,,resume
1507119,153,2,,,pause
1507202,153,2,,,resume
1507202,153,2,,,pause
1507202,153,2,,,resume
1507263,93,2,,,pause
1507346,93,2,,,resume
1507346,93,2,,,pause
1507358,219,2,,,pause
1507412,89,2,,,pause
1507412,89,2,,,resume
1507429,93,2,,,resume
1507429,93,2,,,pause
1507512,93,2,,,resume
1507595,216,1,,,pause
1507595,216,1,,,resume
1507608,219,2,,,resume
1507616,221,2,,,pause
1507616,221,2,,,resume
1507701,153,2,,,pause
1507782,221,2,,,pause
1507785,153,2,,,resume
1507865,221,2,,,resume
1507868,153,2,,,pause
1507910,89,2,,,pause
1507910,89,2,,,resume
1507927,216,1,,,pause
1507927,216,1,,,resume
1507951,153,2,,,resume
1507951,153,2,,,pause
1508010,216,1,,,pause
1508010,216,1,,,resume
1508034,153,2,,,resume
1508117,153,2,,,pause
1508200,153,2,,,resume
1508492,89,2,,,pause
1508492,89,2,,,resume
1508741,89,2,,,pause
1508741,89,2,,,resume
1508758,77,2,,,pause
1508758,77,2,,,resume
1509200,218,2,,,pause
1509283,218,2,,,resume
1510114,218,2,,,pause
1510115,132,2,,,pause
1510197,218,2,,,resume
1510198,132,2,,,resume
1510692,238,2,,,pause
1510696,236,2,,,pause
1510696,236,2,,,resume
1510775,238,2,,,resume
1510775,238,2,,,pause
1510858,238,2,,,resume
1510989,234,2,,,pause
1511072,234,2,,,resume
1511097,222,2,,,pause
1511097,222,2,,,resume
1511101,219,2,,,pause
1511267,219,2,,,resume
1511318,223,1,,,pause
1511318,223,1,,,resume
1511834,191,1,,,pause
1511834,191,1,,,resume
1511857,238,2,,,pause
1511938,239,2,,,pause
1511940,238,2,,,resume
1511940,238,2,,,pause
1511940,238,2,,,resume
1512021,239,2,,,resume
1512104,239,2,,,pause
1512188,239,2,,,resume
1512397,223,2,,,pause
1512480,223,2,,,resume
1512508,133,2,,,pause
1512591,133,2,,,resume
1512832,191,1,,,pause
1512832,191,1,,,resume
1513006,133,2,,,pause
1513089,133,2,,,resume
1513354,153,2,,,pause
1513521,153,2,,,resume
1513521,153,2,,,pause
1513521,153,2,,,resume
1513688,132,2,,,pause
1513771,132,2,,,resume
1513771,132,2,,,pause
1513771,132,2,,,resume
1514936,218,2,,,pause
1515019,218,2,,,resume
1515019,218,2,,,pause
1515057,223,2,,,pause
1515103,218,2,,,resume
1515103,218,2,,,pause
1515140,223,2,,,resume
1515186,218,2,,,resume
1515435,218,2,,,pause
1515518,218,2,,,resume
1515602,218,2,,,pause
1515685,218,2,,,resume
1515930,220,1,,,pause
1515930,220,1,,,resume
1516105,218,2,,,pause
1516414,134,2,,,pause
1516414,134,2,,,resume
1516471,223,1,,,pause
1516471,223,1,,,resume
1516520,218,2,,,resume
1516678,220,1,,,pause
1516678,220,1,,,resume
1516738,216,1,,,pause
1516904,216,1,,,resume
1516988,191,1,,,pause
1516997,133,2,,,pause
1517073,191,1,,,resume
1517080,133,2,,,resume
1517080,133,2,,,pause
1517090,238,2,,,pause
1517163,133,2,,,resume
1517256,238,2,,,resume
1517256,238,2,,,pause
1517339,238,2,,,resume
1517339,238,2,,,pause
1517339,238,2,,,resume
1517404,216,1,,,pause
1517404,216,1,,,resume
1517412,133,2,,,pause
1517441,187,1,,,pause
1517495,133,2,,,resume
1517524,187,1,,,resume
1517524,187,1,,,pause
1517578,133,2,,,pause
1517578,133,2,,,resume
1517607,187,1,,,resume
1517633,223,2,,,pause
1517716,223,2,,,resume
1517744,133,2,,,pause
1517758,220,1,,,pause
1517758,220,1,,,resume
1517827,133,2,,,resume
1517827,133,2,,,pause
1517857,187,1,,,pause
1517904,216,1,,,pause
1517910,133,2,,,resume
1517910,133,2,,,pause
1517940,187,1,,,resume
1517940,187,1,,,pause
1517987,216,1,,,resume
1517987,216,1,,,pause
1517990,134,2,,,pause
1517990,134,2,,,resume
1517993,133,2,,,resume
1517993,133,2,,,pause
1517993,133,2,,,resume
1518023,187,1,,,resume
1518070,216,1,,,resume
1518219,89,2,,,pause
1518219,89,2,,,resume
1518718,89,2,,,pause
1518718,89,2,,,resume
1518759,132,2,,,pause
1518801,89,2,,,pause
1518801,89,2,,,resume
1518843,132,2,,,resume
1519342,132,2,,,pause
1519425,132,2,,,resume
1520127,223,2,,,pause
1520376,223,2,,,resume
1520913,238,2,,,pause
1520996,238,2,,,resume
1521217,159,1,,,pause
1521300,159,1,,,resume
1521376,235,2,,,pause
1521414,239,2,,,pause
1521444,222,2,,,pause
1521444,222,2,,,resume
1521459,235,2,,,resume
1521477,191,1,,,pause
1521497,239,2,,,resume
1521561,191,1,,,resume
1521625,235,2,,,pause
1521626,223,1,,,pause
1521626,223,1,,,resume
1521708,235,2,,,resume
1521780,156,1,,,pause
1521828,238,2,,,pause
1521831,220,1,,,pause
1521863,156,1,,,resume
1521880,89,2,,,pause
1521880,89,2,,,resume
1521911,238,2,,,resume
1521997,220,1,,,resume
1522046,89,2,,,pause
1522046,89,2,,,resume
1522060,191,1,,,pause
1522153,133,2,,,pause
1522153,133,2,,,resume
1522227,191,1,,,resume
1522678,187,1,,,pause
1522761,187,1,,,resume
1522819,133,2,,,pause
1522819,133,2,,,resume
1523200,223,2,,,pause
1523200,223,2,,,resume
1523208,89,2,,,pause
1523208,89,2,,,resume
1523291,89,2,,,pause
1523291,89,2,,,resume
1523317,133,2,,,pause
1523400,133,2,,,resume
1523400,133,2,,,pause
1523400,133,2,,,resume
1523873,89,2,,,pause
1523873,89,2,,,resume
1523906,135,2,,,pause
1523906,135,2,,,resume
1524292,77,2,,,pause
1524292,77,2,,,resume
1524320,134,2,,,pause
1524320,134,2,,,resume
1524984,134,2,,,pause
1525067,134,2,,,resume
1525233,134,2,,,pause
1525316,134,2,,,resume
1525399,134,2,,,pause
1525399,134,2,,,resume
1525778,223,2,,,pause
1525861,223,2,,,resume
1525896,133,2,,,pause
1525979,133,2,,,resume
1526230,93,2,,,pause
1526313,93,2,,,resume
1526313,93,2,,,pause
1526313,93,2,,,resume
1526371,159,1,,,pause
1526397,134,2,,,pause
1526454,159,1,,,resume
1526480,134,2,,,resume
1526515,222,2,,,pause
1526538,89,2,,,pause
1526567,239,2,,,pause
1526598,222,2,,,resume
1526622,89,2,,,resume
1526650,239,2,,,resume
1526722,219,2,,,pause
1526729,93,2,,,pause
1526805,219,2,,,resume
1526812,93,2,,,resume
1526812,93,2,,,pause
1526812,93,2,,,resume
1526900,239,2,,,pause
1526956,89,2,,,pause
1526983,239,2,,,resume
1526983,239,2,,,pause
1527040,89,2,,,resume
1527047,191,1,,,pause
1527062,238,2,,,pause
1527066,239,2,,,resume
1527066,239,2,,,pause
1527123,89,2,,,pause
1527130,191,1,,,resume
1527145,238,2,,,resume
1527145,238,2,,,pause
1527149,239,2,,,resume
1527180,222,2,,,pause
1527180,222,2,,,resume
1527206,89,2,,,resume
1527228,238,2,,,resume
1527228,238,2,,,pause
1527228,238,2,,,resume
1527232,239,2,,,pause
1527315,239,2,,,resume
1527396,93,2,,,pause
1527469,219,2,,,pause
1527480,93,2,,,resume
1527480,93,2,,,pause
1527480,93,2,,,resume
1527552,219,2,,,resume
1527552,219,2,,,pause
1527552,219,2,,,resume
1527644,133,2,,,pause
1527810,133,2,,,resume
1527810,133,2,,,pause
1527810,133,2,,,resume
1527893,133,2,,,pause
1527896,93,2,,,pause
1527977,133,2,,,resume
1527979,93,2,,,resume
1527979,93,2,,,pause
1528063,93,2,,,resume
1528063,93,2,,,pause
1528146,93,2,,,resume
1528309,133,2,,,pause
1528392,133,2,,,resume
1528474,238,2,,,pause
1528474,238,2,,,resume
1529058,133,2,,,pause
1529141,133,2,,,resume
1529433,77,2,,,pause
1529433,77,2,,,resume
1529809,134,2,,,pause
1529809,134,2,,,resume
1530971,133,2,,,pause
1531054,133,2,,,resume
1531054,133,2,,,pause
1531137,133,2,,,resume
1531149,132,2,,,pause
1531232,132,2,,,resume
1531232,132,2,,,pause
1531315,132,2,,,resume
1531315,132,2,,,pause
1531398,132,2,,,resume
1531469,93,2,,,pause
1531553,93,2,,,resume
1531553,93,2,,,pause
1531553,93,2,,,resume
1531609,159,1,,,pause
1531692,159,1,,,resume
1531898,218,2,,,pause
1531907,187,1,,,pause
1531937,223,1,,,pause
1531937,223,1,,,resume
1531981,218,2,,,resume
1531981,218,2,,,pause
1531981,218,2,,,resume
1531990,187,1,,,resume
1532034,216,1,,,pause
1532034,216,1,,,resume
1532042,219,2,,,pause
1532052,93,2,,,pause
1532125,219,2,,,resume
1532135,93,2,,,resume
1532250,220,1,,,pause
1532333,220,1,,,resume
1532489,187,1,,,pause
1532534,216,1,,,pause
1532572,187,1,,,resume
1532617,216,1,,,resume
1533468,93,2,,,pause
1533468,93,2,,,resume
1533507,223,2,,,pause
1533590,223,2,,,resume
1535943,219,2,,,pause
1536026,219,2,,,resume
1536342,133,2,,,pause
1536342,133,2,,,resume
1536627,134,2,,,pause
1536710,134,2,,,resume
1536761,159,1,,,pause
1536761,159,1,,,resume
1536767,234,2,,,pause
1536777,219,2,,,pause
1536790,93,2,,,pause
1536850,234,2,,,resume
1536860,219,2,,,resume
1536873,93,2,,,resume
1537081,223,2,,,pause
1537081,223,2,,,resume
1537123,239,2,,,pause
1537132,218,2,,,pause
1537132,218,2,,,resume
1537172,133,2,,,pause
1537172,133,2,,,resume
1537205,93,2,,,pause
1537205,93,2,,,resume
1537206,239,2,,,resume
1537355,191,1,,,pause
1537401,220,1,,,pause
1537440,191,1,,,resume
1537484,220,1,,,resume
1537484,220,1,,,pause
1537523,191,1,,,pause
1537567,220,1,,,resume
1537606,191,1,,,resume
1537625,134,2,,,pause
1537625,134,2,,,resume
1537753,133,2,,,pause
1537788,93,2,,,pause
1537836,133,2,,,resume
1537836,133,2,,,pause
1537836,133,2,,,resume
1537871,93,2,,,resume
1537871,93,2,,,pause
1537871,93,2,,,resume
1537983,220,1,,,pause
1537983,220,1,,,resume
1538161,223,2,,,pause
1538161,223,2,,,resume
1538207,134,2,,,pause
1538244,223,2,,,pause
1538244,223,2,,,resume
1538290,134,2,,,resume
1538722,187,1,,,pause
1538805,187,1,,,resume
1538834,133,2,,,pause
1538834,133,2,,,resume
1539123,134,2,,,pause
1539284,239,2,,,pause
1539309,135,2,,,pause
1539309,135,2,,,resume
1539367,239,2,,,resume
1539372,134,2,,,resume
1539455,134,2,,,pause
1539539,134,2,,,resume
1539707,134,2,,,pause
1539867,93,2,,,pause
1539873,134,2,,,resume
1539873,134,2,,,pause
1539950,93,2,,,resume
1539957,134,2,,,resume
1540208,134,2,,,pause
1540208,134,2,,,resume
1540291,134,2,,,pause
1540374,134,2,,,resume
1540374,134,2,,,pause
1540457,134,2,,,resume
1540457,134,2,,,pause
1540543,132,2,,,pause
1540626,135,2,,,pause
1540626,132,2,,,resume
1540626,135,2,,,resume
1540706,134,2,,,resume
1540738,223,2,,,pause
1540738,223,2,,,resume
1540821,223,2,,,pause
1540821,223,2,,,resume
1540904,223,2,,,pause
1540987,223,2,,,resume
1541207,132,2,,,pause
1541290,132,2,,,resume
1541290,132,2,,,pause
1541373,132,2,,,resume
1541428,216,1,,,pause
1541511,216,1,,,resume
1541651,223,2,,,pause
1541651,223,2,,,resume
1541944,93,2,,,pause
1542027,93,2,,,resume
1542108,239,2,,,pause
1542152,235,2,,,pause
1542234,223,2,,,pause
1542234,223,2,,,resume
1542235,235,2,,,resume
1542258,216,1,,,pause
1542341,216,1,,,resume
1542359,93,2,,,pause
1542359,93,2,,,resume
1542401,235,2,,,pause
1542442,239,2,,,resume
1542484,235,2,,,resume
1542609,93,2,,,pause
1542609,93,2,,,resume
1542639,220,1,,,pause
1542722,220,1,,,resume
1542941,93,2,,,pause
1542981,223,2,,,pause
1543024,93,2,,,resume
1543024,93,2,,,pause
1543024,93,2,,,resume
1543064,223,2,,,resume
1543274,93,2,,,pause
1543274,93,2,,,resume
1543313,223,2,,,pause
1543313,223,2,,,resume
1543396,223,2,,,pause
1543479,223,2,,,resume
1543562,223,2,,,pause
1543645,223,2,,,resume
1543698,135,2,,,pause
1543698,135,2,,,resume
1545021,93,2,,,pause
1545104,93,2,,,resume
1545104,93,2,,,pause
1545104,93,2,,,resume
1545187,93,2,,,pause
1545187,93,2,,,resume
1545861,134,2,,,pause
1545944,134,2,,,resume
1546350,93,2,,,pause
1546433,93,2,,,resume
1546654,133,2,,,pause
1546737,133,2,,,resume
1546931,93,2,,,pause
1547014,93,2,,,resume
1547097,93,2,,,pause
1547180,93,2,,,resume
1547471,235,2,,,pause
1547512,93,2,,,pause
1547512,93,2,,,resume
1547626,156,1,,,pause
1547626,156,1,,,resume
1547638,235,2,,,resume
1547638,235,2,,,pause
1547678,93,2,,,pause
1547721,235,2,,,resume
1547721,235,2,,,pause
1547721,235,2,,,resume
1547749,191,1,,,pause
1547762,93,2,,,resume
1547762,93,2,,,pause
1547762,93,2,,,resume
1547792,220,1,,,pause
1547832,191,1,,,resume
1547875,220,1,,,resume
1547911,219,2,,,pause
1547911,219,2,,,resume
1548065,133,2,,,pause
1548148,133,2,,,resume
1548326,219,2,,,pause
1548492,219,2,,,resume
1548492,219,2,,,pause
1548492,219,2,,,resume
1548612,187,1,,,pause
1548695,187,1,,,resume
1548782,135,2,,,pause
1548798,223,2,,,pause
1548881,223,2,,,resume
1548881,223,2,,,pause
1548948,135,2,,,resume
1548964,223,2,,,resume
1549613,135,2,,,pause
1549613,135,2,,,resume
1550769,132,2,,,pause
1550935,132,2,,,resume
1551434,132,2,,,pause
1551517,132,2,,,resume
1551517,132,2,,,pause
1551600,132,2,,,resume
1551933,134,2,,,pause
1551999,239,2,,,pause
1551999,239,2,,,resume
1552016,134,2,,,resume
1552100,132,2,,,pause
1552108,135,2,,,pause
1552108,135,2,,,resume
1552236,234,2,,,pause
1552236,234,2,,,resume
1552266,134,2,,,pause
1552266,132,2,,,resume
1552266,134,2,,,resume
1552331,239,2,,,pause
1552331,239,2,,,resume
1552375,235,2,,,pause
1552458,235,2,,,resume
1552593,218,2,,,pause
1552676,218,2,,,resume
1552779,156,1,,,pause
1552779,156,1,,,resume
1552999,93,2,,,pause
1553082,93,2,,,resume
1553082,93,2,,,pause
1553165,93,2,,,resume
1553497,93,2,,,pause
1553580,93,2,,,resume
1553663,93,2,,,pause
1553663,93,2,,,resume
1554035,223,2,,,pause
1554063,216,1,,,pause
1554146,216,1,,,resume
1554201,223,2,,,resume
1554674,134,2,,,pause
1554758,134,2,,,resume
1555007,134,2,,,pause
1555090,134,2,,,resume
1555090,134,2,,,pause
1555173,134,2,,,resume
1557376,159,1,,,pause
1557542,159,1,,,resume
1557874,159,1,,,pause
1557874,159,1,,,resume
1557957,159,1,,,pause
1557957,159,1,,,resume
1558207,159,1,,,pause
1558207,159,1,,,resume
1560731,93,2,,,pause
1560731,93,2,,,resume
1561395,93,2,,,pause
1561395,93,2,,,resume
1561412,134,2,,,pause
1561495,134,2,,,resume
1561495,134,2,,,pause
1561578,134,2,,,resume
1561578,134,2,,,pause
1561578,134,2,,,resume
1562144,93,2,,,pause
1562144,93,2,,,resume
1562409,135,2,,,pause
1562409,134,2,,,pause
1562409,135,2,,,resume
1562409,134,2,,,resume
1562660,134,2,,,pause
1562679,235,2,,,pause
1562743,134,2,,,resume
1562845,235,2,,,resume
1562845,235,2,,,pause
1562901,218,2,,,pause
1562918,156,1,,,pause
1562918,156,1,,,resume
1562984,218,2,,,resume
1563011,235,2,,,resume
1563112,223,1,,,pause
1563173,220,1,,,pause
1563195,223,1,,,resume
1563212,191,1,,,pause
1563341,220,1,,,resume
1563341,220,1,,,pause
1563378,191,1,,,resume
1563408,134,2,,,pause
1563424,220,1,,,resume
1563424,220,1,,,pause
1563491,134,2,,,resume
1563507,220,1,,,resume
1563839,220,1,,,pause
1563922,220,1,,,resume
1563925,223,2,,,pause
1563925,223,2,,,resume
1564235,132,2,,,pause
1564401,132,2,,,resume
1564488,134,2,,,pause
1564571,134,2,,,resume
1565802,93,2,,,pause
1565886,93,2,,,resume
1566401,134,2,,,pause
1566503,223,2,,,pause
1566503,223,2,,,resume
1566597,77,2,,,pause
1566597,77,2,,,resume
1566733,134,2,,,resume
1567134,93,2,,,pause
1567165,222,2,,,pause
1567165,222,2,,,resume
1567192,133,2,,,pause
1567217,93,2,,,resume
1567358,133,2,,,resume
1567358,133,2,,,pause
1567358,133,2,,,resume
1567647,134,2,,,pause
1567730,134,2,,,resume
1567730,134,2,,,pause
1567748,222,2,,,pause
1567748,222,2,,,resume
1567813,134,2,,,resume
1567868,191,1,,,pause
1567898,187,1,,,pause
1567899,187,1,,,resume
1567941,133,2,,,pause
1567951,191,1,,,resume
1568024,133,2,,,resume
1568024,133,2,,,pause
1568024,133,2,,,resume
1568071,156,1,,,pause
1568071,156,1,,,resume
1568098,159,1,,,pause
1568108,133,2,,,pause
1568154,156,1,,,pause
1568154,156,1,,,resume
1568181,159,1,,,resume
1568191,133,2,,,resume
1568237,156,1,,,pause
1568237,156,1,,,resume
1568266,223,1,,,pause
1568266,223,1,,,resume
1568480,187,1,,,pause
1568496,222,2,,,pause
1568496,222,2,,,resume
1568563,187,1,,,resume
1568813,187,1,,,pause
1568813,187,1,,,resume
1569077,223,2,,,pause
1569160,223,2,,,resume
1569271,133,2,,,pause
1569354,133,2,,,resume
1569665,222,2,,,pause
1569665,222,2,,,resume
1570215,135,2,,,pause
1570299,135,2,,,resume
1571491,223,2,,,pause
1571491,223,2,,,resume
1572292,93,2,,,pause
1572323,222,2,,,pause
1572375,93,2,,,resume
1572407,222,2,,,resume
1572529,239,2,,,pause
1572589,159,1,,,pause
1572612,239,2,,,resume
1572672,159,1,,,resume
1572908,222,2,,,pause
1572908,222,2,,,resume
1572971,187,1,,,pause
1573054,187,1,,,resume
1573208,218,2,,,pause
1573224,156,1,,,pause
1573224,156,1,,,resume
1573273,191,1,,,pause
1573291,218,2,,,resume
1573390,156,1,,,pause
1573390,156,1,,,resume
1573409,220,1,,,pause
1573422,223,1,,,pause
1573506,223,1,,,resume
1573506,223,1,,,pause
1573506,223,1,,,resume
1573522,191,1,,,resume
1573576,220,1,,,resume
1573692,239,2,,,pause
1573710,216,1,,,pause
1573775,239,2,,,resume
1573793,216,1,,,resume
1573917,159,1,,,pause
1574000,159,1,,,resume
1574042,93,2,,,pause
1574125,93,2,,,resume
1574125,93,2,,,pause
1574125,93,2,,,resume
1574481,223,2,,,pause
1574564,223,2,,,resume
1574878,132,2,,,pause
1574962,132,2,,,resume
1575369,135,2,,,pause
1575452,135,2,,,resume
1576064,77,2,,,pause
1576064,77,2,,,resume
1576117,93,2,,,pause
1576117,93,2,,,resume
1576781,93,2,,,pause
1576864,93,2,,,resume
1576894,77,2,,,pause
1576894,77,2,,,resume
1577197,93,2,,,pause
1577280,93,2,,,resume
1577363,93,2,,,pause
1577529,93,2,,,resume
1577529,93,2,,,pause
1577612,93,2,,,resume
1577640,235,2,,,pause
1577640,235,2,,,resume
1577682,239,2,,,pause
1577765,239,2,,,resume
1577930,234,2,,,pause
1577930,234,2,,,resume
1578372,187,1,,,pause
1578372,187,1,,,resume
1578442,218,2,,,pause
1578525,218,2,,,resume
1578636,235,2,,,pause
1578636,223,2,,,pause
1578643,220,1,,,pause
1578719,235,2,,,resume
1578720,223,2,,,resume
1578726,220,1,,,resume
1578845,239,2,,,pause
1578915,134,2,,,pause
1578915,134,2,,,resume
1578928,239,2,,,resume
1579283,216,1,,,pause
1579449,216,1,,,resume
1579716,223,2,,,pause
1579864,216,1,,,pause
1579864,216,1,,,resume
1579882,223,2,,,resume
1579963,222,2,,,pause
1580046,222,2,,,resume
1580162,134,2,,,pause
1580162,134,2,,,resume
1580245,134,2,,,pause
1580328,134,2,,,resume
1580518,135,2,,,pause
1580528,132,2,,,pause
1580579,134,2,,,pause
1580579,134,2,,,resume
1580601,135,2,,,resume
1580611,132,2,,,resume
1580746,134,2,,,pause
1580746,134,2,,,resume
1580829,134,2,,,pause
1580829,134,2,,,resume
1580909,77,2,,,pause
1580992,77,2,,,resume
1581376,134,2,,,pause
1581460,134,2,,,resume
1581460,134,2,,,pause
1581544,134,2,,,resume
1582330,133,2,,,pause
1582413,133,2,,,resume
1582525,132,2,,,pause
1582525,132,2,,,resume
1582691,132,2,,,pause
1582766,93,2,,,pause
1582766,93,2,,,resume
1582775,132,2,,,resume
1582791,235,2,,,pause
1582791,235,2,,,resume
1582835,239,2,,,pause
1582918,239,2,,,resume
1582941,132,2,,,pause
1582941,132,2,,,resume
1583529,156,1,,,pause
1583529,156,1,,,resume
1583608,216,1,,,pause
1583608,216,1,,,resume
1583787,235,2,,,pause
1583861,156,1,,,pause
1583861,156,1,,,resume
1583870,235,2,,,resume
1583998,239,2,,,pause
1584081,239,2,,,resume
1584428,93,2,,,pause
1584511,93,2,,,resume
1584594,93,2,,,pause
1584594,93,2,,,resume
1584738,133,2,,,pause
1584821,133,2,,,resume
1585006,89,2,,,pause
1585006,89,2,,,resume
1585365,134,2,,,pause
1585448,134,2,,,resume
1585448,134,2,,,pause
1585531,134,2,,,resume
1585531,134,2,,,pause
1585531,134,2,,,resume
1585615,134,2,,,pause
1585698,134,2,,,resume
1585948,134,2,,,pause
1585948,134,2,,,resume
1586152,133,2,,,pause
1586152,133,2,,,resume
1587114,134,2,,,pause
1587114,134,2,,,resume
1587363,134,2,,,pause
1587446,134,2,,,resume
1587787,220,1,,,pause
1587870,220,1,,,resume
1588526,235,2,,,pause
1588609,235,2,,,resume
1588629,159,1,,,pause
1588679,216,1,,,pause
1588681,156,1,,,pause
1588681,156,1,,,resume
1588712,159,1,,,resume
1588762,216,1,,,resume
1588762,216,1,,,pause
1588762,216,1,,,resume
1588795,159,1,,,pause
1588878,159,1,,,resume
1588950,220,1,,,pause
1589013,156,1,,,pause
1589013,156,1,,,resume
1589033,220,1,,,resume
1589033,220,1,,,pause
1589177,216,1,,,pause
1589190,235,2,,,pause
1589191,134,2,,,pause
1589191,134,2,,,resume
1589199,220,1,,,resume
1589260,216,1,,,resume
1589273,235,2,,,resume
1589959,219,2,,,pause
1590042,219,2,,,resume
1590104,135,2,,,pause
1590104,135,2,,,resume
1590159,89,2,,,pause
1590159,89,2,,,resume
1590339,132,2,,,pause
1590347,222,2,,,pause
1590422,132,2,,,resume
1590430,222,2,,,resume
1591578,93,2,,,pause
1591578,93,2,,,resume
1592973,133,2,,,pause
1593056,133,2,,,resume
1593186,134,2,,,pause
1593269,134,2,,,resume
1593269,134,2,,,pause
1593305,133,2,,,pause
1593352,134,2,,,resume
1593352,134,2,,,pause
1593388,133,2,,,resume
1593388,133,2,,,pause
1593388,133,2,,,resume
1593435,134,2,,,resume
1593435,134,2,,,pause
1593435,134,2,,,resume
1593678,235,2,,,pause
1593720,133,2,,,pause
1593751,187,1,,,pause
1593803,133,2,,,resume
1593834,156,1,,,pause
1593834,187,1,,,resume
1593834,156,1,,,resume
1593844,235,2,,,resume
1593917,156,1,,,pause
1593917,156,1,,,resume
1593950,159,1,,,pause
1593950,159,1,,,resume
1594184,134,2,,,pause
1594184,134,2,,,resume
1594220,93,2,,,pause
1594220,93,2,,,resume
1594267,134,2,,,pause
1594433,134,2,,,resume
1594718,93,2,,,pause
1594801,93,2,,,resume
1594843,223,2,,,pause
1594884,93,2,,,pause
1594884,93,2,,,resume
1594926,223,2,,,resume
1595112,219,2,,,pause
1595195,219,2,,,resume
1595257,135,2,,,pause
1595257,135,2,,,resume
1595410,132,2,,,pause
1595493,132,2,,,resume
1595493,132,2,,,pause
1595493,132,2,,,resume
1595991,132,2,,,pause
1596074,132,2,,,resume
1597924,191,1,,,pause
1597924,191,1,,,resume
1598233,132,2,,,pause
1598277,238,2,,,pause
1598316,132,2,,,resume
1598360,238,2,,,resume
1598399,132,2,,,pause
1598482,132,2,,,resume
1598903,187,1,,,pause
1598904,156,1,,,pause
1598904,156,1,,,resume
1598986,187,1,,,resume
1598987,156,1,,,pause
1598987,156,1,,,resume
1599070,156,1,,,pause
1599070,156,1,,,resume
1599071,216,1,,,pause
1599080,235,2,,,pause
1599080,235,2,,,resume
1599103,159,1,,,pause
1599154,216,1,,,resume
1599154,216,1,,,pause
1599163,235,2,,,pause
1599186,159,1,,,resume
1599237,216,1,,,resume
1599237,216,1,,,pause
1599237,216,1,,,resume
1599246,235,2,,,resume
1599307,218,2,,,pause
1599349,219,2,,,pause
1599432,219,2,,,resume
1599473,218,2,,,resume
1599562,134,2,,,pause
1599562,134,2,,,resume
1599581,223,2,,,pause
1599581,223,2,,,resume
1599790,93,2,,,pause
1599956,93,2,,,resume
1600153,135,2,,,pause
1600153,135,2,,,resume
1600236,135,2,,,pause
1600264,219,2,,,pause
1600402,135,2,,,resume
1600554,218,2,,,pause
1600596,219,2,,,resume
1600596,219,2,,,pause
1600637,218,2,,,resume
1600679,219,2,,,resume
1601130,89,2,,,pause
1601130,89,2,,,resume
1601141,134,2,,,pause
1601141,134,2,,,resume
1601213,89,2,,,pause
1601213,89,2,,,resume
1603198,93,2,,,pause
1603281,93,2,,,resume
1603470,134,2,,,pause
1603553,134,2,,,resume
1603553,134,2,,,pause
1603636,134,2,,,resume
1603636,134,2,,,pause
1603699,133,2,,,pause
1603743,191,1,,,pause
1603782,133,2,,,resume
1603802,134,2,,,resume
1603826,191,1,,,resume
1604056,156,1,,,pause
1604057,187,1,,,pause
1604305,156,1,,,resume
1604306,187,1,,,resume
1604306,187,1,,,pause
1604388,156,1,,,pause
1604389,187,1,,,resume
1604469,134,2,,,pause
1604469,134,2,,,resume
1604472,156,1,,,resume
1604472,187,1,,,pause
1604552,134,2,,,pause
1604555,187,1,,,resume
1604635,134,2,,,resume
1604635,134,2,,,pause
1604638,187,1,,,pause
1604718,134,2,,,resume
1604721,187,1,,,resume
1605028,93,2,,,pause
1605028,93,2,,,resume
1605417,219,2,,,pause
1605454,89,2,,,pause
1605500,219,2,,,resume
1605621,89,2,,,resume
1605704,89,2,,,pause
1605704,89,2,,,resume
1609689,93,2,,,pause
1609689,93,2,,,resume
1609724,223,2,,,pause
1609807,223,2,,,resume
1609955,134,2,,,pause
1610038,134,2,,,resume
1610353,133,2,,,pause
1610436,133,2,,,resume
1610436,133,2,,,pause
1610519,133,2,,,resume
1610652,219,2,,,pause
1610683,153,2,,,pause
1610683,153,2,,,resume
1610818,219,2,,,resume
1610862,89,2,,,pause
1610862,89,2,,,resume
1610872,216,1,,,pause
1610872,216,1,,,resume
1613394,219,2,,,pause
1613478,219,2,,,resume
1613512,93,2,,,pause
1613512,93,2,,,resume
1613674,153,2,,,pause
1613674,153,2,,,resume
1613790,235,2,,,pause
1613873,235,2,,,resume
1614226,219,2,,,pause
1614309,219,2,,,resume
1614593,93,2,,,pause
1614760,93,2,,,resume
1614786,235,2,,,pause
1614952,235,2,,,resume
1615009,133,2,,,pause
1615092,133,2,,,resume
1615176,93,2,,,pause
1615176,133,2,,,pause
1615260,93,2,,,resume
1615260,133,2,,,resume
1615510,133,2,,,pause
1615593,133,2,,,resume
1615754,153,2,,,pause
1615837,153,2,,,resume
1615851,89,2,,,pause
1615934,89,2,,,resume
1616028,216,1,,,pause
1616111,216,1,,,resume
1616432,89,2,,,pause
1616432,89,2,,,resume
1616598,89,2,,,pause
1616598,89,2,,,resume
1618500,93,2,,,pause
1618583,93,2,,,resume
1618666,93,2,,,pause
1618749,93,2,,,resume
1618772,132,2,,,pause
1618772,132,2,,,resume
1618855,132,2,,,pause
1618938,132,2,,,resume
1618940,134,2,,,pause
1619021,132,2,,,pause
1619021,132,2,,,resume
1619023,134,2,,,resume
1619023,134,2,,,pause
1619106,134,2,,,resume
1619436,187,1,,,pause
1619519,187,1,,,resume
1619663,93,2,,,pause
1619746,93,2,,,resume
1619746,93,2,,,pause
1619829,93,2,,,resume
1619832,219,1,,,pause
1619832,219,1,,,resume
1619994,223,1,,,pause
1619994,223,1,,,resume
1620875,219,2,,,pause
1620958,219,2,,,resume
1621583,89,2,,,pause
1621583,89,2,,,resume
1621685,134,2,,,pause
1621768,134,2,,,resume
1623365,219,2,,,pause
1623448,219,2,,,resume
1623531,219,2,,,pause
1623614,219,2,,,resume
1624071,219,1,,,pause
1624071,219,1,,,resume
1624098,134,2,,,pause
1624156,219,1,,,pause
1624156,219,1,,,resume
1624181,134,2,,,resume
1624181,134,2,,,pause
1624430,134,2,,,resume
1624513,134,2,,,pause
1624596,134,2,,,resume
1624693,191,1,,,pause
1624776,191,1,,,resume
1624988,219,1,,,pause
1624988,219,1,,,resume
1625150,223,1,,,pause
1625150,223,1,,,resume
1625260,134,2,,,pause
1625343,134,2,,,resume
1625814,93,2,,,pause
1625897,93,2,,,resume
1625927,135,2,,,pause
1625927,135,2,,,resume
1626070,89,2,,,pause
1626253,132,2,,,pause
1626319,89,2,,,resume
1626336,132,2,,,resume
1627729,93,2,,,pause
1627729,93,2,,,resume
1629060,218,2,,,pause
1629064,133,2,,,pause
1629143,218,2,,,resume
1629147,133,2,,,resume
1629228,219,1,,,pause
1629228,219,1,,,resume
1629311,219,1,,,pause
1629311,219,1,,,resume
1629434,191,1,,,pause
1629517,191,1,,,resume
1629731,133,2,,,pause
1629743,187,1,,,pause
1629897,133,2,,,resume
1629909,187,1,,,resume
1630143,219,1,,,pause
1630143,219,1,,,resume
1630305,223,1,,,pause
1630305,223,1,,,resume
1630626,93,2,,,pause
1630626,93,2,,,resume
1631074,135,2,,,pause
1631157,135,2,,,resume
1631260,219,2,,,pause
1631344,219,2,,,resume
1633636,223,2,,,pause
1633636,223,2,,,resume
1634243,155,1,,,pause
1634300,132,2,,,pause
1634300,132,2,,,resume
1634326,155,1,,,resume
1634326,155,1,,,pause
1634326,155,1,,,resume
1634383,219,1,,,pause
1634383,132,2,,,pause
1634383,219,1,,,resume
1634383,132,2,,,resume
1634815,187,1,,,pause
1634898,235,2,,,pause
1634898,187,1,,,resume
1634981,235,2,,,resume
1635199,93,2,,,pause
1635282,93,2,,,resume
1635300,219,1,,,pause
1635300,219,1,,,resume
1636129,223,2,,,pause
1636129,223,2,,,resume
1636231,135,2,,,pause
1636314,135,2,,,resume
1637070,134,2,,,pause
1637070,134,2,,,resume
1637130,89,2,,,pause
1637153,134,2,,,pause
1637213,89,2,,,resume
1637236,134,2,,,resume
1639108,93,2,,,pause
1639358,93,2,,,resume
1639537,219,1,,,pause
1639537,219,1,,,resume
1639620,219,1,,,pause
1639620,219,1,,,resume
1639719,235,2,,,pause
1639802,235,2,,,resume
1639967,187,1,,,pause
1639968,235,2,,,pause
1640050,187,1,,,resume
1640134,235,2,,,resume
1640354,93,2,,,pause
1640437,93,2,,,resume
1640437,93,2,,,pause
1640437,93,2,,,resume
1640453,219,1,,,pause
1640453,219,1,,,resume
1640565,134,2,,,pause
1640648,134,2,,,resume
1640731,134,2,,,pause
1640801,216,1,,,pause
1640897,134,2,,,resume
1640967,216,1,,,resume
1641232,219,2,,,pause
1641312,134,2,,,pause
1641315,219,2,,,resume
1641395,134,2,,,resume
1641698,132,2,,,pause
1641698,132,2,,,resume
1643891,219,2,,,pause
1643974,219,2,,,resume
1644440,132,2,,,pause
1644440,132,2,,,resume
1644606,132,2,,,pause
1644606,132,2,,,resume
1644689,132,2,,,pause
1644689,132,2,,,resume
1644693,219,1,,,pause
1644693,219,1,,,resume
1645110,156,1,,,pause
1645110,156,1,,,resume
1645144,220,1,,,pause
1645310,220,1,,,resume
1645359,156,1,,,pause
1645442,156,1,,,resume
1645476,220,1,,,pause
1645559,220,1,,,resume
1645559,220,1,,,pause
1645559,220,1,,,resume
1645591,93,2,,,pause
1645674,93,2,,,resume
1645808,220,1,,,pause
1645808,220,1,,,resume
1645923,93,2,,,pause
1646006,93,2,,,resume
1646192,156,1,,,pause
1646192,156,1,,,resume
1646255,93,2,,,pause
1646275,156,1,,,pause
1646275,156,1,,,resume
1646306,220,1,,,pause
1646389,220,1,,,resume
1646504,93,2,,,resume
1646504,93,2,,,pause
1646587,93,2,,,resume
1646587,93,2,,,pause
1646587,93,2,,,resume
1646686,132,2,,,pause
1646686,132,2,,,resume
1646770,132,2,,,pause
1646774,89,2,,,pause
1646853,132,2,,,resume
1646857,89,2,,,resume
1646936,132,2,,,pause
1647019,132,2,,,resume
1649847,219,1,,,pause
1649847,219,1,,,resume
1650512,156,1,,,pause
1650595,156,1,,,resume
1651355,187,1,,,pause
1651438,187,1,,,resume
1654278,219,2,,,pause
1654361,219,2,,,resume
1654761,135,2,,,pause
1654844,135,2,,,resume
1655088,219,1,,,pause
1655088,219,1,,,resume
1655758,133,2,,,pause
1655831,156,1,,,pause
1655839,219,1,,,pause
1655839,219,1,,,resume
1655842,133,2,,,resume
1655915,156,1,,,resume
1655915,156,1,,,pause
1655998,156,1,,,resume
1656007,232,2,,,pause
1656007,235,2,,,pause
1656007,235,2,,,resume
1656079,223,1,,,pause
1656079,223,1,,,resume
1656091,232,2,,,resume
1656248,156,1,,,pause
1656248,156,1,,,resume
1656760,133,2,,,pause
1656760,133,2,,,resume
1657098,132,2,,,pause
1657182,132,2,,,resume
1657182,132,2,,,pause
1657182,132,2,,,resume
1657265,132,2,,,pause
1657265,132,2,,,resume
1659443,134,2,,,pause
1659526,134,2,,,resume
1659669,133,2,,,pause
1659679,219,2,,,pause
1659752,133,2,,,resume
1659762,219,2,,,resume
1659914,135,2,,,pause
1659924,132,2,,,pause
1659997,135,2,,,resume
1660007,132,2,,,resume
1660059,93,2,,,pause
1660059,93,2,,,resume
1660090,132,2,,,pause
1660191,134,2,,,pause
1660218,153,2,,,pause
1660218,153,2,,,resume
1660324,219,1,,,pause
1660324,219,1,,,resume
1660339,132,2,,,resume
1660357,134,2,,,resume
1660495,235,2,,,pause
1660578,235,2,,,resume
1660749,187,1,,,pause
1660749,187,1,,,resume
1660915,133,2,,,pause
1660984,156,1,,,pause
1660991,219,1,,,pause
1660991,219,1,,,resume
1660998,133,2,,,resume
1661067,156,1,,,resume
1661105,134,2,,,pause
1661164,187,1,,,pause
1661164,187,1,,,resume
1661189,134,2,,,resume
1661189,134,2,,,pause
1661222,93,2,,,pause
1661222,93,2,,,resume
1661231,223,1,,,pause
1661231,223,1,,,resume
1661239,89,2,,,pause
1661322,89,2,,,resume
1661330,133,2,,,pause
1661355,134,2,,,resume
1661413,133,2,,,resume
1661413,133,2,,,pause
1661488,89,2,,,pause
1661496,133,2,,,resume
1661571,89,2,,,resume
1661804,93,2,,,pause
1661828,133,2,,,pause
1661911,133,2,,,resume
1661911,133,2,,,pause
1661911,133,2,,,resume
1662053,93,2,,,resume
1662154,89,2,,,pause
1662237,89,2,,,resume
1662738,89,2,,,pause
1662738,89,2,,,resume
1664468,223,2,,,pause
1664468,223,2,,,resume
1664552,223,2,,,pause
1664552,223,2,,,resume
1664635,223,2,,,pause
1664635,223,2,,,resume
1664718,223,2,,,pause
1664718,223,2,,,resume
1664801,223,2,,,pause
1664801,223,2,,,resume
1665068,135,2,,,pause
1665073,155,1,,,pause
1665144,232,2,,,pause
1665152,135,2,,,resume
1665156,155,1,,,resume
1665156,155,1,,,pause
1665156,155,1,,,resume
1665227,232,2,,,resume
1665243,191,1,,,pause
1665243,191,1,,,resume
1665397,219,1,,,pause
1665397,219,1,,,resume
1665480,219,1,,,pause
1665480,219,1,,,resume
1665492,191,1,,,pause
1665492,191,1,,,resume
1665654,187,1,,,pause
1665654,187,1,,,resume
1665737,187,1,,,pause
1665737,187,1,,,resume
1665820,187,1,,,pause
1665986,187,1,,,resume
1666017,159,1,,,pause
1666017,159,1,,,resume
1666064,219,1,,,pause
1666100,159,1,,,pause
1666100,159,1,,,resume
1666136,156,1,,,pause
1666136,156,1,,,resume
1666147,219,1,,,resume
1666156,216,1,,,pause
1666230,219,1,,,pause
1666230,219,1,,,resume
1666239,216,1,,,resume
1666239,216,1,,,pause
1666318,187,1,,,pause
1666318,187,1,,,resume
1666322,216,1,,,resume
1666323,191,1,,,pause
1666323,191,1,,,resume
1666515,159,1,,,pause
1666515,159,1,,,resume
1666899,187,1,,,pause
1666899,187,1,,,resume
1666978,135,2,,,pause
1667045,223,2,,,pause
1667045,223,2,,,resume
1667061,135,2,,,resume
1667129,223,2,,,pause
1667129,223,2,,,resume
1667212,223,2,,,pause
1667212,223,2,,,resume
1667231,187,1,,,pause
1667235,216,1,,,pause
1667295,223,2,,,pause
1667295,223,2,,,resume
1667314,187,1,,,resume
1667318,216,1,,,resume
1667885,232,2,,,pause
1667968,232,2,,,resume
1669621,223,2,,,pause
1669621,223,2,,,resume
1669640,135,2,,,pause
1669705,223,2,,,pause
1669705,223,2,,,resume
1669723,135,2,,,resume
1669789,223,2,,,pause
1669789,223,2,,,resume
1669872,223,2,,,pause
1669872,223,2,,,resume
1670399,191,1,,,pause
1670482,191,1,,,resume
1670565,191,1,,,pause
1670620,223,2,,,pause
1670620,223,2,,,resume
1670635,219,1,,,pause
1670648,191,1,,,resume
1670703,223,2,,,pause
1670703,223,2,,,resume
1670802,219,1,,,resume
1670890,187,1,,,pause
1670890,187,1,,,resume
1670897,219,2,,,pause
1670973,187,1,,,pause
1670980,219,2,,,resume
1671056,187,1,,,resume
1671056,187,1,,,pause
1671139,187,1,,,resume
1671146,191,1,,,pause
1671170,159,1,,,pause
1671170,159,1,,,resume
1671219,219,1,,,pause
1671222,187,1,,,pause
1671229,191,1,,,resume
1671253,159,1,,,pause
1671288,156,1,,,pause
1671302,219,1,,,resume
1671302,219,1,,,pause
1671305,187,1,,,resume
1671336,159,1,,,resume
1671336,159,1,,,pause
1671336,159,1,,,resume
1671371,156,1,,,resume
1671371,156,1,,,pause
1671371,156,1,,,resume
1671386,219,1,,,resume
1671388,187,1,,,pause
1671471,187,1,,,resume
1671752,159,1,,,pause
1671752,159,1,,,resume
1671824,220,1,,,pause
1671824,220,1,,,resume
1672060,219,2,,,pause
1672073,220,1,,,pause
1672143,219,2,,,resume
1672156,220,1,,,resume
1672198,223,2,,,pause
1672198,223,2,,,resume
1672216,135,2,,,pause
1672281,223,2,,,pause
1672281,223,2,,,resume
1672297,93,2,,,pause
1672364,223,2,,,pause
1672364,223,2,,,resume
1672380,93,2,,,resume
1672382,135,2,,,resume
1672447,223,2,,,pause
1672447,223,2,,,resume
1672463,93,2,,,pause
1672463,93,2,,,resume
1672530,223,2,,,pause
1672530,223,2,,,resume
1673041,89,2,,,pause
1673124,89,2,,,resume
1674806,132,2,,,pause
1674806,132,2,,,resume
1675299,221,2,,,pause
1675299,221,2,,,resume
1675382,221,2,,,pause
1675382,221,2,,,resume
1675383,216,1,,,pause
1675383,216,1,,,resume
1675389,132,2,,,pause
1675472,132,2,,,resume
1675472,132,2,,,pause
1675472,132,2,,,resume
1675638,132,2,,,pause
1675662,134,2,,,pause
1675721,132,2,,,resume
1675802,219,2,,,pause
1675802,219,2,,,resume
1675828,134,2,,,resume
1675926,239,2,,,pause
1675926,239,2,,,resume
1676078,134,2,,,pause
1676078,134,2,,,resume
1676298,133,2,,,pause
1676298,133,2,,,resume
1676332,158,1,,,pause
1676332,158,1,,,resume
1676457,219,1,,,pause
1676535,89,2,,,pause
1676541,219,1,,,resume
1676618,89,2,,,resume
1676701,89,2,,,pause
1676784,89,2,,,resume
1676797,216,1,,,pause
1676867,89,2,,,pause
1676867,89,2,,,resume
1676880,216,1,,,resume
1676950,89,2,,,pause
1677033,89,2,,,resume
1677036,93,2,,,pause
1677119,93,2,,,resume
1677285,93,2,,,pause
1677311,220,1,,,pause
1677311,220,1,,,resume
1677451,93,2,,,resume
1677535,93,2,,,pause
1677618,93,2,,,resume
1677876,216,1,,,pause
1678042,216,1,,,resume
1678405,134,2,,,pause
1678488,134,2,,,resume
1678698,93,2,,,pause
1678698,93,2,,,resume
1679791,133,2,,,pause
1679791,133,2,,,resume
1679928,223,2,,,pause
1679928,223,2,,,resume
1680205,219,2,,,pause
1680205,219,2,,,resume
1680454,221,2,,,pause
1680454,221,2,,,resume
1680830,239,2,,,pause
1680830,239,2,,,resume
1680869,219,2,,,pause
1680925,223,2,,,pause
1680925,223,2,,,resume
1681035,219,2,,,resume
1681201,219,2,,,pause
1681206,191,1,,,pause
1681206,191,1,,,resume
1681284,219,2,,,resume
1681363,187,1,,,pause
1681367,219,2,,,pause
1681446,187,1,,,resume
1681450,219,2,,,resume
1681454,133,2,,,pause
1681485,158,1,,,pause
1681485,158,1,,,resume
1681537,133,2,,,resume
1681538,191,1,,,pause
1681611,219,1,,,pause
1681621,191,1,,,resume
1681695,219,1,,,resume
1681787,191,1,,,pause
1681787,191,1,,,resume
1681954,191,1,,,pause
1681954,191,1,,,resume
1682692,187,1,,,pause
1682692,187,1,,,resume
1682812,134,2,,,pause
1682895,134,2,,,resume
1682895,134,2,,,pause
1682978,134,2,,,resume
1683477,134,2,,,pause
1683560,134,2,,,resume
1683560,134,2,,,pause
1683643,134,2,,,resume
1683726,134,2,,,pause
1683809,134,2,,,resume
1684445,77,2,,,pause
1684445,77,2,,,resume
1685112,132,2,,,pause
1685112,132,2,,,resume
1685247,223,2,,,pause
1685247,223,2,,,resume
1685330,223,2,,,pause
1685330,223,2,,,resume
1685447,191,1,,,pause
1685447,191,1,,,resume
1685608,221,2,,,pause
1685608,221,2,,,resume
1685613,191,1,,,pause
1685613,191,1,,,resume
1685691,216,1,,,pause
1685697,135,2,,,pause
1685774,216,1,,,resume
1685774,216,1,,,pause
1685775,216,1,,,resume
1685781,135,2,,,resume
1685817,239,2,,,pause
1685817,239,2,,,resume
1685858,216,1,,,pause
1685890,134,2,,,pause
1685941,216,1,,,resume
1685973,134,2,,,resume
1685983,239,2,,,pause
1685983,239,2,,,resume
1686066,239,2,,,pause
1686066,239,2,,,resume
1686140,134,2,,,pause
1686223,134,2,,,resume
1686275,93,2,,,pause
1686358,93,2,,,resume
1686360,191,1,,,pause
1686360,191,1,,,resume
1686434,187,1,,,pause
1686434,187,1,,,resume
1686578,223,2,,,pause
1686578,223,2,,,resume
1686600,187,1,,,pause
1686610,133,2,,,pause
1686683,187,1,,,resume
1686683,187,1,,,pause
1686689,216,1,,,pause
1686693,191,1,,,pause
1686693,191,1,,,resume
1686766,187,1,,,resume
1686772,216,1,,,resume
1686772,216,1,,,pause
1686772,216,1,,,resume
1686777,133,2,,,resume
1686888,134,2,,,pause
1686942,191,1,,,pause
1686942,191,1,,,resume
1686971,134,2,,,resume
1686971,134,2,,,pause
1687054,134,2,,,resume
1687208,89,2,,,pause
1687208,89,2,,,resume
1687271,93,2,,,pause
1687271,93,2,,,resume
1687354,93,2,,,pause
1687437,93,2,,,resume
1687603,93,2,,,pause
1687608,135,2,,,pause
1687689,132,2,,,pause
1687689,132,2,,,resume
1687691,135,2,,,resume
1687691,135,2,,,pause
1687774,135,2,,,resume
1687852,93,2,,,resume
1688022,132,2,,,pause
1688022,132,2,,,resume
1688105,132,2,,,pause
1688105,132,2,,,resume
1688134,134,2,,,pause
1688134,134,2,,,resume
1688354,132,2,,,pause
1688354,132,2,,,resume
1688437,132,2,,,pause
1688437,132,2,,,resume
1688489,77,2,,,pause
1688489,77,2,,,resume
1688537,89,2,,,pause
1688537,89,2,,,resume
1689594,77,2,,,pause
1689594,77,2,,,resume
1689936,133,2,,,pause
1689936,133,2,,,resume
1690021,133,2,,,pause
1690104,133,2,,,resume
1690104,133,2,,,pause
1690187,133,2,,,resume
1690191,135,2,,,pause
1690274,135,2,,,resume
1690483,223,2,,,pause
1690520,133,2,,,pause
1690520,133,2,,,resume
1690566,223,2,,,resume
1690566,223,2,,,pause
1690566,223,2,,,resume
1690631,191,1,,,pause
1690631,191,1,,,resume
1690773,135,2,,,pause
1690797,191,1,,,pause
1690797,191,1,,,resume
1690856,135,2,,,resume
1690856,135,2,,,pause
1690940,135,2,,,resume
1690970,239,2,,,pause
1690970,239,2,,,resume
1691045,134,2,,,pause
1691091,219,2,,,pause
1691091,219,2,,,resume
1691137,239,2,,,pause
1691209,158,1,,,pause
1691209,158,1,,,resume
1691220,239,2,,,resume
1691231,223,2,,,pause
1691231,223,2,,,resume
1691294,134,2,,,resume
1691460,134,2,,,pause
1691469,239,2,,,pause
1691469,239,2,,,resume
1691543,134,2,,,resume
1691544,191,1,,,pause
1691544,191,1,,,resume
1691564,223,2,,,pause
1691564,223,2,,,resume
1691730,223,2,,,pause
1691730,223,2,,,resume
1691790,158,1,,,pause
1691790,158,1,,,resume
1691876,191,1,,,pause
1691876,191,1,,,resume
1691962,222,2,,,pause
1691962,222,2,,,resume
1692125,134,2,,,pause
1692125,191,1,,,pause
1692125,191,1,,,resume
1692209,134,2,,,resume
1693510,132,2,,,pause
1693593,132,2,,,resume
1693661,77,2,,,pause
1693661,77,2,,,resume
1694748,77,2,,,pause
1694748,77,2,,,resume
1695096,133,2,,,pause
1695096,133,2,,,resume
1695179,133,2,,,pause
1695262,133,2,,,resume
1695345,133,2,,,pause
1695345,133,2,,,resume
1695543,218,2,,,pause
1695626,218,2,,,resume
1695673,132,2,,,pause
1695786,191,1,,,pause
1695786,191,1,,,resume
1695839,132,2,,,resume
1695869,191,1,,,pause
1695869,191,1,,,resume
1696010,135,2,,,pause
1696093,135,2,,,resume
1696245,219,2,,,pause
1696328,219,2,,,resume
1696446,158,1,,,pause
1696446,158,1,,,resume
1696540,218,1,,,pause
1696627,218,1,,,resume
1696645,235,2,,,pause
1696645,235,2,,,resume
1696838,93,2,,,pause
1696901,223,1,,,pause
1696901,223,1,,,resume
1696921,93,2,,,resume
1696944,158,1,,,pause
1696944,158,1,,,resume
1697281,222,1,,,pause
1697281,222,1,,,resume
1697455,153,2,,,pause
1697455,153,2,,,resume
1697538,153,2,,,pause
1697538,153,2,,,resume
1697590,93,2,,,pause
1697590,93,2,,,resume
1698186,89,2,,,pause
1698186,89,2,,,resume
1698411,221,2,,,pause
1698411,221,2,,,resume
1698793,77,2,,,pause
1698793,77,2,,,resume
1699501,93,2,,,pause
1699584,93,2,,,resume
1699816,77,2,,,pause
1699982,77,2,,,resume
1700201,77,2,,,pause
1700201,77,2,,,resume
1700367,77,2,,,pause
1700367,77,2,,,resume
1700664,93,2,,,pause
1700910,132,2,,,pause
1700910,132,2,,,resume
1700913,93,2,,,resume
1700940,191,1,,,pause
1700940,191,1,,,resume
1701000,133,2,,,pause
1701023,191,1,,,pause
1701023,191,1,,,resume
1701082,135,2,,,pause
1701083,133,2,,,resume
1701245,93,2,,,pause
1701248,135,2,,,resume
1701329,93,2,,,resume
1701329,93,2,,,pause
1701495,93,2,,,resume
1701598,158,1,,,pause
1701610,218,1,,,pause
1701681,158,1,,,resume
1701694,218,1,,,resume
1701770,191,1,,,pause
1701770,191,1,,,resume
1701827,93,2,,,pause
1701830,133,2,,,pause
1701830,135,2,,,pause
1701910,93,2,,,resume
1701910,93,2,,,pause
1701913,133,2,,,resume
1701913,135,2,,,resume
1701993,93,2,,,resume
1701993,93,2,,,pause
1702053,223,1,,,pause
1702053,223,1,,,resume
1702076,93,2,,,resume
1702097,158,1,,,pause
1702097,158,1,,,resume
1702185,191,1,,,pause
1702269,191,1,,,resume
1702357,134,2,,,pause
1702357,134,2,,,resume
1702434,222,1,,,pause
1702434,222,1,,,resume
1702435,191,1,,,pause
1702435,191,1,,,resume
1702606,134,2,,,pause
1702689,134,2,,,resume
1703021,134,2,,,pause
1703021,134,2,,,resume
1703104,134,2,,,pause
1703188,134,2,,,resume
1706267,134,2,,,pause
1706267,134,2,,,resume
1706313,132,2,,,pause
1706479,132,2,,,resume
1706683,134,2,,,pause
1706683,134,2,,,resume
1707209,223,1,,,pause
1707209,223,1,,,resume
1707249,158,1,,,pause
1707332,158,1,,,resume
1707592,222,1,,,pause
1707592,222,1,,,resume
1707637,216,1,,,pause
1707637,216,1,,,resume
1710561,133,2,,,pause
1710645,133,2,,,resume
1710756,134,2,,,pause
1710756,134,2,,,resume
1711167,218,2,,,pause
1711216,132,2,,,pause
1711236,222,2,,,pause
1711250,218,2,,,resume
1711299,132,2,,,resume
1711402,222,2,,,resume
1711406,135,2,,,pause
1711406,135,2,,,resume
1711422,134,2,,,pause
1711490,135,2,,,pause
1711505,134,2,,,resume
1711505,134,2,,,pause
1711505,134,2,,,resume
1711573,135,2,,,resume
1711666,239,2,,,pause
1711666,239,2,,,resume
1711673,134,2,,,pause
1711839,134,2,,,resume
1712005,134,2,,,pause
1712005,134,2,,,resume
1712053,93,2,,,pause
1712136,93,2,,,resume
1712171,134,2,,,pause
1712254,134,2,,,resume
1712364,223,1,,,pause
1712364,223,1,,,resume
1712402,158,1,,,pause
1712485,158,1,,,resume
1712567,222,2,,,pause
1712567,222,2,,,resume
1712669,134,2,,,pause
1712790,216,1,,,pause
1712790,216,1,,,resume
1712835,134,2,,,resume
1713382,93,2,,,pause
1713442,219,2,,,pause
1713442,219,2,,,resume
1713465,93,2,,,resume
1713465,93,2,,,pause
1713483,135,2,,,pause
1713548,93,2,,,resume
1713566,135,2,,,resume
1713587,223,2,,,pause
1713670,223,2,,,resume
1715719,133,2,,,pause
1715803,133,2,,,resume
1716332,134,2,,,pause
1716415,134,2,,,resume
1716785,219,1,,,pause
1716785,219,1,,,resume
1716820,239,2,,,pause
1716820,239,2,,,resume
1716851,223,1,,,pause
1716851,223,1,,,resume
1717388,159,1,,,pause
1717471,159,1,,,resume
1717471,159,1,,,pause
1717518,223,1,,,pause
1717518,223,1,,,resume
1717554,159,1,,,resume
1717720,159,1,,,pause
1717803,159,1,,,resume
1717946,216,1,,,pause
1718018,223,1,,,pause
1718018,223,1,,,resume
1718029,216,1,,,resume
1718537,93,2,,,pause
1718537,93,2,,,resume
1722069,134,2,,,pause
1722152,134,2,,,resume
1722152,134,2,,,pause
1722152,134,2,,,resume
1722684,216,1,,,pause
1722684,216,1,,,resume
1723056,191,1,,,pause
1723099,216,1,,,pause
1723099,216,1,,,resume
1723139,191,1,,,resume
1723617,93,2,,,pause
1723783,93,2,,,resume
1723865,89,2,,,pause
1723865,89,2,,,resume
1723882,153,2,,,pause
1723882,153,2,,,resume
1724529,89,2,,,pause
1724529,89,2,,,resume
1724644,134,2,,,pause
1724811,134,2,,,resume
1724811,134,2,,,pause
1724894,134,2,,,resume
1726346,132,2,,,pause
1726429,132,2,,,resume
1726636,223,2,,,pause
1726720,223,2,,,resume
1726777,133,2,,,pause
1726847,135,2,,,pause
1726860,133,2,,,resume
1726930,135,2,,,resume
1726930,135,2,,,pause
1726937,222,2,,,pause
1727013,135,2,,,resume
1727021,222,2,,,resume
1727159,223,1,,,pause
1727159,223,1,,,resume
1727226,134,2,,,pause
1727309,134,2,,,resume
1727559,235,2,,,pause
1727642,235,2,,,resume
1727816,191,1,,,pause
1727837,216,1,,,pause
1727837,216,1,,,resume
1727899,191,1,,,resume
1727899,191,1,,,pause
1727899,191,1,,,resume
1727909,223,1,,,pause
1727909,223,1,,,resume
1727943,159,1,,,pause
1727982,191,1,,,pause
1727982,191,1,,,resume
1728026,159,1,,,resume
1728138,218,1,,,pause
1728221,218,1,,,resume
1728221,218,1,,,pause
1728231,191,1,,,pause
1728231,191,1,,,resume
1728253,216,1,,,pause
1728304,218,1,,,resume
1728336,216,1,,,resume
1728384,222,1,,,pause
1728384,222,1,,,resume
1728424,132,2,,,pause
1728507,132,2,,,resume
1728771,93,2,,,pause
1728937,93,2,,,resume
1729019,89,2,,,pause
1729019,89,2,,,resume
1729684,89,2,,,pause
1729684,89,2,,,resume
1730769,133,2,,,pause
1730852,133,2,,,resume
1731935,133,2,,,pause
1731972,223,2,,,pause
1731972,223,2,,,resume
1732018,133,2,,,resume
1732018,133,2,,,pause
1732083,132,2,,,pause
1732184,133,2,,,resume
1732249,132,2,,,resume
1732378,134,2,,,pause
1732461,134,2,,,resume
1732481,223,1,,,pause
1732481,223,1,,,resume
1732628,134,2,,,pause
1732628,134,2,,,resume
1732767,133,2,,,pause
1732850,133,2,,,resume
1732898,223,1,,,pause
1732961,235,2,,,pause
1732970,191,1,,,pause
1732981,223,1,,,resume
1733040,222,1,,,pause
1733044,235,2,,,resume
1733053,191,1,,,resume
1733053,191,1,,,pause
1733064,223,1,,,pause
1733064,223,1,,,resume
1733074,216,1,,,pause
1733099,186,1,,,pause
1733099,186,1,,,resume
1733123,222,1,,,resume
1733127,235,2,,,pause
1733127,235,2,,,resume
1733136,191,1,,,resume
1733157,216,1,,,resume
1733157,216,1,,,pause
1733240,216,1,,,resume
1733374,222,1,,,pause
1733459,218,1,,,pause
1733542,218,1,,,resume
1733623,222,1,,,resume
1737239,132,2,,,pause
1737248,135,2,,,pause
1737331,135,2,,,resume
1737387,223,1,,,pause
1737387,223,1,,,resume
1737405,132,2,,,resume
1737489,219,1,,,pause
1737572,219,1,,,resume
1737887,223,1,,,pause
1738114,235,2,,,pause
1738137,223,1,,,resume
1738197,235,2,,,resume
1738252,186,1,,,pause
1738252,186,1,,,resume
1738616,218,1,,,pause
1738699,218,1,,,resume
1739082,93,2,,,pause
1739167,93,2,,,resume
1739167,93,2,,,pause
1739253,93,2,,,resume
1739333,89,2,,,pause
1739333,89,2,,,resume
1739476,223,2,,,pause
1739499,89,2,,,pause
1739499,89,2,,,resume
1739559,223,2,,,resume
1739997,89,2,,,pause
1739997,89,2,,,resume
1741573,135,2,,,pause
1741656,135,2,,,resume
1742301,223,2,,,pause
1742384,223,2,,,resume
1742476,132,2,,,pause
1742559,132,2,,,resume
1742684,218,1,,,pause
1742692,134,2,,,pause
1742692,134,2,,,resume
1742767,218,1,,,resume
1742941,134,2,,,pause
1742942,134,2,,,resume
1743018,222,1,,,pause
1743101,222,1,,,resume
1743318,89,2,,,pause
1743318,89,2,,,resume
1743402,186,1,,,pause
1743402,186,1,,,resume
1743567,89,2,,,pause
1743567,89,2,,,resume
1744024,134,2,,,pause
1744024,134,2,,,resume
1744130,223,2,,,pause
1744269,93,2,,,pause
1744296,223,2,,,resume
1744352,93,2,,,resume
1744357,219,2,,,pause
1744481,89,2,,,pause
1744481,89,2,,,resume
1744523,219,2,,,resume
1744648,89,2,,,pause
1744648,89,2,,,resume
1745148,89,2,,,pause
1745148,89,2,,,resume
1745564,89,2,,,pause
1745564,89,2,,,resume
1745604,134,2,,,pause
1745604,134,2,,,resume
1745873,216,1,,,pause
1745873,216,1,,,resume
1746240,133,2,,,pause
1746323,133,2,,,resume
1746728,135,2,,,pause
1746811,135,2,,,resume
1746936,134,2,,,pause
1746936,134,2,,,resume
1747487,133,2,,,pause
1747570,133,2,,,resume
1747570,133,2,,,pause
1747653,133,2,,,resume
1747684,134,2,,,pause
1747767,134,2,,,resume
1748099,134,2,,,pause
1748099,134,2,,,resume
1748234,133,2,,,pause
1748252,235,2,,,pause
1748317,133,2,,,resume
1748390,89,2,,,pause
1748418,235,2,,,resume
1748473,89,2,,,resume
1748553,186,1,,,pause
1748553,186,1,,,resume
1748639,89,2,,,pause
1748722,89,2,,,resume
1748764,134,2,,,pause
1748764,134,2,,,resume
1748802,190,1,,,pause
1748802,190,1,,,resume
1748815,133,2,,,pause
1748844,222,1,,,pause
1748885,190,1,,,pause
1748885,190,1,,,resume
1748898,133,2,,,resume
1748927,222,1,,,resume
1749180,134,2,,,pause
1749180,134,2,,,resume
1749340,93,2,,,pause
1749469,89,2,,,pause
1749506,93,2,,,resume
1749532,223,2,,,pause
1749615,223,2,,,resume
1749635,89,2,,,resume
1749635,89,2,,,pause
1749646,133,2,,,pause
1749801,89,2,,,resume
1749812,133,2,,,resume
1751442,216,1,,,pause
1751442,216,1,,,resume
1751776,210,2,,,pause
1751776,210,2,,,resume
1751881,135,2,,,pause
1751965,135,2,,,resume
1752192,216,1,,,pause
1752192,216,1,,,resume
1752523,210,2,,,pause
1752523,210,2,,,resume
1752796,158,1,,,pause
1752796,158,1,,,resume
1752840,134,2,,,pause
1752923,134,2,,,resume
1753007,93,2,,,pause
1753007,93,2,,,resume
1753192,216,1,,,pause
1753255,134,2,,,pause
1753275,216,1,,,resume
1753338,134,2,,,resume
1753543,135,2,,,pause
1753543,158,1,,,pause
1753626,135,2,,,resume
1753626,158,1,,,resume
1753661,218,1,,,pause
1753745,218,1,,,resume
1753745,218,1,,,pause
1753828,218,1,,,resume
1753977,190,1,,,pause
1753977,190,1,,,resume
1754000,222,1,,,pause
1754060,190,1,,,pause
1754060,190,1,,,resume
1754083,222,1,,,resume
1754336,134,2,,,pause
1754419,134,2,,,resume
1754501,93,2,,,pause
1754585,93,2,,,resume
1754585,93,2,,,pause
1754669,93,2,,,resume
1754802,223,2,,,pause
1754885,223,2,,,resume
1756014,210,2,,,pause
1756097,210,2,,,resume
1756097,210,2,,,pause
1756097,210,2,,,resume
1756927,210,2,,,pause
1756927,210,2,,,resume
1757774,132,2,,,pause
1757846,216,1,,,pause
1757846,216,1,,,resume
1757858,132,2,,,resume
1758144,134,2,,,pause
1758173,187,1,,,pause
1758173,187,1,,,resume
1758227,134,2,,,resume
1758657,222,1,,,pause
1758671,187,1,,,pause
1758740,222,1,,,resume
1758754,187,1,,,resume
1758754,187,1,,,pause
1758754,187,1,,,resume
1758901,218,1,,,pause
1758946,158,1,,,pause
1758946,158,1,,,resume
1758954,218,2,,,pause
1758954,218,2,,,resume
1758984,218,1,,,resume
1759016,191,1,,,pause
1759099,191,1,,,resume
1759102,190,1,,,pause
1759102,190,1,,,resume
1759159,222,1,,,pause
1759242,222,1,,,resume
1759656,93,2,,,pause
1759739,93,2,,,resume
1759739,93,2,,,pause
1759822,93,2,,,resume
1759858,135,2,,,pause
1759942,135,2,,,resume
1759956,223,2,,,pause
1760039,223,2,,,resume
1763001,216,1,,,pause
1763001,216,1,,,resume
1763470,218,1,,,pause
1763547,134,2,,,pause
1763547,134,2,,,resume
1763553,218,1,,,resume
1763810,222,1,,,pause
1763893,222,1,,,resume
1764055,218,1,,,pause
1764138,218,1,,,resume
1764215,190,1,,,pause
1764298,190,1,,,resume
1764312,222,1,,,pause
1764395,222,1,,,resume
1765013,135,2,,,pause
1765013,135,2,,,resume
1767932,223,2,,,pause
1768016,223,2,,,resume
1768154,216,1,,,pause
1768154,216,1,,,resume
1768286,134,2,,,pause
1768453,134,2,,,resume
1768509,218,2,,,pause
1768537,134,2,,,pause
1768592,218,2,,,resume
1768592,218,2,,,pause
1768593,218,2,,,resume
1768620,134,2,,,resume
1768703,134,2,,,pause
1768703,134,2,,,resume
1768737,216,1,,,pause
1768820,216,1,,,resume
1769060,187,1,,,pause
1769104,220,1,,,pause
1769104,220,1,,,resume
1769143,187,1,,,resume
1769143,187,1,,,pause
1769143,187,1,,,resume
1769602,220,1,,,pause
1769602,220,1,,,resume
1769784,219,2,,,pause
1769867,219,2,,,resume
1769971,93,2,,,pause
1770054,93,2,,,resume
1770054,93,2,,,pause
1770137,93,2,,,resume
1770183,220,1,,,pause
1770183,220,1,,,resume
1770190,135,2,,,pause
1770273,135,2,,,resume
1770353,133,2,,,pause
1770436,133,2,,,resume
1770974,135,2,,,pause
1770976,135,2,,,resume
1771325,135,2,,,pause
1771325,135,2,,,resume
1771932,133,2,,,pause
1772015,133,2,,,resume
1772073,135,2,,,pause
1772073,135,2,,,resume
1772156,135,2,,,pause
1772156,135,2,,,resume
1772348,133,2,,,pause
1772431,133,2,,,resume
1772510,220,1,,,pause
1772510,220,1,,,resume
1772593,220,1,,,pause
1772593,220,1,,,resume
1772681,133,2,,,pause
1772738,135,2,,,pause
1772738,135,2,,,resume
1772764,133,2,,,resume
1772821,135,2,,,pause
1772821,135,2,,,resume
1773182,133,2,,,pause
1773182,133,2,,,resume
1773237,135,2,,,pause
1773237,135,2,,,resume
1773265,133,2,,,pause
1773320,135,2,,,pause
1773320,135,2,,,resume
1773348,133,2,,,resume
1773403,135,2,,,pause
1773403,135,2,,,resume
1773420,153,2,,,pause
1773492,132,2,,,pause
1773492,132,2,,,resume
1773503,153,2,,,resume
1774048,187,1,,,pause
1774048,187,1,,,resume
1774239,132,2,,,pause
1774258,220,1,,,pause
1774258,220,1,,,resume
1774322,132,2,,,resume
1774341,220,1,,,pause
1774404,158,1,,,pause
1774404,158,1,,,resume
1774424,220,1,,,resume
1774654,132,2,,,pause
1774737,132,2,,,resume
1775185,219,2,,,pause
1775198,93,2,,,pause
1775198,93,2,,,resume
1775268,219,2,,,resume
1775281,93,2,,,pause
1775281,93,2,,,resume
1775337,220,1,,,pause
1775337,220,1,,,resume
1775496,223,2,,,pause
1775579,223,2,,,resume
1775883,216,1,,,pause
1775966,216,1,,,resume
1775998,153,2,,,pause
1776012,89,2,,,pause
1776012,89,2,,,resume
1776164,153,2,,,resume
1777845,219,2,,,pause
1778014,219,2,,,resume
1778120,210,2,,,pause
1778155,132,2,,,pause
1778238,132,2,,,resume
1778287,210,2,,,resume
1778438,93,2,,,pause
1778438,93,2,,,resume
1778455,187,1,,,pause
1778455,187,1,,,resume
1778545,186,1,,,pause
1778601,134,2,,,pause
1778628,186,1,,,resume
1778670,235,2,,,pause
1778753,235,2,,,resume
1778852,134,2,,,resume
1778962,211,2,,,pause
1778962,211,2,,,resume
1778991,239,2,,,pause
1778991,239,2,,,resume
1779103,232,2,,,pause
1779103,232,2,,,resume
1779204,187,1,,,pause
1779204,187,1,,,resume
1779251,235,2,,,pause
1779334,235,2,,,resume
1779417,235,2,,,pause
1779417,235,2,,,resume
1779419,89,2,,,pause
1779419,89,2,,,resume
1779711,216,1,,,pause
1779756,89,2,,,pause
1779756,89,2,,,resume
1779794,216,1,,,resume
1779822,153,2,,,pause
1779822,153,2,,,resume
1779877,216,1,,,pause
1779960,216,1,,,resume
1780267,93,2,,,pause
1780267,93,2,,,resume
1780336,133,2,,,pause
1780336,133,2,,,resume
1780402,223,2,,,pause
1780402,223,2,,,resume
1780505,219,2,,,pause
1780519,93,2,,,pause
1780603,93,2,,,resume
1780671,219,2,,,resume
1780852,93,2,,,pause
1780853,93,2,,,resume
1780936,93,2,,,pause
1781102,93,2,,,resume
1781102,93,2,,,pause
1781170,89,2,,,pause
1781170,89,2,,,resume
1781185,93,2,,,resume
1781236,153,2,,,pause
1781319,153,2,,,resume
1782380,73,2,,,pause
1782380,73,2,,,resume
1782415,133,2,,,pause
1782498,133,2,,,resume
1783284,216,1,,,pause
1783367,216,1,,,resume
1783440,210,2,,,pause
1783523,210,2,,,resume
1783606,210,2,,,pause
1783661,133,2,,,pause
1783689,210,2,,,resume
1783696,186,1,,,pause
1783744,133,2,,,resume
1783779,186,1,,,resume
1783885,156,1,,,pause
1783885,156,1,,,resume
1783968,156,1,,,pause
1784047,158,1,,,pause
1784047,158,1,,,resume
1784098,190,1,,,pause
1784098,190,1,,,resume
1784104,210,2,,,pause
1784104,210,2,,,resume
1784134,156,1,,,resume
1784134,156,1,,,pause
1784134,156,1,,,resume
1784181,190,1,,,pause
1784181,190,1,,,resume
1784252,232,2,,,pause
1784252,232,2,,,resume
1784264,190,1,,,pause
1784264,190,1,,,resume
1784307,186,1,,,pause
1784348,190,1,,,pause
1784348,190,1,,,resume
1784356,187,1,,,pause
1784356,187,1,,,resume
1784390,186,1,,,resume
1784574,89,2,,,pause
1784574,89,2,,,resume
1784711,158,1,,,pause
1784711,158,1,,,resume
1784763,190,1,,,pause
1784763,190,1,,,resume
1784846,190,1,,,pause
1784911,89,2,,,pause
1784911,89,2,,,resume
1784929,190,1,,,resume
1784971,132,2,,,pause
1784971,132,2,,,resume
1785012,190,1,,,pause
1785012,190,1,,,resume
1785054,132,2,,,pause
1785220,132,2,,,resume
1785388,223,2,,,pause
1785388,223,2,,,resume
1785491,219,2,,,pause
1785554,223,2,,,pause
1785574,219,2,,,resume
1785637,223,2,,,resume
1786220,153,2,,,pause
1786303,153,2,,,resume
1786326,89,2,,,pause
1786326,89,2,,,resume
1787825,135,2,,,pause
1787908,135,2,,,resume
1787947,134,2,,,pause
1787981,219,2,,,pause
1788030,134,2,,,resume
1788058,220,1,,,pause
1788058,220,1,,,resume
1788149,219,2,,,resume
1788149,219,2,,,pause
1788211,223,2,,,pause
1788214,132,2,,,pause
1788233,219,2,,,resume
1788233,219,2,,,pause
1788297,132,2,,,resume
1788297,132,2,,,pause
1788317,219,2,,,resume
1788368,215,2,,,pause
1788368,215,2,,,resume
1788377,223,2,,,resume
1788380,132,2,,,resume
1788436,216,1,,,pause
1788463,132,2,,,pause
1788519,216,1,,,resume
1788519,216,1,,,pause
1788603,216,1,,,resume
1788603,216,1,,,pause
1788629,132,2,,,resume
1788686,216,1,,,resume
1788815,219,2,,,pause
1788842,210,2,,,pause
1788842,210,2,,,resume
1788867,158,1,,,pause
1788882,239,2,,,pause
1788945,134,2,,,pause
1788950,158,1,,,resume
1788965,239,2,,,resume
1788981,219,2,,,resume
1789008,236,2,,,pause
1789019,216,1,,,pause
1789028,134,2,,,resume
1789064,219,2,,,pause
1789091,236,2,,,resume
1789102,216,1,,,resume
1789147,219,2,,,resume
1789313,219,2,,,pause
1789374,186,1,,,pause
1789374,186,1,,,resume
1789380,239,2,,,pause
1789396,219,2,,,resume
1789396,219,2,,,pause
1789462,191,1,,,pause
1789462,191,1,,,resume
1789463,239,2,,,resume
1789479,219,2,,,resume
1789507,236,2,,,pause
1789510,187,1,,,pause
1789543,132,2,,,pause
1789547,239,2,,,pause
1789590,236,2,,,resume
1789593,187,1,,,resume
1789618,177,2,,,pause
1789618,177,2,,,resume
1789626,132,2,,,resume
1789630,239,2,,,resume
1789734,89,2,,,pause
1789734,89,2,,,resume
1789771,216,2,,,pause
1789771,216,2,,,resume
1789855,216,2,,,pause
1789938,216,2,,,resume
1790029,158,1,,,pause
1790029,158,1,,,resume
1790482,135,2,,,pause
1790565,135,2,,,resume
1790614,93,2,,,pause
1790614,93,2,,,resume
1790697,93,2,,,pause
1790780,93,2,,,resume
1790780,93,2,,,pause
1790780,93,2,,,resume
1790815,89,2,,,pause
1790815,89,2,,,resume
1790981,89,2,,,pause
1790981,89,2,,,resume
1791480,89,2,,,pause
1791480,89,2,,,resume
1791538,153,2,,,pause
1791611,73,2,,,pause
1791621,153,2,,,resume
1791694,73,2,,,resume
1791897,89,2,,,pause
1791897,89,2,,,resume
1792148,89,2,,,pause
1792148,89,2,,,resume
1792972,133,2,,,pause
1792977,135,2,,,pause
1793057,133,2,,,resume
1793060,135,2,,,resume
1793211,220,1,,,pause
1793211,220,1,,,resume
1793809,135,2,,,pause
1793828,210,2,,,pause
1793828,210,2,,,resume
1793840,216,1,,,pause
1793892,135,2,,,resume
1793911,210,2,,,pause
1794006,216,1,,,resume
1794077,210,2,,,resume
1794101,134,2,,,pause
1794103,158,1,,,pause
1794186,158,1,,,resume
1794267,134,2,,,resume
1794493,210,2,,,pause
1794493,210,2,,,resume
1794577,210,2,,,pause
1794617,191,1,,,pause
1794617,191,1,,,resume
1794660,210,2,,,resume
1795223,89,2,,,pause
1795223,89,2,,,resume
1795254,216,1,,,pause
1795337,216,1,,,resume
1795601,93,2,,,pause
1795611,186,1,,,pause
1795611,186,1,,,resume
1795751,89,2,,,pause
1795767,93,2,,,resume
1795767,93,2,,,pause
1795834,89,2,,,resume
1795834,89,2,,,pause
1795884,135,2,,,pause
1795917,89,2,,,resume
1795967,135,2,,,resume
1796000,89,2,,,pause
1796017,93,2,,,resume
1796116,132,2,,,pause
1796166,89,2,,,resume
1796166,89,2,,,pause
1796166,89,2,,,resume
1796199,132,2,,,resume
1796415,89,2,,,pause
1796581,89,2,,,resume
1796608,153,2,,,pause
1796691,153,2,,,resume
1796691,153,2,,,pause
1796774,153,2,,,resume
1796774,153,2,,,pause
1796857,153,2,,,resume
1797246,89,2,,,pause
1797329,89,2,,,resume
1798228,134,2,,,pause
1798228,134,2,,,resume
1798524,135,2,,,pause
1798524,135,2,,,resume
1798981,210,2,,,pause
1798981,210,2,,,resume
1799058,190,1,,,pause
1799141,190,1,,,resume
1799267,186,1,,,pause
1799268,219,1,,,pause
1799350,186,1,,,resume
1799352,219,1,,,resume
1799360,132,2,,,pause
1799360,132,2,,,resume
1799392,134,2,,,pause
1799392,134,2,,,resume
1799506,158,1,,,pause
1799511,154,1,,,pause
1799558,134,2,,,pause
1799594,154,1,,,resume
1799641,134,2,,,resume
1799682,186,1,,,pause
1799726,190,1,,,pause
1799726,190,1,,,resume
1799755,158,1,,,resume
1799760,154,1,,,pause
1799760,154,1,,,resume
1799768,186,1,,,resume
1799772,191,1,,,pause
1799772,191,1,,,resume
1799809,190,1,,,pause
1799818,187,1,,,pause
1799838,158,1,,,pause
1799843,154,1,,,pause
1799892,190,1,,,resume
1799892,190,1,,,pause
1799892,190,1,,,resume
1799901,187,1,,,resume
1799921,158,1,,,resume
1799926,154,1,,,resume
1799934,186,1,,,pause
1799934,186,1,,,resume
1799993,216,1,,,pause
1800056,218,1,,,pause
1800075,222,1,,,pause
1800075,222,1,,,resume
1800077,216,1,,,resume
1800139,218,1,,,resume
1800225,190,1,,,pause
1800225,190,1,,,resume
1800267,186,1,,,pause
1800267,186,1,,,resume
1800389,134,2,,,pause
1800389,134,2,,,resume
1800391,190,1,,,pause
1800440,132,2,,,pause
1800474,190,1,,,resume
1800493,216,1,,,pause
1800510,154,1,,,pause
1800523,132,2,,,resume
1800523,132,2,,,pause
1800523,132,2,,,resume
1800576,216,1,,,resume
1800676,154,1,,,resume
1800698,219,2,,,pause
1800698,219,2,,,resume
1802474,210,2,,,pause
1802474,210,2,,,resume
1802568,216,1,,,pause
1802651,216,1,,,resume
1803464,134,2,,,pause
1803547,134,2,,,resume
1803547,134,2,,,pause
1803665,93,2,,,pause
1803689,132,2,,,pause
1803713,134,2,,,resume
1803749,93,2,,,resume
1803772,132,2,,,resume
1803772,132,2,,,pause
1803836,223,2,,,pause
1803855,132,2,,,resume
1803899,216,1,,,pause
1803899,216,1,,,resume
1803919,223,2,,,resume
1804134,210,2,,,pause
1804134,210,2,,,resume
1804213,134,2,,,pause
1804297,134,2,,,resume
1804423,219,1,,,pause
1804506,219,1,,,resume
1804511,191,1,,,pause
1804511,191,1,,,resume
1804552,236,2,,,pause
1804555,187,1,,,pause
1804589,219,1,,,pause
1804635,236,2,,,resume
1804638,187,1,,,resume
1804672,219,1,,,resume
1804796,134,2,,,pause
1804804,187,1,,,pause
1804843,191,1,,,pause
1804879,134,2,,,resume
1804887,187,1,,,resume
1804926,191,1,,,resume
1804970,187,1,,,pause
1805009,191,1,,,pause
1805009,191,1,,,resume
1805053,187,1,,,resume
1805053,187,1,,,pause
1805092,191,1,,,pause
1805136,187,1,,,resume
1805136,187,1,,,pause
1805175,191,1,,,resume
1805175,191,1,,,pause
1805175,191,1,,,resume
1805188,132,2,,,pause
1805188,132,2,,,resume
1805193,220,1,,,pause
1805193,220,1,,,resume
1805219,187,1,,,resume
1805219,187,1,,,pause
1805258,191,1,,,pause
1805258,191,1,,,resume
1805302,187,1,,,resume
1805711,134,2,,,pause
1805738,158,1,,,pause
1805738,158,1,,,resume
1805794,134,2,,,resume
1805850,219,2,,,pause
1805933,219,2,,,resume
1806332,223,2,,,pause
1806332,223,2,,,resume
1808441,133,2,,,pause
1808525,133,2,,,resume
1808818,93,2,,,pause
1808901,93,2,,,resume
1808989,223,2,,,pause
1808989,223,2,,,resume
1809218,216,1,,,pause
1809261,132,2,,,pause
1809344,132,2,,,resume
1809384,216,1,,,resume
1809452,134,2,,,pause
1809705,236,2,,,pause
1809705,134,2,,,resume
1809788,236,2,,,resume
1809966,216,1,,,pause
1809977,216,2,,,pause
1809977,216,2,,,resume
1810049,216,1,,,resume
1810049,216,1,,,pause
1810120,210,2,,,pause
1810120,210,2,,,resume
1810132,216,1,,,resume
1810203,210,2,,,pause
1810203,210,2,,,resume
1810286,210,2,,,pause
1810286,210,2,,,resume
1810303,222,1,,,pause
1810303,222,1,,,resume
1810348,220,1,,,pause
1810369,134,2,,,pause
1810369,134,2,,,resume
1810431,220,1,,,resume
1810793,222,2,,,pause
1810793,222,2,,,resume
1810890,158,1,,,pause
1810975,158,1,,,resume
1811298,216,1,,,pause
1811381,216,1,,,resume
1811484,223,2,,,pause
1811484,223,2,,,resume
1812770,89,2,,,pause
1812853,89,2,,,resume
1813595,133,2,,,pause
1813609,210,2,,,pause
1813609,210,2,,,resume
1813680,133,2,,,resume
1813692,210,2,,,pause
1813692,210,2,,,resume
1813941,134,2,,,pause
1813941,134,2,,,resume
1813975,93,2,,,pause
1814058,93,2,,,resume
1814107,210,2,,,pause
1814107,210,2,,,resume
1814142,223,2,,,pause
1814225,223,2,,,resume
1814337,132,2,,,pause
1814337,220,1,,,pause
1814337,220,1,,,resume
1814420,132,2,,,resume
1814420,132,2,,,pause
1814503,132,2,,,resume
1814607,134,2,,,pause
1814690,134,2,,,resume
1814690,134,2,,,pause
1814858,134,2,,,resume
1814858,134,2,,,pause
1814941,134,2,,,resume
1815326,190,1,,,pause
1815326,190,1,,,resume
1815444,187,1,,,pause
1815462,158,1,,,pause
1815499,220,1,,,pause
1815499,220,1,,,resume
1815524,134,2,,,pause
1815527,187,1,,,resume
1815545,158,1,,,resume
1815690,134,2,,,resume
1816043,158,1,,,pause
1816127,158,1,,,resume
1816699,216,1,,,pause
1816699,216,1,,,resume
1817696,216,1,,,pause
1817696,216,1,,,resume
1817762,89,2,,,pause
1817845,89,2,,,resume
1817928,89,2,,,pause
1817945,216,1,,,pause
1818011,89,2,,,resume
1818028,216,1,,,resume
1818028,216,1,,,pause
1818111,216,1,,,resume
1819296,223,2,,,pause
1819379,223,2,,,resume
1820222,235,2,,,pause
1820222,235,2,,,resume
1820248,132,2,,,pause
1820331,132,2,,,resume
1820396,212,2,,,pause
1820413,190,1,,,pause
1820481,212,2,,,resume
1820497,190,1,,,resume
1820654,220,1,,,pause
1820737,220,1,,,resume
1820737,220,1,,,pause
1820820,220,1,,,resume
1821129,153,2,,,pause
1821212,153,2,,,resume
1821708,220,2,,,pause
1821708,220,2,,,resume
1821791,220,2,,,pause
1821791,220,2,,,resume
1822921,89,2,,,pause
1823004,89,2,,,resume
1823087,89,2,,,pause
1823170,89,2,,,resume
1823170,89,2,,,pause
1823170,89,2,,,resume
1823923,134,2,,,pause
1824006,134,2,,,resume
1824006,134,2,,,pause
1824089,134,2,,,resume
1824181,216,1,,,pause
1824266,216,1,,,resume
1824287,220,2,,,pause
1824287,220,2,,,resume
1824372,93,2,,,pause
1824455,93,2,,,resume
1824565,191,1,,,pause
1824565,191,1,,,resume
1824681,216,1,,,pause
1824731,191,1,,,pause
1824731,191,1,,,resume
1824919,134,2,,,pause
1825002,134,2,,,resume
1825013,216,1,,,resume
1825013,216,1,,,pause
1825013,216,1,,,resume
1825085,134,2,,,pause
1825095,223,1,,,pause
1825178,223,1,,,resume
1825252,134,2,,,resume
1825252,134,2,,,pause
1825252,134,2,,,resume
1825377,219,2,,,pause
1825403,132,2,,,pause
1825428,216,1,,,pause
1825460,219,2,,,resume
1825486,132,2,,,resume
1825536,239,2,,,pause
1825539,186,1,,,pause
1825539,186,1,,,resume
1825570,190,1,,,pause
1825619,239,2,,,resume
1825644,191,1,,,pause
1825653,190,1,,,resume
1825669,187,1,,,pause
1825677,216,1,,,resume
1825727,191,1,,,resume
1825727,191,1,,,pause
1825727,191,1,,,resume
1825752,187,1,,,resume
1825887,220,1,,,pause
1825970,220,1,,,resume
1826002,134,2,,,pause
1826033,93,2,,,pause
1826033,93,2,,,resume
1826085,134,2,,,resume
1826168,134,2,,,pause
1826199,93,2,,,pause
1826235,132,2,,,pause
1826251,134,2,,,resume
1826282,93,2,,,resume
1826318,132,2,,,resume
1826392,155,1,,,pause
1826392,155,1,,,resume
1826448,93,2,,,pause
1826557,154,1,,,pause
1826557,154,1,,,resume
1826615,93,2,,,resume
1826625,219,2,,,pause
1826708,219,2,,,resume
1826708,219,2,,,pause
1826781,93,2,,,pause
1826791,219,2,,,resume
1826864,93,2,,,resume
1826864,93,2,,,pause
1826864,93,2,,,resume
1827361,153,2,,,pause
1827444,153,2,,,resume
1827444,153,2,,,pause
1827611,153,2,,,resume
1827611,153,2,,,pause
1827694,153,2,,,resume
1830140,132,2,,,pause
1830223,132,2,,,resume
1830443,235,2,,,pause
1830526,235,2,,,resume
1830555,132,2,,,pause
1830596,216,2,,,pause
1830596,216,2,,,resume
1830645,190,1,,,pause
1830645,190,1,,,resume
1830690,186,1,,,pause
1830690,186,1,,,resume
1830721,132,2,,,resume
1830728,190,1,,,pause
1830811,190,1,,,resume
1830811,190,1,,,pause
1830811,190,1,,,resume
1831227,190,1,,,pause
1831227,190,1,,,resume
1831310,190,1,,,pause
1831310,190,1,,,resume
1831386,132,2,,,pause
1831469,132,2,,,resume
1831541,155,1,,,pause
1831601,208,2,,,pause
1831680,223,2,,,pause
1831680,223,2,,,resume
1831684,208,2,,,resume
1831707,155,1,,,resume
1831712,154,1,,,pause
1831712,154,1,,,resume
1832596,153,2,,,pause
1832679,153,2,,,resume
1832679,153,2,,,pause
1832762,153,2,,,resume
1833314,89,2,,,pause
1833314,89,2,,,resume
1834236,134,2,,,pause
1834236,134,2,,,resume
1834600,219,2,,,pause
1834600,219,2,,,resume
1835458,135,2,,,pause
1835458,135,2,,,resume
1835749,216,2,,,pause
1835749,216,2,,,resume
1835798,190,1,,,pause
1835798,190,1,,,resume
1835837,156,1,,,pause
1835840,186,1,,,pause
1835845,235,2,,,pause
1835881,190,1,,,pause
1835920,156,1,,,resume
1835923,186,1,,,resume
1835928,235,2,,,resume
1835964,190,1,,,resume
1835964,190,1,,,pause
1835964,190,1,,,resume
1836172,186,1,,,pause
1836253,222,1,,,pause
1836255,186,1,,,resume
1836314,134,2,,,pause
1836314,134,2,,,resume
1836336,222,1,,,resume
1836421,222,1,,,pause
1836505,222,1,,,resume
1836738,158,1,,,pause
1836756,208,2,,,pause
1836833,223,2,,,pause
1836833,223,2,,,resume
1836839,208,2,,,resume
1836907,158,1,,,resume
1837094,219,2,,,pause
1837260,219,2,,,resume
1837666,153,2,,,pause
1837749,153,2,,,resume
1838131,89,2,,,pause
1838297,89,2,,,resume
1838813,77,2,,,pause
1838813,77,2,,,resume
1839046,133,2,,,pause
1839046,133,2,,,resume
1839062,77,2,,,pause
1839062,134,2,,,pause
1839062,134,2,,,resume
1839129,133,2,,,pause
1839145,77,2,,,resume
1839212,133,2,,,resume
1839212,133,2,,,pause
1839212,133,2,,,resume
1839395,134,2,,,pause
1839395,134,2,,,resume
1839478,134,2,,,pause
1839561,134,2,,,resume
1839727,134,2,,,pause
1839810,134,2,,,resume
1839854,93,2,,,pause
1840103,93,2,,,resume
1840201,132,2,,,pause
1840278,191,1,,,pause
1840278,191,1,,,resume
1840368,132,2,,,resume
1840391,134,2,,,pause
1840391,134,2,,,resume
1840411,153,2,,,pause
1840494,153,2,,,resume
1840561,223,1,,,pause
1840644,223,1,,,resume
1840644,223,1,,,pause
1840727,223,1,,,resume
1840776,191,1,,,pause
1840776,191,1,,,resume
1840799,187,1,,,pause
1840882,187,1,,,resume
1840882,187,1,,,pause
1840890,216,1,,,pause
1840893,223,1,,,pause
1840952,190,1,,,pause
1840965,187,1,,,resume
1840973,216,1,,,resume
1840976,223,1,,,resume
1840976,223,1,,,pause
1840998,235,2,,,pause
1841035,190,1,,,resume
1841059,223,1,,,resume
1841081,235,2,,,resume
1841081,235,2,,,pause
1841087,220,2,,,pause
1841087,220,2,,,resume
1841108,191,1,,,pause
1841191,191,1,,,resume
1841246,222,1,,,pause
1841329,222,1,,,resume
1841329,222,1,,,pause
1841329,222,1,,,resume
1841330,235,2,,,resume
1841486,216,2,,,pause
1841486,216,2,,,resume
1841490,186,1,,,pause
1841573,186,1,,,resume
1841580,222,1,,,pause
1841664,222,1,,,resume
1841830,222,1,,,pause
1841913,222,1,,,resume
1842427,93,2,,,pause
1842510,93,2,,,resume
1842987,153,2,,,pause
1843070,153,2,,,resume
1843285,89,2,,,pause
1843451,89,2,,,resume
1845259,93,2,,,pause
1845342,93,2,,,resume
1845546,134,2,,,pause
1845546,134,2,,,resume
1845712,134,2,,,pause
1845796,134,2,,,resume
1845900,219,2,,,pause
1845900,219,2,,,resume
1845951,187,1,,,pause
1846034,187,1,,,resume
1846044,216,1,,,pause
1846117,187,1,,,pause
1846127,216,1,,,resume
1846127,216,1,,,pause
1846148,222,1,,,pause
1846200,187,1,,,resume
1846210,216,1,,,resume
1846228,159,1,,,pause
1846228,159,1,,,resume
1846231,222,1,,,resume
1846241,220,2,,,pause
1846241,220,2,,,resume
1846795,181,2,,,pause
1846798,223,1,,,pause
1846798,223,1,,,resume
1846836,93,2,,,pause
1846878,181,2,,,resume
1846919,93,2,,,resume
1847002,93,2,,,pause
1847040,216,1,,,pause
1847123,216,1,,,resume
1847168,93,2,,,resume
1847666,93,2,,,pause
1847749,93,2,,,resume
1847749,93,2,,,pause
1847832,93,2,,,resume
1848419,135,2,,,pause
1848419,135,2,,,resume
1848438,89,2,,,pause
1848604,89,2,,,resume
1848765,210,2,,,pause
1848848,210,2,,,resume
1849759,132,2,,,pause
1849842,132,2,,,resume
1849842,132,2,,,pause
1849925,132,2,,,resume
1849925,132,2,,,pause
1850008,132,2,,,resume
1850260,210,2,,,pause
1850260,210,2,,,resume
1850340,132,2,,,pause
1850423,132,2,,,resume
1850423,132,2,,,pause
1850450,216,1,,,pause
1850533,216,1,,,resume
1850569,220,1,,,pause
1850616,216,1,,,pause
1850653,220,1,,,resume
1850672,132,2,,,resume
1850699,216,1,,,resume
1851210,216,2,,,pause
1851210,216,2,,,resume
1851226,208,2,,,pause
1851226,208,2,,,resume
1851293,216,2,,,pause
1851293,216,2,,,resume
1851298,159,1,,,pause
1851298,159,1,,,resume
1851367,158,1,,,pause
1851381,159,1,,,pause
1851381,159,1,,,resume
1851397,220,2,,,pause
1851397,220,2,,,resume
1851417,191,1,,,pause
1851533,158,1,,,resume
1851558,222,1,,,pause
1851558,222,1,,,resume
1851576,93,2,,,pause
1851576,93,2,,,resume
1851584,191,1,,,resume
1851584,191,1,,,pause
1851584,191,1,,,resume
1851592,210,2,,,pause
1851592,210,2,,,resume
1851796,159,1,,,pause
1851796,159,1,,,resume
1851953,223,1,,,pause
1851953,223,1,,,resume
1851999,191,1,,,pause
1851999,191,1,,,resume
1852028,216,1,,,pause
1852031,158,1,,,pause
1852074,93,2,,,pause
1852111,216,1,,,resume
1852157,93,2,,,resume
1852157,93,2,,,pause
1852157,93,2,,,resume
1852197,158,1,,,resume
1852218,219,2,,,pause
1852384,219,2,,,resume
1852384,219,2,,,pause
1852384,219,2,,,resume
1852406,93,2,,,pause
1852467,219,2,,,pause
1852489,93,2,,,resume
1852489,93,2,,,pause
1852550,219,2,,,resume
1852572,93,2,,,resume
1853568,135,2,,,pause
1853568,135,2,,,resume
1853676,89,2,,,pause
1853759,89,2,,,resume
1853918,210,2,,,pause
1854001,210,2,,,resume
1855126,219,2,,,pause
1855209,219,2,,,resume
1855408,155,1,,,pause
1855408,155,1,,,resume
1855412,210,2,,,pause
1855412,210,2,,,resume
1855657,155,1,,,pause
1855742,155,1,,,resume
1855857,134,2,,,pause
1856151,93,2,,,pause
1856190,134,2,,,resume
1856204,235,2,,,pause
1856234,93,2,,,resume
1856288,235,2,,,resume
1856343,187,1,,,pause
1856369,159,1,,,pause
1856426,187,1,,,resume
1856452,159,1,,,resume
1856655,191,1,,,pause
1856714,222,1,,,pause
1856714,222,1,,,resume
1856735,93,2,,,pause
1856735,93,2,,,resume
1856738,191,1,,,resume
1856738,191,1,,,pause
1856738,191,1,,,resume
1856744,210,2,,,pause
1856744,210,2,,,resume
1856856,134,2,,,pause
1856939,134,2,,,resume
1856950,159,1,,,pause
1856950,159,1,,,resume
1857319,93,2,,,pause
1857402,93,2,,,resume
1857402,93,2,,,pause
1857402,93,2,,,resume
1857570,93,2,,,pause
1857653,93,2,,,resume
1857653,93,2,,,pause
1857737,93,2,,,resume
1860146,93,2,,,pause
1860229,93,2,,,resume
1860403,132,2,,,pause
1860486,132,2,,,resume
1860564,210,2,,,pause
1860564,210,2,,,resume
1860643,135,2,,,pause
1860643,135,2,,,resume
1860726,135,2,,,pause
1860726,135,2,,,resume
1860809,135,2,,,pause
1860809,135,2,,,resume
1861058,135,2,,,pause
1861058,135,2,,,resume
1861107,153,2,,,pause
1861142,93,2,,,pause
1861190,153,2,,,resume
1861225,93,2,,,resume
1861225,93,2,,,pause
1861309,93,2,,,resume
1861517,216,2,,,pause
1861517,216,2,,,resume
1861524,159,1,,,pause
1861607,159,1,,,resume
1861607,159,1,,,pause
1861664,187,1,,,pause
1861664,187,1,,,resume
1861685,216,2,,,pause
1861685,216,2,,,resume
1861690,159,1,,,resume
1861806,135,2,,,pause
1861806,135,2,,,resume
1861977,191,1,,,pause
1861977,191,1,,,resume
1862122,222,1,,,pause
1862206,222,1,,,resume
1862271,153,2,,,pause
1862354,153,2,,,resume
1865747,216,1,,,pause
1865801,210,2,,,pause
1865830,216,1,,,resume
1865884,210,2,,,resume
1865951,220,2,,,pause
1865951,220,2,,,resume
1866010,235,2,,,pause
1866010,235,2,,,resume
1866358,220,1,,,pause
1866358,220,1,,,resume
1866510,235,2,,,pause
1866510,235,2,,,resume
1866759,159,1,,,pause
1866843,159,1,,,resume
1866865,220,2,,,pause
1866865,220,2,,,resume
1867047,191,1,,,pause
1867051,210,2,,,pause
1867051,210,2,,,resume
1867068,218,1,,,pause
1867130,191,1,,,resume
1867152,218,1,,,resume
1867152,218,1,,,pause
1867183,214,2,,,pause
1867183,214,2,,,resume
1867196,208,2,,,pause
1867235,218,1,,,resume
1867254,134,2,,,pause
1867254,134,2,,,resume
1867275,222,1,,,pause
1867279,208,2,,,resume
1867360,222,1,,,resume
1867868,219,1,,,pause
1867868,219,1,,,resume
1868585,153,2,,,pause
1868753,153,2,,,resume
1868753,153,2,,,pause
1868753,153,2,,,resume
1870249,134,2,,,pause
1870332,134,2,,,resume
1870900,216,1,,,pause
1870983,216,1,,,resume
1871037,210,2,,,pause
1871106,220,2,,,pause
1871106,220,2,,,resume
1871120,210,2,,,resume
1871161,235,2,,,pause
1871161,235,2,,,resume
1871371,191,1,,,pause
1871374,132,2,,,pause
1871454,191,1,,,resume
1871511,220,1,,,pause
1871578,219,2,,,pause
1871578,219,2,,,resume
1871594,220,1,,,resume
1871624,132,2,,,resume
1871654,223,2,,,pause
1871661,235,2,,,pause
1871737,223,2,,,resume
1871745,235,2,,,resume
1871745,235,2,,,pause
1871745,235,2,,,resume
1871828,235,2,,,pause
1871828,235,2,,,resume
1871870,191,1,,,pause
1871870,191,1,,,resume
1872202,191,1,,,pause
1872285,191,1,,,resume
1872285,191,1,,,pause
1872285,191,1,,,resume
1872658,219,2,,,pause
1872658,219,2,,,resume
1872741,219,2,,,pause
1872825,219,2,,,resume
1873454,155,1,,,pause
1873454,155,1,,,resume
1873904,153,2,,,pause
1873987,153,2,,,resume
1875404,134,2,,,pause
1875571,134,2,,,resume
1876178,135,2,,,pause
1876178,135,2,,,resume
1876272,210,2,,,pause
1876277,155,1,,,pause
1876277,155,1,,,resume
1876355,210,2,,,resume
1876485,134,2,,,pause
1876527,191,1,,,pause
1876568,134,2,,,resume
1876610,191,1,,,resume
1876623,187,1,,,pause
1876707,187,1,,,resume
1876900,159,1,,,pause
1876983,159,1,,,resume
1877021,190,1,,,pause
1877021,190,1,,,resume
1877025,191,1,,,pause
1877025,191,1,,,resume
1877066,159,1,,,pause
1877123,187,1,,,pause
1877149,159,1,,,resume
1877206,187,1,,,resume
1877357,191,1,,,pause
1877523,191,1,,,resume
1877689,191,1,,,pause
1877689,191,1,,,resume
1877714,216,1,,,pause
1877880,216,1,,,resume
1878222,223,2,,,pause
1878262,219,1,,,pause
1878262,219,1,,,resume
1878388,223,2,,,resume
1878388,223,2,,,pause
1878471,223,2,,,resume
1878606,155,1,,,pause
1878606,155,1,,,resume
1879057,153,2,,,pause
1879140,153,2,,,resume
1880325,73,2,,,pause
1880325,73,2,,,resume
1880376,133,2,,,pause
1880460,133,2,,,resume
1880460,133,2,,,pause
1880544,133,2,,,resume
1880544,133,2,,,pause
1880627,133,2,,,resume
1881429,93,2,,,pause
1881512,93,2,,,resume
1881550,235,2,,,pause
1881550,235,2,,,resume
1881595,93,2,,,pause
1881595,93,2,,,resume
1881633,235,2,,,pause
1881633,235,2,,,resume
1882133,235,2,,,pause
1882179,190,1,,,pause
1882179,190,1,,,resume
1882216,235,2,,,resume
1882216,235,2,,,pause
1882216,235,2,,,resume
1882221,159,1,,,pause
1882221,159,1,,,resume
1882232,220,1,,,pause
1882315,220,1,,,resume
1883172,93,2,,,pause
1883255,93,2,,,resume
1883334,219,1,,,pause
1883419,219,1,,,resume
1883464,153,2,,,pause
1883464,153,2,,,resume
1883542,223,2,,,pause
1883542,223,2,,,resume
1883700,216,1,,,pause
1883783,216,1,,,resume
1884046,153,2,,,pause
1884259,132,2,,,pause
1884295,153,2,,,resume
1884303,134,2,,,pause
1884303,134,2,,,resume
1884342,132,2,,,resume
1884386,134,2,,,pause
1884469,134,2,,,resume
1886199,223,2,,,pause
1886282,223,2,,,resume
1886581,93,2,,,pause
1886667,93,2,,,resume
1886750,93,2,,,pause
1886750,93,2,,,resume
1886786,235,2,,,pause
1886786,235,2,,,resume
1886798,134,2,,,pause
1886882,134,2,,,resume
1886965,134,2,,,pause
1887001,132,2,,,pause
1887048,134,2,,,resume
1887084,132,2,,,resume
1887286,235,2,,,pause
1887332,190,1,,,pause
1887332,190,1,,,resume
1887362,223,2,,,pause
1887369,235,2,,,resume
1887369,235,2,,,pause
1887374,159,1,,,pause
1887374,159,1,,,resume
1887528,223,2,,,resume
1887620,235,2,,,resume
1887699,89,2,,,pause
1887699,89,2,,,resume
1887822,208,2,,,pause
1887822,208,2,,,resume
1888078,210,2,,,pause
1888078,210,2,,,resume
1888718,73,2,,,pause
1888718,73,2,,,resume
1889941,89,2,,,pause
1889941,89,2,,,resume
1890796,73,2,,,pause
1890796,73,2,,,resume
1891649,93,2,,,pause
1891732,93,2,,,resume
1891732,93,2,,,pause
1891815,93,2,,,resume
1891855,153,2,,,pause
1891898,93,2,,,pause
1891898,93,2,,,resume
1891938,153,2,,,resume
1892527,159,1,,,pause
1892527,159,1,,,resume
1892853,89,2,,,pause
1892853,89,2,,,resume
1892983,93,2,,,pause
1893011,216,1,,,pause
1893066,93,2,,,resume
1893094,216,1,,,resume
1893102,153,2,,,pause
1893120,134,2,,,pause
1893120,134,2,,,resume
1893185,153,2,,,resume
1893286,134,2,,,pause
1893369,134,2,,,resume
1893596,223,2,,,pause
1893679,223,2,,,resume
1893873,73,2,,,pause
1893873,73,2,,,resume
1894007,216,1,,,pause
1894090,216,1,,,resume
1894408,135,2,,,pause
1894408,135,2,,,resume
1894491,135,2,,,pause
1894491,135,2,,,resume
1894574,135,2,,,pause
1894574,135,2,,,resume
1894699,134,2,,,pause
1894782,134,2,,,resume
1894786,73,2,,,pause
1894786,73,2,,,resume
1895452,73,2,,,pause
1895452,73,2,,,resume
1896315,132,2,,,pause
1896359,134,2,,,pause
1896398,132,2,,,resume
1896505,223,2,,,pause
1896525,134,2,,,resume
1896588,223,2,,,resume
1896666,135,2,,,pause
1896730,132,2,,,pause
1896749,135,2,,,resume
1896813,132,2,,,resume
1896813,132,2,,,pause
1896889,93,2,,,pause
1896896,191,1,,,pause
1896896,132,2,,,resume
1896896,191,1,,,resume
1896972,93,2,,,resume
1896972,93,2,,,pause
1897002,216,1,,,pause
1897002,216,1,,,resume
1897039,210,2,,,pause
1897055,93,2,,,resume
1897086,223,2,,,pause
1897122,210,2,,,resume
1897145,191,1,,,pause
1897145,191,1,,,resume
1897169,223,2,,,resume
1897221,93,2,,,pause
1897221,93,2,,,resume
1897422,235,2,,,pause
1897496,135,2,,,pause
1897496,135,2,,,resume
1897505,235,2,,,resume
1897547,156,1,,,pause
1897560,191,1,,,pause
1897630,156,1,,,resume
1897640,190,1,,,pause
1897640,190,1,,,resume
1897643,191,1,,,resume
1897643,191,1,,,pause
1897681,159,1,,,pause
1897681,159,1,,,resume
1897726,191,1,,,resume
1897847,159,1,,,pause
1897847,159,1,,,resume
1897911,135,2,,,pause
1897911,135,2,,,resume
1897922,89,2,,,pause
1898006,89,2,,,resume
1898138,93,2,,,pause
1898140,93,2,,,resume
1898330,216,1,,,pause
1898342,223,1,,,pause
1898413,216,1,,,resume
1898425,223,1,,,resume
1898425,223,1,,,pause
1898508,223,1,,,resume
1898508,223,1,,,pause
1898508,223,1,,,resume
1898592,223,1,,,pause
1898592,223,1,,,resume
1899035,73,2,,,pause
1899035,73,2,,,resume
1899341,89,2,,,pause
1899507,89,2,,,resume
1899575,216,1,,,pause
1899575,216,1,,,resume
1899672,153,2,,,pause
1899755,153,2,,,resume
1901118,135,2,,,pause
1901201,135,2,,,resume
1901742,223,2,,,pause
1901742,223,2,,,resume
1901796,155,1,,,pause
1901879,155,1,,,resume
1902155,216,1,,,pause
1902212,93,2,,,pause
1902212,93,2,,,resume
1902239,216,1,,,resume
1902244,219,2,,,pause
1902244,219,2,,,resume
1902405,216,1,,,pause
1902489,216,1,,,resume
1902573,223,2,,,pause
1902575,235,2,,,pause
1902656,223,2,,,resume
1902700,156,1,,,pause
1902700,156,1,,,resume
1902741,235,2,,,resume
1902798,190,1,,,pause
1902798,190,1,,,resume
1902821,216,1,,,pause
1902904,216,1,,,resume
1902965,190,1,,,pause
1902965,190,1,,,resume
1903079,89,2,,,pause
1903162,89,2,,,resume
1903256,220,1,,,pause
1903339,220,1,,,resume
1903486,216,1,,,pause
1903652,216,1,,,resume
1903791,93,2,,,pause
1903875,93,2,,,resume
1903988,219,2,,,pause
1904071,219,2,,,resume
1904413,89,2,,,pause
1904496,89,2,,,resume
1904496,89,2,,,pause
1904577,153,2,,,pause
1904660,153,2,,,resume
1904660,153,2,,,pause
1904662,89,2,,,resume
1904827,153,2,,,resume
1904827,153,2,,,pause
1904848,134,2,,,pause
1904848,134,2,,,resume
1904910,153,2,,,resume
1904910,153,2,,,pause
1904931,134,2,,,pause
1904993,153,2,,,resume
1905097,134,2,,,resume
1905346,134,2,,,pause
1905346,134,2,,,resume
1906312,135,2,,,pause
1906382,187,1,,,pause
1906395,135,2,,,resume
1906465,187,1,,,resume
1906465,187,1,,,pause
1906548,187,1,,,resume
1906715,187,1,,,pause
1906798,187,1,,,resume
1906945,155,1,,,pause
1907028,155,1,,,resume
1907039,191,1,,,pause
1907039,191,1,,,resume
1907367,93,2,,,pause
1907367,93,2,,,resume
1907538,132,2,,,pause
1907621,132,2,,,resume
1907853,156,1,,,pause
1907853,156,1,,,resume
1907952,190,1,,,pause
1907952,190,1,,,resume
1908035,191,1,,,pause
1908035,191,1,,,resume
1908119,190,1,,,pause
1908119,190,1,,,resume
1908138,135,2,,,pause
1908138,135,2,,,resume
1908696,93,2,,,pause
1908862,93,2,,,resume
1908945,93,2,,,pause
1909028,93,2,,,resume
1909726,89,2,,,pause
1909810,89,2,,,resume
1909810,89,2,,,pause
1909810,89,2,,,resume
1910395,89,2,,,pause
1910465,216,1,,,pause
1910479,89,2,,,resume
1910548,216,1,,,resume
1911714,223,2,,,pause
1911797,223,2,,,resume
1911797,223,2,,,pause
1911797,223,2,,,resume
1912063,159,1,,,pause
1912146,159,1,,,resume
1912181,155,1,,,pause
1912264,155,1,,,resume
1912277,132,2,,,pause
1912277,132,2,,,resume
1912310,223,1,,,pause
1912310,223,1,,,resume
1912353,219,1,,,pause
1912393,223,1,,,pause
1912393,223,1,,,resume
1912436,219,1,,,resume
1912442,191,1,,,pause
1912496,134,2,,,pause
1912525,191,1,,,resume
1912579,134,2,,,resume
1912691,191,1,,,pause
1912691,191,1,,,resume
1913025,190,1,,,pause
1913025,190,1,,,resume
1913032,187,1,,,pause
1913032,187,1,,,resume
1913128,216,1,,,pause
1913128,216,1,,,resume
1913190,191,1,,,pause
1913190,191,1,,,resume
1913225,159,1,,,pause
1913253,210,2,,,pause
1913253,210,2,,,resume
1913275,190,1,,,pause
1913275,190,1,,,resume
1913286,158,1,,,pause
1913308,159,1,,,resume
1913356,191,1,,,pause
1913356,191,1,,,resume
1913369,158,1,,,resume
1913439,191,1,,,pause
1913522,191,1,,,resume
1913642,220,1,,,pause
1913642,220,1,,,resume
1913793,216,1,,,pause
1913876,216,1,,,resume
1915158,134,2,,,pause
1915241,134,2,,,resume
1917219,133,2,,,pause
1917332,222,2,,,pause
1917332,222,2,,,resume
1917385,133,2,,,resume
1918177,190,1,,,pause
1918177,190,1,,,resume
1918344,190,1,,,pause
1918405,210,2,,,pause
1918405,210,2,,,resume
1918427,190,1,,,resume
1918447,235,2,,,pause
1918530,235,2,,,resume
1918538,89,2,,,pause
1918622,89,2,,,resume
1918755,93,2,,,pause
1918793,220,1,,,pause
1918838,93,2,,,resume
1918876,220,1,,,resume
1919029,216,1,,,pause
1919087,93,2,,,pause
1919112,216,1,,,resume
1919170,93,2,,,resume
1919253,93,2,,,pause
1919419,93,2,,,resume
1919950,89,2,,,pause
1919950,89,2,,,resume
1920182,135,2,,,pause
1920182,135,2,,,resume
1920230,134,2,,,pause
1920396,134,2,,,resume
1920396,134,2,,,pause
1920479,134,2,,,resume
1920531,89,2,,,pause
1920614,89,2,,,resume
1922021,223,2,,,pause
1922104,223,2,,,resume
1922104,223,2,,,pause
1922104,223,2,,,resume
1923340,187,1,,,pause
1923423,187,1,,,resume
1923423,187,1,,,pause
1923423,187,1,,,resume
1923434,235,2,,,pause
1923517,235,2,,,resume
1923726,134,2,,,pause
1923809,134,2,,,resume
1924185,216,1,,,pause
1924185,216,1,,,resume
1924512,223,2,,,pause
1924512,223,2,,,resume
1925187,89,2,,,pause
1925187,153,2,,,pause
1925270,153,2,,,resume
1925334,135,2,,,pause
1925347,216,1,,,pause
1925353,89,2,,,resume
1925353,153,2,,,pause
1925418,135,2,,,resume
1925430,216,1,,,resume
1925436,153,2,,,resume
1925436,153,2,,,pause
1925519,153,2,,,resume
1925555,134,2,,,pause
1925638,134,2,,,resume
1925638,134,2,,,pause
1925685,89,2,,,pause
1925721,134,2,,,resume
1925768,89,2,,,resume
1925768,89,2,,,pause
1925851,89,2,,,resume
1925851,89,2,,,pause
1925934,89,2,,,resume
1926468,134,2,,,pause
1926551,134,2,,,resume
1926551,134,2,,,pause
1926579,208,2,,,pause
1926579,208,2,,,resume
1926634,134,2,,,resume
1926634,134,2,,,pause
1926718,134,2,,,resume
1927173,223,2,,,pause
1927256,223,2,,,resume
1927256,223,2,,,pause
1927256,223,2,,,resume
1927321,132,2,,,pause
1927487,132,2,,,resume
1927799,134,2,,,pause
1928048,134,2,,,resume
1928069,132,2,,,pause
1928152,132,2,,,resume
1928587,235,2,,,pause
1928654,190,1,,,pause
1928670,235,2,,,resume
1928738,190,1,,,resume
1928739,135,2,,,pause
1928822,135,2,,,resume
1928822,135,2,,,pause
1928905,135,2,,,resume
1929664,219,2,,,pause
1929664,219,2,,,resume
1930483,135,2,,,pause
1930567,135,2,,,resume
1930588,153,2,,,pause
1930671,153,2,,,resume
1931253,89,2,,,pause
1931336,89,2,,,resume
1932150,214,2,,,pause
1932150,214,2,,,resume
1932326,223,2,,,pause
1932409,223,2,,,resume
1932409,223,2,,,pause
1932409,223,2,,,resume
1932729,135,2,,,pause
1932760,159,1,,,pause
1932812,135,2,,,resume
1932812,135,2,,,pause
1932843,159,1,,,resume
1932895,135,2,,,resume
1933019,93,2,,,pause
1933019,93,2,,,resume
1933204,134,2,,,pause
1933255,220,1,,,pause
1933255,220,1,,,resume
1933287,134,2,,,resume
1933312,222,1,,,pause
1933312,222,1,,,resume
1933323,235,2,,,pause
1933338,220,1,,,pause
1933338,220,1,,,resume
1933395,222,1,,,pause
1933395,222,1,,,resume
1933406,235,2,,,resume
1933406,235,2,,,pause
1933406,235,2,,,resume
1933478,222,1,,,pause
1933489,235,2,,,pause
1933561,222,1,,,resume
1933561,222,1,,,pause
1933562,187,1,,,pause
1933572,235,2,,,resume
1933584,89,2,,,pause
1933635,220,2,,,pause
1933635,220,2,,,resume
1933645,222,1,,,resume
1933645,187,1,,,resume
1933667,89,2,,,resume
1933667,89,2,,,pause
1933750,89,2,,,resume
1933895,187,1,,,pause
1933895,187,1,,,resume
1933978,222,1,,,pause
1933978,222,1,,,resume
1934144,222,1,,,pause
1934144,222,1,,,resume
1934602,93,2,,,pause
1934685,93,2,,,resume
1934768,93,2,,,pause
1934851,93,2,,,resume
1934913,89,2,,,pause
1934996,89,2,,,resume
1935079,89,2,,,pause
1935079,89,2,,,resume
1935178,133,2,,,pause
1935178,133,2,,,resume
1935578,89,2,,,pause
1935657,153,2,,,pause
1935657,153,2,,,resume
1935661,89,2,,,resume
1935661,89,2,,,pause
1935661,89,2,,,resume
1935842,133,2,,,pause
1935926,133,2,,,resume
1935993,89,2,,,pause
1936076,89,2,,,resume
1936076,89,2,,,pause
1936325,89,2,,,resume
1936325,89,2,,,pause
1936408,89,2,,,resume
1936508,133,2,,,pause
1936591,133,2,,,resume
1936591,133,2,,,pause
1936674,133,2,,,resume
1936864,134,2,,,pause
1937030,134,2,,,resume
1937066,135,2,,,pause
1937149,135,2,,,resume
1937149,135,2,,,pause
1937149,135,2,,,resume
1937232,135,2,,,pause
1937299,214,2,,,pause
1937299,214,2,,,resume
1937315,135,2,,,resume
1937705,222,2,,,pause
1937705,222,2,,,resume
1937716,132,2,,,pause
1937799,132,2,,,resume
1937955,222,2,,,pause
1937955,222,2,,,resume
1938110,134,2,,,pause
1938276,134,2,,,resume
1938276,134,2,,,pause
1938325,220,1,,,pause
1938325,220,1,,,resume
1938359,134,2,,,resume
1938359,134,2,,,pause
1938380,132,2,,,pause
1938408,220,1,,,pause
1938408,220,1,,,resume
1938442,134,2,,,resume
1938463,132,2,,,resume
1938491,220,1,,,pause
1938491,220,1,,,resume
1938708,220,2,,,pause
1938791,220,2,,,resume
1939049,187,1,,,pause
1939132,187,1,,,resume
1940048,187,1,,,pause
1940131,187,1,,,resume
1940214,187,1,,,pause
1940214,187,1,,,resume
1943091,156,1,,,pause
1943091,156,1,,,resume
1943254,93,2,,,pause
1943337,93,2,,,resume
1943420,93,2,,,pause
1943587,93,2,,,resume
1943670,93,2,,,pause
1943717,191,1,,,pause
1943717,191,1,,,resume
1943753,93,2,,,resume
1943753,93,2,,,pause
1943753,93,2,,,resume
1943795,235,2,,,pause
1943836,93,2,,,pause
1943836,93,2,,,resume
1943878,235,2,,,resume
1943952,190,1,,,pause
1944049,191,1,,,pause
1944049,191,1,,,resume
1944069,223,1,,,pause
1944069,223,1,,,resume
1944120,190,1,,,resume
1944142,89,2,,,pause
1944225,89,2,,,resume
1944287,187,1,,,pause
1944318,223,1,,,pause
1944318,223,1,,,resume
1944370,187,1,,,resume
1944370,187,1,,,pause
1944453,187,1,,,resume
1944511,186,1,,,pause
1944594,186,1,,,resume
1944667,93,2,,,pause
1944750,93,2,,,resume
1944750,93,2,,,pause
1945000,93,2,,,resume
1945121,219,2,,,pause
1945204,219,2,,,resume
1945286,187,1,,,pause
1945369,187,1,,,resume
1945369,187,1,,,pause
1945452,187,1,,,resume
1946182,134,2,,,pause
1946344,73,2,,,pause
1946344,73,2,,,resume
1946348,134,2,,,resume
1947178,134,2,,,pause
1947261,134,2,,,resume
1947285,135,2,,,pause
1947368,135,2,,,resume
1947368,135,2,,,pause
1947534,135,2,,,resume
1947534,135,2,,,pause
1947534,135,2,,,resume
1947708,216,1,,,pause
1947791,216,1,,,resume
1947945,187,1,,,pause
1948026,132,2,,,pause
1948028,187,1,,,resume
1948028,187,1,,,pause
1948111,187,1,,,resume
1948117,223,2,,,pause
1948117,223,2,,,resume
1948192,132,2,,,resume
1948244,156,1,,,pause
1948244,156,1,,,resume
1948445,219,2,,,pause
1948528,219,2,,,resume
1948528,219,2,,,pause
1948611,219,2,,,resume
1948690,132,2,,,pause
1948694,219,2,,,pause
1948773,132,2,,,resume
1948777,219,2,,,resume
1949025,158,1,,,pause
1949108,158,1,,,resume
1949221,223,1,,,pause
1949304,223,1,,,resume
1949362,135,2,,,pause
1949445,135,2,,,resume
1949470,223,1,,,pause
1949553,223,1,,,resume
1951166,153,2,,,pause
1951166,153,2,,,resume
1951336,134,2,,,pause
1951502,134,2,,,resume
1952336,134,2,,,pause
1952419,134,2,,,resume
1952944,216,1,,,pause
1952944,216,1,,,resume
1953262,132,2,,,pause
1953264,187,1,,,pause
1953264,187,1,,,resume
1953269,223,2,,,pause
1953346,132,2,,,resume
1953352,223,2,,,resume
1953395,156,1,,,pause
1953395,156,1,,,resume
1953444,216,1,,,pause
1953528,216,1,,,resume
1954043,220,1,,,pause
1954123,218,1,,,pause
1954126,220,1,,,resume
1954206,218,1,,,resume
1954360,216,1,,,pause
1954377,223,1,,,pause
1954443,216,1,,,resume
1954458,220,1,,,pause
1954460,223,1,,,resume
1954541,220,1,,,resume
1954543,223,1,,,pause
1954543,223,1,,,resume
1954626,223,1,,,pause
1954776,216,1,,,pause
1954792,223,1,,,resume
1954859,216,1,,,resume
1955611,89,2,,,pause
1955694,89,2,,,resume
1956275,89,2,,,pause
1956317,153,2,,,pause
1956317,153,2,,,resume
1956358,89,2,,,resume
1956408,134,2,,,pause
1956491,134,2,,,resume
1956774,89,2,,,pause
1956857,89,2,,,resume
1956857,89,2,,,pause
1956940,89,2,,,resume
1956940,89,2,,,pause
1957023,89,2,,,resume
1957715,133,2,,,pause
1957715,133,2,,,resume
1958031,220,1,,,pause
1958031,220,1,,,resume
1958076,77,2,,,pause
1958173,77,2,,,resume
1958303,93,2,,,pause
1958303,93,2,,,resume
1958574,222,2,,,pause
1958657,222,2,,,resume
1958799,186,1,,,pause
1958799,186,1,,,resume
1959194,220,1,,,pause
1959277,218,1,,,pause
1959360,220,1,,,resume
1959361,218,1,,,resume
1959429,216,1,,,pause
1959497,187,1,,,pause
1959512,216,1,,,resume
1959526,220,1,,,pause
1959547,186,1,,,pause
1959547,186,1,,,resume
1959580,187,1,,,resume
1959580,187,1,,,pause
1959630,186,1,,,pause
1959630,186,1,,,resume
1959663,187,1,,,resume
1959663,187,1,,,pause
1959692,220,1,,,resume
1959746,187,1,,,resume
1959819,134,2,,,pause
1959819,134,2,,,resume
1959859,218,1,,,pause
1959942,218,1,,,resume
1960011,216,1,,,pause
1960095,216,1,,,resume
1960462,93,2,,,pause
1960628,93,2,,,resume
1961397,134,2,,,pause
1961470,153,2,,,pause
1961470,153,2,,,resume
1961480,134,2,,,resume
1961480,134,2,,,pause
1961563,134,2,,,resume
1961563,134,2,,,pause
1961563,134,2,,,resume
1961729,134,2,,,pause
1961812,134,2,,,resume
1961812,134,2,,,pause
1961896,134,2,,,resume
1961896,134,2,,,pause
1961979,134,2,,,resume
1961979,134,2,,,pause
1962062,134,2,,,resume
1962062,134,2,,,pause
1962062,134,2,,,resume
1962220,73,2,,,pause
1962307,73,2,,,resume
1962480,134,2,,,pause
1962648,134,2,,,resume
1962648,134,2,,,pause
1962732,134,2,,,resume
1962732,134,2,,,pause
1962732,134,2,,,resume
1963072,132,2,,,pause
1963072,132,2,,,resume
1963236,219,2,,,pause
1963319,219,2,,,resume
1963576,223,2,,,pause
1963618,186,1,,,pause
1963654,219,2,,,pause
1963659,223,2,,,resume
1963659,223,2,,,pause
1963659,223,2,,,resume
1963701,186,1,,,resume
1963737,219,2,,,resume
1963825,223,2,,,pause
1963882,154,1,,,pause
1963882,154,1,,,resume
1963908,223,2,,,resume
1963908,223,2,,,pause
1963991,223,2,,,resume
1964154,132,2,,,pause
1964156,235,2,,,pause
1964156,235,2,,,resume
1964237,132,2,,,resume
1964282,156,1,,,pause
1964282,156,1,,,resume
1964512,89,2,,,pause
1964571,235,2,,,pause
1964595,89,2,,,resume
1964595,89,2,,,pause
1964654,235,2,,,resume
1964654,235,2,,,pause
1964654,235,2,,,resume
1964656,223,2,,,pause
1964678,89,2,,,resume
1964699,186,1,,,pause
1964699,186,1,,,resume
1964739,223,2,,,resume
1964771,223,1,,,pause
1964771,223,1,,,resume
1964782,186,1,,,pause
1964782,186,1,,,resume
1964803,135,2,,,pause
1964886,135,2,,,resume
1964933,218,1,,,pause
1965016,218,1,,,resume
1965616,93,2,,,pause
1965782,93,2,,,resume
1965844,89,2,,,pause
1965960,73,2,,,pause
1966010,89,2,,,resume
1966010,89,2,,,pause
1966045,73,2,,,resume
1966045,73,2,,,pause
1966045,73,2,,,resume
1966093,89,2,,,resume
1966508,89,2,,,pause
1966589,77,2,,,pause
1966625,153,2,,,pause
1966672,77,2,,,resume
1966674,89,2,,,resume
1966708,153,2,,,resume
1966709,73,2,,,pause
1966792,73,2,,,resume
1966792,73,2,,,pause
1966875,73,2,,,resume
1967089,89,2,,,pause
1967255,89,2,,,resume
1967290,73,2,,,pause
1967340,77,2,,,pause
1967340,77,2,,,resume
1967373,73,2,,,resume
1967373,73,2,,,pause
1967373,73,2,,,resume
1968854,156,1,,,pause
1968854,156,1,,,resume
1968970,219,2,,,pause
1969037,154,1,,,pause
1969037,154,1,,,resume
1969053,219,2,,,resume
1969053,219,2,,,pause
1969089,218,1,,,pause
1969136,219,2,,,resume
1969172,218,1,,,resume
1969499,220,1,,,pause
1969582,220,1,,,resume
1969724,235,2,,,pause
1969724,235,2,,,resume
1969807,235,2,,,pause
1969890,235,2,,,resume
1969890,235,2,,,pause
1969923,223,1,,,pause
1969932,186,1,,,pause
1969973,235,2,,,resume
1970006,223,1,,,resume
1970015,186,1,,,resume
1970087,218,1,,,pause
1970122,190,1,,,pause
1970122,190,1,,,resume
1970133,134,2,,,pause
1970170,218,1,,,resume
1970205,190,1,,,pause
1970216,134,2,,,resume
1970289,190,1,,,resume
1970773,155,1,,,pause
1970856,155,1,,,resume
1971020,93,2,,,pause
1971103,93,2,,,resume
1972462,77,2,,,pause
1972462,77,2,,,resume
1972510,210,2,,,pause
1972510,210,2,,,resume
1973548,223,2,,,pause
1973629,132,2,,,pause
1973631,223,2,,,resume
1973795,132,2,,,resume
1974006,156,1,,,pause
1974006,156,1,,,resume
1974127,132,2,,,pause
1974168,186,1,,,pause
1974194,154,1,,,pause
1974194,154,1,,,resume
1974210,132,2,,,resume
1974251,186,1,,,resume
1974327,218,1,,,pause
1974410,218,1,,,resume
1974543,187,1,,,pause
1974626,187,1,,,resume
1974668,186,1,,,pause
1974668,186,1,,,resume
1974735,220,1,,,pause
1974818,220,1,,,resume
1974819,159,1,,,pause
1974875,187,1,,,pause
1974902,159,1,,,resume
1974958,187,1,,,resume
1974958,187,1,,,pause
1974992,218,1,,,pause
1975005,191,1,,,pause
1975005,191,1,,,resume
1975075,218,1,,,resume
1975207,187,1,,,resume
1975407,218,1,,,pause
1975573,218,1,,,resume
1975573,218,1,,,pause
1975656,218,1,,,resume
1975771,154,1,,,pause
1975771,154,1,,,resume
1975913,93,2,,,pause
1976079,93,2,,,resume
1976619,134,2,,,pause
1976619,134,2,,,resume
1977173,133,2,,,pause
1977257,133,2,,,resume
1977581,77,2,,,pause
1977663,210,2,,,pause
1977663,210,2,,,resume
1977664,77,2,,,resume
1978348,135,2,,,pause
1978348,135,2,,,resume
1978701,223,2,,,pause
1978784,223,2,,,resume
1978867,223,2,,,pause
1978904,186,1,,,pause
1978904,186,1,,,resume
1978950,223,2,,,resume
1979159,156,1,,,pause
1979159,156,1,,,resume
1979171,95,2,,,pause
1979171,95,2,,,resume
1979200,223,2,,,pause
1979254,95,2,,,pause
1979283,223,2,,,resume
1979320,186,1,,,pause
1979337,95,2,,,resume
1979351,154,1,,,pause
1979351,154,1,,,resume
1979358,219,2,,,pause
1979422,133,2,,,pause
1979441,219,2,,,resume
1979447,235,2,,,pause
1979505,133,2,,,resume
1979530,235,2,,,resume
1979569,186,1,,,resume
1979569,186,1,,,pause
1979569,186,1,,,resume
1979696,235,2,,,pause
1979862,235,2,,,resume
1979866,155,1,,,pause
1979866,155,1,,,resume
1979879,216,1,,,pause
1979894,212,2,,,pause
1979894,212,2,,,resume
1979962,216,1,,,resume
1979973,159,1,,,pause
1980030,223,2,,,pause
1980056,159,1,,,resume
1980067,223,1,,,pause
1980067,223,1,,,resume
1980068,186,1,,,pause
1980113,223,2,,,resume
1980151,186,1,,,resume
1980928,154,1,,,pause
1980928,154,1,,,resume
1981611,132,2,,,pause
1981694,132,2,,,resume
1981775,134,2,,,pause
1981858,134,2,,,resume
1982085,153,2,,,pause
1982168,153,2,,,resume
1982663,77,2,,,pause
1982829,77,2,,,resume
1982995,77,2,,,pause
1982995,77,2,,,resume
1983161,77,2,,,pause
1983161,77,2,,,resume
1983342,73,2,,,pause
1983342,73,2,,,resume
1984058,77,2,,,pause
1984145,77,2,,,resume
1984229,93,2,,,pause
1984229,93,2,,,resume
1984246,133,2,,,pause
1984312,156,1,,,pause
1984329,133,2,,,resume
1984356,132,2,,,pause
1984356,132,2,,,resume
1984395,156,1,,,resume
1984439,132,2,,,pause
1984439,132,2,,,resume
1984504,154,1,,,pause
1984504,154,1,,,resume
1984578,133,2,,,pause
1984578,133,2,,,resume
1984678,219,2,,,pause
1984761,219,2,,,resume
1984929,191,1,,,pause
1985012,191,1,,,resume
1985020,155,1,,,pause
1985020,155,1,,,resume
1985117,216,1,,,pause
1985200,216,1,,,resume
1985211,159,1,,,pause
1985223,223,1,,,pause
1985223,223,1,,,resume
1985294,159,1,,,resume
1985687,155,1,,,pause
1985687,155,1,,,resume
1985935,134,2,,,pause
1986019,134,2,,,resume
1986085,154,1,,,pause
1986085,154,1,,,resume
1986264,223,2,,,pause
1986264,223,2,,,resume
1986448,216,1,,,pause
1986531,216,1,,,resume
1986935,134,2,,,pause
1986935,134,2,,,resume
1987018,134,2,,,pause
1987018,134,2,,,resume
1988761,132,2,,,pause
1988927,132,2,,,resume
1988927,132,2,,,pause
1989010,132,2,,,resume
1989010,132,2,,,pause
1989135,93,2,,,pause
1989135,93,2,,,resume
1989177,132,2,,,resume
1989177,132,2,,,pause
1989177,132,2,,,resume
1989260,132,2,,,pause
1989260,132,2,,,resume
1989384,93,2,,,pause
1989426,132,2,,,pause
1989467,93,2,,,resume
1989467,93,2,,,pause
1989550,93,2,,,resume
1989675,132,2,,,resume
1989675,132,2,,,pause
1989741,154,1,,,pause
1989741,154,1,,,resume
1989759,132,2,,,resume
1989865,159,1,,,pause
1989948,159,1,,,resume
1989965,93,2,,,pause
1990131,93,2,,,resume
1990131,93,2,,,pause
1990171,155,1,,,pause
1990214,93,2,,,resume
1990251,235,2,,,pause
1990254,155,1,,,resume
1990322,190,1,,,pause
1990334,235,2,,,resume
1990375,223,1,,,pause
1990399,133,2,,,pause
1990405,190,1,,,resume
1990405,190,1,,,pause
1990458,223,1,,,resume
1990482,133,2,,,resume
1990490,190,1,,,resume
1990490,190,1,,,pause
1990490,190,1,,,resume
1990574,190,1,,,pause
1990574,190,1,,,resume
1990712,93,2,,,pause
1990795,93,2,,,resume
1990795,93,2,,,pause
1990823,190,1,,,pause
1990838,155,1,,,pause
1990878,93,2,,,resume
1990907,190,1,,,resume
1990921,155,1,,,resume
1990921,155,1,,,pause
1990921,155,1,,,resume
1991239,154,1,,,pause
1991239,154,1,,,resume
1991294,93,2,,,pause
1991416,223,2,,,pause
1991460,93,2,,,resume
1991503,155,1,,,pause
1991503,155,1,,,resume
1991582,223,2,,,resume
1992024,159,1,,,pause
1992024,159,1,,,resume
1992118,135,2,,,pause
1992118,135,2,,,resume
1992490,73,2,,,pause
1992490,73,2,,,resume
1993745,155,1,,,pause
1993745,155,1,,,resume
1994173,191,1,,,pause
1994173,191,1,,,resume
1994364,220,1,,,pause
1994448,220,1,,,resume
1994448,220,1,,,pause
1994532,220,1,,,resume
1994533,156,1,,,pause
1994575,223,2,,,pause
1994616,156,1,,,resume
1994658,223,2,,,resume
1994658,223,2,,,pause
1994658,223,2,,,resume
1994741,223,2,,,pause
1994825,223,2,,,resume
1994864,218,1,,,pause
1994900,154,1,,,pause
1994947,218,1,,,resume
1994983,154,1,,,resume
1995365,223,1,,,pause
1995448,223,1,,,resume
1995448,223,1,,,pause
1995531,223,1,,,resume
1995531,223,1,,,pause
1995590,216,1,,,pause
1995614,223,1,,,resume
1995614,223,1,,,pause
1995614,223,1,,,resume
1995675,216,1,,,resume
1995780,223,1,,,pause
1995863,223,1,,,resume
1996193,218,1,,,pause
1996193,218,1,,,resume
1996195,223,1,,,pause
1996278,223,1,,,resume
1996282,93,2,,,pause
1996392,219,2,,,pause
1996397,154,1,,,pause
1996397,154,1,,,resume
1996448,93,2,,,resume
1996558,219,2,,,resume
1996610,223,1,,,pause
1996693,223,1,,,resume
1996693,223,1,,,pause
1996776,223,1,,,resume
1997004,216,1,,,pause
1997087,216,1,,,resume
1997936,89,2,,,pause
1997995,134,2,,,pause
1997995,134,2,,,resume
1998102,89,2,,,resume
1998410,134,2,,,pause
1998410,134,2,,,resume
1998475,73,2,,,pause
1998475,73,2,,,resume
1998825,134,2,,,pause
1998908,134,2,,,resume
1998963,133,2,,,pause
1998991,134,2,,,pause
1998991,134,2,,,resume
1999046,133,2,,,resume
1999400,132,2,,,pause
1999400,132,2,,,resume
1999406,134,2,,,pause
1999406,134,2,,,resume
1999489,134,2,,,pause
1999489,134,2,,,resume
1999602,210,2,,,pause
1999610,93,2,,,pause
1999657,222,2,,,pause
1999693,93,2,,,resume
1999740,222,2,,,resume
1999768,210,2,,,resume
2000019,218,1,,,pause
2000019,218,1,,,resume
2000266,210,2,,,pause
2000349,210,2,,,resume
2000638,158,1,,,pause
2000644,155,1,,,pause
2000644,155,1,,,resume
2000804,158,1,,,resume
2000827,216,1,,,pause
2000909,191,1,,,pause
2000910,216,1,,,resume
2000910,216,1,,,pause
2000985,222,2,,,pause
2000985,222,2,,,resume
2000992,191,1,,,resume
2000993,216,1,,,resume
2000993,216,1,,,pause
2000993,216,1,,,resume
2001170,186,1,,,pause
2001227,155,1,,,pause
2001253,186,1,,,resume
2001310,155,1,,,resume
2001353,93,2,,,pause
2001575,216,1,,,pause
2001603,93,2,,,resume
2001603,93,2,,,pause
2001658,216,1,,,resume
2001686,93,2,,,resume
2002101,93,2,,,pause
2002184,93,2,,,resume
2003011,218,1,,,pause
2003088,89,2,,,pause
2003094,218,1,,,resume
2003255,89,2,,,resume
2004295,73,2,,,pause
2004295,73,2,,,resume
2004610,218,2,,,pause
2004693,218,2,,,resume
2004807,132,2,,,pause
2004807,132,2,,,resume
2004922,156,1,,,pause
2005004,210,2,,,pause
2005005,156,1,,,resume
2005063,95,2,,,pause
2005087,210,2,,,resume
2005087,210,2,,,pause
2005146,95,2,,,resume
2005170,210,2,,,resume
2005565,216,1,,,pause
2005648,216,1,,,resume
2005659,159,1,,,pause
2005659,159,1,,,resume
2005675,223,1,,,pause
2005758,223,1,,,resume
2005991,159,1,,,pause
2006074,159,1,,,resume
2006074,159,1,,,pause
2006074,159,1,,,resume
2006091,223,1,,,pause
2006174,223,1,,,resume
2006422,218,1,,,pause
2006422,218,1,,,resume
2006589,223,1,,,pause
2006672,223,1,,,resume
2006923,93,2,,,pause
2007006,93,2,,,resume
2007006,93,2,,,pause
2007089,93,2,,,resume
2007463,155,1,,,pause
2007476,134,2,,,pause
2007476,134,2,,,resume
2007546,155,1,,,resume
2007783,73,2,,,pause
2007783,73,2,,,resume
2008242,89,2,,,pause
2008408,89,2,,,resume
2008781,73,2,,,pause
2008864,73,2,,,resume
2009663,93,2,,,pause
2009746,93,2,,,resume
2009883,95,2,,,pause
2009966,95,2,,,resume
2009996,93,2,,,pause
2010080,93,2,,,resume
2010218,134,2,,,pause
2010240,210,2,,,pause
2010301,134,2,,,resume
2010302,190,1,,,pause
2010323,210,2,,,resume
2010385,190,1,,,resume
2010385,190,1,,,pause
2010385,190,1,,,resume
2010472,219,1,,,pause
2010555,219,1,,,resume
2010615,223,2,,,pause
2010698,223,2,,,resume
2010738,210,2,,,pause
2010821,210,2,,,resume
2010822,156,1,,,pause
2010905,156,1,,,resume
2010953,155,1,,,pause
2011036,155,1,,,resume
2011136,219,1,,,pause
2011219,219,1,,,resume
2011228,159,1,,,pause
2011311,159,1,,,resume
2011717,219,1,,,pause
2011717,219,1,,,resume
2011726,159,1,,,pause
2011800,219,1,,,pause
2011809,159,1,,,resume
2011809,159,1,,,pause
2011883,219,1,,,resume
2011892,159,1,,,resume
2012742,93,2,,,pause
2012742,93,2,,,resume
2013395,89,2,,,pause
2013478,89,2,,,resume
2013948,132,2,,,pause
2013948,132,2,,,resume
2014682,133,2,,,pause
2014682,133,2,,,resume
2015354,223,2,,,pause
2015380,134,2,,,pause
2015429,133,2,,,pause
2015429,133,2,,,resume
2015437,223,2,,,resume
2015463,134,2,,,resume
2015513,133,2,,,pause
2015596,133,2,,,resume
2015596,133,2,,,pause
2015596,133,2,,,resume
2015974,156,1,,,pause
2016057,156,1,,,resume
2016180,158,1,,,pause
2016180,158,1,,,resume
2016334,135,2,,,pause
2016334,135,2,,,resume
2016871,216,1,,,pause
2016954,216,1,,,resume
2017147,93,2,,,pause
2017231,93,2,,,resume
2017231,93,2,,,pause
2017397,93,2,,,resume
2017691,132,2,,,pause
2017774,132,2,,,resume
2017774,132,2,,,pause
2017857,132,2,,,resume
2017911,135,2,,,pause
2017911,135,2,,,resume
2017994,135,2,,,pause
2017994,135,2,,,resume
2018077,135,2,,,pause
2018077,135,2,,,resume
2018255,133,2,,,pause
2018338,133,2,,,resume
2018936,132,2,,,pause
2019019,132,2,,,resume
2019019,132,2,,,pause
2019102,132,2,,,resume
2019182,135,2,,,pause
2019182,135,2,,,resume
2019681,135,2,,,pause
2019681,135,2,,,resume
2020173,223,2,,,pause
2020243,95,2,,,pause
2020243,95,2,,,resume
2020256,223,2,,,resume
2020345,135,2,,,pause
2020345,135,2,,,resume
2020390,93,2,,,pause
2020390,93,2,,,resume
2020492,95,2,,,pause
2020534,134,2,,,pause
2020575,95,2,,,resume
2020617,134,2,,,resume
2020670,133,2,,,pause
2020670,133,2,,,resume
2020735,90,2,,,pause
2020735,90,2,,,resume
2020920,223,2,,,pause
2021004,223,2,,,resume
2021036,159,1,,,pause
2021119,159,1,,,resume
2021276,216,1,,,pause
2021359,216,1,,,resume
2021398,218,2,,,pause
2021398,218,2,,,resume
2021508,135,2,,,pause
2021508,135,2,,,resume
2021637,222,1,,,pause
2021637,222,1,,,resume
2021721,93,2,,,pause
2021804,93,2,,,resume
2022256,187,1,,,pause
2022339,187,1,,,resume
2022867,134,2,,,pause
2022950,134,2,,,resume
2022950,134,2,,,pause
2023002,135,2,,,pause
2023002,135,2,,,resume
2023056,93,2,,,pause
2023085,135,2,,,pause
2023085,135,2,,,resume
2023140,93,2,,,resume
2023199,134,2,,,resume
2023534,135,2,,,pause
2023617,135,2,,,resume
2024199,135,2,,,pause
2024199,135,2,,,resume
2024282,135,2,,,pause
2024449,134,2,,,pause
2024449,135,2,,,resume
2024449,135,2,,,pause
2024532,134,2,,,resume
2024532,135,2,,,resume
2024662,133,2,,,pause
2024745,133,2,,,resume
2024781,135,2,,,pause
2024781,135,2,,,resume
2025244,133,2,,,pause
2025382,93,2,,,pause
2025411,133,2,,,resume
2025432,216,1,,,pause
2025516,216,1,,,resume
2025516,216,1,,,pause
2025519,222,2,,,pause
2025548,93,2,,,resume
2025599,216,1,,,resume
2025599,216,1,,,pause
2025599,216,1,,,resume
2025603,222,2,,,resume
2026295,93,2,,,pause
2026378,93,2,,,resume
2026410,94,2,,,pause
2026410,94,2,,,resume
2026514,216,1,,,pause
2026597,216,1,,,resume
2029516,135,2,,,pause
2029516,135,2,,,resume
2029604,134,2,,,pause
2029687,134,2,,,resume
2030245,132,2,,,pause
2030329,132,2,,,resume
2030329,132,2,,,pause
2030329,132,2,,,resume
2030597,135,2,,,pause
2030597,135,2,,,resume
2030661,132,2,,,pause
2030661,132,2,,,resume
2031418,216,1,,,pause
2031501,216,1,,,resume
2031647,133,2,,,pause
2031730,133,2,,,resume
2031764,134,2,,,pause
2031848,134,2,,,resume
2031931,134,2,,,pause
2031949,222,1,,,pause
2031949,222,1,,,resume
2032014,134,2,,,resume
2032280,93,2,,,pause
2032363,93,2,,,resume
2032846,134,2,,,pause
2032929,134,2,,,resume
2033143,133,2,,,pause
2033181,134,2,,,pause
2033226,133,2,,,resume
2033430,134,2,,,resume
2033513,134,2,,,pause
2033679,134,2,,,resume
2034750,135,2,,,pause
2034833,135,2,,,resume
2034833,135,2,,,pause
2034833,135,2,,,resume
2034974,133,2,,,pause
2034999,135,2,,,pause
2034999,135,2,,,resume
2035057,133,2,,,resume
2035082,135,2,,,pause
2035250,135,2,,,resume
2035324,216,1,,,pause
2035324,216,1,,,resume
2035353,73,2,,,pause
2035353,73,2,,,resume
2035556,133,2,,,pause
2035558,223,2,,,pause
2035641,223,2,,,resume
2035723,133,2,,,resume
2035775,93,2,,,pause
2035858,93,2,,,resume
2035858,93,2,,,pause
2035941,93,2,,,resume
2036353,218,1,,,pause
2036436,218,1,,,resume
2036526,222,1,,,pause
2036526,222,1,,,resume
2036571,216,1,,,pause
2036637,133,2,,,pause
2036720,133,2,,,resume
2036720,133,2,,,pause
2036737,216,1,,,resume
2036886,133,2,,,resume
2037107,222,1,,,pause
2037107,222,1,,,resume
2037403,216,1,,,pause
2037403,216,1,,,resume
2037435,93,2,,,pause
2037518,93,2,,,resume
2037518,93,2,,,pause
2037601,93,2,,,resume
2037601,93,2,,,pause
2037684,93,2,,,resume
2037684,93,2,,,pause
2037767,93,2,,,resume
2037767,93,2,,,pause
2037850,93,2,,,resume
2039553,132,2,,,pause
2039637,132,2,,,resume
2039637,132,2,,,pause
2039720,132,2,,,resume
2040148,135,2,,,pause
2040148,135,2,,,resume
2040314,135,2,,,pause
2040397,135,2,,,resume
2040886,132,2,,,pause
2040969,132,2,,,resume
2040969,132,2,,,pause
2041052,132,2,,,resume
2041508,218,1,,,pause
2041591,218,1,,,resume
2041682,222,1,,,pause
2041682,222,1,,,resume
2042140,239,2,,,pause
2042140,239,2,,,resume
2042263,222,1,,,pause
2042263,222,1,,,resume
2042738,93,2,,,pause
2042738,93,2,,,resume
2042821,93,2,,,pause
2042821,93,2,,,resume
2043772,77,2,,,pause
2043772,77,2,,,resume
2044585,74,2,,,pause
2044585,74,2,,,resume
2044831,73,2,,,pause
2044855,77,2,,,pause
2044855,77,2,,,resume
2044914,73,2,,,resume
2045216,135,2,,,pause
2045241,134,2,,,pause
2045284,133,2,,,pause
2045299,135,2,,,resume
2045325,134,2,,,resume
2045367,133,2,,,resume
2045567,93,2,,,pause
2045650,93,2,,,resume
2045650,93,2,,,pause
2045733,93,2,,,resume
2045734,93,2,,,pause
2045792,132,2,,,pause
2045818,93,2,,,resume
2045830,218,2,,,pause
2045870,223,2,,,pause
2045877,132,2,,,resume
2045901,93,2,,,pause
2045914,218,2,,,resume
2045953,223,2,,,resume
2045984,93,2,,,resume
2046067,93,2,,,pause
2046067,93,2,,,resume
2046126,132,2,,,pause
2046209,132,2,,,resume
2046308,232,2,,,pause
2046387,190,1,,,pause
2046391,232,2,,,resume
2046470,190,1,,,resume
2046601,158,1,,,pause
2046648,93,2,,,pause
2046648,93,2,,,resume
2046649,93,2,,,pause
2046684,158,1,,,resume
2046732,93,2,,,resume
2046732,93,2,,,pause
2046748,218,1,,,pause
2046748,218,1,,,resume
2046767,158,1,,,pause
2046850,158,1,,,resume
2046878,239,2,,,pause
2046878,239,2,,,resume
2046898,93,2,,,resume
2047046,216,1,,,pause
2047087,90,2,,,pause
2047087,90,2,,,resume
2047129,216,1,,,resume
2047129,216,1,,,pause
2047212,216,1,,,resume
2047265,158,1,,,pause
2047265,158,1,,,resume
2047422,222,1,,,pause
2047422,222,1,,,resume
2047896,93,2,,,pause
2047979,93,2,,,resume
2048816,134,2,,,pause
2048982,134,2,,,resume
2049065,134,2,,,pause
2049231,134,2,,,resume
2049314,134,2,,,pause
2049480,134,2,,,resume
2049729,134,2,,,pause
2049812,134,2,,,resume
2049978,134,2,,,pause
2050227,134,2,,,resume
2050311,134,2,,,pause
2050365,135,2,,,pause
2050448,135,2,,,resume
2050448,135,2,,,pause
2050448,135,2,,,resume
2050478,134,2,,,resume
2050605,133,2,,,pause
2050688,133,2,,,resume
2050924,91,2,,,pause
2050924,91,2,,,resume
2051029,135,2,,,pause
2051195,135,2,,,resume
2051304,93,2,,,pause
2051328,95,2,,,pause
2051387,93,2,,,resume
2051411,95,2,,,resume
2051411,95,2,,,pause
2051494,95,2,,,resume
2051774,155,1,,,pause
2051774,155,1,,,resume
2051857,155,1,,,pause
2051901,218,1,,,pause
2051940,155,1,,,resume
2051948,239,2,,,pause
2051960,156,1,,,pause
2051960,156,1,,,resume
2052031,239,2,,,resume
2052068,218,1,,,resume
2052077,222,1,,,pause
2052085,158,1,,,pause
2052085,158,1,,,resume
2052160,222,1,,,resume
2052215,89,2,,,pause
2052298,89,2,,,resume
2052363,239,2,,,pause
2052446,239,2,,,resume
2052483,218,1,,,pause
2052566,218,1,,,resume
2052816,218,1,,,pause
2052816,218,1,,,resume
2053635,93,2,,,pause
2053635,93,2,,,resume
2054849,155,1,,,pause
2054849,155,1,,,resume
2055041,219,1,,,pause
2055041,219,1,,,resume
2055430,155,1,,,pause
2055430,155,1,,,resume
2055596,155,1,,,pause
2055679,155,1,,,resume
2055761,133,2,,,pause
2055844,133,2,,,resume
2055857,216,1,,,pause
2055940,216,1,,,resume
2055940,216,1,,,pause
2056023,216,1,,,resume
2056324,191,1,,,pause
2056324,191,1,,,resume
2056454,219,1,,,pause
2056458,93,2,,,pause
2056537,219,1,,,resume
2056541,93,2,,,resume
2056639,223,1,,,pause
2056722,223,1,,,resume
2056722,223,1,,,pause
2056805,223,1,,,resume
2056925,155,1,,,pause
2056991,191,1,,,pause
2057008,155,1,,,resume
2057008,155,1,,,pause
2057008,155,1,,,resume
2057074,191,1,,,resume
2057091,155,1,,,pause
2057174,155,1,,,resume
2057187,216,1,,,pause
2057270,216,1,,,resume
2057335,187,1,,,pause
2057372,89,2,,,pause
2057418,187,1,,,resume
2057456,89,2,,,resume
2057511,135,2,,,pause
2057535,219,1,,,pause
2057573,191,1,,,pause
2057594,135,2,,,resume
2057618,219,1,,,resume
2057656,191,1,,,resume
2057736,158,1,,,pause
2057756,155,1,,,pause
2057791,93,2,,,pause
2057819,158,1,,,resume
2057840,155,1,,,resume
2057840,155,1,,,pause
2057840,155,1,,,resume
2057874,93,2,,,resume
2057968,223,1,,,pause
2058051,223,1,,,resume
2058051,223,1,,,pause
2058051,223,1,,,resume
2058154,191,1,,,pause
2058237,191,1,,,resume
2058282,219,1,,,pause
2058365,219,1,,,resume
2058788,93,2,,,pause
2058788,93,2,,,resume
2058925,132,2,,,pause
2059008,132,2,,,resume
2059115,219,1,,,pause
2059198,219,1,,,resume
2059422,135,2,,,pause
2059505,135,2,,,resume
2059809,111,2,,,pause
2059809,111,2,,,resume
2060252,135,2,,,pause
2060336,135,2,,,resume
2060407,73,2,,,pause
2060407,73,2,,,resume
2060544,123,2,,,pause
2060627,123,2,,,resume
2061541,93,2,,,pause
2061624,93,2,,,resume
2061624,93,2,,,pause
2061624,93,2,,,resume
2061707,93,2,,,pause
2061707,93,2,,,resume
2061849,190,1,,,pause
2061976,158,1,,,pause
2062015,190,1,,,resume
2062059,158,1,,,resume
2062059,158,1,,,pause
2062142,158,1,,,resume
2062142,158,1,,,pause
2062212,218,1,,,pause
2062212,218,1,,,resume
2062225,222,1,,,pause
2062308,222,1,,,resume
2062337,239,2,,,pause
2062391,158,1,,,resume
2062391,222,1,,,pause
2062391,222,1,,,resume
2062420,239,2,,,resume
2062441,219,1,,,pause
2062441,219,1,,,resume
2062515,190,1,,,pause
2062523,89,2,,,pause
2062523,89,2,,,resume
2062554,90,2,,,pause
2062572,187,1,,,pause
2062598,190,1,,,resume
2062638,90,2,,,resume
2062655,187,1,,,resume
2062793,218,1,,,pause
2062793,218,1,,,resume
2063042,218,1,,,pause
2063042,218,1,,,resume
2063125,218,1,,,pause
2063208,218,1,,,resume
2063208,218,1,,,pause
2063291,218,1,,,resume
2063661,223,2,,,pause
2063744,223,2,,,resume
2064180,153,2,,,pause
2064429,153,2,,,resume
2064429,153,2,,,pause
2064429,153,2,,,resume
2065495,132,2,,,pause
2065576,73,2,,,pause
2065576,73,2,,,resume
2065578,132,2,,,resume
2066409,132,2,,,pause
2066417,223,2,,,pause
2066417,223,2,,,resume
2066451,218,1,,,pause
2066451,218,1,,,resume
2066492,132,2,,,resume
2066492,132,2,,,pause
2066575,132,2,,,resume
2066664,95,2,,,pause
2066664,95,2,,,resume
2066800,91,2,,,pause
2066883,91,2,,,resume
2066924,190,1,,,pause
2066944,191,1,,,pause
2067007,190,1,,,resume
2067007,190,1,,,pause
2067028,191,1,,,resume
2067090,190,1,,,resume
2067133,91,2,,,pause
2067216,91,2,,,resume
2067234,155,1,,,pause
2067234,155,1,,,resume
2067363,93,2,,,pause
2067363,93,2,,,resume
2067418,156,1,,,pause
2067418,156,1,,,resume
2067550,222,1,,,pause
2067550,222,1,,,resume
2067589,190,1,,,pause
2067597,219,1,,,pause
2067598,219,1,,,resume
2067673,190,1,,,resume
2067697,223,1,,,pause
2067701,218,1,,,pause
2067710,90,2,,,pause
2067710,90,2,,,resume
2067711,89,2,,,pause
2067711,89,2,,,resume
2067780,223,1,,,resume
2067784,218,1,,,resume
2067811,187,1,,,pause
2067881,91,2,,,pause
2067894,187,1,,,resume
2067964,91,2,,,resume
2067964,91,2,,,pause
2068028,93,2,,,pause
2068028,93,2,,,resume
2068047,91,2,,,resume
2068180,219,1,,,pause
2068263,219,1,,,resume
2068309,187,1,,,pause
2068392,187,1,,,resume
2068692,93,2,,,pause
2068775,93,2,,,resume
2068859,93,2,,,pause
2068942,93,2,,,resume
2069109,223,1,,,pause
2069192,223,1,,,resume
2069418,153,2,,,pause
2069418,153,2,,,resume
2069480,135,2,,,pause
2069480,135,2,,,resume
2069501,153,2,,,pause
2069584,153,2,,,resume
2069872,111,2,,,pause
2069872,111,2,,,resume
2070122,111,2,,,pause
2070122,111,2,,,resume
2070289,111,2,,,pause
2070289,111,2,,,resume
2070340,155,1,,,pause
2070340,155,1,,,resume
2070408,107,2,,,pause
2070408,107,2,,,resume
2070734,73,2,,,pause
2070734,73,2,,,resume
2071253,155,1,,,pause
2071253,155,1,,,resume
2071440,93,2,,,pause
2071523,93,2,,,resume
2071772,93,2,,,pause
2071821,95,2,,,pause
2071821,95,2,,,resume
2071855,93,2,,,resume
2071855,93,2,,,pause
2071938,93,2,,,resume
2072104,93,2,,,pause
2072187,93,2,,,resume
2072214,191,1,,,pause
2072214,191,1,,,resume
2072353,93,2,,,pause
2072417,155,1,,,pause
2072417,155,1,,,resume
2072436,93,2,,,resume
2072439,218,1,,,pause
2072439,218,1,,,resume
2072522,218,1,,,pause
2072605,218,1,,,resume
2072605,218,1,,,pause
2072605,218,1,,,resume
2072703,222,1,,,pause
2072786,222,1,,,resume
2072835,219,1,,,pause
2072835,219,1,,,resume
2072864,89,2,,,pause
2072864,89,2,,,resume
2072963,187,1,,,pause
2073046,187,1,,,resume
2073082,155,1,,,pause
2073100,93,2,,,pause
2073165,155,1,,,resume
2073165,155,1,,,pause
2073183,93,2,,,resume
2073248,155,1,,,resume
2073416,219,1,,,pause
2073416,219,1,,,resume
2073499,219,1,,,pause
2073499,219,1,,,resume
2074634,135,2,,,pause
2074721,135,2,,,resume
2074930,134,2,,,pause
2074930,134,2,,,resume
2075276,111,2,,,pause
2075276,111,2,,,resume
2075442,111,2,,,pause
2075526,111,2,,,resume
2075560,107,2,,,pause
2075560,107,2,,,resume
2075778,110,2,,,pause
2075861,110,2,,,resume
2075861,110,2,,,pause
2075861,110,2,,,resume
2075890,73,2,,,pause
2075890,73,2,,,resume
2076178,134,2,,,pause
2076261,134,2,,,resume
2076725,95,2,,,pause
2076808,95,2,,,resume
2076808,95,2,,,pause
2076975,95,2,,,resume
2077058,95,2,,,pause
2077097,93,2,,,pause
2077132,132,2,,,pause
2077132,132,2,,,resume
2077180,93,2,,,resume
2077224,95,2,,,resume
2077229,190,1,,,pause
2077229,190,1,,,resume
2077312,190,1,,,pause
2077395,190,1,,,resume
2077615,222,2,,,pause
2077698,222,2,,,resume
2077698,222,2,,,pause
2077781,222,2,,,resume
2077811,190,1,,,pause
2077845,93,2,,,pause
2077895,190,1,,,resume
2077895,190,1,,,pause
2077928,93,2,,,resume
2077936,89,2,,,pause
2077936,89,2,,,resume
2077979,190,1,,,resume
2077990,219,1,,,pause
2077990,219,1,,,resume
2078019,89,2,,,pause
2078019,89,2,,,resume
2079576,153,2,,,pause
2079576,153,2,,,resume
2079659,153,2,,,pause
2079668,134,2,,,pause
2079742,153,2,,,resume
2079742,153,2,,,pause
2079751,134,2,,,resume
2079788,135,2,,,pause
2079825,153,2,,,resume
2079874,135,2,,,resume
2079957,135,2,,,pause
2079957,135,2,,,resume
2080873,135,2,,,pause
2080873,135,2,,,resume
2081092,89,2,,,pause
2081092,89,2,,,resume
2081205,77,2,,,pause
2081205,77,2,,,resume
2081952,135,2,,,pause
2082035,135,2,,,resume
2082175,93,2,,,pause
2082175,93,2,,,resume
2082285,132,2,,,pause
2082368,132,2,,,resume
2082404,95,2,,,pause
2082565,219,1,,,pause
2082570,95,2,,,resume
2082648,219,1,,,resume
2082648,219,1,,,pause
2082648,219,1,,,resume
2082805,155,1,,,pause
2082888,155,1,,,resume
2082888,155,1,,,pause
2082971,155,1,,,resume
2082980,219,1,,,pause
2082980,219,1,,,resume
2083017,222,1,,,pause
2083046,159,1,,,pause
2083063,219,1,,,pause
2083083,90,2,,,pause
2083088,89,2,,,pause
2083088,89,2,,,resume
2083100,222,1,,,resume
2083129,159,1,,,resume
2083146,219,1,,,resume
2083169,90,2,,,resume
2083169,158,1,,,pause
2083171,89,2,,,pause
2083171,89,2,,,resume
2083335,158,1,,,resume
2083335,158,1,,,pause
2083335,158,1,,,resume
2083410,134,2,,,pause
2083418,158,1,,,pause
2083418,158,1,,,resume
2083469,155,1,,,pause
2083494,134,2,,,resume
2083578,134,2,,,pause
2083635,155,1,,,resume
2083637,223,2,,,pause
2083637,223,2,,,resume
2083644,219,1,,,pause
2083661,134,2,,,resume
2083727,219,1,,,resume
2083727,219,1,,,pause
2083727,219,1,,,resume
2083810,219,1,,,pause
2083810,219,1,,,resume
2084729,153,2,,,pause
2084978,153,2,,,resume
2084990,134,2,,,pause
2085074,134,2,,,resume
2085854,111,2,,,pause
2085854,111,2,,,resume
2086026,135,2,,,pause
2086026,135,2,,,resume
2086275,135,2,,,pause
2086340,77,2,,,pause
2086340,77,2,,,resume
2086358,135,2,,,resume
2087003,93,2,,,pause
2087003,93,2,,,resume
2087105,135,2,,,pause
2087188,135,2,,,resume
2087355,154,1,,,pause
2087355,154,1,,,resume
2087438,154,1,,,pause
2087438,154,1,,,resume
2087443,132,2,,,pause
2087443,132,2,,,resume
2087493,158,1,,,pause
2087493,158,1,,,resume
2087803,219,2,,,pause
2087803,219,2,,,resume
2087991,158,1,,,pause
2088060,190,1,,,pause
2088074,158,1,,,resume
2088082,93,2,,,pause
2088082,93,2,,,resume
2088176,222,1,,,pause
2088259,222,1,,,resume
2088311,190,1,,,resume
2088325,90,2,,,pause
2088325,90,2,,,resume
2089172,187,1,,,pause
2089255,187,1,,,resume
2089433,154,1,,,pause
2089433,154,1,,,resume
2089881,219,1,,,pause
2089881,219,1,,,resume
2090772,216,1,,,pause
2090855,216,1,,,resume
2091179,132,2,,,pause
2091262,132,2,,,resume
2091476,123,2,,,pause
2091476,123,2,,,resume
2091493,77,2,,,pause
2091493,77,2,,,resume
2091562,134,2,,,pause
2091645,134,2,,,resume
2091645,134,2,,,pause
2091728,134,2,,,resume
2091843,132,2,,,pause
2091926,132,2,,,resume
2091990,93,2,,,pause
2092156,93,2,,,resume
2092156,93,2,,,pause
2092156,93,2,,,resume
2092322,93,2,,,pause
2092394,134,2,,,pause
2092405,93,2,,,resume
2092405,93,2,,,pause
2092477,134,2,,,resume
2092508,132,2,,,pause
2092573,93,2,,,resume
2092645,158,1,,,pause
2092645,158,1,,,resume
2092674,132,2,,,resume
2092678,95,2,,,pause
2092761,95,2,,,resume
2092761,95,2,,,pause
2092761,95,2,,,resume
2092843,191,1,,,pause
2092843,191,1,,,resume
2093009,154,1,,,pause
2093009,154,1,,,resume
2093029,155,1,,,pause
2093075,93,2,,,pause
2093075,93,2,,,resume
2093112,155,1,,,resume
2093136,223,1,,,pause
2093143,158,1,,,pause
2093213,190,1,,,pause
2093226,158,1,,,resume
2093296,190,1,,,resume
2093296,190,1,,,pause
2093308,90,2,,,pause
2093329,222,1,,,pause
2093385,223,1,,,resume
2093412,222,1,,,resume
2093479,90,2,,,resume
2093480,89,2,,,pause
2093480,89,2,,,resume
2093545,190,1,,,resume
2093777,155,1,,,pause
2093860,155,1,,,resume
2093860,155,1,,,pause
2093891,158,1,,,pause
2093891,158,1,,,resume
2093943,155,1,,,resume
2094037,219,1,,,pause
2094120,219,1,,,resume
2094203,219,1,,,pause
2094256,191,1,,,pause
2094256,191,1,,,resume
2094358,155,1,,,pause
2094369,219,1,,,resume
2094407,187,1,,,pause
2094491,187,1,,,resume
2094607,155,1,,,resume
2094631,223,1,,,pause
2094714,223,1,,,resume
2095720,134,2,,,pause
2095803,134,2,,,resume
2096248,111,2,,,pause
2096331,111,2,,,resume
2096594,133,2,,,pause
2096594,133,2,,,resume
2096643,77,2,,,pause
2096643,77,2,,,resume
2096719,134,2,,,pause
2096800,135,2,,,pause
2096800,135,2,,,resume
2096802,134,2,,,resume
2096802,134,2,,,pause
2096883,135,2,,,pause
2096883,135,2,,,resume
2096885,134,2,,,resume
2096885,134,2,,,pause
2096968,134,2,,,resume
2097006,216,1,,,pause
2097089,216,1,,,resume
2097089,216,1,,,pause
2097172,216,1,,,resume
2097298,135,2,,,pause
2097298,135,2,,,resume
2097549,134,2,,,pause
2097589,216,1,,,pause
2097589,216,1,,,resume
2097632,134,2,,,resume
2097747,95,2,,,pause
2097914,95,2,,,resume
2097947,219,1,,,pause
2098000,191,1,,,pause
2098000,191,1,,,resume
2098023,219,2,,,pause
2098030,219,1,,,resume
2098189,219,2,,,resume
2098214,218,1,,,pause
2098216,134,2,,,pause
2098250,156,1,,,pause
2098250,156,1,,,resume
2098297,218,1,,,resume
2098299,134,2,,,resume
2098462,158,1,,,pause
2098462,158,1,,,resume
2098565,187,1,,,pause
2098648,187,1,,,resume
2098746,95,2,,,pause
2098750,191,1,,,pause
2098750,191,1,,,resume
2098829,95,2,,,resume
2098916,191,1,,,pause
2098916,191,1,,,resume
2099193,219,1,,,pause
2099276,219,1,,,resume
2100371,135,2,,,pause
2100371,135,2,,,resume
2101361,111,2,,,pause
2101405,106,2,,,pause
2101405,106,2,,,resume
2101444,111,2,,,resume
2101488,132,2,,,pause
2101488,132,2,,,resume
2101748,133,2,,,pause
2101748,133,2,,,resume
2101796,77,2,,,pause
2101796,77,2,,,resume
2101950,135,2,,,pause
2101950,135,2,,,resume
2102306,187,1,,,pause
2102306,187,1,,,resume
2102853,219,1,,,pause
2102936,219,1,,,resume
2103039,90,2,,,pause
2103095,191,1,,,pause
2103124,90,2,,,resume
2103124,90,2,,,pause
2103124,90,2,,,resume
2103179,191,1,,,resume
2103403,156,1,,,pause
2103403,156,1,,,resume
2103470,187,1,,,pause
2103529,223,1,,,pause
2103596,191,1,,,pause
2103636,187,1,,,resume
2103708,90,2,,,pause
2103719,187,1,,,pause
2103778,223,1,,,resume
2103794,90,2,,,resume
2103802,187,1,,,resume
2103802,187,1,,,pause
2103845,191,1,,,resume
2103934,219,1,,,pause
2103934,219,1,,,resume
2103968,187,1,,,resume
2104349,219,1,,,pause
2104432,219,1,,,resume
2104750,155,1,,,pause
2104833,155,1,,,resume
2105052,93,2,,,pause
2105302,93,2,,,resume
2105318,216,1,,,pause
2105401,216,1,,,resume
2105401,216,1,,,pause
2105401,216,1,,,resume
2105534,134,2,,,pause
2105617,134,2,,,resume
2106647,132,2,,,pause
2106730,132,2,,,resume
2107117,134,2,,,pause
2107164,155,1,,,pause
2107200,134,2,,,resume
2107247,155,1,,,resume
2107366,134,2,,,pause
2107366,134,2,,,resume
2107893,132,2,,,pause
2107976,132,2,,,resume
2107976,132,2,,,pause
2108059,132,2,,,resume
2108253,211,2,,,pause
2108253,211,2,,,resume
2108302,135,2,,,pause
2108302,135,2,,,resume
2108758,235,2,,,pause
2108758,235,2,,,resume
2108769,158,1,,,pause
2108841,235,2,,,pause
2108841,235,2,,,resume
2108852,158,1,,,resume
2108852,158,1,,,pause
2108852,158,1,,,resume
2108924,235,2,,,pause
2108924,235,2,,,resume
2108949,90,2,,,pause
2108984,186,1,,,pause
2108984,186,1,,,resume
2109007,235,2,,,pause
2109007,235,2,,,resume
2109032,90,2,,,resume
2109067,186,1,,,pause
2109067,186,1,,,resume
2109226,216,1,,,pause
2109310,216,1,,,resume
2109350,158,1,,,pause
2109350,158,1,,,resume
2109586,153,2,,,pause
2109669,153,2,,,resume
2109827,73,2,,,pause
2109827,73,2,,,resume
2109905,155,1,,,pause
2109988,155,1,,,resume
2110557,216,1,,,pause
2110630,135,2,,,pause
2110640,216,1,,,resume
2110713,135,2,,,resume
2110713,135,2,,,pause
2110713,135,2,,,resume
2110723,77,2,,,pause
2110737,133,2,,,pause
2110737,133,2,,,resume
2110742,73,2,,,pause
2110806,77,2,,,resume
2110825,73,2,,,resume
2110965,135,2,,,pause
2110965,135,2,,,resume
2111975,107,2,,,pause
2111975,107,2,,,resume
2111982,133,2,,,pause
2112020,89,2,,,pause
2112020,89,2,,,resume
2112148,133,2,,,resume
2112210,135,2,,,pause
2112210,135,2,,,resume
2112309,107,2,,,pause
2112392,107,2,,,resume
2112423,91,2,,,pause
2112506,91,2,,,resume
2112632,215,2,,,pause
2112632,215,2,,,resume
2112730,133,2,,,pause
2112792,135,2,,,pause
2112799,95,2,,,pause
2112813,133,2,,,resume
2112813,133,2,,,pause
2112813,133,2,,,resume
2112875,135,2,,,resume
2112875,135,2,,,pause
2112882,95,2,,,resume
2112958,135,2,,,resume
2112958,135,2,,,pause
2112958,135,2,,,resume
2113004,91,2,,,pause
2113041,135,2,,,pause
2113049,95,2,,,pause
2113087,91,2,,,resume
2113094,92,2,,,pause
2113094,92,2,,,resume
2113124,135,2,,,resume
2113165,190,1,,,pause
2113165,190,1,,,resume
2113298,95,2,,,resume
2113332,223,2,,,pause
2113332,223,2,,,resume
2113404,211,2,,,pause
2113404,211,2,,,resume
2113506,158,1,,,pause
2113551,223,1,,,pause
2113551,223,1,,,resume
2113579,235,2,,,pause
2113579,235,2,,,resume
2113589,158,1,,,resume
2113626,156,1,,,pause
2113709,156,1,,,resume
2114004,158,1,,,pause
2114027,187,1,,,pause
2114088,158,1,,,resume
2114099,90,2,,,pause
2114110,187,1,,,resume
2114120,135,2,,,pause
2114134,186,1,,,pause
2114134,186,1,,,resume
2114182,90,2,,,resume
2114204,135,2,,,resume
2114349,134,2,,,pause
2114432,134,2,,,resume
2114541,215,2,,,pause
2114541,215,2,,,resume
2114896,73,2,,,pause
2114902,153,2,,,pause
2114902,153,2,,,resume
2115063,73,2,,,resume
2115573,219,1,,,pause
2115739,219,1,,,resume
2115766,134,2,,,pause
2115815,73,2,,,pause
2115849,134,2,,,resume
2115849,134,2,,,pause
2115932,134,2,,,resume
2115981,73,2,,,resume
2116954,132,2,,,pause
2117037,132,2,,,resume
2117685,187,1,,,pause
2117685,187,1,,,resume
2118248,92,2,,,pause
2118248,92,2,,,resume
2118485,219,1,,,pause
2118501,90,2,,,pause
2118568,219,1,,,resume
2118574,158,1,,,pause
2118584,90,2,,,resume
2118584,90,2,,,pause
2118657,158,1,,,resume
2118657,158,1,,,pause
2118667,90,2,,,resume
2118707,223,1,,,pause
2118741,158,1,,,resume
2118790,223,1,,,resume
2118849,187,1,,,pause
2118932,187,1,,,resume
2118932,187,1,,,pause
2118932,187,1,,,resume
2118985,219,1,,,pause
2119030,222,1,,,pause
2119062,190,1,,,pause
2119062,190,1,,,resume
2119068,219,1,,,resume
2119098,187,1,,,pause
2119098,187,1,,,resume
2119113,222,1,,,resume
2119113,222,1,,,pause
2119157,158,1,,,pause
2119166,90,2,,,pause
2119181,187,1,,,pause
2119196,222,1,,,resume
2119204,186,1,,,pause
2119204,186,1,,,resume
2119251,89,2,,,pause
2119251,89,2,,,resume
2119256,134,2,,,pause
2119256,134,2,,,resume
2119323,158,1,,,resume
2119323,158,1,,,pause
2119335,90,2,,,resume
2119339,134,2,,,pause
2119347,187,1,,,resume
2119406,158,1,,,resume
2119406,158,1,,,pause
2119422,134,2,,,resume
2119422,134,2,,,pause
2119489,158,1,,,resume
2119588,134,2,,,resume
2119588,134,2,,,pause
2119588,134,2,,,resume
2119672,134,2,,,pause
2119756,134,2,,,resume
2119756,134,2,,,pause
2119839,134,2,,,resume
2119839,134,2,,,pause
2119839,134,2,,,resume
2120260,187,1,,,pause
2120260,187,1,,,resume
2120791,155,1,,,pause
2120798,73,2,,,pause
2120798,73,2,,,resume
2120874,155,1,,,resume
2120881,73,2,,,pause
2120881,73,2,,,resume
2121053,135,2,,,pause
2121053,135,2,,,resume
2121548,73,2,,,pause
2121548,73,2,,,resume
2122124,133,2,,,pause
2122207,133,2,,,resume
2122207,133,2,,,pause
2122290,133,2,,,resume
2122611,95,2,,,pause
2122611,95,2,,,resume
2122643,91,2,,,pause
2122726,91,2,,,resume
2123259,93,2,,,pause
2123402,92,2,,,pause
2123402,92,2,,,resume
2123425,93,2,,,resume
2123558,219,1,,,pause
2123641,219,1,,,resume
2123641,219,1,,,pause
2123724,91,2,,,pause
2123724,219,1,,,resume
2123807,91,2,,,resume
2123862,223,1,,,pause
2123892,190,1,,,pause
2123892,190,1,,,resume
2123945,223,1,,,resume
2124140,219,1,,,pause
2124223,219,1,,,resume
2124354,186,1,,,pause
2124354,186,1,,,resume
2124474,154,1,,,pause
2124474,154,1,,,resume
2124972,154,1,,,pause
2124995,134,2,,,pause
2125024,223,1,,,pause
2125079,134,2,,,resume
2125107,223,1,,,resume
2125221,154,1,,,resume
2125952,73,2,,,pause
2125952,73,2,,,resume
2126035,73,2,,,pause
2126118,73,2,,,resume
2126204,135,2,,,pause
2126287,135,2,,,resume
2126454,135,2,,,pause
2126454,135,2,,,resume
2127368,135,2,,,pause
2127437,106,2,,,pause
2127451,135,2,,,resume
2127520,106,2,,,resume
2127520,106,2,,,pause
2127520,106,2,,,resume
2127713,91,2,,,pause
2127851,107,2,,,pause
2127879,91,2,,,resume
2127934,107,2,,,resume
2127962,91,2,,,pause
2128045,91,2,,,resume
2128095,215,2,,,pause
2128095,215,2,,,resume
2128145,90,2,,,pause
2128228,90,2,,,resume
2128280,133,2,,,pause
2128363,133,2,,,resume
2128412,93,2,,,pause
2128557,92,2,,,pause
2128557,92,2,,,resume
2128578,93,2,,,resume
2128686,191,1,,,pause
2128748,95,2,,,pause
2128748,95,2,,,resume
2128771,191,1,,,resume
2128796,219,1,,,pause
2128877,91,2,,,pause
2128960,91,2,,,resume
2128962,219,1,,,resume
2129036,235,2,,,pause
2129036,235,2,,,resume
2129043,91,2,,,pause
2129046,190,1,,,pause
2129046,190,1,,,resume
2129126,91,2,,,resume
2129379,219,1,,,pause
2129405,187,1,,,pause
2129405,187,1,,,resume
2129462,219,1,,,resume
2129462,219,1,,,pause
2129474,186,1,,,pause
2129545,219,1,,,resume
2129545,219,1,,,pause
2129557,186,1,,,resume
2129561,218,1,,,pause
2129561,218,1,,,resume
2129628,219,1,,,resume
2129848,223,1,,,pause
2129879,158,1,,,pause
2129879,158,1,,,resume
2129931,223,1,,,resume
2130206,134,2,,,pause
2130289,134,2,,,resume
2132593,106,2,,,pause
2132593,106,2,,,resume
2132614,134,2,,,pause
2132685,133,2,,,pause
2132685,133,2,,,resume
2132698,134,2,,,resume
2132698,134,2,,,pause
2132782,134,2,,,resume
2132782,134,2,,,pause
2132865,134,2,,,resume
2133351,133,2,,,pause
2133420,107,2,,,pause
2133434,133,2,,,resume
2133434,133,2,,,pause
2133503,107,2,,,resume
2133517,133,2,,,resume
2133562,93,2,,,pause
2133613,91,2,,,pause
2133617,190,1,,,pause
2133617,190,1,,,resume
2133628,186,1,,,pause
2133646,93,2,,,resume
2133696,91,2,,,resume
2133709,92,2,,,pause
2133709,92,2,,,resume
2133711,186,1,,,resume
2133817,95,2,,,pause
2133900,95,2,,,resume
2133951,219,1,,,pause
2134034,219,1,,,resume
2134034,219,1,,,pause
2134034,219,1,,,resume
2134116,190,1,,,pause
2134116,190,1,,,resume
2134189,235,2,,,pause
2134189,235,2,,,resume
2134195,134,2,,,pause
2134278,134,2,,,resume
2134282,190,1,,,pause
2134282,190,1,,,resume
2134366,219,1,,,pause
2134415,222,1,,,pause
2134419,223,1,,,pause
2134450,219,1,,,resume
2134450,219,1,,,pause
2134498,222,1,,,resume
2134498,222,1,,,pause
2134498,222,1,,,resume
2134502,223,1,,,resume
2134521,235,2,,,pause
2134533,219,1,,,resume
2134558,187,1,,,pause
2134604,235,2,,,resume
2134625,186,1,,,pause
2134641,187,1,,,resume
2134708,186,1,,,resume
2134714,218,1,,,pause
2134714,218,1,,,resume
2134943,134,2,,,pause
2135032,158,1,,,pause
2135110,134,2,,,resume
2135115,158,1,,,resume
2135914,107,2,,,pause
2135997,107,2,,,resume
2136080,107,2,,,pause
2136080,107,2,,,resume
2136262,153,2,,,pause
2136345,153,2,,,resume
2137751,135,2,,,pause
2137834,135,2,,,resume
2138159,132,2,,,pause
2138159,132,2,,,resume
2138242,132,2,,,pause
2138242,132,2,,,resume
2138467,93,2,,,pause
2138498,135,2,,,pause
2138498,135,2,,,resume
2138550,93,2,,,resume
2138716,93,2,,,pause
2138765,91,2,,,pause
2138848,91,2,,,resume
2138882,93,2,,,resume
2138937,190,1,,,pause
2138937,190,1,,,resume
2139189,219,1,,,pause
2139272,219,1,,,resume
2139286,222,2,,,pause
2139286,222,2,,,resume
2139573,222,1,,,pause
2139573,222,1,,,resume
2139855,219,1,,,pause
2139855,219,1,,,resume
2139859,186,1,,,pause
2139873,90,2,,,pause
2139942,186,1,,,resume
2139956,90,2,,,resume
2140353,219,1,,,pause
2140353,219,1,,,resume
2141067,107,2,,,pause
2141233,107,2,,,resume
2141316,107,2,,,pause
2141316,107,2,,,resume
2141470,110,2,,,pause
2141470,110,2,,,resume
2141987,77,2,,,pause
2141987,77,2,,,resume
2142649,106,2,,,pause
2142649,106,2,,,resume
2142732,106,2,,,pause
2142815,106,2,,,resume
2142898,106,2,,,pause
2142981,106,2,,,resume
2143031,90,2,,,pause
2143110,78,2,,,pause
2143114,90,2,,,resume
2143193,78,2,,,resume
2143351,92,2,,,pause
2143351,92,2,,,resume
2143359,78,2,,,pause
2143442,78,2,,,resume
2143762,219,1,,,pause
2143762,219,1,,,resume
2143807,216,1,,,pause
2143836,91,2,,,pause
2143877,94,2,,,pause
2143877,94,2,,,resume
2143890,216,1,,,resume
2143919,91,2,,,resume
2143960,94,2,,,pause
2143960,94,2,,,resume
2144089,190,1,,,pause
2144089,190,1,,,resume
2144345,186,1,,,pause
2144428,219,1,,,pause
2144428,186,1,,,resume
2144439,222,2,,,pause
2144439,222,2,,,resume
2144505,158,1,,,pause
2144588,158,1,,,resume
2144595,219,1,,,resume
2144729,222,1,,,pause
2144729,222,1,,,resume
2144844,186,1,,,pause
2144927,186,1,,,resume
2144927,186,1,,,pause
2144948,90,2,,,pause
2144948,90,2,,,resume
2145010,186,1,,,resume
2145254,158,1,,,pause
2145256,134,2,,,pause
2145337,158,1,,,resume
2145337,158,1,,,pause
2145337,158,1,,,resume
2145339,134,2,,,resume
2145381,154,1,,,pause
2145381,154,1,,,resume
2145839,134,2,,,pause
2145839,134,2,,,resume
2146090,93,2,,,pause
2146090,93,2,,,resume
2146670,134,2,,,pause
2146753,134,2,,,resume
2147475,107,2,,,pause
2147558,107,2,,,resume
2148223,107,2,,,pause
2148389,107,2,,,resume
2148403,130,2,,,pause
2148403,130,2,,,resume
2148598,78,2,,,pause
2148681,78,2,,,resume
2148681,78,2,,,pause
2148764,78,2,,,resume
2149071,91,2,,,pause
2149155,91,2,,,resume
2149221,223,1,,,pause
2149243,190,1,,,pause
2149243,190,1,,,resume
2149304,223,1,,,resume
2149440,90,2,,,pause
2149440,90,2,,,resume
2149576,190,1,,,pause
2149576,190,1,,,resume
2149584,219,1,,,pause
2149655,91,2,,,pause
2149655,91,2,,,resume
2149663,186,1,,,pause
2149747,186,1,,,resume
2149747,186,1,,,pause
2149750,219,1,,,resume
2149825,158,1,,,pause
2149831,186,1,,,resume
2149887,222,1,,,pause
2149887,222,1,,,resume
2149908,158,1,,,resume
2149908,158,1,,,pause
2149954,154,1,,,pause
2149954,154,1,,,resume
2149991,158,1,,,resume
2150021,90,2,,,pause
2150111,94,2,,,pause
2150111,94,2,,,resume
2150163,186,1,,,pause
2150187,90,2,,,resume
2150277,94,2,,,pause
2150277,94,2,,,resume
2150320,91,2,,,pause
2150329,186,1,,,resume
2150403,91,2,,,resume
2150708,216,1,,,pause
2150749,219,1,,,pause
2150749,219,1,,,resume
2150791,216,1,,,resume
2150942,94,2,,,pause
2150942,94,2,,,resume
2151242,93,2,,,pause
2151242,93,2,,,resume
2151493,93,2,,,pause
2151493,93,2,,,resume
2151577,93,2,,,pause
2151577,93,2,,,resume
2151830,134,2,,,pause
2151913,134,2,,,resume
2152343,77,2,,,pause
2152343,77,2,,,resume
2152426,77,2,,,pause
2152426,77,2,,,resume
2153974,91,2,,,pause
2153989,93,2,,,pause
2154072,93,2,,,resume
2154155,93,2,,,pause
2154155,93,2,,,resume
2154238,93,2,,,pause
2154238,93,2,,,resume
2154367,216,1,,,pause
2154389,91,2,,,resume
2154423,90,2,,,pause
2154450,216,1,,,resume
2154482,186,1,,,pause
2154506,90,2,,,resume
2154565,186,1,,,resume
2154638,223,2,,,pause
2154638,223,2,,,resume
2154822,219,1,,,pause
2154905,219,1,,,resume
2155008,187,1,,,pause
2155060,158,1,,,pause
2155077,89,2,,,pause
2155091,187,1,,,resume
2155143,158,1,,,resume
2155160,89,2,,,resume
2155171,90,2,,,pause
2155254,90,2,,,resume
2155254,90,2,,,pause
2155263,94,2,,,pause
2155263,94,2,,,resume
2155345,90,2,,,resume
2155346,94,2,,,pause
2155346,94,2,,,resume
2155429,94,2,,,pause
2155429,94,2,,,resume
2155486,219,1,,,pause
2155486,219,1,,,resume
2155570,219,1,,,pause
2155570,219,1,,,resume
2155658,89,2,,,pause
2155742,89,2,,,resume
2155742,89,2,,,pause
2155825,89,2,,,resume
2156562,93,2,,,pause
2156645,93,2,,,resume
2156941,110,2,,,pause
2156941,110,2,,,resume
2156985,134,2,,,pause
2157068,134,2,,,resume
2157440,77,2,,,pause
2157440,77,2,,,resume
2157523,77,2,,,pause
2157523,77,2,,,resume
2158030,107,2,,,pause
2158114,107,2,,,resume
2158469,133,2,,,pause
2158552,133,2,,,resume
2158612,107,2,,,pause
2158695,107,2,,,resume
2158716,130,2,,,pause
2158716,130,2,,,resume
2159206,223,2,,,pause
2159206,223,2,,,resume
2159291,223,2,,,pause
2159291,223,2,,,resume
2159374,223,2,,,pause
2159374,223,2,,,resume
2159392,219,1,,,pause
2159458,223,2,,,pause
2159458,223,2,,,resume
2159475,219,1,,,resume
2159494,190,1,,,pause
2159494,190,1,,,resume
2159520,216,1,,,pause
2159603,216,1,,,resume
2159797,158,1,,,pause
2159977,219,1,,,pause
2160046,158,1,,,resume
2160060,219,1,,,resume
2160160,190,1,,,pause
2160160,190,1,,,resume
2160162,187,1,,,pause
2160162,187,1,,,resume
2160181,154,1,,,pause
2160181,154,1,,,resume
2160212,158,1,,,pause
2160227,219,1,,,pause
2160276,223,1,,,pause
2160310,219,1,,,resume
2160359,223,1,,,resume
2160378,158,1,,,resume
2160378,158,1,,,pause
2160411,187,1,,,pause
2160411,187,1,,,resume
2160462,158,1,,,resume
2160462,158,1,,,pause
2160462,158,1,,,resume
2160599,159,1,,,pause
2160599,159,1,,,resume
2160713,158,1,,,pause
2160796,158,1,,,resume
2160879,158,1,,,pause
2160879,158,1,,,resume
2160896,89,2,,,pause
2160979,89,2,,,resume
2161717,93,2,,,pause
2161800,93,2,,,resume
2161930,110,2,,,pause
2162096,110,2,,,resume
2162140,134,2,,,pause
2162223,134,2,,,resume
2162223,134,2,,,pause
2162306,134,2,,,resume
2162474,89,2,,,pause
2162595,77,2,,,pause
2162641,89,2,,,resume
2162678,77,2,,,resume
2163077,74,2,,,pause
2163077,74,2,,,resume
2163455,133,2,,,pause
2163539,133,2,,,resume
2163539,133,2,,,pause
2163705,133,2,,,resume
2163872,130,2,,,pause
2163872,130,2,,,resume
2164213,93,2,,,pause
2164297,93,2,,,resume
2164445,223,2,,,pause
2164445,223,2,,,resume
2164446,95,2,,,pause
2164529,95,2,,,resume
2164684,223,1,,,pause
2164701,190,1,,,pause
2164701,190,1,,,resume
2164767,223,1,,,resume
2164767,223,1,,,pause
2164850,223,1,,,resume
2164850,223,1,,,pause
2164933,223,1,,,resume
2164966,219,1,,,pause
2165049,219,1,,,resume
2165085,159,1,,,pause
2165085,159,1,,,resume
2165147,94,2,,,pause
2165147,94,2,,,resume
2165299,219,1,,,pause
2165366,190,1,,,pause
2165366,190,1,,,resume
2165382,219,1,,,resume
2165382,219,1,,,pause
2165431,223,1,,,pause
2165514,223,1,,,resume
2165548,219,1,,,resume
2165564,187,1,,,pause
2165564,187,1,,,resume
2165753,159,1,,,pause
2165753,159,1,,,resume
2165798,134,2,,,pause
2165881,134,2,,,resume
2165964,219,1,,,pause
2165964,134,2,,,pause
2165964,134,2,,,resume
2166002,216,1,,,pause
2166047,219,1,,,resume
2166085,216,1,,,resume
2166380,134,2,,,pause
2166456,93,2,,,pause
2166464,134,2,,,resume
2166539,93,2,,,resume
2167129,134,2,,,pause
2167129,134,2,,,resume
2167212,134,2,,,pause
2167295,134,2,,,resume
2167295,134,2,,,pause
2167378,134,2,,,resume
2167460,89,2,,,pause
2167543,89,2,,,resume
2167627,89,2,,,pause
2167710,89,2,,,resume
2167710,89,2,,,pause
2167793,89,2,,,resume
2168340,132,2,,,pause
2168423,132,2,,,resume
2168423,132,2,,,pause
2168506,132,2,,,resume
2168838,132,2,,,pause
2169088,132,2,,,resume
2169088,132,2,,,pause
2169118,92,2,,,pause
2169118,92,2,,,resume
2169171,132,2,,,resume
2169283,93,2,,,pause
2169367,93,2,,,resume
2169367,93,2,,,pause
2169435,95,2,,,pause
2169450,93,2,,,resume
2169518,95,2,,,resume
2169518,95,2,,,pause
2169533,92,2,,,pause
2169533,93,2,,,pause
2169533,92,2,,,resume
2169597,223,2,,,pause
2169597,223,2,,,resume
2169699,93,2,,,resume
2169762,91,2,,,pause
2169767,95,2,,,resume
2169767,95,2,,,pause
2169800,90,2,,,pause
2169800,90,2,,,resume
2169847,91,2,,,resume
2169847,91,2,,,pause
2169850,95,2,,,resume
2169857,190,1,,,pause
2169857,190,1,,,resume
2169883,90,2,,,pause
2169883,90,2,,,resume
2169934,186,1,,,pause
2170013,91,2,,,resume
2170017,186,1,,,resume
2170197,92,2,,,pause
2170280,92,2,,,resume
2170280,92,2,,,pause
2170280,92,2,,,resume
2170286,219,1,,,pause
2170323,159,1,,,pause
2170323,159,1,,,resume
2170345,91,2,,,pause
2170353,158,1,,,pause
2170369,219,1,,,resume
2170369,219,1,,,pause
2170407,159,1,,,pause
2170407,159,1,,,resume
2170428,91,2,,,resume
2170428,91,2,,,pause
2170428,91,2,,,resume
2170439,190,1,,,pause
2170454,219,1,,,resume
2170455,89,2,,,pause
2170522,190,1,,,resume
2170538,89,2,,,resume
2170538,89,2,,,pause
2170602,158,1,,,resume
2170602,158,1,,,pause
2170621,89,2,,,resume
2170621,89,2,,,pause
2170685,158,1,,,resume
2170685,158,1,,,pause
2170704,89,2,,,resume
2170704,89,2,,,pause
2170768,158,1,,,resume
2170768,158,1,,,pause
2170768,158,1,,,resume
2170787,89,2,,,resume
2170846,95,2,,,pause
2170846,95,2,,,resume
2170851,158,1,,,pause
2170907,159,1,,,pause
2170907,159,1,,,resume
2170934,158,1,,,resume
2170957,134,2,,,pause
2170957,134,2,,,resume
2170963,94,2,,,pause
2170963,94,2,,,resume
2171203,89,2,,,pause
2171286,89,2,,,resume
2171520,190,1,,,pause
2171604,190,1,,,resume
2171712,94,2,,,pause
2171712,94,2,,,resume
2172205,134,2,,,pause
2172248,155,1,,,pause
2172331,155,1,,,resume
2172371,134,2,,,resume
2172371,134,2,,,pause
2172454,134,2,,,resume
2172454,134,2,,,pause
2172454,134,2,,,resume
2172537,134,2,,,pause
2172620,134,2,,,resume
2173777,89,2,,,pause
2173851,133,2,,,pause
2173860,89,2,,,resume
2173934,133,2,,,resume
2173934,133,2,,,pause
2174017,133,2,,,resume
2174504,186,1,,,pause
2174587,186,1,,,resume
2175003,95,2,,,pause
2175008,190,1,,,pause
2175019,93,2,,,pause
2175086,95,2,,,resume
2175092,190,1,,,resume
2175186,93,2,,,resume
2175241,223,1,,,pause
2175251,186,1,,,pause
2175324,223,1,,,resume
2175324,223,1,,,pause
2175334,186,1,,,resume
2175334,186,1,,,pause
2175334,186,1,,,resume
2175407,223,1,,,resume
2175476,159,1,,,pause
2175476,159,1,,,resume
2175508,190,1,,,pause
2175522,219,1,,,pause
2175588,158,1,,,pause
2175588,158,1,,,resume
2175607,219,1,,,resume
2175674,190,1,,,resume
2175754,158,1,,,pause
2175754,158,1,,,resume
2175905,223,1,,,pause
2175988,223,1,,,resume
2176061,159,1,,,pause
2176061,159,1,,,resume
2176114,94,2,,,pause
2176114,94,2,,,resume
2176348,93,2,,,pause
2176395,88,2,,,pause
2176395,88,2,,,resume
2176431,93,2,,,resume
2176861,94,2,,,pause
2176861,94,2,,,resume
2178455,74,2,,,pause
2178455,74,2,,,resume
2178538,74,2,,,pause
2178538,74,2,,,resume
2179024,134,2,,,pause
2179024,134,2,,,resume
2179107,134,2,,,pause
2179190,134,2,,,resume
2179190,134,2,,,pause
2179190,134,2,,,resume
2179238,106,2,,,pause
2179238,106,2,,,resume
2179256,92,2,,,pause
2179422,92,2,,,resume
2179562,155,1,,,pause
2179562,155,1,,,resume
2179902,223,2,,,pause
2179936,94,2,,,pause
2179936,94,2,,,resume
2179985,223,2,,,resume
2179987,95,2,,,pause
2180059,132,2,,,pause
2180070,95,2,,,resume
2180103,90,2,,,pause
2180103,90,2,,,resume
2180142,132,2,,,resume
2180153,95,2,,,pause
2180186,90,2,,,pause
2180186,90,2,,,resume
2180237,95,2,,,resume
2180344,219,1,,,pause
2180428,219,1,,,resume
2180517,94,2,,,pause
2180629,159,1,,,pause
2180629,159,1,,,resume
2180684,94,2,,,resume
2180763,219,1,,,pause
2180777,218,1,,,pause
2180777,218,1,,,resume
2180831,190,1,,,pause
2180846,219,1,,,resume
2180914,190,1,,,resume
2181099,94,2,,,pause
2181099,94,2,,,resume
2181182,94,2,,,pause
2181265,94,2,,,resume
2181429,219,1,,,pause
2181429,219,1,,,resume
2181431,90,2,,,pause
2181514,90,2,,,resume
2181517,134,2,,,pause
2181517,134,2,,,resume
2181556,155,1,,,pause
2181598,94,2,,,pause
2181639,155,1,,,resume
2181639,155,1,,,pause
2181668,93,2,,,pause
2181681,94,2,,,resume
2181722,155,1,,,resume
2181751,93,2,,,resume
2181751,93,2,,,pause
2181764,94,2,,,pause
2181764,94,2,,,resume
2181917,93,2,,,resume
2182013,94,2,,,pause
2182013,94,2,,,resume
2182303,155,1,,,pause
2182303,155,1,,,resume
2182517,134,2,,,pause
2182600,134,2,,,resume
2182600,134,2,,,pause
2182683,134,2,,,resume
2182683,134,2,,,pause
2182850,134,2,,,resume
2182850,134,2,,,pause
2182850,134,2,,,resume
2184096,134,2,,,pause
2184131,110,2,,,pause
2184131,110,2,,,resume
2184179,134,2,,,resume
2184327,133,2,,,pause
2184391,106,2,,,pause
2184410,133,2,,,resume
2184474,106,2,,,resume
2184474,106,2,,,pause
2184474,106,2,,,resume
2184494,92,2,,,pause
2184577,92,2,,,resume
2185506,94,2,,,pause
2185589,94,2,,,resume
2185645,158,1,,,pause
2185716,223,1,,,pause
2185762,156,1,,,pause
2185762,156,1,,,resume
2185799,223,1,,,resume
2185811,158,1,,,resume
2185811,158,1,,,pause
2185894,158,1,,,resume
2185894,158,1,,,pause
2185902,190,1,,,pause
2185932,218,1,,,pause
2185932,218,1,,,resume
2185977,158,1,,,resume
2186060,158,1,,,pause
2186060,158,1,,,resume
2186068,190,1,,,resume
2186068,190,1,,,pause
2186068,190,1,,,resume
2186132,223,1,,,pause
2186215,223,1,,,resume
2186464,223,1,,,pause
2186542,155,1,,,pause
2186547,223,1,,,resume
2186558,158,1,,,pause
2186625,155,1,,,resume
2186641,158,1,,,resume
2186825,93,2,,,pause
2186908,93,2,,,resume
2186908,93,2,,,pause
2187076,93,2,,,resume
2187125,155,1,,,pause
2187208,155,1,,,resume
2187283,216,1,,,pause
2187291,155,1,,,pause
2187291,155,1,,,resume
2187366,216,1,,,resume
2187878,153,2,,,pause
2187878,153,2,,,resume
2188774,74,2,,,pause
2188774,74,2,,,resume
2189307,106,2,,,pause
2189307,106,2,,,resume
2189471,95,2,,,pause
2189554,95,2,,,resume
2189554,95,2,,,pause
2189556,106,2,,,pause
2189556,106,2,,,resume
2189637,95,2,,,resume
2189649,92,2,,,pause
2189733,92,2,,,resume
2190207,91,2,,,pause
2190209,223,2,,,pause
2190292,223,2,,,resume
2190374,91,2,,,resume
2190385,95,2,,,pause
2190609,94,2,,,pause
2190634,95,2,,,resume
2190634,95,2,,,pause
2190656,219,1,,,pause
2190690,190,1,,,pause
2190690,190,1,,,resume
2190704,223,1,,,pause
2190708,91,2,,,pause
2190717,95,2,,,resume
2190717,95,2,,,pause
2190717,95,2,,,resume
2190740,219,1,,,resume
2190776,94,2,,,resume
2190788,223,1,,,resume
2190788,223,1,,,pause
2190791,91,2,,,resume
2190800,95,2,,,pause
2190856,190,1,,,pause
2190856,190,1,,,resume
2190871,223,1,,,resume
2190882,158,1,,,pause
2190883,95,2,,,resume
2190883,95,2,,,pause
2190915,156,1,,,pause
2190965,158,1,,,resume
2190965,158,1,,,pause
2190966,95,2,,,resume
2190998,156,1,,,resume
2190998,156,1,,,pause
2190998,156,1,,,resume
2191048,158,1,,,resume
2191048,158,1,,,pause
2191089,218,1,,,pause
2191089,218,1,,,resume
2191109,94,2,,,pause
2191109,94,2,,,resume
2191131,158,1,,,resume
2191131,158,1,,,pause
2191131,158,1,,,resume
2191192,94,2,,,pause
2191222,208,2,,,pause
2191222,220,1,,,pause
2191222,208,2,,,resume
2191222,220,1,,,resume
2191249,134,2,,,pause
2191249,134,2,,,resume
2191275,94,2,,,resume
2191581,134,2,,,pause
2191663,90,2,,,pause
2191664,134,2,,,resume
2191746,90,2,,,resume
2191781,155,1,,,pause
2191781,155,1,,,resume
2192082,134,2,,,pause
2192165,134,2,,,resume
2192490,219,1,,,pause
2192561,93,2,,,pause
2192573,219,1,,,resume
2192573,219,1,,,pause
2192657,219,1,,,resume
2192666,134,2,,,pause
2192728,93,2,,,resume
2192749,134,2,,,resume
2192749,134,2,,,pause
2192832,134,2,,,resume
2192832,134,2,,,pause
2192915,134,2,,,resume
2194462,106,2,,,pause
2194462,106,2,,,resume
2194561,133,2,,,pause
2194644,133,2,,,resume
2194644,133,2,,,pause
2194688,154,1,,,pause
2194711,106,2,,,pause
2194711,106,2,,,resume
2194771,154,1,,,resume
2194771,154,1,,,pause
2194771,154,1,,,resume
2194802,92,2,,,pause
2194810,133,2,,,resume
2194885,92,2,,,resume
2195514,216,1,,,pause
2195541,220,1,,,pause
2195541,220,1,,,resume
2195598,216,1,,,resume
2195743,218,1,,,pause
2195743,218,1,,,resume
2195763,94,2,,,pause
2195843,190,1,,,pause
2195846,94,2,,,resume
2195926,190,1,,,resume
2195926,190,1,,,pause
2195926,190,1,,,resume
2195929,94,2,,,pause
2195930,94,2,,,resume
2195939,223,1,,,pause
2196009,190,1,,,pause
2196009,190,1,,,resume
2196034,158,1,,,pause
2196034,158,1,,,resume
2196106,223,1,,,resume
2196106,223,1,,,pause
2196200,158,1,,,pause
2196272,223,1,,,resume
2196283,158,1,,,resume
2196296,208,2,,,pause
2196350,155,1,,,pause
2196356,223,1,,,pause
2196379,208,2,,,resume
2196428,94,2,,,pause
2196433,155,1,,,resume
2196439,223,1,,,resume
2196439,223,1,,,pause
2196512,216,1,,,pause
2196512,216,1,,,resume
2196523,223,1,,,resume
2196594,94,2,,,resume
2196594,94,2,,,pause
2196595,216,1,,,pause
2196677,94,2,,,resume
2196678,216,1,,,resume
2196812,90,2,,,pause
2196820,134,2,,,pause
2196894,219,1,,,pause
2196895,90,2,,,resume
2196927,94,2,,,pause
2196932,155,1,,,pause
2196932,155,1,,,resume
2196978,219,1,,,resume
2196986,134,2,,,resume
2197010,94,2,,,resume
2197010,94,2,,,pause
2197093,94,2,,,resume
2197144,219,1,,,pause
2197144,219,1,,,resume
2197300,93,2,,,pause
2197337,190,1,,,pause
2197337,190,1,,,resume
2197383,93,2,,,resume
2199954,92,2,,,pause
2200037,92,2,,,resume
2200751,216,1,,,pause
2200834,216,1,,,resume
2201079,94,2,,,pause
2201081,190,1,,,pause
2201081,190,1,,,resume
2201104,158,1,,,pause
2201162,94,2,,,resume
2201270,158,1,,,resume
2201314,218,1,,,pause
2201314,218,1,,,resume
2201417,216,1,,,pause
2201436,158,1,,,pause
2201452,208,2,,,pause
2201500,216,1,,,resume
2201501,155,1,,,pause
2201519,158,1,,,resume
2201519,158,1,,,pause
2201525,220,1,,,pause
2201525,220,1,,,resume
2201584,155,1,,,resume
2201593,223,1,,,pause
2201602,158,1,,,resume
2201618,208,2,,,resume
2201646,218,1,,,pause
2201676,223,1,,,resume
2201729,218,1,,,resume
2201729,218,1,,,pause
2201812,218,1,,,resume
2201812,218,1,,,pause
2201895,218,1,,,resume
2202082,155,1,,,pause
2202165,155,1,,,resume
2202455,93,2,,,pause
2202538,93,2,,,resume
2202748,155,1,,,pause
2202831,155,1,,,resume
2202831,155,1,,,pause
2202831,155,1,,,resume
2204444,92,2,,,pause
2204453,133,2,,,pause
2204490,216,1,,,pause
2204490,216,1,,,resume
2204527,92,2,,,resume
2204536,133,2,,,resume
2204818,135,2,,,pause
2204818,135,2,,,resume
2204999,154,1,,,pause
2205083,154,1,,,resume
2205108,92,2,,,pause
2205274,92,2,,,resume
2205490,88,2,,,pause
2205490,88,2,,,resume
2205664,91,2,,,pause
2205762,220,1,,,pause
2205762,220,1,,,resume
2205820,216,1,,,pause
2205903,216,1,,,resume
2205903,216,1,,,pause
2205913,91,2,,,resume
2205969,134,2,,,pause
2206052,134,2,,,resume
2206071,216,1,,,resume
2206150,94,2,,,pause
2206150,190,1,,,pause
2206171,95,2,,,pause
2206233,94,2,,,resume
2206233,94,2,,,pause
2206254,95,2,,,resume
2206254,95,2,,,pause
2206316,94,2,,,resume
2206316,94,2,,,pause
2206317,190,1,,,resume
2206333,223,1,,,pause
2206337,95,2,,,resume
2206399,94,2,,,resume
2206416,223,1,,,resume
2206423,158,1,,,pause
2206423,158,1,,,resume
2206570,216,1,,,pause
2206582,223,1,,,pause
2206589,158,1,,,pause
2206653,216,1,,,resume
2206665,223,1,,,resume
2206665,223,1,,,pause
2206676,220,1,,,pause
2206748,223,1,,,resume
2206748,223,1,,,pause
2206748,223,1,,,resume
2206755,158,1,,,resume
2206755,158,1,,,pause
2206759,220,1,,,resume
2206800,134,2,,,pause
2206838,158,1,,,resume
2206883,134,2,,,resume
2206897,94,2,,,pause
2206980,94,2,,,resume
2207049,134,2,,,pause
2207113,90,2,,,pause
2207132,134,2,,,resume
2207197,90,2,,,resume
2207475,135,2,,,pause
2207475,135,2,,,resume
2208025,93,2,,,pause
2208191,93,2,,,resume
2208191,93,2,,,pause
2208274,93,2,,,resume
2208389,135,2,,,pause
2208389,135,2,,,resume
2208419,153,2,,,pause
2208502,153,2,,,resume
2208557,135,2,,,pause
2208557,135,2,,,resume
2209436,93,2,,,pause
2209519,93,2,,,resume
2209612,133,2,,,pause
2209695,133,2,,,resume
2209886,135,2,,,pause
2209969,135,2,,,resume
2210331,95,2,,,pause
2210414,95,2,,,resume
2210414,95,2,,,pause
2210414,95,2,,,resume
2210497,95,2,,,pause
2210580,95,2,,,resume
2210580,95,2,,,pause
2210663,95,2,,,resume
2210858,133,2,,,pause
2211024,133,2,,,resume
2211024,133,2,,,pause
2211024,133,2,,,resume
2211327,95,2,,,pause
2211386,94,2,,,pause
2211410,158,1,,,pause
2211410,95,2,,,resume
2211462,236,2,,,pause
2211462,236,2,,,resume
2211469,94,2,,,resume
2211469,94,2,,,pause
2211545,236,2,,,pause
2211545,236,2,,,resume
2211553,94,2,,,resume
2211553,94,2,,,pause
2211577,158,1,,,resume
2211628,236,2,,,pause
2211628,236,2,,,resume
2211636,94,2,,,resume
2211975,216,1,,,pause
2211975,216,1,,,resume
2211992,158,1,,,pause
2212075,158,1,,,resume
2212271,133,2,,,pause
2212271,133,2,,,resume
2212355,133,2,,,pause
2212373,218,1,,,pause
2212438,133,2,,,resume
2212456,218,1,,,resume
2212473,155,1,,,pause
2212539,218,1,,,pause
2212556,216,1,,,pause
2212556,155,1,,,resume
2212556,216,1,,,resume
2212573,158,1,,,pause
2212573,158,1,,,resume
2212596,93,2,,,pause
2212622,218,1,,,resume
2212626,135,2,,,pause
2212626,135,2,,,resume
2212763,93,2,,,resume
2212763,93,2,,,pause
2212846,93,2,,,resume
2213262,93,2,,,pause
2213345,93,2,,,resume
2213345,93,2,,,pause
2213345,93,2,,,resume
2213456,134,2,,,pause
2213539,134,2,,,resume
2213539,134,2,,,pause
2213539,134,2,,,resume
2213794,111,2,,,pause
2213877,111,2,,,resume
2214160,77,2,,,pause
2214160,77,2,,,resume
2214179,78,2,,,pause
2214179,78,2,,,resume
2214209,111,2,,,pause
2214292,111,2,,,resume
2214428,78,2,,,pause
2214429,78,2,,,resume
2214664,92,2,,,pause
2214747,92,2,,,resume
2214932,133,2,,,pause
2215099,133,2,,,resume
2215099,133,2,,,pause
2215265,133,2,,,resume
2215265,133,2,,,pause
2215265,133,2,,,resume
2215295,88,2,,,pause
2215295,88,2,,,resume
2215329,92,2,,,pause
2215412,92,2,,,resume
2215412,92,2,,,pause
2215578,92,2,,,resume
2215680,133,2,,,pause
2215763,133,2,,,resume
2215962,216,1,,,pause
2216128,216,1,,,resume
2216150,220,1,,,pause
2216169,93,2,,,pause
2216233,220,1,,,resume
2216252,93,2,,,resume
2216252,93,2,,,pause
2216252,93,2,,,resume
2216367,236,2,,,pause
2216367,236,2,,,resume
2216538,94,2,,,pause
2216616,236,2,,,pause
2216616,236,2,,,resume
2216699,236,2,,,pause
2216699,236,2,,,resume
2216715,191,1,,,pause
2216715,191,1,,,resume
2216782,236,2,,,pause
2216782,236,2,,,resume
2216787,94,2,,,resume
2216872,190,1,,,pause
2216955,190,1,,,resume
2217277,218,1,,,pause
2217443,218,1,,,resume
2217497,90,2,,,pause
2217497,90,2,,,resume
2217780,135,2,,,pause
2217863,135,2,,,resume
2218417,132,2,,,pause
2218417,132,2,,,resume
2219109,236,2,,,pause
2219109,236,2,,,resume
2219818,92,2,,,pause
2219902,92,2,,,resume
2220362,108,2,,,pause
2220362,108,2,,,resume
2220449,88,2,,,pause
2220449,88,2,,,resume
2220482,106,2,,,pause
2220482,106,2,,,resume
2220651,92,2,,,pause
2220734,92,2,,,resume
2220770,91,2,,,pause
2220770,91,2,,,resume
2220853,91,2,,,pause
2220853,91,2,,,resume
2221030,88,2,,,pause
2221030,88,2,,,resume
2221171,210,2,,,pause
2221171,210,2,,,resume
2221239,93,2,,,pause
2221268,91,2,,,pause
2221268,91,2,,,resume
2221322,93,2,,,resume
2221322,93,2,,,pause
2221351,91,2,,,pause
2221351,91,2,,,resume
2221357,134,2,,,pause
2221405,93,2,,,resume
2221405,93,2,,,pause
2221434,91,2,,,pause
2221488,93,2,,,resume
2221517,91,2,,,resume
2221521,236,2,,,pause
2221521,236,2,,,resume
2221523,134,2,,,resume
2221571,93,2,,,pause
2221600,91,2,,,pause
2221600,91,2,,,resume
2221625,212,2,,,pause
2221625,212,2,,,resume
2221654,93,2,,,resume
2221766,91,2,,,pause
2221766,91,2,,,resume
2221849,91,2,,,pause
2221849,91,2,,,resume
2221853,236,2,,,pause
2221853,236,2,,,resume
2221869,191,1,,,pause
2221869,191,1,,,resume
2221881,158,1,,,pause
2221936,236,2,,,pause
2221936,236,2,,,resume
2221964,158,1,,,resume
2221988,93,2,,,pause
2222071,93,2,,,resume
2222187,134,2,,,pause
2222270,134,2,,,resume
2222270,134,2,,,pause
2222353,134,2,,,resume
2222571,93,2,,,pause
2222598,91,2,,,pause
2222598,91,2,,,resume
2222737,93,2,,,resume
2222931,135,2,,,pause
2223014,135,2,,,resume
2223506,74,2,,,pause
2223506,74,2,,,resume
2223572,132,2,,,pause
2223572,132,2,,,resume
2223577,208,2,,,pause
2223577,208,2,,,resume
2223939,135,2,,,pause
2223984,78,2,,,pause
2223984,78,2,,,resume
2224022,135,2,,,resume
2224101,134,2,,,pause
2224184,134,2,,,resume
2224462,95,2,,,pause
2224482,78,2,,,pause
2224545,95,2,,,resume
2224565,78,2,,,resume
2224565,78,2,,,pause
2224565,78,2,,,resume
2224731,78,2,,,pause
2224769,111,2,,,pause
2224814,78,2,,,resume
2224853,111,2,,,resume
2224976,92,2,,,pause
2224976,92,2,,,resume
2225061,92,2,,,pause
2225061,92,2,,,resume
2225105,216,1,,,pause
2225188,216,1,,,resume
2225436,111,2,,,pause
2225519,111,2,,,resume
2225567,132,2,,,pause
2225567,132,2,,,resume
2225603,88,2,,,pause
2225603,88,2,,,resume
2225699,212,2,,,pause
2225699,212,2,,,resume
2225747,219,2,,,pause
2225747,219,2,,,resume
2225780,107,2,,,pause
2225780,107,2,,,resume
2225791,95,2,,,pause
2225811,92,2,,,pause
2225863,107,2,,,pause
2225870,104,2,,,pause
2225870,104,2,,,resume
2225874,95,2,,,resume
2225946,107,2,,,resume
2225979,92,2,,,resume
2226021,135,2,,,pause
2226105,135,2,,,resume
2226105,135,2,,,pause
2226105,135,2,,,resume
2226187,88,2,,,pause
2226187,88,2,,,resume
2226231,93,2,,,pause
2226245,219,2,,,pause
2226245,219,2,,,resume
2226314,93,2,,,resume
2226314,93,2,,,pause
2226314,93,2,,,resume
2226341,91,2,,,pause
2226352,216,1,,,pause
2226424,91,2,,,resume
2226435,216,1,,,resume
2226507,91,2,,,pause
2226507,91,2,,,resume
2226518,216,1,,,pause
2226590,91,2,,,pause
2226653,208,2,,,pause
2226653,208,2,,,resume
2226673,91,2,,,resume
2226686,216,1,,,resume
2226931,94,2,,,pause
2226931,94,2,,,resume
2226935,135,2,,,pause
2226935,135,2,,,resume
2227068,208,2,,,pause
2227068,208,2,,,resume
2227088,236,2,,,pause
2227088,236,2,,,resume
2227110,212,2,,,pause
2227110,212,2,,,resume
2227178,190,1,,,pause
2227178,190,1,,,resume
2227836,218,1,,,pause
2227919,218,1,,,resume
2227919,218,1,,,pause
2228002,218,1,,,resume
2228002,218,1,,,pause
2228085,218,1,,,resume
2228145,93,2,,,pause
2228229,93,2,,,resume
2228346,135,2,,,pause
2228429,135,2,,,resume
2228434,155,1,,,pause
2228434,155,1,,,resume
2228596,73,2,,,pause
2228596,73,2,,,resume
2228670,74,2,,,pause
2228670,74,2,,,resume
2228924,134,2,,,pause
2229090,134,2,,,resume
2229090,134,2,,,pause
2229163,78,2,,,pause
2229163,78,2,,,resume
2229246,78,2,,,pause
2229256,134,2,,,resume
2229413,78,2,,,resume
2230078,78,2,,,pause
2230078,78,2,,,resume
2230723,132,2,,,pause
2230723,132,2,,,resume
2230954,104,2,,,pause
2231025,107,2,,,pause
2231037,104,2,,,resume
2231108,107,2,,,resume
2231129,223,2,,,pause
2231129,223,2,,,resume
2231143,208,2,,,pause
2231226,208,2,,,resume
2231426,88,2,,,pause
2231426,88,2,,,resume
2231472,93,2,,,pause
2231493,91,2,,,pause
2231533,232,2,,,pause
2231555,93,2,,,resume
2231576,91,2,,,resume
2231616,232,2,,,resume
2231659,91,2,,,pause
2231769,212,2,,,pause
2231769,212,2,,,resume
2231826,91,2,,,resume
2231833,236,2,,,pause
2231833,236,2,,,resume
2232029,95,2,,,pause
2232029,95,2,,,resume
2232082,236,2,,,pause
2232082,236,2,,,resume
2232092,94,2,,,pause
2232175,94,2,,,resume
2232248,236,2,,,pause
2232248,236,2,,,resume
2232333,190,1,,,pause
2232333,190,1,,,resume
2232334,159,1,,,pause
2232334,159,1,,,resume
2232351,212,2,,,pause
2232351,212,2,,,resume
2232634,132,2,,,pause
2232634,132,2,,,resume
2232838,88,2,,,pause
2232922,88,2,,,resume
2232922,88,2,,,pause
2232922,88,2,,,resume
2232955,155,1,,,pause
2233038,155,1,,,resume
2233159,218,1,,,pause
2233242,218,1,,,resume
2233299,93,2,,,pause
2233382,93,2,,,resume
2233754,73,2,,,pause
2233754,73,2,,,resume
2234169,216,1,,,pause
2234252,216,1,,,resume
2234696,104,2,,,pause
2234779,104,2,,,resume
2235331,216,1,,,pause
2235414,216,1,,,resume
2235877,132,2,,,pause
2235877,132,2,,,resume
2236101,95,2,,,pause
2236109,104,2,,,pause
2236180,107,2,,,pause
2236184,95,2,,,resume
2236192,104,2,,,resume
2236263,107,2,,,resume
2236267,95,2,,,pause
2236267,95,2,,,resume
2236364,223,2,,,pause
2236364,223,2,,,resume
2236447,223,2,,,pause
2236447,223,2,,,resume
2236626,93,2,,,pause
2236629,90,2,,,pause
2236709,93,2,,,resume
2236712,90,2,,,resume
2236763,220,1,,,pause
2236846,220,1,,,resume
2237098,95,2,,,pause
2237098,95,2,,,resume
2237138,219,1,,,pause
2237161,190,1,,,pause
2237221,219,1,,,resume
2237244,190,1,,,resume
2237264,94,2,,,pause
2237264,94,2,,,resume
2237347,95,2,,,pause
2237347,95,2,,,resume
2237790,132,2,,,pause
2237790,132,2,,,resume
2237843,220,1,,,pause
2237926,220,1,,,resume
2238453,93,2,,,pause
2238536,93,2,,,resume
2238595,59,2,,,pause
2238595,59,2,,,resume
2238619,93,2,,,pause
2238702,93,2,,,resume
2238905,73,2,,,pause
2238905,73,2,,,resume
2239035,132,2,,,pause
2239035,132,2,,,resume
2239811,236,2,,,pause
2239811,236,2,,,resume
2240314,78,2,,,pause
2240314,78,2,,,resume
2240650,216,1,,,pause
2240733,216,1,,,resume
2241030,132,2,,,pause
2241030,132,2,,,resume
2241248,107,2,,,pause
2241260,92,2,,,pause
2241260,92,2,,,resume
2241263,104,2,,,pause
2241276,106,2,,,pause
2241346,104,2,,,resume
2241346,104,2,,,pause
2241359,106,2,,,resume
2241359,106,2,,,pause
2241359,106,2,,,resume
2241414,107,2,,,resume
2241418,95,2,,,pause
2241418,95,2,,,resume
2241429,104,2,,,resume
2241780,90,2,,,pause
2241863,90,2,,,resume
2242123,208,2,,,pause
2242123,208,2,,,resume
2242248,95,2,,,pause
2242293,219,1,,,pause
2242331,95,2,,,resume
2242336,94,2,,,pause
2242336,94,2,,,resume
2242377,219,1,,,resume
2242401,190,1,,,pause
2242471,236,2,,,pause
2242471,236,2,,,resume
2242484,190,1,,,resume
2242729,134,2,,,pause
2242729,134,2,,,resume
2242942,132,2,,,pause
2242942,132,2,,,resume
2243052,218,1,,,pause
2243135,218,1,,,resume
2243145,88,2,,,pause
2243228,88,2,,,resume
2244059,73,2,,,pause
2244059,73,2,,,resume
2244106,132,2,,,pause
2244189,132,2,,,resume
2244272,132,2,,,pause
2244272,132,2,,,resume
2244537,133,2,,,pause
2244537,133,2,,,resume
2245010,78,2,,,pause
2245093,78,2,,,resume
2245093,78,2,,,pause
2245093,78,2,,,resume
2245309,73,2,,,pause
2245309,73,2,,,resume
2245468,78,2,,,pause
2245468,78,2,,,resume
2245476,73,2,,,pause
2245559,73,2,,,resume
2245559,73,2,,,pause
2245559,73,2,,,resume
2245764,106,2,,,pause
2245847,106,2,,,resume
2245903,107,2,,,pause
2245986,107,2,,,resume
2246013,106,2,,,pause
2246096,106,2,,,resume
2246184,132,2,,,pause
2246184,132,2,,,resume
2246338,223,2,,,pause
2246338,223,2,,,resume
2246428,106,2,,,pause
2246497,92,2,,,pause
2246497,92,2,,,resume
2246511,106,2,,,resume
2246570,95,2,,,pause
2246570,95,2,,,resume
2246670,223,2,,,pause
2246670,223,2,,,resume
2246754,223,2,,,pause
2246754,223,2,,,resume
2246934,90,2,,,pause
2246961,91,2,,,pause
2247017,90,2,,,resume
2247044,91,2,,,resume
2247237,94,2,,,pause
2247320,220,1,,,pause
2247320,94,2,,,resume
2247321,223,1,,,pause
2247321,223,1,,,resume
2247400,95,2,,,pause
2247403,220,1,,,resume
2247449,219,1,,,pause
2247483,95,2,,,resume
2247532,219,1,,,resume
2247553,190,1,,,pause
2247636,190,1,,,resume
2247711,159,1,,,pause
2247711,159,1,,,resume
2247885,134,2,,,pause
2247885,134,2,,,resume
2247968,134,2,,,pause
2247968,134,2,,,resume
2248097,132,2,,,pause
2248097,132,2,,,resume
2248207,218,1,,,pause
2248282,133,2,,,pause
2248290,218,1,,,resume
2248290,218,1,,,pause
2248365,133,2,,,resume
2248373,218,1,,,resume
2248373,218,1,,,pause
2248456,218,1,,,resume
2248595,93,2,,,pause
2248679,93,2,,,resume
2248739,154,1,,,pause
2248822,154,1,,,resume
2248901,59,2,,,pause
2248901,59,2,,,resume
2249344,132,2,,,pause
2249344,132,2,,,resume
2249695,133,2,,,pause
2249695,133,2,,,resume
2249997,78,2,,,pause
2250080,78,2,,,resume
2250225,107,2,,,pause
2250246,78,2,,,pause
2250308,107,2,,,resume
2250329,78,2,,,resume
2250674,132,2,,,pause
2250705,78,2,,,pause
2250705,78,2,,,resume
2250756,92,2,,,pause
2250758,132,2,,,resume
2250922,92,2,,,resume
2250924,132,2,,,pause
2251007,132,2,,,resume
2251254,92,2,,,pause
2251341,132,2,,,pause
2251341,132,2,,,resume
2251361,108,2,,,pause
2251444,108,2,,,resume
2251586,92,2,,,resume
2251635,93,2,,,pause
2251718,93,2,,,resume
2251725,95,2,,,pause
2251725,95,2,,,resume
2251801,93,2,,,pause
2251801,93,2,,,resume
2251884,93,2,,,pause
2251884,93,2,,,resume
2251967,93,2,,,pause
2251967,93,2,,,resume
2252050,93,2,,,pause
2252112,91,2,,,pause
2252195,91,2,,,resume
2252216,93,2,,,resume
2252216,93,2,,,pause
2252216,93,2,,,resume
2252278,91,2,,,pause
2252310,94,2,,,pause
2252382,93,2,,,pause
2252382,93,2,,,resume
2252393,94,2,,,resume
2252393,94,2,,,pause
2252444,91,2,,,resume
2252473,220,1,,,pause
2252476,223,1,,,pause
2252476,94,2,,,resume
2252476,223,1,,,resume
2252476,94,2,,,pause
2252555,95,2,,,pause
2252558,220,1,,,resume
2252558,220,1,,,pause
2252559,223,1,,,pause
2252559,94,2,,,resume
2252559,223,1,,,resume
2252612,91,2,,,pause
2252638,95,2,,,resume
2252641,220,1,,,resume
2252695,91,2,,,resume
2252707,190,1,,,pause
2252790,190,1,,,resume
2252862,90,2,,,pause
2252862,90,2,,,resume
2252865,159,1,,,pause
2252948,159,1,,,resume
2252975,94,2,,,pause
2253044,134,2,,,pause
2253044,134,2,,,resume
2253130,93,2,,,pause
2253130,93,2,,,resume
2253141,94,2,,,resume
2253573,155,1,,,pause
2253613,218,1,,,pause
2253656,155,1,,,resume
2253696,218,1,,,resume
2254850,133,2,,,pause
2254850,133,2,,,resume
2255806,104,2,,,pause
2255889,104,2,,,resume
2256096,133,2,,,pause
2256179,133,2,,,resume
2256716,94,2,,,pause
2256728,78,2,,,pause
2256799,94,2,,,resume
2256811,78,2,,,resume
2256958,95,2,,,pause
2256958,95,2,,,resume
2257161,92,2,,,pause
2257244,92,2,,,resume
2257292,220,1,,,pause
2257344,219,1,,,pause
2257375,220,1,,,resume
2257427,219,1,,,resume
2257546,94,2,,,pause
2257629,223,1,,,pause
2257712,94,2,,,resume
2257712,94,2,,,pause
2257791,220,1,,,pause
2257795,223,1,,,resume
2257795,94,2,,,resume
2257795,94,2,,,pause
2257873,190,1,,,pause
2257873,190,1,,,resume
2257874,220,1,,,resume
2257878,94,2,,,resume
2257925,219,1,,,pause
2258008,219,1,,,resume
2258018,159,1,,,pause
2258042,90,2,,,pause
2258042,90,2,,,resume
2258101,159,1,,,resume
2258143,155,1,,,pause
2258199,134,2,,,pause
2258199,134,2,,,resume
2258211,94,2,,,pause
2258226,155,1,,,resume
2258283,134,2,,,pause
2258283,134,2,,,resume
2258460,94,2,,,resume
2258592,133,2,,,pause
2258675,133,2,,,resume
2258767,218,1,,,pause
2258933,218,1,,,resume
2259766,153,2,,,pause
2259766,153,2,,,resume
2259933,153,2,,,pause
2259933,153,2,,,resume
2260003,133,2,,,pause
2260003,133,2,,,resume
2260532,95,2,,,pause
2260532,95,2,,,resume
2261101,73,2,,,pause
2261101,73,2,,,resume
2261253,133,2,,,pause
2261336,133,2,,,resume
2261696,77,2,,,pause
2261779,95,2,,,pause
2261779,77,2,,,resume
2261779,77,2,,,pause
2261779,77,2,,,resume
2261818,92,2,,,pause
2261864,77,2,,,pause
2261864,77,2,,,resume
2261945,95,2,,,resume
2261945,95,2,,,pause
2261947,77,2,,,pause
2261947,77,2,,,resume
2261984,92,2,,,resume
2262067,92,2,,,pause
2262111,95,2,,,resume
2262151,92,2,,,resume
2262365,90,2,,,pause
2262365,90,2,,,resume
2262449,90,2,,,pause
2262449,90,2,,,resume
2262581,219,1,,,pause
2262581,219,1,,,resume
2262693,95,2,,,pause
2262739,211,2,,,pause
2262777,95,2,,,resume
2262822,211,2,,,resume
2262867,223,1,,,pause
2262943,220,1,,,pause
2262950,223,1,,,resume
2263026,220,1,,,resume
2263036,94,2,,,pause
2263065,190,1,,,pause
2263065,190,1,,,resume
2263113,90,2,,,pause
2263119,94,2,,,resume
2263163,219,1,,,pause
2263196,90,2,,,resume
2263246,219,1,,,resume
2263356,134,2,,,pause
2263356,134,2,,,resume
2263758,88,2,,,pause
2263841,88,2,,,resume
2264390,89,2,,,pause
2264390,89,2,,,resume
2264468,219,2,,,pause
2264468,219,2,,,resume
2265470,89,2,,,pause
2265470,89,2,,,resume
2265553,89,2,,,pause
2265636,89,2,,,resume
2266255,73,2,,,pause
2266255,73,2,,,resume
2266490,133,2,,,pause
2266740,133,2,,,resume
2266853,92,2,,,pause
2266938,92,2,,,resume
2267068,25,2,,,pause
2267068,25,2,,,resume
2267359,104,2,,,pause
2267362,95,2,,,pause
2267362,95,2,,,resume
2267430,93,2,,,pause
2267444,104,2,,,resume
2267445,95,2,,,pause
2267466,132,2,,,pause
2267529,95,2,,,resume
2267529,95,2,,,pause
2267549,132,2,,,resume
2267596,220,1,,,pause
2267612,95,2,,,resume
2267612,95,2,,,pause
2267612,95,2,,,resume
2267679,93,2,,,resume
2267737,91,2,,,pause
2267738,219,1,,,pause
2267762,220,1,,,resume
2267820,91,2,,,resume
2267821,219,1,,,resume
2268022,223,1,,,pause
2268069,91,2,,,pause
2268105,223,1,,,resume
2268113,94,2,,,pause
2268152,91,2,,,resume
2268219,190,1,,,pause
2268219,190,1,,,resume
2268224,191,1,,,pause
2268280,94,2,,,resume
2268280,94,2,,,pause
2268280,94,2,,,resume
2268307,191,1,,,resume
2268319,219,1,,,pause
2268333,216,1,,,pause
2268363,94,2,,,pause
2268402,219,1,,,resume
2268402,219,1,,,pause
2268402,219,1,,,resume
2268416,216,1,,,resume
2268446,94,2,,,resume
2268510,134,2,,,pause
2268510,134,2,,,resume
2268984,219,1,,,pause
2268984,219,1,,,resume
2269006,158,1,,,pause
2269089,158,1,,,resume
2269608,223,2,,,pause
2269691,223,2,,,resume
2270068,208,2,,,pause
2270068,208,2,,,resume
2270812,78,2,,,pause
2270895,78,2,,,resume
2271421,73,2,,,pause
2271421,73,2,,,resume
2271850,92,2,,,pause
2271933,92,2,,,resume
2271939,154,1,,,pause
2272022,154,1,,,resume
2272109,78,2,,,pause
2272192,78,2,,,resume
2272352,223,2,,,pause
2272435,223,2,,,resume
2272754,134,2,,,pause
2272768,95,2,,,pause
2272851,95,2,,,resume
2272892,219,1,,,pause
2272920,134,2,,,resume
2272975,219,1,,,resume
2272975,219,1,,,pause
2272975,219,1,,,resume
2273060,219,1,,,pause
2273143,219,1,,,resume
2273342,190,1,,,pause
2273342,190,1,,,resume
2273392,219,1,,,pause
2273392,219,1,,,resume
2273475,219,1,,,pause
2273642,219,1,,,resume
2273662,158,1,,,pause
2273745,158,1,,,resume
2273752,155,1,,,pause
2273835,155,1,,,resume
2273982,218,1,,,pause
2274140,219,1,,,pause
2274140,219,1,,,resume
2274148,218,1,,,resume
2274224,219,1,,,pause
2274254,155,1,,,pause
2274307,219,1,,,resume
2274307,219,1,,,pause
2274337,155,1,,,resume
2274337,155,1,,,pause
2274337,155,1,,,resume
2274391,219,1,,,resume
2274832,73,2,,,pause
2274832,73,2,,,resume
2274835,155,1,,,pause
2274835,155,1,,,resume
2274917,73,2,,,pause
2274918,155,1,,,pause
2275000,73,2,,,resume
2275001,155,1,,,resume
2275001,155,1,,,pause
2275084,155,1,,,resume
2275269,104,2,,,pause
2275352,104,2,,,resume
2275579,111,2,,,pause
2275579,111,2,,,resume
2275788,89,2,,,pause
2275872,89,2,,,resume
2275996,73,2,,,pause
2275996,73,2,,,resume
2276180,78,2,,,pause
2276263,78,2,,,resume
2276411,73,2,,,pause
2276445,0,2,,,pause
2276445,0,2,,,resume
2276494,73,2,,,resume
2276852,110,2,,,pause
2276852,110,2,,,resume
2277002,92,2,,,pause
2277002,92,2,,,resume
2277693,132,2,,,pause
2277845,90,2,,,pause
2277845,90,2,,,resume
2277859,132,2,,,resume
2278041,91,2,,,pause
2278124,91,2,,,resume
2278374,91,2,,,pause
2278413,223,1,,,pause
2278457,91,2,,,resume
2278494,190,1,,,pause
2278496,223,1,,,resume
2278556,94,2,,,pause
2278556,94,2,,,resume
2278577,190,1,,,resume
2278579,223,1,,,pause
2278593,90,2,,,pause
2278662,223,1,,,resume
2278676,90,2,,,resume
2279218,218,1,,,pause
2279302,218,1,,,resume
2279385,218,1,,,pause
2279468,218,1,,,resume
2279826,89,2,,,pause
2279826,89,2,,,resume
2279909,89,2,,,pause
2279909,89,2,,,resume
2280187,132,2,,,pause
2280187,132,2,,,resume
2280381,208,2,,,pause
2280381,208,2,,,resume
2280419,104,2,,,pause
2280502,104,2,,,resume
2280652,111,2,,,pause
2280735,111,2,,,resume
2280823,89,2,,,pause
2280823,89,2,,,resume
2280906,89,2,,,pause
2280906,89,2,,,resume
2280989,89,2,,,pause
2280989,89,2,,,resume
2281072,89,2,,,pause
2281072,89,2,,,resume
2281597,0,2,,,pause
2281597,0,2,,,resume
2281604,106,2,,,pause
2281604,106,2,,,resume
2281679,120,2,,,pause
2281679,120,2,,,resume
2281713,133,2,,,pause
2281713,133,2,,,resume
2281771,106,2,,,pause
2281771,106,2,,,resume
2281797,133,2,,,pause
2281880,133,2,,,resume
2281952,135,2,,,pause
2281952,135,2,,,resume
2282007,110,2,,,pause
2282007,110,2,,,resume
2282529,25,2,,,pause
2282529,25,2,,,resume
2282569,92,2,,,pause
2282652,92,2,,,resume
2282846,132,2,,,pause
2282846,132,2,,,resume
2282895,93,2,,,pause
2282911,90,2,,,pause
2282929,132,2,,,pause
2282994,90,2,,,resume
2283013,132,2,,,resume
2283061,93,2,,,resume
2283227,93,2,,,pause
2283310,93,2,,,resume
2283442,91,2,,,pause
2283525,91,2,,,resume
2283660,90,2,,,pause
2283683,236,2,,,pause
2283683,236,2,,,resume
2283735,89,2,,,pause
2283735,89,2,,,resume
2283826,90,2,,,resume
2283901,89,2,,,pause
2283901,89,2,,,resume
2283967,158,1,,,pause
2283976,93,2,,,pause
2284050,158,1,,,resume
2284059,93,2,,,resume
2284289,218,1,,,pause
2284318,89,2,,,pause
2284318,89,2,,,resume
2284372,218,1,,,resume
2284372,218,1,,,pause
2284455,218,1,,,resume
2284455,218,1,,,pause
2284621,218,1,,,resume
2284621,218,1,,,pause
2284705,218,1,,,resume
2284899,89,2,,,pause
2285065,89,2,,,resume
2285979,89,2,,,pause
2285979,89,2,,,resume
2286062,89,2,,,pause
2286062,89,2,,,resume
2286145,89,2,,,pause
2286145,89,2,,,resume
2286222,77,2,,,pause
2286305,77,2,,,resume
2286473,111,2,,,pause
2286556,111,2,,,resume
2286746,0,2,,,pause
2286746,0,2,,,resume
2286758,106,2,,,pause
2286758,106,2,,,resume
2287107,135,2,,,pause
2287107,135,2,,,resume
2287162,110,2,,,pause
2287245,110,2,,,resume
2287356,135,2,,,pause
2287431,91,2,,,pause
2287439,135,2,,,resume
2287467,93,2,,,pause
2287514,91,2,,,resume
2287522,135,2,,,pause
2287522,135,2,,,resume
2287550,93,2,,,resume
2287585,132,2,,,pause
2287585,132,2,,,resume
2287605,135,2,,,pause
2287605,135,2,,,resume
2287723,92,2,,,pause
2287806,92,2,,,resume
2287810,223,2,,,pause
2287834,132,2,,,pause
2287893,223,2,,,resume
2287893,223,2,,,pause
2287893,223,2,,,resume
2287978,95,2,,,pause
2288000,132,2,,,resume
2288000,132,2,,,pause
2288061,95,2,,,resume
2288115,216,1,,,pause
2288131,93,2,,,pause
2288142,223,2,,,pause
2288166,132,2,,,resume
2288166,132,2,,,pause
2288166,132,2,,,resume
2288200,216,1,,,resume
2288200,216,1,,,pause
2288225,223,2,,,resume
2288283,216,1,,,resume
2288298,93,2,,,resume
2288308,223,2,,,pause
2288391,223,2,,,resume
2288391,223,2,,,pause
2288474,223,2,,,resume
2288595,91,2,,,pause
2288665,239,2,,,pause
2288665,239,2,,,resume
2288678,91,2,,,resume
2288803,190,1,,,pause
2288857,94,2,,,pause
2288886,190,1,,,resume
2288893,90,2,,,pause
2288940,94,2,,,resume
2288976,90,2,,,resume
2289364,216,1,,,pause
2289447,216,1,,,resume
2289468,134,2,,,pause
2289468,134,2,,,resume
2291679,77,2,,,pause
2291679,77,2,,,resume
2291897,0,2,,,pause
2291912,106,2,,,pause
2291912,106,2,,,resume
2291980,0,2,,,resume
2292079,106,2,,,pause
2292164,106,2,,,resume
2292477,134,2,,,pause
2292477,134,2,,,resume
2292793,77,2,,,pause
2292875,92,2,,,pause
2292876,77,2,,,resume
2292876,77,2,,,pause
2292876,77,2,,,resume
2292936,94,2,,,pause
2292958,92,2,,,resume
2293019,94,2,,,resume
2293082,91,2,,,pause
2293135,220,1,,,pause
2293165,91,2,,,resume
2293165,91,2,,,pause
2293218,220,1,,,resume
2293248,91,2,,,resume
2293331,91,2,,,pause
2293414,91,2,,,resume
2293414,91,2,,,pause
2293497,91,2,,,resume
2293497,91,2,,,pause
2293520,216,1,,,pause
2293580,91,2,,,resume
2293605,216,1,,,resume
2293605,216,1,,,pause
2293663,91,2,,,pause
2293688,216,1,,,resume
2293748,91,2,,,resume
2293748,91,2,,,pause
2293768,94,2,,,pause
2293831,91,2,,,resume
2293851,94,2,,,resume
2293851,94,2,,,pause
2293858,158,1,,,pause
2293858,158,1,,,resume
2293960,190,1,,,pause
2294017,94,2,,,resume
2294044,90,2,,,pause
2294126,190,1,,,resume
2294127,90,2,,,resume
2294191,158,1,,,pause
2294357,158,1,,,resume
2294435,218,1,,,pause
2294601,218,1,,,resume
2294601,218,1,,,pause
2294636,134,2,,,pause
2294636,134,2,,,resume
2294684,218,1,,,resume
2294684,218,1,,,pause
2294684,218,1,,,resume
2294767,218,1,,,pause
2294767,218,1,,,resume
2295216,89,2,,,pause
2295299,89,2,,,resume
2295382,219,2,,,pause
2295382,219,2,,,resume
2295466,219,2,,,pause
2295466,219,2,,,resume
2295622,77,2,,,pause
2295631,89,2,,,pause
2295631,89,2,,,resume
2295705,77,2,,,resume
2296212,89,2,,,pause
2296212,89,2,,,resume
2296286,77,2,,,pause
2296369,77,2,,,resume
2296369,77,2,,,pause
2296378,89,2,,,pause
2296452,77,2,,,resume
2296452,77,2,,,pause
2296461,89,2,,,resume
2296461,89,2,,,pause
2296535,77,2,,,resume
2296535,77,2,,,pause
2296535,77,2,,,resume
2296544,89,2,,,resume
2296618,77,2,,,pause
2296693,93,2,,,pause
2296693,93,2,,,resume
2296701,77,2,,,resume
2296701,77,2,,,pause
2296784,77,2,,,resume
2297095,135,2,,,pause
2297095,135,2,,,resume
2297117,77,2,,,pause
2297150,106,2,,,pause
2297178,133,2,,,pause
2297178,133,2,,,resume
2297200,77,2,,,resume
2297233,106,2,,,resume
2297233,106,2,,,pause
2297317,106,2,,,resume
2297344,135,2,,,pause
2297427,135,2,,,resume
2297427,135,2,,,pause
2297476,110,2,,,pause
2297476,110,2,,,resume
2297510,135,2,,,resume
2297566,106,2,,,pause
2297593,135,2,,,pause
2297593,135,2,,,resume
2297606,93,2,,,pause
2297630,134,2,,,pause
2297630,134,2,,,resume
2297649,106,2,,,resume
2297676,135,2,,,pause
2297735,91,2,,,pause
2297735,91,2,,,resume
2297759,135,2,,,resume
2297759,135,2,,,pause
2297773,93,2,,,resume
2297819,91,2,,,pause
2297842,135,2,,,resume
2297842,135,2,,,pause
2297902,91,2,,,resume
2297925,135,2,,,resume
2298026,92,2,,,pause
2298105,93,2,,,pause
2298109,92,2,,,resume
2298188,93,2,,,resume
2298423,135,2,,,pause
2298506,135,2,,,resume
2298536,220,1,,,pause
2298619,220,1,,,resume
2298785,220,1,,,pause
2298785,220,1,,,resume
2298841,218,1,,,pause
2298844,158,1,,,pause
2298924,218,1,,,resume
2298927,158,1,,,resume
2299086,94,2,,,pause
2299169,94,2,,,resume
2299194,90,2,,,pause
2299196,190,1,,,pause
2299277,90,2,,,resume
2299279,190,1,,,resume
2299792,134,2,,,pause
2299792,134,2,,,resume
2301607,111,2,,,pause
2301607,111,2,,,resume
2301996,74,2,,,pause
2302079,74,2,,,resume
2302554,106,2,,,pause
2302637,106,2,,,resume
2302637,106,2,,,pause
2302787,134,2,,,pause
2302787,134,2,,,resume
2302803,106,2,,,resume
2302803,106,2,,,pause
2302886,106,2,,,resume
2302886,106,2,,,pause
2302969,106,2,,,resume
2303029,95,2,,,pause
2303112,95,2,,,resume
2303179,92,2,,,pause
2303244,94,2,,,pause
2303278,219,2,,,pause
2303278,219,2,,,resume
2303327,94,2,,,resume
2303345,92,2,,,resume
2303494,216,1,,,pause
2303577,216,1,,,resume
2303605,220,1,,,pause
2303605,220,1,,,resume
2303911,216,1,,,pause
2303995,216,1,,,resume
2304021,220,1,,,pause
2304021,220,1,,,resume
2304241,94,2,,,pause
2304246,158,1,,,pause
2304324,94,2,,,resume
2304329,158,1,,,resume
2304329,158,1,,,pause
2304349,190,1,,,pause
2304413,158,1,,,resume
2304432,190,1,,,resume
2304747,222,1,,,pause
2304747,222,1,,,resume
2304909,218,1,,,pause
2304992,218,1,,,resume
2304992,218,1,,,pause
2305032,134,2,,,pause
2305032,134,2,,,resume
2305075,218,1,,,resume
2305214,191,1,,,pause
2305214,191,1,,,resume
2305324,218,1,,,pause
2305407,218,1,,,resume
2305685,219,2,,,pause
2305685,219,2,,,resume
2306195,134,2,,,pause
2306195,134,2,,,resume
2306460,91,2,,,pause
2306543,91,2,,,resume
2306543,91,2,,,pause
2306626,91,2,,,resume
2306761,111,2,,,pause
2306844,111,2,,,resume
2307095,111,2,,,pause
2307178,111,2,,,resume
2307494,208,2,,,pause
2307494,208,2,,,resume
2307657,135,2,,,pause
2307740,135,2,,,resume
2307942,134,2,,,pause
2307942,134,2,,,resume
2308084,93,2,,,pause
2308167,93,2,,,resume
2308289,106,2,,,pause
2308289,106,2,,,resume
2308369,132,2,,,pause
2308369,132,2,,,resume
2308508,220,1,,,pause
2308508,220,1,,,resume
2308814,216,1,,,pause
2308898,216,1,,,resume
2308898,216,1,,,pause
2308933,95,2,,,pause
2309016,95,2,,,resume
2309065,216,1,,,resume
2309065,216,1,,,pause
2309065,216,1,,,resume
2309266,95,2,,,pause
2309266,95,2,,,resume
2309316,94,2,,,pause
2309421,90,2,,,pause
2309431,89,2,,,pause
2309431,89,2,,,resume
2309454,91,2,,,pause
2309454,91,2,,,resume
2309482,94,2,,,resume
2309505,90,2,,,resume
2309505,90,2,,,pause
2309549,190,1,,,pause
2309588,90,2,,,resume
2309598,89,2,,,pause
2309598,89,2,,,resume
2309632,190,1,,,resume
2309682,89,2,,,pause
2309765,89,2,,,resume
2310020,89,2,,,pause
2310058,88,2,,,pause
2310061,219,1,,,pause
2310103,89,2,,,resume
2310141,88,2,,,resume
2310144,219,1,,,resume
2310147,218,1,,,pause
2310172,223,1,,,pause
2310230,158,1,,,pause
2310230,218,1,,,resume
2310243,93,2,,,pause
2310255,223,1,,,resume
2310297,190,1,,,pause
2310297,190,1,,,resume
2310313,158,1,,,resume
2310327,93,2,,,resume
2310327,93,2,,,pause
2310338,223,1,,,pause
2310421,223,1,,,resume
2310421,223,1,,,pause
2310494,93,2,,,resume
2310494,93,2,,,pause
2310504,223,1,,,resume
2310577,93,2,,,resume
2310577,93,2,,,pause
2310661,93,2,,,resume
2310686,89,2,,,pause
2310731,135,2,,,pause
2310731,135,2,,,resume
2310769,89,2,,,resume
2310769,89,2,,,pause
2310769,89,2,,,resume
2311080,93,2,,,pause
2311163,93,2,,,resume
2311351,134,2,,,pause
2311351,134,2,,,resume
2311497,93,2,,,pause
2311595,93,2,,,resume
2311595,93,2,,,pause
2311678,93,2,,,resume
2311687,89,2,,,pause
2311770,89,2,,,resume
2312088,77,2,,,pause
2312088,77,2,,,resume
2313080,107,2,,,pause
2313080,107,2,,,resume
2313111,91,2,,,pause
2313194,91,2,,,resume
2313246,107,2,,,pause
2313263,95,2,,,pause
2313329,107,2,,,resume
2313346,95,2,,,resume
2313386,216,1,,,pause
2313469,216,1,,,resume
2313499,219,2,,,pause
2313583,219,2,,,resume
2314159,220,1,,,pause
2314243,220,1,,,resume
2314243,220,1,,,pause
2314274,212,2,,,pause
2314274,212,2,,,resume
2314326,220,1,,,resume
2314326,220,1,,,pause
2314326,220,1,,,resume
2314508,95,2,,,pause
2314576,220,1,,,pause
2314591,95,2,,,resume
2314659,220,1,,,resume
2314660,90,2,,,pause
2314743,90,2,,,resume
2314743,90,2,,,pause
2314743,90,2,,,resume
2314966,215,2,,,pause
2314966,215,2,,,resume
2314992,220,1,,,pause
2315075,220,1,,,resume
2315583,93,2,,,pause
2315749,93,2,,,resume
2315749,93,2,,,pause
2315832,93,2,,,resume
2315832,93,2,,,pause
2315908,219,2,,,pause
2315915,93,2,,,resume
2315991,219,2,,,resume
2316323,73,2,,,pause
2316406,73,2,,,resume
2316406,73,2,,,pause
2316406,73,2,,,resume
2316923,104,2,,,pause
2317091,104,2,,,resume
2317091,104,2,,,pause
2317091,104,2,,,resume
2317687,120,2,,,pause
2317809,208,2,,,pause
2317809,208,2,,,resume
2317853,120,2,,,resume
2318002,135,2,,,pause
2318002,135,2,,,resume
2318174,134,2,,,pause
2318219,128,2,,,pause
2318257,134,2,,,resume
2318302,128,2,,,resume
2318304,133,2,,,pause
2318304,133,2,,,resume
2318596,91,2,,,pause
2318679,132,2,,,pause
2318679,91,2,,,resume
2318711,94,2,,,pause
2318762,132,2,,,resume
2318794,94,2,,,resume
2318928,91,2,,,pause
2319011,91,2,,,resume
2319011,91,2,,,pause
2319177,91,2,,,resume
2319177,91,2,,,pause
2319209,219,1,,,pause
2319250,95,2,,,pause
2319292,219,1,,,resume
2319292,219,1,,,pause
2319343,91,2,,,resume
2319375,219,1,,,resume
2319499,95,2,,,resume
2319510,91,2,,,pause
2319542,94,2,,,pause
2319551,222,1,,,pause
2319551,222,1,,,resume
2319582,95,2,,,pause
2319634,222,1,,,pause
2319634,222,1,,,resume
2319676,91,2,,,resume
2319676,91,2,,,pause
2319707,219,1,,,pause
2319759,91,2,,,resume
2319790,219,1,,,resume
2319790,219,1,,,pause
2319792,94,2,,,resume
2319810,90,2,,,pause
2319831,95,2,,,resume
2319835,89,2,,,pause
2319873,219,1,,,resume
2319893,90,2,,,resume
2320001,89,2,,,resume
2320001,89,2,,,pause
2320001,89,2,,,resume
2320087,186,1,,,pause
2320110,159,1,,,pause
2320110,159,1,,,resume
2320170,186,1,,,resume
2320208,218,1,,,pause
2320260,154,1,,,pause
2320260,154,1,,,resume
2320292,218,1,,,resume
2320298,222,1,,,pause
2320298,222,1,,,resume
2320371,219,1,,,pause
2320376,190,1,,,pause
2320376,190,1,,,resume
2320439,191,1,,,pause
2320439,191,1,,,resume
2320537,219,1,,,resume
2320537,219,1,,,pause
2320537,219,1,,,resume
2320540,92,2,,,pause
2320540,92,2,,,resume
2320620,219,1,,,pause
2320620,219,1,,,resume
2321288,92,2,,,pause
2321288,92,2,,,resume
2321472,73,2,,,pause
2321556,73,2,,,resume
2321788,92,2,,,pause
2321788,92,2,,,resume
2322240,104,2,,,pause
2322323,104,2,,,resume
2322323,104,2,,,pause
2322407,104,2,,,resume
2322918,132,2,,,pause
2322964,208,2,,,pause
2322964,208,2,,,resume
2323001,132,2,,,resume
2323001,132,2,,,pause
2323001,132,2,,,resume
2323294,133,2,,,pause
2323349,106,2,,,pause
2323349,106,2,,,resume
2323374,128,2,,,pause
2323457,128,2,,,resume
2323457,128,2,,,pause
2323457,128,2,,,resume
2323460,133,2,,,resume
2323681,106,2,,,pause
2323697,92,2,,,pause
2323764,106,2,,,resume
2323764,106,2,,,pause
2323764,106,2,,,resume
2323780,92,2,,,resume
2323817,93,2,,,pause
2323817,93,2,,,resume
2323900,93,2,,,pause
2323900,93,2,,,resume
2323983,93,2,,,pause
2324066,93,2,,,resume
2324066,93,2,,,pause
2324082,132,2,,,pause
2324150,93,2,,,resume
2324150,93,2,,,pause
2324195,190,1,,,pause
2324233,93,2,,,resume
2324248,132,2,,,resume
2324278,190,1,,,resume
2324323,186,1,,,pause
2324332,154,1,,,pause
2324406,186,1,,,resume
2324406,186,1,,,pause
2324415,154,1,,,resume
2324489,186,1,,,resume
2324693,190,1,,,pause
2324709,222,1,,,pause
2324776,190,1,,,resume
2324792,222,1,,,resume
2324858,158,1,,,pause
2324948,218,1,,,pause
2324960,90,2,,,pause
2324966,156,1,,,pause
2324966,156,1,,,resume
2324972,94,2,,,pause
2324972,94,2,,,resume
2325024,158,1,,,resume
2325024,158,1,,,pause
2325043,90,2,,,resume
2325076,89,2,,,pause
2325108,158,1,,,resume
2325114,218,1,,,resume
2325158,134,2,,,pause
2325159,89,2,,,resume
2325159,89,2,,,pause
2325159,89,2,,,resume
2325207,222,1,,,pause
2325207,222,1,,,resume
2325241,134,2,,,resume
2325280,218,1,,,pause
2325407,134,2,,,pause
2325415,154,1,,,pause
2325415,154,1,,,resume
2325439,88,2,,,pause
2325456,222,1,,,pause
2325456,222,1,,,resume
2325490,134,2,,,resume
2325522,88,2,,,resume
2325526,190,1,,,pause
2325526,190,1,,,resume
2325529,218,1,,,resume
2325529,218,1,,,pause
2325605,88,2,,,pause
2325612,218,1,,,resume
2325612,218,1,,,pause
2325688,88,2,,,resume
2325695,218,1,,,resume
2325822,134,2,,,pause
2325905,134,2,,,resume
2326053,94,2,,,pause
2326136,94,2,,,resume
2326523,216,1,,,pause
2326606,216,1,,,resume
2326665,110,2,,,pause
2326748,110,2,,,resume
2327706,29,2,,,pause
2327706,29,2,,,resume
2328221,135,2,,,pause
2328221,135,2,,,resume
2328235,89,2,,,pause
2328304,135,2,,,pause
2328304,135,2,,,resume
2328318,89,2,,,resume
2328768,92,2,,,pause
2328851,92,2,,,resume
2328851,92,2,,,pause
2328899,93,2,,,pause
2328934,92,2,,,resume
2328982,93,2,,,resume
2328982,93,2,,,pause
2328982,93,2,,,resume
2329065,93,2,,,pause
2329098,216,1,,,pause
2329148,93,2,,,resume
2329148,93,2,,,pause
2329148,93,2,,,resume
2329181,216,1,,,resume
2329231,93,2,,,pause
2329264,216,1,,,pause
2329314,93,2,,,resume
2329314,93,2,,,pause
2329314,93,2,,,resume
2329347,216,1,,,resume
2329429,88,2,,,pause
2329453,156,1,,,pause
2329453,156,1,,,resume
2329512,88,2,,,resume
2329620,156,1,,,pause
2329620,156,1,,,resume
2329763,216,1,,,pause
2329846,216,1,,,resume
2329846,216,1,,,pause
2329929,216,1,,,resume
2330013,216,1,,,pause
2330035,156,1,,,pause
2330035,156,1,,,resume
2330047,94,2,,,pause
2330064,89,2,,,pause
2330096,216,1,,,resume
2330111,90,2,,,pause
2330130,94,2,,,resume
2330147,89,2,,,resume
2330177,158,1,,,pause
2330179,216,1,,,pause
2330194,90,2,,,resume
2330201,156,1,,,pause
2330261,158,1,,,resume
2330263,216,1,,,resume
2330284,156,1,,,resume
2330346,216,1,,,pause
2330429,216,1,,,resume
2330429,216,1,,,pause
2330512,216,1,,,resume
2330612,220,1,,,pause
2330612,220,1,,,resume
2331014,219,1,,,pause
2331180,219,1,,,resume
2331822,110,2,,,pause
2331906,110,2,,,resume
2331906,110,2,,,pause
2331906,110,2,,,resume
2332860,29,2,,,pause
2332860,29,2,,,resume
2333144,132,2,,,pause
2333144,132,2,,,resume
2333372,135,2,,,pause
2333372,135,2,,,resume
2333392,89,2,,,pause
2333475,89,2,,,resume
2333646,134,2,,,pause
2333646,134,2,,,resume
2333801,93,2,,,pause
2333801,93,2,,,resume
2333920,92,2,,,pause
2334051,93,2,,,pause
2334059,132,2,,,pause
2334086,92,2,,,resume
2334137,93,2,,,resume
2334143,132,2,,,resume
2334386,93,2,,,pause
2334386,93,2,,,resume
2334469,93,2,,,pause
2334635,93,2,,,resume
2334718,93,2,,,pause
2334801,93,2,,,resume
2334801,93,2,,,pause
2334884,93,2,,,resume
2334891,134,2,,,pause
2334891,134,2,,,resume
2334950,135,2,,,pause
2334950,135,2,,,resume
2335035,94,2,,,pause
2335222,89,2,,,pause
2335261,90,2,,,pause
2335284,94,2,,,resume
2335305,89,2,,,resume
2335389,187,1,,,pause
2335389,187,1,,,resume
2335428,90,2,,,resume
2335471,89,2,,,pause
2335473,187,1,,,pause
2335473,187,1,,,resume
2335554,89,2,,,resume
2335639,134,2,,,pause
2335639,134,2,,,resume
2335971,134,2,,,pause
2336005,219,1,,,pause
2336054,134,2,,,resume
2336088,219,1,,,resume
2337060,110,2,,,pause
2337060,110,2,,,resume
2337347,219,2,,,pause
2337430,219,2,,,resume
2338346,107,2,,,pause
2338429,107,2,,,resume
2338442,135,2,,,pause
2338525,135,2,,,resume
2338539,91,2,,,pause
2338608,135,2,,,pause
2338608,135,2,,,resume
2338622,91,2,,,resume
2339155,92,2,,,pause
2339238,92,2,,,resume
2339248,219,1,,,pause
2339332,219,1,,,resume
2339454,93,2,,,pause
2339537,93,2,,,resume
2339537,93,2,,,pause
2339537,93,2,,,resume
2339736,92,2,,,pause
2339771,135,2,,,pause
2339771,135,2,,,resume
2339819,92,2,,,resume
2339998,218,1,,,pause
2340006,219,2,,,pause
2340081,218,1,,,resume
2340089,219,2,,,resume
2340245,219,1,,,pause
2340328,219,1,,,resume
2340411,219,1,,,pause
2340494,219,1,,,resume
2340494,219,1,,,pause
2340494,219,1,,,resume
2340542,187,1,,,pause
2340542,187,1,,,resume
2340571,216,1,,,pause
2340625,187,1,,,pause
2340625,187,1,,,resume
2340654,216,1,,,resume
2340711,134,2,,,pause
2340737,216,1,,,pause
2340737,216,1,,,resume
2340794,134,2,,,resume
2340820,216,1,,,pause
2340900,88,2,,,pause
2340903,216,1,,,resume
2340903,216,1,,,pause
2340986,216,1,,,resume
2341066,88,2,,,resume
2341075,219,1,,,pause
2341158,219,1,,,resume
2341226,159,1,,,pause
2341226,159,1,,,resume
2342130,110,2,,,pause
2342297,110,2,,,resume
2342370,132,2,,,pause
2342453,132,2,,,resume
2343776,91,2,,,pause
2343776,91,2,,,resume
2343897,135,2,,,pause
2343897,135,2,,,resume
2344101,95,2,,,pause
2344108,93,2,,,pause
2344184,95,2,,,resume
2344191,93,2,,,resume
2344191,93,2,,,pause
2344275,93,2,,,resume
2344275,93,2,,,pause
2344441,93,2,,,resume
2344441,93,2,,,pause
2344607,93,2,,,resume
2344607,93,2,,,pause
2344624,154,1,,,pause
2344624,154,1,,,resume
2344690,93,2,,,resume
2344690,93,2,,,pause
2344773,93,2,,,resume
2344889,92,2,,,pause
2344972,92,2,,,resume
2345021,91,2,,,pause
2345098,95,2,,,pause
2345104,91,2,,,resume
2345105,93,2,,,pause
2345105,93,2,,,resume
2345182,95,2,,,resume
2345182,95,2,,,pause
2345265,95,2,,,resume
2345370,134,2,,,pause
2345425,94,2,,,pause
2345436,91,2,,,pause
2345453,134,2,,,resume
2345508,94,2,,,resume
2345519,91,2,,,resume
2345534,89,2,,,pause
2345553,92,2,,,pause
2345617,89,2,,,resume
2345636,158,1,,,pause
2345636,158,1,,,resume
2345637,92,2,,,resume
2345696,187,1,,,pause
2345696,187,1,,,resume
2345779,187,1,,,pause
2345779,187,1,,,resume
2345803,158,1,,,pause
2345868,134,2,,,pause
2345886,158,1,,,resume
2345900,218,1,,,pause
2345951,134,2,,,resume
2345951,134,2,,,pause
2345951,134,2,,,resume
2345983,218,1,,,resume
2346153,220,1,,,pause
2346153,220,1,,,resume
2346231,219,1,,,pause
2346314,219,1,,,resume
2346314,219,1,,,pause
2346314,219,1,,,resume
2346379,159,1,,,pause
2346379,159,1,,,resume
2346390,216,1,,,pause
2346473,216,1,,,resume
2346589,94,2,,,pause
2346722,190,1,,,pause
2346722,190,1,,,resume
2346755,94,2,,,resume
2346973,216,1,,,pause
2347139,216,1,,,resume
2348591,111,2,,,pause
2348617,110,2,,,pause
2348617,110,2,,,resume
2348674,111,2,,,resume
2348883,135,2,,,pause
2348883,135,2,,,resume
2348966,135,2,,,pause
2348966,135,2,,,resume
2348992,130,2,,,pause
2348992,130,2,,,resume
2349149,128,2,,,pause
2349233,128,2,,,resume
2349640,219,1,,,pause
2349723,219,1,,,resume
2349812,155,1,,,pause
2349868,93,2,,,pause
2349868,93,2,,,resume
2349885,90,2,,,pause
2349895,155,1,,,resume
2349951,93,2,,,pause
2349951,93,2,,,resume
2349968,90,2,,,resume
2350034,93,2,,,pause
2350117,93,2,,,resume
2350123,190,1,,,pause
2350123,190,1,,,resume
2350206,190,1,,,pause
2350281,159,1,,,pause
2350289,190,1,,,resume
2350364,159,1,,,resume
2350364,159,1,,,pause
2350364,159,1,,,resume
2350523,134,2,,,pause
2350538,190,1,,,pause
2350556,219,1,,,pause
2350580,94,2,,,pause
2350606,134,2,,,resume
2350613,159,1,,,pause
2350636,90,2,,,pause
2350684,187,1,,,pause
2350684,187,1,,,resume
2350698,159,1,,,resume
2350705,190,1,,,resume
2350705,190,1,,,pause
2350722,219,1,,,resume
2350723,90,2,,,resume
2350746,94,2,,,resume
2350767,187,1,,,pause
2350781,159,1,,,pause
2350788,190,1,,,resume
2350789,158,1,,,pause
2350800,191,1,,,pause
2350800,191,1,,,resume
2350873,158,1,,,resume
2350933,187,1,,,resume
2350956,158,1,,,pause
2351018,215,2,,,pause
2351018,215,2,,,resume
2351032,159,1,,,resume
2351032,159,1,,,pause
2351032,159,1,,,resume
2351039,158,1,,,resume
2351049,191,1,,,pause
2351049,191,1,,,resume
2351105,134,2,,,pause
2351115,159,1,,,pause
2351115,159,1,,,resume
2351138,219,1,,,pause
2351188,134,2,,,resume
2351265,187,1,,,pause
2351265,187,1,,,resume
2351326,223,1,,,pause
2351370,190,1,,,pause
2351409,223,1,,,resume
2351431,187,1,,,pause
2351431,187,1,,,resume
2351449,159,1,,,pause
2351453,190,1,,,resume
2351532,159,1,,,resume
2351550,191,1,,,pause
2351550,191,1,,,resume
2351553,219,1,,,resume
2351743,94,2,,,pause
2351785,190,1,,,pause
2351868,190,1,,,resume
2351909,94,2,,,resume
2352030,159,1,,,pause
2352113,159,1,,,resume
2352266,132,2,,,pause
2352349,132,2,,,resume
2353778,110,2,,,pause
2353778,110,2,,,resume
2353998,91,2,,,pause
2353998,91,2,,,resume
2354148,130,2,,,pause
2354148,130,2,,,resume
2354310,128,2,,,pause
2354359,93,2,,,pause
2354393,128,2,,,resume
2354443,93,2,,,resume
2354726,210,2,,,pause
2354726,210,2,,,resume
2355282,92,2,,,pause
2355365,92,2,,,resume
2356264,134,2,,,pause
2356264,134,2,,,resume
2357103,93,2,,,pause
2357254,132,2,,,pause
2357269,93,2,,,resume
2357337,132,2,,,resume
2357563,73,2,,,pause
2357563,73,2,,,resume
2357739,95,2,,,pause
2357822,95,2,,,resume
2357858,106,2,,,pause
2357858,106,2,,,resume
2357987,91,2,,,pause
2358070,91,2,,,resume
2358640,7,2,,,pause
2358723,7,2,,,resume
2358723,7,2,,,pause
2358723,7,2,,,resume
2358929,110,2,,,pause
2359095,110,2,,,resume
2359135,107,2,,,pause
2359153,135,2,,,pause
2359218,107,2,,,resume
2359225,130,2,,,pause
2359225,130,2,,,resume
2359236,135,2,,,resume
2359236,135,2,,,pause
2359319,135,2,,,resume
2359402,135,2,,,pause
2359466,128,2,,,pause
2359483,91,2,,,pause
2359485,135,2,,,resume
2359549,128,2,,,resume
2359566,91,2,,,resume
2359566,91,2,,,pause
2359581,132,2,,,pause
2359581,132,2,,,resume
2359732,91,2,,,resume
2359747,132,2,,,pause
2359747,132,2,,,resume
2359825,187,1,,,pause
2359830,132,2,,,pause
2359882,223,2,,,pause
2359910,187,1,,,resume
2359913,132,2,,,resume
2359965,223,2,,,resume
2359965,223,2,,,pause
2359965,223,2,,,resume
2359972,130,2,,,pause
2359972,130,2,,,resume
2360115,93,2,,,pause
2360198,93,2,,,resume
2360198,93,2,,,pause
2360272,216,1,,,pause
2360282,93,2,,,resume
2360339,159,1,,,pause
2360399,95,2,,,pause
2360422,159,1,,,resume
2360482,95,2,,,resume
2360482,95,2,,,pause
2360521,216,1,,,resume
2360521,216,1,,,pause
2360648,95,2,,,resume
2360648,95,2,,,pause
2360671,159,1,,,pause
2360688,216,1,,,resume
2360731,95,2,,,resume
2360731,95,2,,,pause
2360814,95,2,,,resume
2360814,95,2,,,pause
2360837,159,1,,,resume
2360837,159,1,,,pause
2360897,95,2,,,resume
2360897,95,2,,,pause
2360909,187,1,,,pause
2360920,159,1,,,resume
2360938,216,1,,,pause
2360980,95,2,,,resume
2360992,187,1,,,resume
2360992,187,1,,,pause
2361033,219,1,,,pause
2361063,95,2,,,pause
2361075,187,1,,,resume
2361075,187,1,,,pause
2361104,216,1,,,resume
2361116,219,1,,,resume
2361146,95,2,,,resume
2361158,187,1,,,resume
2361158,187,1,,,pause
2361158,187,1,,,resume
2361170,159,1,,,pause
2361170,159,1,,,resume
2361385,223,1,,,pause
2361467,222,1,,,pause
2361467,222,1,,,resume
2361468,223,1,,,resume
2361602,216,1,,,pause
2361685,216,1,,,resume
2363009,106,2,,,pause
2363009,106,2,,,resume
2363043,77,2,,,pause
2363126,77,2,,,resume
2363645,104,2,,,pause
2363730,104,2,,,resume
2364024,93,2,,,pause
2364107,93,2,,,resume
2364379,130,2,,,pause
2364379,130,2,,,resume
2364463,25,2,,,pause
2364463,25,2,,,resume
2364542,133,2,,,pause
2364625,133,2,,,resume
2364673,92,2,,,pause
2364839,92,2,,,resume
2364839,92,2,,,pause
2365005,92,2,,,resume
2365005,92,2,,,pause
2365022,93,2,,,pause
2365034,223,2,,,pause
2365088,92,2,,,resume
2365105,93,2,,,resume
2365117,223,2,,,resume
2365127,130,2,,,pause
2365127,130,2,,,resume
2365188,93,2,,,pause
2365254,92,2,,,pause
2365254,92,2,,,resume
2365271,93,2,,,resume
2365420,92,2,,,pause
2365669,92,2,,,resume
2365669,92,2,,,pause
2365669,92,2,,,resume
2365713,94,2,,,pause
2365713,94,2,,,resume
2365796,94,2,,,pause
2365796,94,2,,,resume
2366001,92,2,,,pause
2366035,176,2,,,pause
2366035,176,2,,,resume
2366084,92,2,,,resume
2366189,219,1,,,pause
2366272,219,1,,,resume
2366576,134,2,,,pause
2366625,222,1,,,pause
2366625,222,1,,,resume
2366659,134,2,,,resume
2366680,190,1,,,pause
2366711,94,2,,,pause
2366763,190,1,,,resume
2366795,94,2,,,resume
2367726,132,2,,,pause
2367809,132,2,,,resume
2368675,74,2,,,pause
2368758,74,2,,,resume
2368926,74,2,,,pause
2369009,74,2,,,resume
2369259,93,2,,,pause
2369259,93,2,,,resume
2369341,74,2,,,pause
2369341,74,2,,,resume
2369359,107,2,,,pause
2369442,107,2,,,resume
2369442,107,2,,,pause
2369525,107,2,,,resume
2369612,25,2,,,pause
2369612,25,2,,,resume
2369927,93,2,,,pause
2369927,93,2,,,resume
2369993,92,2,,,pause
2369993,92,2,,,resume
2370076,92,2,,,pause
2370159,92,2,,,resume
2370185,210,2,,,pause
2370185,210,2,,,resume
2370268,210,2,,,pause
2370268,210,2,,,resume
2370418,154,1,,,pause
2370437,223,2,,,pause
2370437,223,2,,,resume
2370457,95,2,,,pause
2370501,154,1,,,resume
2370540,95,2,,,resume
2370976,94,2,,,pause
2370976,94,2,,,resume
2371094,218,1,,,pause
2371094,218,1,,,resume
2371299,187,1,,,pause
2371299,187,1,,,resume
2371308,94,2,,,pause
2371344,219,1,,,pause
2371391,94,2,,,resume
2371427,219,1,,,resume
2371568,158,1,,,pause
2371568,158,1,,,resume
2371732,134,2,,,pause
2371758,218,1,,,pause
2371758,218,1,,,resume
2371781,222,1,,,pause
2371781,222,1,,,resume
2371815,134,2,,,resume
2371981,134,2,,,pause
2371984,89,2,,,pause
2371984,89,2,,,resume
2372025,133,2,,,pause
2372025,133,2,,,resume
2372064,134,2,,,resume
2372240,106,2,,,pause
2372240,106,2,,,resume
2372655,106,2,,,pause
2372738,106,2,,,resume
2372738,106,2,,,pause
2372822,106,2,,,resume
2372933,107,2,,,pause
2373016,107,2,,,resume
2373016,107,2,,,pause
2373016,107,2,,,resume
2373084,93,2,,,pause
2373099,107,2,,,pause
2373168,93,2,,,resume
2373182,107,2,,,resume
2373320,106,2,,,pause
2373403,106,2,,,resume
2373431,107,2,,,pause
2373514,107,2,,,resume
2373597,107,2,,,pause
2373680,107,2,,,resume
2373759,210,2,,,pause
2373759,210,2,,,resume
2373763,107,2,,,pause
2373763,107,2,,,resume
2374028,41,2,,,pause
2374028,41,2,,,resume
2374271,133,2,,,pause
2374332,93,2,,,pause
2374354,133,2,,,resume
2374415,93,2,,,resume
2374415,93,2,,,pause
2374498,93,2,,,resume
2374559,89,2,,,pause
2374559,89,2,,,resume
2374763,25,2,,,pause
2374763,25,2,,,resume
2375169,92,2,,,pause
2375169,92,2,,,resume
2375315,216,1,,,pause
2375448,95,2,,,pause
2375481,216,1,,,resume
2375531,95,2,,,resume
2375751,218,1,,,pause
2375751,218,1,,,resume
2375769,91,2,,,pause
2375813,216,1,,,pause
2375852,91,2,,,resume
2376084,219,1,,,pause
2376140,158,1,,,pause
2376140,158,1,,,resume
2376148,216,1,,,resume
2376167,219,1,,,resume
2376168,218,1,,,pause
2376223,158,1,,,pause
2376293,94,2,,,pause
2376306,158,1,,,resume
2376334,218,1,,,resume
2376417,218,1,,,pause
2376417,218,1,,,resume
2376435,223,1,,,pause
2376435,223,1,,,resume
2376453,187,1,,,pause
2376459,94,2,,,resume
2376499,219,1,,,pause
2376536,187,1,,,resume
2376583,218,1,,,pause
2376666,219,1,,,resume
2376666,218,1,,,resume
2376666,218,1,,,pause
2376666,218,1,,,resume
2376696,214,2,,,pause
2376696,214,2,,,resume
2376722,158,1,,,pause
2376722,158,1,,,resume
2376749,218,1,,,pause
2376749,218,1,,,resume
2376915,218,1,,,pause
2376940,222,1,,,pause
2376940,222,1,,,resume
2376971,158,1,,,pause
2376971,158,1,,,resume
2376998,218,1,,,resume
2377070,190,1,,,pause
2377153,190,1,,,resume
2377180,133,2,,,pause
2377180,133,2,,,resume
2377555,134,2,,,pause
2377638,134,2,,,resume
2378839,73,2,,,pause
2378839,73,2,,,resume
2378914,210,2,,,pause
2378914,210,2,,,resume
2379239,93,2,,,pause
2379306,106,2,,,pause
2379306,106,2,,,resume
2379322,93,2,,,resume
2379389,106,2,,,pause
2379425,133,2,,,pause
2379425,133,2,,,resume
2379555,106,2,,,resume
2379718,89,2,,,pause
2379765,135,2,,,pause
2379801,89,2,,,resume
2379883,134,2,,,pause
2379931,135,2,,,resume
2379931,135,2,,,pause
2379967,134,2,,,resume
2380014,135,2,,,resume
2380053,106,2,,,pause
2380053,106,2,,,resume
2380069,93,2,,,pause
2380152,93,2,,,resume
2380152,93,2,,,pause
2380216,134,2,,,pause
2380216,134,2,,,resume
2380236,93,2,,,resume
2380236,93,2,,,pause
2380240,92,2,,,pause
2380319,93,2,,,resume
2380323,92,2,,,resume
2380488,93,2,,,pause
2380517,95,2,,,pause
2380552,106,2,,,pause
2380552,106,2,,,resume
2380574,210,2,,,pause
2380574,210,2,,,resume
2380576,218,2,,,pause
2380601,95,2,,,resume
2380654,93,2,,,resume
2380657,210,2,,,pause
2380657,210,2,,,resume
2380659,218,2,,,resume
2380684,95,2,,,pause
2380684,95,2,,,resume
2380740,210,2,,,pause
2380740,210,2,,,resume
2380823,210,2,,,pause
2380823,210,2,,,resume
2380956,222,2,,,pause
2380986,93,2,,,pause
2381039,222,2,,,resume
2381239,93,2,,,resume
2381254,91,2,,,pause
2381297,134,2,,,pause
2381318,251,2,,,pause
2381318,251,2,,,resume
2381337,91,2,,,resume
2381380,134,2,,,resume
2381588,223,1,,,pause
2381588,223,1,,,resume
2381653,210,2,,,pause
2381736,210,2,,,resume
2381736,210,2,,,pause
2381736,210,2,,,resume
2381857,214,2,,,pause
2381857,214,2,,,resume
2382093,222,1,,,pause
2382093,222,1,,,resume
2382223,190,1,,,pause
2382223,190,1,,,resume
2382335,133,2,,,pause
2382335,133,2,,,resume
2382628,134,2,,,pause
2382711,134,2,,,resume
2384125,134,2,,,pause
2384125,134,2,,,resume
2384792,106,2,,,pause
2384792,106,2,,,resume
2385042,106,2,,,pause
2385066,25,2,,,pause
2385066,25,2,,,resume
2385125,106,2,,,resume
2385125,106,2,,,pause
2385208,106,2,,,resume
2385208,106,2,,,pause
2385208,106,2,,,resume
2385213,105,2,,,pause
2385213,105,2,,,resume
2385244,91,2,,,pause
2385291,106,2,,,pause
2385291,106,2,,,resume
2385327,91,2,,,resume
2385374,106,2,,,pause
2385374,106,2,,,resume
2385539,134,2,,,pause
2385622,134,2,,,resume
2385727,93,2,,,pause
2385810,93,2,,,resume
2385825,91,2,,,pause
2385908,91,2,,,resume
2385908,91,2,,,pause
2385908,91,2,,,resume
2385991,91,2,,,pause
2386055,94,2,,,pause
2386055,94,2,,,resume
2386074,91,2,,,resume
2386074,91,2,,,pause
2386157,91,2,,,resume
2386636,94,2,,,pause
2386643,219,1,,,pause
2386669,180,2,,,pause
2386669,180,2,,,resume
2386726,219,1,,,resume
2386726,219,1,,,pause
2386743,223,1,,,pause
2386743,223,1,,,resume
2386809,219,1,,,resume
2386968,94,2,,,resume
2386975,214,2,,,pause
2386975,214,2,,,resume
2386992,239,2,,,pause
2387075,239,2,,,resume
2387075,239,2,,,pause
2387113,90,2,,,pause
2387113,90,2,,,resume
2387120,134,2,,,pause
2387158,239,2,,,resume
2387286,134,2,,,resume
2387369,134,2,,,pause
2387452,134,2,,,resume
2387784,134,2,,,pause
2387869,106,2,,,pause
2387869,106,2,,,resume
2387950,134,2,,,resume
2387966,94,2,,,pause
2388049,94,2,,,resume
2388803,123,2,,,pause
2388886,123,2,,,resume
2388886,123,2,,,pause
2388886,123,2,,,resume
2388969,123,2,,,pause
2388969,123,2,,,resume
2389238,133,2,,,pause
2389321,133,2,,,resume
2389357,120,2,,,pause
2389357,120,2,,,resume
2389819,133,2,,,pause
2389822,135,2,,,pause
2389902,133,2,,,resume
2389905,135,2,,,resume
2389905,135,2,,,pause
2389905,135,2,,,resume
2389988,135,2,,,pause
2389988,135,2,,,resume
2390218,25,2,,,pause
2390218,25,2,,,resume
2390237,135,2,,,pause
2390311,91,2,,,pause
2390363,105,2,,,pause
2390363,105,2,,,resume
2390394,91,2,,,resume
2390394,91,2,,,pause
2390403,135,2,,,resume
2390477,91,2,,,resume
2390597,95,2,,,pause
2390597,95,2,,,resume
2390915,93,2,,,pause
2390915,93,2,,,resume
2390998,93,2,,,pause
2390998,93,2,,,resume
2391048,223,2,,,pause
2391131,223,2,,,resume
2391359,216,1,,,pause
2391359,216,1,,,resume
2391467,219,1,,,pause
2391467,219,1,,,resume
2391507,164,2,,,pause
2391548,92,2,,,pause
2391590,164,2,,,resume
2391598,158,1,,,pause
2391631,92,2,,,resume
2391681,158,1,,,resume
2391726,91,2,,,pause
2391809,91,2,,,resume
2391821,180,2,,,pause
2391821,180,2,,,resume
2391882,219,1,,,pause
2392131,219,1,,,resume
2392295,191,1,,,pause
2392295,191,1,,,resume
2392630,219,1,,,pause
2392630,219,1,,,resume
2392740,222,1,,,pause
2392823,222,1,,,resume
2392912,93,2,,,pause
2392995,93,2,,,resume
2392995,93,2,,,pause
2393078,93,2,,,resume
2393078,93,2,,,pause
2393078,93,2,,,resume
2393356,216,1,,,pause
2393522,216,1,,,resume
2393960,123,2,,,pause
2393960,123,2,,,resume
2394043,123,2,,,pause
2394128,123,2,,,resume
2394128,123,2,,,pause
2394128,123,2,,,resume
2394519,120,2,,,pause
2394519,120,2,,,resume
2395024,89,2,,,pause
2395107,89,2,,,resume
2395111,106,2,,,pause
2395111,106,2,,,resume
2395374,25,2,,,pause
2395374,25,2,,,resume
2395460,154,1,,,pause
2395522,105,2,,,pause
2395522,105,2,,,resume
2395549,91,2,,,pause
2395549,91,2,,,resume
2395626,154,1,,,resume
2395673,95,2,,,pause
2395756,95,2,,,resume
2396073,93,2,,,pause
2396156,93,2,,,resume
2396156,93,2,,,pause
2396322,93,2,,,resume
2396380,91,2,,,pause
2396463,91,2,,,resume
2396463,91,2,,,pause
2396463,91,2,,,resume
2396631,91,2,,,pause
2396700,92,2,,,pause
2396702,251,2,,,pause
2396715,91,2,,,resume
2396783,92,2,,,resume
2396785,251,2,,,resume
2396798,91,2,,,pause
2396965,91,2,,,resume
2396975,180,2,,,pause
2397058,180,2,,,resume
2397209,252,2,,,pause
2397209,252,2,,,resume
2397299,239,2,,,pause
2397382,239,2,,,resume
2397599,134,2,,,pause
2397599,134,2,,,resume
2398069,93,2,,,pause
2398152,93,2,,,resume
2398152,93,2,,,pause
2398152,93,2,,,resume
2398739,78,2,,,pause
2398739,78,2,,,resume
2398803,73,2,,,pause
2398803,73,2,,,resume
2398985,111,2,,,pause
2398985,111,2,,,resume
2399192,94,2,,,pause
2399275,94,2,,,resume
2399284,123,2,,,pause
2399284,123,2,,,resume
2399672,120,2,,,pause
2399672,120,2,,,resume
2399737,132,2,,,pause
2399737,132,2,,,resume
2399769,77,2,,,pause
2399769,77,2,,,resume
2400089,216,1,,,pause
2400089,216,1,,,resume
2400130,92,2,,,pause
2400147,135,2,,,pause
2400213,92,2,,,resume
2400230,135,2,,,resume
2400266,106,2,,,pause
2400266,106,2,,,resume
2400268,89,2,,,pause
2400287,91,2,,,pause
2400313,135,2,,,pause
2400313,135,2,,,resume
2400351,89,2,,,resume
2400370,91,2,,,resume
2400370,91,2,,,pause
2400453,91,2,,,resume
2400528,25,2,,,pause
2400551,133,2,,,pause
2400567,132,2,,,pause
2400567,132,2,,,resume
2400611,25,2,,,resume
2400675,105,2,,,pause
2400675,105,2,,,resume
2400682,106,2,,,pause
2400682,106,2,,,resume
2400717,133,2,,,resume
2400826,128,2,,,pause
2400826,128,2,,,resume
2401231,93,2,,,pause
2401257,155,1,,,pause
2401276,218,1,,,pause
2401340,155,1,,,resume
2401360,218,1,,,resume
2401406,158,1,,,pause
2401406,158,1,,,resume
2401416,88,2,,,pause
2401480,93,2,,,resume
2401499,88,2,,,resume
2401595,190,1,,,pause
2401678,190,1,,,resume
2401821,158,1,,,pause
2401844,190,1,,,pause
2401873,92,2,,,pause
2401904,158,1,,,resume
2401927,190,1,,,resume
2401927,190,1,,,pause
2401927,190,1,,,resume
2401956,92,2,,,resume
2401987,158,1,,,pause
2402024,218,1,,,pause
2402070,95,2,,,pause
2402107,218,1,,,resume
2402128,180,2,,,pause
2402153,158,1,,,resume
2402153,95,2,,,resume
2402174,155,1,,,pause
2402211,180,2,,,resume
2402236,158,1,,,pause
2402257,155,1,,,resume
2402257,155,1,,,pause
2402257,155,1,,,resume
2402289,223,1,,,pause
2402289,223,1,,,resume
2402319,158,1,,,resume
2402356,218,1,,,pause
2402356,218,1,,,resume
2402362,252,2,,,pause
2402362,252,2,,,resume
2402470,222,1,,,pause
2402553,222,1,,,resume
2402580,88,2,,,pause
2402588,134,2,,,pause
2402636,222,1,,,pause
2402653,158,1,,,pause
2402663,88,2,,,resume
2402671,134,2,,,resume
2402671,134,2,,,pause
2402675,190,1,,,pause
2402719,222,1,,,resume
2402736,158,1,,,resume
2402736,158,1,,,pause
2402754,134,2,,,resume
2402754,134,2,,,pause
2402754,134,2,,,resume
2402759,190,1,,,resume
2402819,158,1,,,resume
2402842,190,1,,,pause
2402842,190,1,,,resume
2402854,218,1,,,pause
2403008,190,1,,,pause
2403008,190,1,,,resume
2403021,218,1,,,resume
2403091,190,1,,,pause
2403151,158,1,,,pause
2403174,190,1,,,resume
2403234,158,1,,,resume
2403895,78,2,,,pause
2403978,78,2,,,resume
2404058,111,2,,,pause
2404141,111,2,,,resume
2404270,123,2,,,pause
2404270,123,2,,,resume
2404347,94,2,,,pause
2404353,123,2,,,pause
2404430,94,2,,,resume
2404436,123,2,,,resume
2404436,123,2,,,pause
2404436,123,2,,,resume
2404826,120,2,,,pause
2404826,120,2,,,resume
2404843,77,2,,,pause
2404843,77,2,,,resume
2404911,132,2,,,pause
2404911,132,2,,,resume
2405051,104,2,,,pause
2405134,104,2,,,resume
2405354,91,2,,,pause
2405437,91,2,,,resume
2405437,91,2,,,pause
2405468,89,2,,,pause
2405468,89,2,,,resume
2405604,91,2,,,resume
2405679,25,2,,,pause
2405742,132,2,,,pause
2405742,132,2,,,resume
2405762,25,2,,,resume
2405801,104,2,,,pause
2405827,105,2,,,pause
2405827,105,2,,,resume
2405835,106,2,,,pause
2405835,106,2,,,resume
2405884,104,2,,,resume
2406346,191,1,,,pause
2406346,191,1,,,resume
2406357,93,2,,,pause
2406518,91,2,,,pause
2406601,91,2,,,resume
2406606,93,2,,,resume
2407229,95,2,,,pause
2407229,95,2,,,resume
2407299,89,2,,,pause
2407340,94,2,,,pause
2407379,222,1,,,pause
2407379,222,1,,,resume
2407382,89,2,,,resume
2407423,94,2,,,resume
2407445,223,1,,,pause
2407445,223,1,,,resume
2407515,252,2,,,pause
2407515,252,2,,,resume
2407526,163,2,,,pause
2407609,163,2,,,resume
2407744,134,2,,,pause
2407910,134,2,,,resume
2407910,134,2,,,pause
2407910,134,2,,,resume
2407982,88,2,,,pause
2408065,88,2,,,resume
2408958,104,2,,,pause
2408958,104,2,,,resume
2409207,104,2,,,pause
2409290,104,2,,,resume
2409712,111,2,,,pause
2409732,216,1,,,pause
2409795,111,2,,,resume
2409815,216,1,,,resume
2409815,216,1,,,pause
2409898,216,1,,,resume
2409979,120,2,,,pause
2409979,120,2,,,resume
2410667,94,2,,,pause
2410750,94,2,,,resume
2410750,94,2,,,pause
2410750,94,2,,,resume
2410833,94,2,,,pause
2410916,94,2,,,resume
2410979,105,2,,,pause
2410988,106,2,,,pause
2410988,106,2,,,resume
2411010,107,2,,,pause
2411010,107,2,,,resume
2411063,105,2,,,resume
2411504,91,2,,,pause
2411584,219,1,,,pause
2411584,219,1,,,resume
2411587,91,2,,,resume
2411587,91,2,,,pause
2411587,91,2,,,resume
2411669,219,1,,,pause
2411669,219,1,,,resume
2411678,93,2,,,pause
2411826,223,2,,,pause
2411909,223,2,,,resume
2411927,93,2,,,resume
2411927,93,2,,,pause
2412003,91,2,,,pause
2412044,158,1,,,pause
2412086,91,2,,,resume
2412093,93,2,,,resume
2412127,158,1,,,resume
2412127,158,1,,,pause
2412158,223,2,,,pause
2412210,158,1,,,resume
2412210,158,1,,,pause
2412217,95,2,,,pause
2412241,223,2,,,resume
2412255,219,1,,,pause
2412293,158,1,,,resume
2412300,95,2,,,resume
2412338,219,1,,,resume
2412338,219,1,,,pause
2412376,158,1,,,pause
2412421,219,1,,,resume
2412434,223,1,,,pause
2412459,158,1,,,resume
2412517,223,1,,,resume
2412535,222,1,,,pause
2412600,223,1,,,pause
2412600,223,1,,,resume
2412618,222,1,,,resume
2412668,252,2,,,pause
2412708,158,1,,,pause
2412736,155,1,,,pause
2412751,252,2,,,resume
2412791,158,1,,,resume
2412791,158,1,,,pause
2412819,155,1,,,resume
2412819,155,1,,,pause
2412819,155,1,,,resume
2412836,219,1,,,pause
2412875,158,1,,,resume
2412919,219,1,,,resume
2412933,223,1,,,pause
2412983,134,2,,,pause
2412983,134,2,,,resume
2413016,223,1,,,resume
2413016,223,1,,,pause
2413068,155,1,,,pause
2413099,223,1,,,resume
2413099,223,1,,,pause
2413099,223,1,,,resume
2413154,155,1,,,resume
2413154,155,1,,,pause
2413182,223,1,,,pause
2413182,223,1,,,resume
2413237,155,1,,,resume
2413237,155,1,,,pause
2413265,223,1,,,pause
2413265,223,1,,,resume
2413391,248,2,,,pause
2413391,248,2,,,resume
2413403,155,1,,,resume
2413565,134,2,,,pause
2413565,134,2,,,resume
2413836,107,2,,,pause
2413836,107,2,,,resume
2414197,104,2,,,pause
2414197,104,2,,,resume
2414655,94,2,,,pause
2414738,94,2,,,resume
2414746,123,2,,,pause
2414829,123,2,,,resume
2414829,123,2,,,pause
2414829,123,2,,,resume
2414868,111,2,,,pause
2414951,111,2,,,resume
2415135,120,2,,,pause
2415135,120,2,,,resume
2415173,60,2,,,pause
2415256,60,2,,,resume
2415493,123,2,,,pause
2415493,123,2,,,resume
2416142,106,2,,,pause
2416142,106,2,,,resume
2416161,107,2,,,pause
2416244,107,2,,,resume
2416635,248,2,,,pause
2416635,248,2,,,resume
2416648,155,1,,,pause
2416655,123,2,,,pause
2416655,123,2,,,resume
2416656,91,2,,,pause
2416714,216,1,,,pause
2416731,155,1,,,resume
2416739,91,2,,,resume
2416739,91,2,,,pause
2416739,91,2,,,resume
2416797,216,1,,,resume
2416822,219,1,,,pause
2416872,95,2,,,pause
2416905,219,1,,,resume
2416905,219,1,,,pause
2416905,219,1,,,resume
2417125,190,1,,,pause
2417204,95,2,,,resume
2417208,190,1,,,resume
2417287,95,2,,,pause
2417287,95,2,,,resume
2417453,95,2,,,pause
2417493,219,1,,,pause
2417530,158,1,,,pause
2417536,95,2,,,resume
2417628,216,1,,,pause
2417694,222,1,,,pause
2417696,158,1,,,resume
2417712,216,1,,,resume
2417742,219,1,,,resume
2417742,219,1,,,pause
2417742,219,1,,,resume
2417777,222,1,,,resume
2417822,252,2,,,pause
2417905,252,2,,,resume
2417943,159,1,,,pause
2418026,159,1,,,resume
2418117,95,2,,,pause
2418117,95,2,,,resume
2418142,134,2,,,pause
2418142,134,2,,,resume
2418431,187,1,,,pause
2418514,187,1,,,resume
2418547,248,2,,,pause
2418547,248,2,,,resume
2418723,134,2,,,pause
2418723,134,2,,,resume
2419637,42,2,,,pause
2419637,42,2,,,resume
2419739,92,2,,,pause
2419822,92,2,,,resume
2420291,120,2,,,pause
2420291,120,2,,,resume
2420572,92,2,,,pause
2420636,74,2,,,pause
2420636,74,2,,,resume
2420655,92,2,,,resume
2420802,74,2,,,pause
2420885,74,2,,,resume
2421153,92,2,,,pause
2421236,92,2,,,resume
2421297,106,2,,,pause
2421297,106,2,,,resume
2421812,123,2,,,pause
2421812,123,2,,,resume
2421823,93,2,,,pause
2421880,155,1,,,pause
2421963,155,1,,,resume
2421989,93,2,,,resume
2422026,88,2,,,pause
2422109,88,2,,,resume
2422171,94,2,,,pause
2422171,94,2,,,resume
2422182,158,1,,,pause
2422182,158,1,,,resume
2422278,190,1,,,pause
2422349,222,1,,,pause
2422361,190,1,,,resume
2422432,222,1,,,resume
2422432,222,1,,,pause
2422444,190,1,,,pause
2422515,222,1,,,resume
2422527,190,1,,,resume
2422669,94,2,,,pause
2422669,94,2,,,resume
2422752,94,2,,,pause
2422758,89,2,,,pause
2422765,158,1,,,pause
2422795,155,1,,,pause
2422835,94,2,,,resume
2422841,89,2,,,resume
2422878,155,1,,,resume
2422918,94,2,,,pause
2422918,94,2,,,resume
2422931,158,1,,,resume
2422931,158,1,,,pause
2422931,158,1,,,resume
2422979,219,1,,,pause
2422979,219,1,,,resume
2423119,248,2,,,pause
2423119,248,2,,,resume
2423144,191,1,,,pause
2423229,191,1,,,resume
2423298,134,2,,,pause
2423298,134,2,,,resume
2423417,94,2,,,pause
2423417,94,2,,,resume
2423879,134,2,,,pause
2423879,134,2,,,resume
2423915,94,2,,,pause
2423915,94,2,,,resume
2424164,94,2,,,pause
2424164,94,2,,,resume
2424363,216,1,,,pause
2424474,219,1,,,pause
2424530,216,1,,,resume
2424558,219,1,,,resume
2424708,42,2,,,pause
2424791,42,2,,,resume
2425261,111,2,,,pause
2425261,111,2,,,resume
2425439,77,2,,,pause
2425439,77,2,,,resume
2425447,120,2,,,pause
2425447,120,2,,,resume
2425458,74,2,,,pause
2425541,74,2,,,resume
2425733,163,2,,,pause
2425733,163,2,,,resume
2425939,135,2,,,pause
2425939,135,2,,,resume
2425956,74,2,,,pause
2426022,135,2,,,pause
2426039,74,2,,,resume
2426105,135,2,,,resume
2426105,135,2,,,pause
2426105,135,2,,,resume
2426369,106,2,,,pause
2426452,106,2,,,resume
2426535,106,2,,,pause
2426618,106,2,,,resume
2426618,106,2,,,pause
2426618,106,2,,,resume
2426629,91,2,,,pause
2426712,91,2,,,resume
2426722,92,2,,,pause
2426805,92,2,,,resume
2426961,91,2,,,pause
2426961,91,2,,,resume
2426966,191,1,,,pause
2426966,123,2,,,pause
2426966,123,2,,,resume
2427049,191,1,,,resume
2427127,91,2,,,pause
2427210,91,2,,,resume
2427210,91,2,,,pause
2427236,118,2,,,pause
2427236,118,2,,,resume
2427293,91,2,,,resume
2427387,92,2,,,pause
2427434,135,2,,,pause
2427470,92,2,,,resume
2427470,92,2,,,pause
2427502,158,1,,,pause
2427502,158,1,,,resume
2427517,135,2,,,resume
2427517,135,2,,,pause
2427517,135,2,,,resume
2427553,92,2,,,resume
2427565,223,1,,,pause
2427565,223,1,,,resume
2427641,186,1,,,pause
2427641,186,1,,,resume
2427825,94,2,,,pause
2427874,91,2,,,pause
2427922,222,1,,,pause
2427957,91,2,,,resume
2428005,222,1,,,resume
2428074,94,2,,,resume
2428084,158,1,,,pause
2428088,222,1,,,pause
2428167,158,1,,,resume
2428167,158,1,,,pause
2428167,158,1,,,resume
2428171,222,1,,,resume
2428274,248,2,,,pause
2428274,248,2,,,resume
2428454,134,2,,,pause
2428454,134,2,,,resume
2428856,248,2,,,pause
2428856,248,2,,,resume
2429035,134,2,,,pause
2429118,134,2,,,resume
2429155,94,2,,,pause
2429238,94,2,,,resume
2429697,78,2,,,pause
2429697,78,2,,,resume
2430518,120,2,,,pause
2430589,77,2,,,pause
2430589,77,2,,,resume
2430601,120,2,,,resume
2430672,77,2,,,pause
2430672,77,2,,,resume
2430901,133,2,,,pause
2430901,133,2,,,resume
2430984,133,2,,,pause
2430984,133,2,,,resume
2431124,107,2,,,pause
2431124,107,2,,,resume
2431517,25,2,,,pause
2431589,105,2,,,pause
2431600,25,2,,,resume
2431720,93,2,,,pause
2431756,105,2,,,resume
2431772,106,2,,,pause
2431855,106,2,,,resume
2431855,106,2,,,pause
2431886,93,2,,,resume
2431930,132,2,,,pause
2431938,106,2,,,resume
2431969,93,2,,,pause
2432096,132,2,,,resume
2432219,93,2,,,resume
2432468,93,2,,,pause
2432551,93,2,,,resume
2432593,190,1,,,pause
2432593,190,1,,,resume
2432654,158,1,,,pause
2432663,222,1,,,pause
2432663,222,1,,,resume
2432676,190,1,,,pause
2432717,93,2,,,pause
2432745,92,2,,,pause
2432745,92,2,,,resume
2432759,190,1,,,resume
2432793,186,1,,,pause
2432793,186,1,,,resume
2432820,158,1,,,resume
2432820,158,1,,,pause
2432873,219,1,,,pause
2432873,219,1,,,resume
2432883,93,2,,,resume
2432953,191,1,,,pause
2432987,158,1,,,resume
2433008,190,1,,,pause
2433036,191,1,,,resume
2433070,158,1,,,pause
2433070,158,1,,,resume
2433091,190,1,,,resume
2433154,158,1,,,pause
2433154,158,1,,,resume
2433244,222,1,,,pause
2433258,190,1,,,pause
2433320,158,1,,,pause
2433327,222,1,,,resume
2433341,190,1,,,resume
2433341,190,1,,,pause
2433341,190,1,,,resume
2433403,158,1,,,resume
2433403,158,1,,,pause
2433429,248,2,,,pause
2433429,248,2,,,resume
2433457,219,1,,,pause
2433486,158,1,,,resume
2433507,190,1,,,pause
2433507,190,1,,,resume
2433541,219,1,,,resume
2433838,216,1,,,pause
2433883,223,1,,,pause
2433966,223,1,,,resume
2433966,223,1,,,pause
2434004,216,1,,,resume
2434010,248,2,,,pause
2434010,248,2,,,resume
2434049,223,1,,,resume
2434619,107,2,,,pause
2434661,92,2,,,pause
2434661,92,2,,,resume
2434772,91,2,,,pause
2434786,107,2,,,resume
2434833,88,2,,,pause
2434833,88,2,,,resume
2434855,91,2,,,resume
2434857,78,2,,,pause
2434857,78,2,,,resume
2435451,123,2,,,pause
2435451,123,2,,,resume
2435523,134,2,,,pause
2435607,134,2,,,resume
2435607,134,2,,,pause
2435691,134,2,,,resume
2435761,120,2,,,pause
2435761,120,2,,,resume
2436044,163,2,,,pause
2436044,163,2,,,resume
2436109,74,2,,,pause
2436192,74,2,,,resume
2436275,74,2,,,pause
2436275,74,2,,,resume
2436936,106,2,,,pause
2437022,134,2,,,pause
2437070,92,2,,,pause
2437096,223,2,,,pause
2437104,106,2,,,resume
2437105,134,2,,,resume
2437153,92,2,,,resume
2437153,92,2,,,pause
2437153,92,2,,,resume
2437179,223,2,,,resume
2437236,92,2,,,pause
2437236,92,2,,,resume
2437266,91,2,,,pause
2437327,88,2,,,pause
2437349,91,2,,,resume
2437410,88,2,,,resume
2437410,88,2,,,pause
2437493,88,2,,,resume
2437493,88,2,,,pause
2437525,191,1,,,pause
2437542,93,2,,,pause
2437577,88,2,,,resume
2437606,94,2,,,pause
2437606,94,2,,,resume
2437608,191,1,,,resume
2437608,191,1,,,pause
2437625,93,2,,,resume
2437691,191,1,,,resume
2437777,219,1,,,pause
2437860,219,1,,,resume
2437863,251,2,,,pause
2437946,251,2,,,resume
2437946,251,2,,,pause
2437946,251,2,,,resume
2437952,160,2,,,pause
2438028,219,1,,,pause
2438035,160,2,,,resume
2438048,187,1,,,pause
2438112,219,1,,,resume
2438133,187,1,,,resume
2438147,90,2,,,pause
2438147,90,2,,,resume
2438163,95,2,,,pause
2438190,191,1,,,pause
2438246,95,2,,,resume
2438271,94,2,,,pause
2438271,94,2,,,resume
2438273,191,1,,,resume
2438273,191,1,,,pause
2438440,191,1,,,resume
2438465,187,1,,,pause
2438548,187,1,,,resume
2438585,248,2,,,pause
2438585,248,2,,,resume
2438601,134,2,,,pause
2438612,219,1,,,pause
2438684,134,2,,,resume
2438697,219,1,,,resume
2439742,216,1,,,pause
2439859,107,2,,,pause
2439908,216,1,,,resume
2439942,107,2,,,resume
2440005,78,2,,,pause
2440005,78,2,,,resume
2440109,107,2,,,pause
2440109,107,2,,,resume
2440396,92,2,,,pause
2440396,92,2,,,resume
2440450,41,2,,,pause
2440450,41,2,,,resume
2440586,78,2,,,pause
2440586,78,2,,,resume
2440591,91,2,,,pause
2440607,123,2,,,pause
2440607,123,2,,,resume
2440645,92,2,,,pause
2440671,236,2,,,pause
2440671,236,2,,,resume
2440674,91,2,,,resume
2440728,92,2,,,resume
2440817,32,2,,,pause
2440817,32,2,,,resume
2440915,120,2,,,pause
2440915,120,2,,,resume
2441198,163,2,,,pause
2441198,163,2,,,resume
2441226,92,2,,,pause
2441226,92,2,,,resume
2441506,91,2,,,pause
2441589,91,2,,,resume
2441589,91,2,,,pause
2441672,91,2,,,resume
2441799,133,2,,,pause
2441882,133,2,,,resume
2441882,133,2,,,pause
2441882,133,2,,,resume
2441890,92,2,,,pause
2441973,92,2,,,resume
2442138,104,2,,,pause
2442138,104,2,,,resume
2442324,210,2,,,pause
2442407,210,2,,,resume
2442465,159,1,,,pause
2442465,159,1,,,resume
2442508,94,2,,,pause
2442563,88,2,,,pause
2442591,94,2,,,resume
2442646,88,2,,,resume
2443018,251,2,,,pause
2443018,251,2,,,resume
2443101,251,2,,,pause
2443101,251,2,,,resume
2443105,95,2,,,pause
2443188,95,2,,,resume
2443188,95,2,,,pause
2443257,94,2,,,pause
2443271,95,2,,,resume
2443297,90,2,,,pause
2443297,90,2,,,resume
2443423,94,2,,,resume
2443433,219,1,,,pause
2443516,219,1,,,resume
2443618,187,1,,,pause
2443701,187,1,,,resume
2443757,134,2,,,pause
2443840,134,2,,,resume
2443893,88,2,,,pause
2443976,88,2,,,resume
2444266,219,1,,,pause
2444349,219,1,,,resume
2444503,94,2,,,pause
2444586,94,2,,,resume
2445123,133,2,,,pause
2445123,133,2,,,resume
2445162,78,2,,,pause
2445162,78,2,,,resume
2445260,107,2,,,pause
2445260,107,2,,,resume
2445572,42,2,,,pause
2445572,42,2,,,resume
2445603,41,2,,,pause
2445603,41,2,,,resume
2445742,91,2,,,pause
2445743,78,2,,,pause
2445743,78,2,,,resume
2445825,91,2,,,resume
2445969,32,2,,,pause
2445999,77,2,,,pause
2446052,32,2,,,resume
2446069,120,2,,,pause
2446082,77,2,,,resume
2446152,120,2,,,resume
2446152,120,2,,,pause
2446152,120,2,,,resume
2446351,163,2,,,pause
2446351,163,2,,,resume
2446474,216,1,,,pause
2446509,219,1,,,pause
2446557,216,1,,,resume
2446592,219,1,,,resume
2446655,91,2,,,pause
2446739,91,2,,,resume
2446739,91,2,,,pause
2446789,133,2,,,pause
2446822,91,2,,,resume
2446844,95,2,,,pause
2446872,133,2,,,resume
2446872,133,2,,,pause
2446927,95,2,,,resume
2446927,95,2,,,pause
2447010,95,2,,,resume
2447038,133,2,,,resume
2447038,133,2,,,pause
2447121,133,2,,,resume
2447601,223,1,,,pause
2447601,223,1,,,resume
2447757,95,2,,,pause
2447840,95,2,,,resume
2447886,255,2,,,pause
2447886,255,2,,,resume
2447924,95,2,,,pause
2447924,95,2,,,resume
2447935,223,1,,,pause
2447935,223,1,,,resume
2447969,255,2,,,pause
2447969,255,2,,,resume
2448018,223,1,,,pause
2448082,134,2,,,pause
2448090,95,2,,,pause
2448101,223,1,,,resume
2448101,223,1,,,pause
2448165,134,2,,,resume
2448173,251,2,,,pause
2448173,95,2,,,resume
2448173,95,2,,,pause
2448184,223,1,,,resume
2448248,134,2,,,pause
2448248,134,2,,,resume
2448256,251,2,,,resume
2448313,155,1,,,pause
2448339,95,2,,,resume
2448396,155,1,,,resume
2448447,90,2,,,pause
2448530,90,2,,,resume
2448551,255,2,,,pause
2448551,255,2,,,resume
2448694,158,1,,,pause
2448694,158,1,,,resume
2448754,219,1,,,pause
2448837,219,1,,,resume
2448964,222,1,,,pause
2448964,222,1,,,resume
2449129,88,2,,,pause
2449212,88,2,,,resume
2449400,191,1,,,pause
2449422,219,1,,,pause
2449483,191,1,,,resume
2449505,219,1,,,resume
2450900,78,2,,,pause
2450900,78,2,,,resume
2450978,236,2,,,pause
2450978,236,2,,,resume
2451027,104,2,,,pause
2451110,104,2,,,resume
2451214,77,2,,,pause
2451214,77,2,,,resume
2451222,120,2,,,pause
2451305,120,2,,,resume
2451305,120,2,,,pause
2451305,120,2,,,resume
2451505,163,2,,,pause
2451505,163,2,,,resume
2451557,92,2,,,pause
2451641,92,2,,,resume
2451747,219,1,,,pause
2451830,95,2,,,pause
2451830,219,1,,,resume
2451913,95,2,,,resume
2451975,91,2,,,pause
2452058,91,2,,,resume
2452289,105,2,,,pause
2452289,105,2,,,resume
2452381,132,2,,,pause
2452411,95,2,,,pause
2452464,132,2,,,resume
2452471,92,2,,,pause
2452473,91,2,,,pause
2452494,95,2,,,resume
2452554,92,2,,,resume
2452554,92,2,,,pause
2452556,91,2,,,resume
2452556,91,2,,,pause
2452637,92,2,,,resume
2452639,91,2,,,resume
2452720,92,2,,,pause
2452720,92,2,,,resume
2452723,91,2,,,pause
2452806,91,2,,,resume
2452806,91,2,,,pause
2452870,88,2,,,pause
2452880,220,1,,,pause
2452890,91,2,,,resume
2452890,91,2,,,pause
2452953,88,2,,,resume
2452963,220,1,,,resume
2452973,91,2,,,resume
2452973,91,2,,,pause
2453056,91,2,,,resume
2453056,91,2,,,pause
2453121,94,2,,,pause
2453122,255,2,,,pause
2453122,255,2,,,resume
2453139,91,2,,,resume
2453204,94,2,,,resume
2453237,134,2,,,pause
2453403,134,2,,,resume
2453598,90,2,,,pause
2453681,90,2,,,resume
2453704,255,2,,,pause
2453704,255,2,,,resume
2453847,158,1,,,pause
2453847,158,1,,,resume
2454120,222,1,,,pause
2454120,222,1,,,resume
2454371,216,1,,,pause
2454454,216,1,,,resume
2455119,216,1,,,pause
2455202,216,1,,,resume
2455208,132,2,,,pause
2455212,92,2,,,pause
2455212,92,2,,,resume
2455291,132,2,,,resume
2455378,92,2,,,pause
2455378,92,2,,,resume
2455797,42,2,,,pause
2455797,42,2,,,resume
2456131,236,2,,,pause
2456131,236,2,,,resume
2456378,120,2,,,pause
2456461,120,2,,,resume
2456461,120,2,,,pause
2456461,120,2,,,resume
2456802,74,2,,,pause
2456885,74,2,,,resume
2457444,105,2,,,pause
2457527,105,2,,,resume
2457623,92,2,,,pause
2457706,92,2,,,resume
2457706,92,2,,,pause
2457718,78,2,,,pause
2457718,78,2,,,resume
2457789,92,2,,,resume
2457789,92,2,,,pause
2457872,92,2,,,resume
2457898,219,1,,,pause
2457981,219,1,,,resume
2457995,223,1,,,pause
2457995,223,1,,,resume
2458010,159,1,,,pause
2458022,88,2,,,pause
2458093,159,1,,,resume
2458107,88,2,,,resume
2458190,94,2,,,pause
2458244,223,1,,,pause
2458273,94,2,,,resume
2458290,91,2,,,pause
2458328,223,1,,,resume
2458328,223,1,,,pause
2458373,91,2,,,resume
2458411,223,1,,,resume
2458411,223,1,,,pause
2458471,186,1,,,pause
2458471,186,1,,,resume
2458480,219,1,,,pause
2458480,219,1,,,resume
2458494,223,1,,,resume
2458540,91,2,,,pause
2458563,219,1,,,pause
2458623,91,2,,,resume
2458623,91,2,,,pause
2458647,219,1,,,resume
2458647,219,1,,,pause
2458647,219,1,,,resume
2458660,223,1,,,pause
2458696,222,1,,,pause
2458706,91,2,,,resume
2458743,223,1,,,resume
2458743,223,1,,,pause
2458743,223,1,,,resume
2458748,90,2,,,pause
2458779,222,1,,,resume
2458779,222,1,,,pause
2458779,222,1,,,resume
2458823,190,1,,,pause
2458831,90,2,,,resume
2458859,255,2,,,pause
2458859,255,2,,,resume
2458862,222,1,,,pause
2458862,222,1,,,resume
2458906,190,1,,,resume
2458906,190,1,,,pause
2458945,222,1,,,pause
2458945,222,1,,,resume
2458989,190,1,,,resume
2458989,190,1,,,pause
2459001,158,1,,,pause
2459001,158,1,,,resume
2459072,190,1,,,resume
2459112,222,1,,,pause
2459230,219,1,,,pause
2459279,222,1,,,resume
2459309,186,1,,,pause
2459309,186,1,,,resume
2459314,219,1,,,resume
2459314,219,1,,,pause
2459314,219,1,,,resume
2459322,190,1,,,pause
2459353,88,2,,,pause
2459405,190,1,,,resume
2459436,88,2,,,resume
2459572,190,1,,,pause
2459655,190,1,,,resume
2459655,190,1,,,pause
2459738,190,1,,,resume
2459755,93,2,,,pause
2459755,93,2,,,resume
2460528,92,2,,,pause
2460611,92,2,,,resume
2460949,42,2,,,pause
2460949,42,2,,,resume
2460958,140,1,,,pause
2461041,140,1,,,resume
2461347,130,2,,,pause
2461430,130,2,,,resume
2461465,77,2,,,pause
2461534,120,2,,,pause
2461548,77,2,,,resume
2461617,120,2,,,resume
2461617,120,2,,,pause
2461617,120,2,,,resume
2461777,108,2,,,pause
2461777,92,2,,,pause
2461777,92,2,,,resume
2461816,163,2,,,pause
2461816,163,2,,,resume
2461860,108,2,,,resume
2462596,105,2,,,pause
2462596,105,2,,,resume
2462601,216,1,,,pause
2462684,216,1,,,resume
2462928,105,2,,,pause
2462928,105,2,,,resume
2462945,91,2,,,pause
2462950,45,2,,,pause
2462950,45,2,,,resume
2463028,91,2,,,resume
2463028,91,2,,,pause
2463079,93,2,,,pause
2463111,91,2,,,resume
2463162,93,2,,,resume
2463181,218,2,,,pause
2463181,218,2,,,resume
2463194,91,2,,,pause
2463194,91,2,,,resume
2463277,91,2,,,pause
2463344,94,2,,,pause
2463360,91,2,,,resume
2463398,223,1,,,pause
2463427,94,2,,,resume
2463443,91,2,,,pause
2463471,219,1,,,pause
2463526,91,2,,,resume
2463554,219,1,,,resume
2463586,221,2,,,pause
2463628,186,1,,,pause
2463628,186,1,,,resume
2463647,223,1,,,resume
2463647,223,1,,,pause
2463670,221,2,,,resume
2463692,91,2,,,pause
2463711,186,1,,,pause
2463711,186,1,,,resume
2463730,223,1,,,resume
2463803,219,1,,,pause
2463827,159,1,,,pause
2463827,159,1,,,resume
2463858,91,2,,,resume
2463898,90,2,,,pause
2463981,90,2,,,resume
2464012,255,2,,,pause
2464012,255,2,,,resume
2464053,219,1,,,resume
2464062,223,1,,,pause
2464062,223,1,,,resume
2464153,158,1,,,pause
2464153,158,1,,,resume
2464190,91,2,,,pause
2464190,91,2,,,resume
2464481,187,1,,,pause
2464564,187,1,,,resume
2464726,223,1,,,pause
2464810,223,1,,,resume
2464881,60,2,,,pause
2464881,60,2,,,resume
2464910,93,2,,,pause
2464993,93,2,,,resume
2465159,181,2,,,pause
2465159,181,2,,,resume
2465337,94,2,,,pause
2465337,94,2,,,resume
2465594,216,1,,,pause
2465677,216,1,,,resume
2465682,92,2,,,pause
2465765,92,2,,,resume
2466103,42,2,,,pause
2466103,42,2,,,resume
2466155,93,2,,,pause
2466186,42,2,,,pause
2466186,42,2,,,resume
2466238,93,2,,,resume
2466378,78,2,,,pause
2466378,78,2,,,resume
2466429,92,2,,,pause
2466490,104,2,,,pause
2466512,92,2,,,resume
2466573,104,2,,,resume
2466928,92,2,,,pause
2467011,92,2,,,resume
2467746,105,2,,,pause
2467780,95,2,,,pause
2467829,105,2,,,resume
2467863,95,2,,,resume
2467996,25,2,,,pause
2468053,90,2,,,pause
2468078,105,2,,,pause
2468080,25,2,,,resume
2468088,210,2,,,pause
2468143,45,2,,,pause
2468161,105,2,,,resume
2468161,105,2,,,pause
2468161,105,2,,,resume
2468171,210,2,,,resume
2468219,90,2,,,resume
2468226,45,2,,,resume
2468263,93,2,,,pause
2468302,90,2,,,pause
2468346,93,2,,,resume
2468386,90,2,,,resume
2468483,217,2,,,pause
2468495,94,2,,,pause
2468566,217,2,,,resume
2468583,255,2,,,pause
2468583,255,2,,,resume
2468744,94,2,,,resume
2468993,94,2,,,pause
2469050,90,2,,,pause
2469133,90,2,,,resume
2469165,255,2,,,pause
2469165,255,2,,,resume
2469325,94,2,,,resume
2469325,94,2,,,pause
2469408,94,2,,,resume
2470204,134,2,,,pause
2470204,134,2,,,resume
2470336,92,2,,,pause
2470419,92,2,,,resume
2470419,92,2,,,pause
2470502,92,2,,,resume
2470831,216,1,,,pause
2470831,216,1,,,resume
2471892,104,2,,,pause
2471892,104,2,,,resume
2471983,133,2,,,pause
2471983,133,2,,,resume
2472122,163,2,,,pause
2472122,163,2,,,resume
2472665,91,2,,,pause
2472749,91,2,,,resume
2472757,111,2,,,pause
2472757,111,2,,,resume
2472993,95,2,,,pause
2472993,95,2,,,resume
2472998,91,2,,,pause
2473081,91,2,,,resume
2473081,91,2,,,pause
2473081,91,2,,,resume
2473086,93,2,,,pause
2473164,91,2,,,pause
2473169,93,2,,,resume
2473169,93,2,,,pause
2473193,186,1,,,pause
2473193,186,1,,,resume
2473247,91,2,,,resume
2473413,91,2,,,pause
2473491,92,2,,,pause
2473497,91,2,,,resume
2473497,91,2,,,pause
2473502,93,2,,,resume
2473578,92,2,,,resume
2473580,91,2,,,resume
2473580,91,2,,,pause
2473663,91,2,,,resume
2473736,255,2,,,pause
2473736,255,2,,,resume
2473941,186,1,,,pause
2473941,186,1,,,resume
2474024,186,1,,,pause
2474024,186,1,,,resume
2474034,251,2,,,pause
2474034,251,2,,,resume
2474114,219,1,,,pause
2474114,219,1,,,resume
2474235,255,2,,,pause
2474235,255,2,,,resume
2474275,236,2,,,pause
2474275,236,2,,,resume
2474318,255,2,,,pause
2474318,255,2,,,resume
2474543,158,1,,,pause
2474627,158,1,,,resume
2474696,219,1,,,pause
2474697,219,1,,,resume
2474816,255,2,,,pause
2474816,255,2,,,resume
2474914,92,2,,,pause
2474997,92,2,,,resume
2476326,42,2,,,pause
2476326,42,2,,,resume
2476410,42,2,,,pause
2476410,42,2,,,resume
2476555,78,2,,,pause
2476555,78,2,,,resume
2477060,104,2,,,pause
2477060,104,2,,,resume
2477279,163,2,,,pause
2477279,163,2,,,resume
2477791,154,1,,,pause
2477874,154,1,,,resume
2477874,154,1,,,pause
2477890,133,2,,,pause
2477957,154,1,,,resume
2477969,78,2,,,pause
2477969,78,2,,,resume
2477973,133,2,,,resume
2478303,94,2,,,pause
2478321,132,2,,,pause
2478386,94,2,,,resume
2478386,94,2,,,pause
2478392,210,2,,,pause
2478404,132,2,,,resume
2478475,210,2,,,resume
2478493,93,2,,,pause
2478576,93,2,,,resume
2478635,94,2,,,resume
2478635,94,2,,,pause
2478659,93,2,,,pause
2478659,93,2,,,resume
2478718,94,2,,,resume
2478861,187,1,,,pause
2478944,187,1,,,resume
2478947,223,1,,,pause
2479019,219,1,,,pause
2479019,219,1,,,resume
2479030,223,1,,,resume
2479107,191,1,,,pause
2479134,94,2,,,pause
2479186,219,1,,,pause
2479190,191,1,,,resume
2479217,94,2,,,resume
2479217,94,2,,,pause
2479269,219,1,,,resume
2479269,219,1,,,pause
2479269,219,1,,,resume
2479300,94,2,,,resume
2479322,190,1,,,pause
2479322,190,1,,,resume
2479432,236,2,,,pause
2479432,236,2,,,resume
2479605,191,1,,,pause
2479689,191,1,,,resume
2479692,187,1,,,pause
2479775,187,1,,,resume
2479851,219,1,,,pause
2479937,219,1,,,resume
2479950,217,1,,,pause
2479950,217,1,,,resume
2480733,92,2,,,pause
2480816,92,2,,,resume
2481217,88,2,,,pause
2481217,88,2,,,resume
2481300,88,2,,,pause
2481300,88,2,,,resume
2481314,92,2,,,pause
2481314,92,2,,,resume
2481700,41,2,,,pause
2481700,41,2,,,resume
2481761,107,2,,,pause
2481761,107,2,,,resume
2481844,107,2,,,pause
2481896,128,2,,,pause
2481927,107,2,,,resume
2482063,128,2,,,resume
2482158,120,2,,,pause
2482158,120,2,,,resume
2482559,135,2,,,pause
2482559,135,2,,,resume
2482642,135,2,,,pause
2482642,135,2,,,resume
2482881,133,2,,,pause
2483060,132,2,,,pause
2483130,133,2,,,resume
2483143,132,2,,,resume
2483289,94,2,,,pause
2483372,94,2,,,resume
2483805,92,2,,,pause
2483843,191,1,,,pause
2483860,159,1,,,pause
2483860,159,1,,,resume
2483926,191,1,,,resume
2483971,92,2,,,resume
2484099,223,1,,,pause
2484182,223,1,,,resume
2484347,187,1,,,pause
2484421,218,1,,,pause
2484421,218,1,,,resume
2484425,219,1,,,pause
2484430,187,1,,,resume
2484441,159,1,,,pause
2484514,223,1,,,pause
2484524,159,1,,,resume
2484543,255,2,,,pause
2484543,255,2,,,resume
2484559,222,1,,,pause
2484584,236,2,,,pause
2484591,219,1,,,resume
2484597,223,1,,,resume
2484597,223,1,,,pause
2484642,222,1,,,resume
2484667,236,2,,,resume
2484680,223,1,,,resume
2484680,223,1,,,pause
2484763,223,1,,,resume
2485098,217,1,,,pause
2485182,217,1,,,resume
2485251,218,1,,,pause
2485417,218,1,,,resume
2485417,218,1,,,pause
2485417,218,1,,,resume
2485558,93,2,,,pause
2485558,93,2,,,resume
2485940,43,2,,,pause
2485940,43,2,,,resume
2486082,218,1,,,pause
2486165,218,1,,,resume
2486412,107,2,,,pause
2486495,107,2,,,resume
2486635,42,2,,,pause
2486635,42,2,,,resume
2486809,140,1,,,pause
2486809,140,1,,,resume
2486839,78,2,,,pause
2486849,41,2,,,pause
2486849,41,2,,,resume
2486995,107,2,,,pause
2487005,78,2,,,resume
2487078,107,2,,,resume
2487195,104,2,,,pause
2487361,104,2,,,resume
2487387,77,2,,,pause
2487387,77,2,,,resume
2487406,106,2,,,pause
2487406,106,2,,,resume
2487709,135,2,,,pause
2487709,135,2,,,resume
2487828,107,2,,,pause
2487911,107,2,,,resume
2487989,106,2,,,pause
2487989,106,2,,,resume
2488120,133,2,,,pause
2488286,133,2,,,resume
2488319,78,2,,,pause
2488319,78,2,,,resume
2488381,94,2,,,pause
2488464,94,2,,,resume
2488656,106,2,,,pause
2488656,106,2,,,resume
2488785,95,2,,,pause
2488785,95,2,,,resume
2488803,93,2,,,pause
2488868,95,2,,,pause
2488868,95,2,,,resume
2488969,93,2,,,resume
2489118,95,2,,,pause
2489118,95,2,,,resume
2489122,91,2,,,pause
2489163,219,1,,,pause
2489205,91,2,,,resume
2489239,191,1,,,pause
2489284,95,2,,,pause
2489284,95,2,,,resume
2489322,191,1,,,resume
2489331,219,1,,,resume
2489338,223,1,,,pause
2489421,223,1,,,resume
2489450,95,2,,,pause
2489500,251,2,,,pause
2489500,251,2,,,resume
2489504,223,1,,,pause
2489533,95,2,,,resume
2489533,95,2,,,pause
2489533,95,2,,,resume
2489560,190,1,,,pause
2489580,219,1,,,pause
2489583,187,1,,,pause
2489587,223,1,,,resume
2489587,223,1,,,pause
2489616,95,2,,,pause
2489616,95,2,,,resume
2489659,218,1,,,pause
2489659,218,1,,,resume
2489664,219,1,,,resume
2489664,219,1,,,pause
2489666,187,1,,,resume
2489670,223,1,,,resume
2489678,159,1,,,pause
2489678,159,1,,,resume
2489742,218,1,,,pause
2489809,190,1,,,resume
2489875,94,2,,,pause
2489875,94,2,,,resume
2489892,190,1,,,pause
2489892,190,1,,,resume
2489908,218,1,,,resume
2489913,219,1,,,resume
2490074,218,1,,,pause
2490157,218,1,,,resume
2490578,219,1,,,pause
2490661,219,1,,,resume
2491093,43,2,,,pause
2491093,43,2,,,resume
2491447,216,1,,,pause
2491530,216,1,,,resume
2491566,107,2,,,pause
2491649,107,2,,,resume
2491649,107,2,,,pause
2491732,107,2,,,resume
2491788,42,2,,,pause
2491788,42,2,,,resume
2491898,107,2,,,pause
2491962,140,1,,,pause
2491962,140,1,,,resume
2491992,78,2,,,pause
2491992,78,2,,,resume
2492064,107,2,,,resume
2492064,107,2,,,pause
2492075,78,2,,,pause
2492147,107,2,,,resume
2492192,78,2,,,resume
2492406,90,2,,,pause
2492465,120,2,,,pause
2492465,120,2,,,resume
2492489,90,2,,,resume
2492537,77,2,,,pause
2492537,77,2,,,resume
2492559,106,2,,,pause
2492559,106,2,,,resume
2492563,107,2,,,pause
2492646,107,2,,,resume
2492858,135,2,,,pause
2492858,135,2,,,resume
2492917,41,2,,,pause
2492917,41,2,,,resume
2493141,106,2,,,pause
2493141,106,2,,,resume
2493692,91,2,,,pause
2493775,91,2,,,resume
2493808,106,2,,,pause
2493808,106,2,,,resume
2494040,93,2,,,pause
2494040,93,2,,,resume
2494194,92,2,,,pause
2494277,92,2,,,resume
2494365,94,2,,,pause
2494365,94,2,,,resume
2494570,219,1,,,pause
2494570,219,1,,,resume
2494749,159,1,,,pause
2494749,159,1,,,resume
2494901,190,1,,,pause
2494903,187,1,,,pause
2494948,156,2,,,pause
2494948,156,2,,,resume
2494984,190,1,,,resume
2494984,190,1,,,pause
2494984,190,1,,,resume
2495067,190,1,,,pause
2495067,190,1,,,resume
2495152,187,1,,,resume
2495353,133,2,,,pause
2495520,216,1,,,pause
2495520,133,2,,,resume
2495520,133,2,,,pause
2495603,133,2,,,resume
2495604,216,1,,,resume
2495604,216,1,,,pause
2495604,216,1,,,resume
2495650,219,1,,,pause
2495650,219,1,,,resume
2496472,107,2,,,pause
2496555,107,2,,,resume
2496555,107,2,,,pause
2496638,107,2,,,resume
2496686,92,2,,,pause
2496686,92,2,,,resume
2496943,42,2,,,pause
2496943,42,2,,,resume
2497116,140,1,,,pause
2497116,140,1,,,resume
2497229,78,2,,,pause
2497229,78,2,,,resume
2497302,107,2,,,pause
2497312,78,2,,,pause
2497349,78,2,,,resume
2497385,107,2,,,resume
2497495,78,2,,,pause
2497495,78,2,,,resume
2497556,90,2,,,pause
2497578,78,2,,,pause
2497578,78,2,,,resume
2497639,90,2,,,resume
2497682,77,2,,,pause
2497682,77,2,,,resume
2497716,106,2,,,pause
2497799,106,2,,,resume
2497883,107,2,,,pause
2497910,78,2,,,pause
2497910,78,2,,,resume
2497966,107,2,,,resume
2497993,78,2,,,pause
2497993,78,2,,,resume
2498071,41,2,,,pause
2498071,41,2,,,resume
2498076,78,2,,,pause
2498076,78,2,,,resume
2498159,78,2,,,pause
2498242,78,2,,,resume
2498297,106,2,,,pause
2498297,106,2,,,resume
2498403,41,2,,,pause
2498403,41,2,,,resume
2498486,41,2,,,pause
2498486,41,2,,,resume
2498859,93,2,,,pause
2498859,93,2,,,resume
2498942,93,2,,,pause
2498963,106,2,,,pause
2499015,95,2,,,pause
2499046,106,2,,,resume
2499193,93,2,,,resume
2499346,92,2,,,pause
2499347,95,2,,,resume
2499429,92,2,,,resume
2499430,95,2,,,pause
2499669,135,2,,,pause
2499669,135,2,,,resume
2499679,95,2,,,resume
2500030,208,2,,,pause
2500030,208,2,,,resume
2500114,222,1,,,pause
2500197,222,1,,,resume
2500718,218,1,,,pause
2500801,218,1,,,resume
2502313,41,2,,,pause
2502313,41,2,,,resume
2502373,107,2,,,pause
2502373,107,2,,,resume
2502416,78,2,,,pause
2502497,78,2,,,resume
2502707,90,2,,,pause
2502790,90,2,,,resume
2502791,77,2,,,pause
2502791,77,2,,,resume
2502874,110,2,,,pause
2502874,110,2,,,resume
2502957,110,2,,,pause
2502957,110,2,,,resume
2503038,106,2,,,pause
2503121,106,2,,,resume
2503121,106,2,,,pause
2503204,106,2,,,resume
2503395,78,2,,,pause
2503453,106,2,,,pause
2503478,78,2,,,resume
2503536,106,2,,,resume
2504497,92,2,,,pause
2504580,92,2,,,resume
2504633,154,1,,,pause
2504633,154,1,,,resume
2504801,223,1,,,pause
2504876,190,1,,,pause
2504884,223,1,,,resume
2504949,89,2,,,pause
2504949,89,2,,,resume
2504959,190,1,,,resume
2505033,94,2,,,pause
2505033,94,2,,,resume
2505133,223,1,,,pause
2505133,223,1,,,resume
2505245,216,1,,,pause
2505245,216,1,,,resume
2505268,222,1,,,pause
2505291,190,1,,,pause
2505351,222,1,,,resume
2505374,190,1,,,resume
2505425,217,1,,,pause
2505425,217,1,,,resume
2505457,190,1,,,pause
2505457,190,1,,,resume
2505540,190,1,,,pause
2505540,190,1,,,resume
2505578,92,2,,,pause
2505661,92,2,,,resume
2505661,92,2,,,pause
2505661,92,2,,,resume
2505828,92,2,,,pause
2505872,218,1,,,pause
2505911,92,2,,,resume
2505911,92,2,,,pause
2505955,218,1,,,resume
2505994,92,2,,,resume
2506279,94,2,,,pause
2506279,94,2,,,resume
2507361,107,2,,,pause
2507444,107,2,,,resume
2507444,107,2,,,pause
2507466,41,2,,,pause
2507466,41,2,,,resume
2507527,107,2,,,resume
2507527,107,2,,,pause
2507527,107,2,,,resume
2507797,78,2,,,pause
2507870,90,2,,,pause
2507885,78,2,,,resume
2507885,78,2,,,pause
2507953,90,2,,,resume
2507968,78,2,,,resume
2507983,77,2,,,pause
2507983,77,2,,,resume
2507995,107,1,,,pause
2508078,107,1,,,resume
2508217,78,2,,,pause
2508300,78,2,,,resume
2508523,107,2,,,pause
2508523,107,2,,,resume
2508574,133,2,,,pause
2508658,105,2,,,pause
2508691,106,2,,,pause
2508740,133,2,,,resume
2508740,133,2,,,pause
2508741,105,2,,,resume
2508741,105,2,,,pause
2508741,105,2,,,resume
2508823,133,2,,,resume
2508823,133,2,,,pause
2508823,133,2,,,resume
2508857,106,2,,,resume
2509066,95,2,,,pause
2509232,95,2,,,resume
2509326,94,2,,,pause
2509404,133,2,,,pause
2509404,133,2,,,resume
2509447,90,2,,,pause
2509467,93,2,,,pause
2509492,94,2,,,resume
2509531,90,2,,,resume
2509550,93,2,,,resume
2509790,154,1,,,pause
2509790,154,1,,,resume
2509800,93,2,,,pause
2509800,93,2,,,resume
2509956,223,1,,,pause
2510039,223,1,,,resume
2510105,89,2,,,pause
2510188,89,2,,,resume
2510315,92,2,,,pause
2510398,92,2,,,resume
2510401,216,1,,,pause
2510484,216,1,,,resume
2510527,190,1,,,pause
2510578,217,1,,,pause
2510578,217,1,,,resume
2510610,190,1,,,resume
2510788,186,1,,,pause
2510788,186,1,,,resume
2510853,89,2,,,pause
2510853,89,2,,,resume
2511229,92,2,,,pause
2511229,92,2,,,resume
2511299,93,2,,,pause
2511312,92,2,,,pause
2511312,92,2,,,resume
2511383,93,2,,,resume
2511404,94,2,,,pause
2511404,94,2,,,resume
2511561,92,2,,,pause
2511561,92,2,,,resume
2511820,153,2,,,pause
2511903,153,2,,,resume
2512203,78,2,,,pause
2512203,78,2,,,resume
2512370,78,2,,,pause
2512453,78,2,,,resume
2512453,78,2,,,pause
2512536,78,2,,,resume
2513042,78,2,,,pause
2513042,78,2,,,resume
2513068,90,2,,,pause
2513068,90,2,,,resume
2513095,77,2,,,pause
2513095,77,2,,,resume
2513208,78,2,,,pause
2513291,78,2,,,resume
2513291,78,2,,,pause
2513374,78,2,,,resume
2513458,135,2,,,pause
2513458,135,2,,,resume
2513540,78,2,,,pause
2513540,78,2,,,resume
2513542,135,2,,,pause
2513542,135,2,,,resume
2513623,78,2,,,pause
2513623,78,2,,,resume
2513729,133,2,,,pause
2513893,105,2,,,pause
2513895,133,2,,,resume
2513976,105,2,,,resume
2513983,91,2,,,pause
2514066,91,2,,,resume
2514458,93,2,,,pause
2514483,94,2,,,pause
2514649,94,2,,,resume
2514708,93,2,,,resume
2514871,135,2,,,pause
2514871,135,2,,,resume
2515120,135,2,,,pause
2515120,135,2,,,resume
2515278,251,2,,,pause
2515278,251,2,,,resume
2515512,206,2,,,pause
2515512,206,2,,,resume
2515525,190,1,,,pause
2515525,190,1,,,resume
2515608,190,1,,,pause
2515729,217,1,,,pause
2515729,217,1,,,resume
2515774,190,1,,,resume
2515774,190,1,,,pause
2515795,88,2,,,pause
2515795,88,2,,,resume
2515850,158,1,,,pause
2515857,190,1,,,resume
2515933,158,1,,,resume
2515939,186,1,,,pause
2515939,186,1,,,resume
2516181,218,1,,,pause
2516181,218,1,,,resume
2516349,158,1,,,pause
2516349,158,1,,,resume
2516722,92,2,,,pause
2516722,92,2,,,resume
2517421,107,2,,,pause
2517504,107,2,,,resume
2517756,107,2,,,pause
2517839,107,2,,,resume
2517873,108,2,,,pause
2517873,108,2,,,resume
2518269,77,2,,,pause
2518269,77,2,,,resume
2518332,107,1,,,pause
2518415,107,1,,,resume
2518454,108,2,,,pause
2518454,108,2,,,resume
2518613,135,2,,,pause
2518613,135,2,,,resume
2518838,107,2,,,pause
2518921,107,2,,,resume
2518971,133,2,,,pause
2518971,133,2,,,resume
2519023,41,2,,,pause
2519023,41,2,,,resume
2519118,91,2,,,pause
2519118,91,2,,,resume
2519129,104,2,,,pause
2519208,88,2,,,pause
2519208,88,2,,,resume
2519210,216,1,,,pause
2519212,104,2,,,resume
2519212,104,2,,,pause
2519213,95,2,,,pause
2519293,223,2,,,pause
2519293,216,1,,,resume
2519293,223,2,,,resume
2519295,104,2,,,resume
2519296,95,2,,,resume
2519296,95,2,,,pause
2519296,95,2,,,resume
2519298,92,2,,,pause
2519379,95,2,,,pause
2519381,92,2,,,resume
2519421,132,2,,,pause
2519421,132,2,,,resume
2519428,163,2,,,pause
2519428,163,2,,,resume
2519545,95,2,,,resume
2519545,95,2,,,pause
2519628,95,2,,,resume
2519711,93,2,,,pause
2519794,93,2,,,resume
2519794,93,2,,,pause
2519865,91,2,,,pause
2519865,91,2,,,resume
2520043,93,2,,,resume
2520267,223,1,,,pause
2520346,219,1,,,pause
2520346,219,1,,,resume
2520350,223,1,,,resume
2520362,210,2,,,pause
2520434,251,2,,,pause
2520434,251,2,,,resume
2520446,210,2,,,resume
2520504,158,1,,,pause
2520535,255,2,,,pause
2520593,191,1,,,pause
2520599,223,1,,,pause
2520599,223,1,,,resume
2520618,255,2,,,resume
2520670,158,1,,,resume
2520676,191,1,,,resume
2520777,212,1,,,pause
2520777,212,1,,,resume
2520863,128,1,,,pause
2520863,128,1,,,resume
2520882,217,1,,,pause
2520882,217,1,,,resume
2520943,212,1,,,pause
2520943,212,1,,,resume
2521115,128,1,,,pause
2521115,128,1,,,resume
2521428,219,1,,,pause
2521428,219,1,,,resume
2521543,92,2,,,pause
2521543,92,2,,,resume
2521594,219,1,,,pause
2521678,219,1,,,resume
2522208,92,2,,,pause
2522208,92,2,,,resume
2522452,104,2,,,pause
2522535,104,2,,,resume
2522706,92,2,,,pause
2522706,92,2,,,resume
2522770,134,2,,,pause
2522770,134,2,,,resume
2522934,78,2,,,pause
2522934,78,2,,,resume
2522993,107,2,,,pause
2523076,107,2,,,resume
2523076,107,2,,,pause
2523159,107,2,,,resume
2523380,90,2,,,pause
2523380,90,2,,,resume
2523497,110,2,,,pause
2523497,110,2,,,resume
2523523,108,2,,,pause
2523523,108,2,,,resume
2523580,110,2,,,pause
2523580,110,2,,,resume
2523851,135,2,,,pause
2523851,135,2,,,resume
2524128,133,2,,,pause
2524128,133,2,,,resume
2524178,41,2,,,pause
2524178,41,2,,,resume
2524361,88,2,,,pause
2524444,88,2,,,resume
2524445,223,2,,,pause
2524450,92,2,,,pause
2524528,223,2,,,resume
2524533,92,2,,,resume
2524615,216,1,,,pause
2524698,216,1,,,resume
2524781,95,2,,,pause
2524864,95,2,,,resume
2524906,94,2,,,pause
2524906,94,2,,,resume
2524934,210,2,,,pause
2524934,210,2,,,resume
2524949,93,2,,,pause
2525020,91,2,,,pause
2525020,91,2,,,resume
2525198,93,2,,,resume
2525198,93,2,,,pause
2525198,93,2,,,resume
2525254,154,1,,,pause
2525254,154,1,,,resume
2525336,223,1,,,pause
2525419,223,1,,,resume
2525502,219,1,,,pause
2525515,210,2,,,pause
2525585,219,1,,,resume
2525585,219,1,,,pause
2525589,251,2,,,pause
2525589,251,2,,,resume
2525598,210,2,,,resume
2525668,219,1,,,resume
2525668,219,1,,,pause
2525668,219,1,,,resume
2525811,191,1,,,pause
2525811,191,1,,,resume
2525816,206,2,,,pause
2525816,206,2,,,resume
2525822,158,1,,,pause
2525822,158,1,,,resume
2525905,158,1,,,pause
2525905,158,1,,,resume
2525930,212,1,,,pause
2525930,212,1,,,resume
2526030,217,1,,,pause
2526030,217,1,,,resume
2526096,212,1,,,pause
2526096,212,1,,,resume
2526443,93,2,,,pause
2526526,93,2,,,resume
2526581,219,1,,,pause
2526664,219,1,,,resume
2526693,92,2,,,pause
2526693,92,2,,,resume
2527027,92,2,,,pause
2527027,92,2,,,resume
2527712,130,2,,,pause
2527795,130,2,,,resume
2527925,134,2,,,pause
2527925,134,2,,,resume
2528090,78,2,,,pause
2528090,78,2,,,resume
2528531,90,2,,,pause
2528531,90,2,,,resume
2528652,110,2,,,pause
2528652,110,2,,,resume
2528735,110,2,,,pause
2528735,110,2,,,resume
2528921,135,2,,,pause
2529004,135,2,,,resume
2529284,133,2,,,pause
2529284,133,2,,,resume
2529515,88,2,,,pause
2529598,88,2,,,resume
2529812,94,2,,,pause
2529812,94,2,,,resume
2529851,95,2,,,pause
2529895,94,2,,,pause
2529895,94,2,,,resume
2530017,95,2,,,resume
2530017,95,2,,,pause
2530095,223,2,,,pause
2530095,91,2,,,pause
2530095,223,2,,,resume
2530095,91,2,,,resume
2530100,95,2,,,resume
2530108,90,2,,,pause
2530183,95,2,,,pause
2530183,95,2,,,resume
2530191,90,2,,,resume
2530266,216,1,,,pause
2530342,255,2,,,pause
2530342,255,2,,,resume
2530344,91,2,,,pause
2530344,91,2,,,resume
2530349,216,1,,,resume
2530427,91,2,,,pause
2530427,91,2,,,resume
2530511,91,2,,,pause
2530512,223,2,,,pause
2530575,223,1,,,pause
2530575,223,1,,,resume
2530585,210,2,,,pause
2530595,223,2,,,resume
2530596,91,2,,,resume
2530737,190,1,,,pause
2530744,251,2,,,pause
2530744,251,2,,,resume
2530751,210,2,,,resume
2530820,190,1,,,resume
2530820,190,1,,,pause
2530820,190,1,,,resume
2530847,235,2,,,pause
2530847,235,2,,,resume
2530885,222,1,,,pause
2530967,206,2,,,pause
2530967,206,2,,,resume
2530969,222,1,,,resume
2530969,222,1,,,pause
2530974,94,2,,,pause
2530974,94,2,,,resume
2531007,255,2,,,pause
2531007,255,2,,,resume
2531011,91,2,,,pause
2531052,222,1,,,resume
2531052,222,1,,,pause
2531058,158,1,,,pause
2531058,158,1,,,resume
2531083,212,1,,,pause
2531083,212,1,,,resume
2531094,91,2,,,resume
2531094,91,2,,,pause
2531094,91,2,,,resume
2531135,222,1,,,resume
2531135,222,1,,,pause
2531179,235,2,,,pause
2531180,217,1,,,pause
2531180,217,1,,,resume
2531218,222,1,,,resume
2531262,235,2,,,resume
2531309,214,2,,,pause
2531309,214,2,,,resume
2531392,214,2,,,pause
2531392,214,2,,,resume
2531511,92,2,,,pause
2531516,216,1,,,pause
2531594,92,2,,,resume
2531682,216,1,,,resume
2531760,92,2,,,pause
2531760,92,2,,,resume
2532094,92,2,,,pause
2532177,92,2,,,resume
2532177,92,2,,,pause
2532260,92,2,,,resume
2533100,42,2,,,pause
2533100,42,2,,,resume
2533214,111,2,,,pause
2533234,78,2,,,pause
2533297,111,2,,,resume
2533317,78,2,,,resume
2533548,107,2,,,pause
2533600,90,2,,,pause
2533600,90,2,,,resume
2533631,107,2,,,resume
2533683,90,2,,,pause
2533683,90,2,,,resume
2533771,77,2,,,pause
2533854,77,2,,,resume
2533880,107,2,,,pause
2533963,107,2,,,resume
2534322,135,2,,,pause
2534405,135,2,,,resume
2534438,133,2,,,pause
2534438,133,2,,,resume
2534667,88,2,,,pause
2534750,88,2,,,resume
2534758,93,2,,,pause
2534758,93,2,,,resume
2534842,93,2,,,pause
2534882,94,2,,,pause
2534882,94,2,,,resume
2534926,93,2,,,resume
2534965,94,2,,,pause
2534965,94,2,,,resume
2534990,210,2,,,pause
2534990,210,2,,,resume
2535173,95,2,,,pause
2535332,91,2,,,pause
2535332,91,2,,,resume
2535339,95,2,,,resume
2535424,93,2,,,pause
2535505,95,2,,,pause
2535507,93,2,,,resume
2535586,92,2,,,pause
2535588,95,2,,,resume
2535588,95,2,,,pause
2535669,92,2,,,resume
2535671,95,2,,,resume
2535874,190,1,,,pause
2535957,190,1,,,resume
2535957,190,1,,,pause
2536040,190,1,,,resume
2536045,158,1,,,pause
2536045,94,2,,,pause
2536045,158,1,,,resume
2536045,94,2,,,resume
2536186,221,1,,,pause
2536211,158,1,,,pause
2536252,216,1,,,pause
2536269,221,1,,,resume
2536294,158,1,,,resume
2536331,217,1,,,pause
2536331,217,1,,,resume
2536335,216,1,,,resume
2536540,222,1,,,pause
2536624,222,1,,,resume
2536685,221,1,,,pause
2536685,221,1,,,resume
2536958,94,2,,,pause
2536958,94,2,,,resume
2536997,92,2,,,pause
2536997,92,2,,,resume
2537002,216,1,,,pause
2537168,216,1,,,resume
2537329,92,2,,,pause
2537412,92,2,,,resume
2537541,94,2,,,pause
2537541,94,2,,,resume
2537661,92,2,,,pause
2537661,92,2,,,resume
2538172,42,2,,,pause
2538255,42,2,,,resume
2538287,111,2,,,pause
2538453,111,2,,,resume
2538748,90,2,,,pause
2538748,90,2,,,resume
2538918,77,2,,,pause
2539002,77,2,,,resume
2539002,77,2,,,pause
2539086,77,2,,,resume
2539118,107,2,,,pause
2539118,107,2,,,resume
2539818,88,2,,,pause
2539901,88,2,,,resume
2539910,93,2,,,pause
2539910,93,2,,,resume
2539953,94,2,,,pause
2539953,94,2,,,resume
2540036,94,2,,,pause
2540119,94,2,,,resume
2540142,210,2,,,pause
2540142,210,2,,,resume
2540491,95,2,,,pause
2540491,95,2,,,resume
2540885,223,1,,,pause
2540885,223,1,,,resume
2540989,95,2,,,pause
2540992,90,2,,,pause
2541072,95,2,,,resume
2541072,95,2,,,pause
2541075,90,2,,,resume
2541155,95,2,,,resume
2541155,95,2,,,pause
2541168,252,2,,,pause
2541199,158,1,,,pause
2541199,94,2,,,pause
2541199,94,2,,,resume
2541238,95,2,,,resume
2541251,252,2,,,resume
2541282,158,1,,,resume
2541365,158,1,,,pause
2541448,158,1,,,resume
2541487,95,2,,,pause
2541570,95,2,,,resume
2541699,222,1,,,pause
2541749,252,2,,,pause
2541749,252,2,,,resume
2541782,222,1,,,resume
2541945,190,1,,,pause
2541945,190,1,,,resume
2542149,92,2,,,pause
2542149,92,2,,,resume
2542481,92,2,,,pause
2542488,93,2,,,pause
2542564,92,2,,,resume
2542654,93,2,,,resume
2542813,92,2,,,pause
2542896,92,2,,,resume
2542905,216,1,,,pause
2542988,216,1,,,resume
2543040,110,2,,,pause
2543123,110,2,,,resume
2543123,110,2,,,pause
2543206,110,2,,,resume
2543394,134,2,,,pause
2543394,134,2,,,resume
2543460,41,2,,,pause
2543460,41,2,,,resume
2543939,90,2,,,pause
2543939,90,2,,,resume
2543987,77,2,,,pause
2544153,77,2,,,resume
2544962,135,2,,,pause
2544962,135,2,,,resume
2544971,88,2,,,pause
2545054,88,2,,,resume
2545352,90,2,,,pause
2545352,90,2,,,resume
2545574,252,2,,,pause
2545574,252,2,,,resume
2545955,223,1,,,pause
2545955,223,1,,,resume
2546038,223,1,,,pause
2546038,223,1,,,resume
2546172,164,2,,,pause
2546255,164,2,,,resume
2546255,164,2,,,pause
2546289,219,1,,,pause
2546321,252,2,,,pause
2546338,164,2,,,resume
2546372,219,1,,,resume
2546404,252,2,,,resume
2546434,158,1,,,pause
2546600,158,1,,,resume
2546719,88,2,,,pause
2546719,88,2,,,resume
2546852,222,1,,,pause
2546935,222,1,,,resume
2546976,216,1,,,pause
2546985,252,2,,,pause
2546985,252,2,,,resume
2547059,216,1,,,resume
2547098,190,1,,,pause
2547098,190,1,,,resume
2547153,92,2,,,pause
2547153,92,2,,,resume
2548381,88,2,,,pause
2548464,88,2,,,resume
2548549,134,2,,,pause
2548549,134,2,,,resume
2548613,41,2,,,pause
2548613,41,2,,,resume
2548730,92,2,,,pause
2548730,92,2,,,resume
2548927,111,2,,,pause
2549010,111,2,,,resume
2549092,90,2,,,pause
2549092,90,2,,,resume
2549177,111,2,,,pause
2549260,111,2,,,resume
2549572,0,2,,,pause
2549572,0,2,,,resume
2549689,110,2,,,pause
2549694,40,2,,,pause
2549763,124,2,,,pause
2549763,124,2,,,resume
2549772,110,2,,,resume
2549777,40,2,,,resume
2549788,135,2,,,pause
2549871,135,2,,,resume
2550037,135,2,,,pause
2550113,108,2,,,pause
2550120,135,2,,,resume
2550130,95,2,,,pause
2550197,108,2,,,resume
2550209,223,2,,,pause
2550209,91,2,,,pause
2550253,93,2,,,pause
2550253,93,2,,,resume
2550292,223,2,,,resume
2550292,91,2,,,resume
2550292,91,2,,,pause
2550296,95,2,,,resume
2550336,93,2,,,pause
2550336,93,2,,,resume
2550458,91,2,,,resume
2550458,91,2,,,pause
2550458,91,2,,,resume
2550504,90,2,,,pause
2550577,219,2,,,pause
2550577,219,2,,,resume
2550587,90,2,,,resume
2550660,219,2,,,pause
2550660,219,2,,,resume
2550727,252,2,,,pause
2550727,252,2,,,resume
2550790,91,2,,,pause
2550873,91,2,,,resume
2550873,91,2,,,pause
2550918,93,2,,,pause
2550918,93,2,,,resume
2550956,91,2,,,resume
2551110,223,1,,,pause
2551129,152,2,,,pause
2551129,152,2,,,resume
2551161,219,2,,,pause
2551161,219,2,,,resume
2551185,163,2,,,pause
2551185,163,2,,,resume
2551276,223,1,,,resume
2551322,164,2,,,pause
2551366,251,2,,,pause
2551366,251,2,,,resume
2551444,219,1,,,pause
2551474,252,2,,,pause
2551488,164,2,,,resume
2551528,219,1,,,resume
2551546,216,1,,,pause
2551557,252,2,,,resume
2551630,216,1,,,resume
2551786,88,2,,,pause
2551952,88,2,,,resume
2551952,88,2,,,pause
2552036,88,2,,,resume
2552138,252,2,,,pause
2552213,216,1,,,pause
2552221,252,2,,,resume
2552296,216,1,,,resume
2552457,92,2,,,pause
2552540,92,2,,,resume
2552636,252,2,,,pause
2552719,252,2,,,resume
2552807,140,1,,,pause
2552807,140,1,,,resume
2553768,41,2,,,pause
2553768,41,2,,,resume
2553881,92,2,,,pause
2553881,92,2,,,resume
2554079,90,2,,,pause
2554162,90,2,,,resume
2554245,90,2,,,pause
2554412,90,2,,,resume
2554846,110,2,,,pause
2554860,135,2,,,pause
2554860,135,2,,,resume
2554870,134,2,,,pause
2554929,110,2,,,resume
2554930,41,2,,,pause
2554953,134,2,,,resume
2555013,41,2,,,resume
2555013,41,2,,,pause
2555013,41,2,,,resume
2555168,94,2,,,pause
2555252,94,2,,,resume
2555362,223,2,,,pause
2555410,93,2,,,pause
2555410,93,2,,,resume
2555445,223,2,,,resume
2555451,95,2,,,pause
2555518,210,2,,,pause
2555518,210,2,,,resume
2555534,95,2,,,resume
2555534,95,2,,,pause
2555534,95,2,,,resume
2555692,91,2,,,pause
2555777,91,2,,,resume
2555777,91,2,,,pause
2555857,135,2,,,pause
2555857,135,2,,,resume
2555860,91,2,,,resume
2555860,91,2,,,pause
2555860,91,2,,,resume
2555913,111,1,,,pause
2555943,91,2,,,pause
2555996,111,1,,,resume
2556002,94,2,,,pause
2556026,91,2,,,resume
2556085,94,2,,,resume
2556109,91,2,,,pause
2556133,221,1,,,pause
2556192,91,2,,,resume
2556216,221,1,,,resume
2556216,221,1,,,pause
2556275,91,2,,,pause
2556299,221,1,,,resume
2556336,94,2,,,pause
2556339,163,2,,,pause
2556339,163,2,,,resume
2556359,91,2,,,resume
2556431,223,1,,,pause
2556502,94,2,,,resume
2556514,223,1,,,resume
2556522,251,2,,,pause
2556522,251,2,,,resume
2556600,219,1,,,pause
2556654,190,1,,,pause
2556683,219,1,,,resume
2556737,190,1,,,resume
2556774,255,2,,,pause
2556774,255,2,,,resume
2556849,219,1,,,pause
2556849,219,1,,,resume
2557025,88,2,,,pause
2557108,88,2,,,resume
2557108,88,2,,,pause
2557192,88,2,,,resume
2557275,88,2,,,pause
2557358,88,2,,,resume
2557374,252,2,,,pause
2557405,93,2,,,pause
2557405,93,2,,,resume
2557457,252,2,,,resume
2557630,92,2,,,pause
2557713,92,2,,,resume
2557962,92,2,,,pause
2558045,92,2,,,resume
2558073,93,2,,,pause
2558073,93,2,,,resume
2558295,92,2,,,pause
2558295,92,2,,,resume
2558648,130,2,,,pause
2558648,130,2,,,resume
2559042,92,2,,,pause
2559042,92,2,,,resume
2559195,134,2,,,pause
2559279,134,2,,,resume
2559757,110,2,,,pause
2559757,110,2,,,resume
2559841,110,2,,,pause
2559924,110,2,,,resume
2560148,41,2,,,pause
2560148,41,2,,,resume
2560219,133,2,,,pause
2560219,133,2,,,resume
2560403,93,2,,,pause
2560403,93,2,,,resume
2560688,45,2,,,pause
2560771,45,2,,,resume
2560771,45,2,,,pause
2560771,45,2,,,resume
2560854,45,2,,,pause
2560901,93,2,,,pause
2560901,93,2,,,resume
2560937,45,2,,,resume
2560937,45,2,,,pause
2560937,45,2,,,resume
2560963,155,1,,,pause
2560984,93,2,,,pause
2561046,155,1,,,resume
2561067,93,2,,,resume
2561233,93,2,,,pause
2561233,93,2,,,resume
2561359,134,2,,,pause
2561442,134,2,,,resume
2561569,89,2,,,pause
2561569,89,2,,,resume
2561731,93,2,,,pause
2561731,93,2,,,resume
2561736,89,2,,,pause
2561736,89,2,,,resume
2561755,219,1,,,pause
2561814,93,2,,,pause
2561814,93,2,,,resume
2561838,219,1,,,resume
2562080,218,1,,,pause
2562163,218,1,,,resume
2562234,89,2,,,pause
2562234,89,2,,,resume
2562314,93,2,,,pause
2562314,93,2,,,resume
2562317,89,2,,,pause
2562360,249,2,,,pause
2562360,249,2,,,resume
2562484,89,2,,,resume
2562484,89,2,,,pause
2562484,89,2,,,resume
2562514,88,2,,,pause
2562597,88,2,,,resume
2562850,92,2,,,pause
2562850,92,2,,,resume
2562869,221,1,,,pause
2562869,221,1,,,resume
2562912,135,2,,,pause
2562912,135,2,,,resume
2562930,88,2,,,pause
2563013,88,2,,,resume
2563183,92,2,,,pause
2563183,92,2,,,resume
2563808,130,2,,,pause
2563808,130,2,,,resume
2564096,92,2,,,pause
2564096,92,2,,,resume
2564189,104,2,,,pause
2564355,104,2,,,resume
2564392,90,2,,,pause
2564392,90,2,,,resume
2564463,133,2,,,pause
2564546,133,2,,,resume
2565178,92,2,,,pause
2565178,92,2,,,resume
2565210,133,2,,,pause
2565218,41,2,,,pause
2565218,41,2,,,resume
2565261,92,2,,,pause
2565261,92,2,,,resume
2565293,133,2,,,resume
2565302,41,2,,,pause
2565302,41,2,,,resume
2565376,133,2,,,pause
2565376,133,2,,,resume
2565427,92,2,,,pause
2565510,92,2,,,resume
2565516,95,2,,,pause
2565573,108,2,,,pause
2565599,95,2,,,resume
2565599,95,2,,,pause
2565676,92,2,,,pause
2565676,92,2,,,resume
2565724,25,2,,,pause
2565724,25,2,,,resume
2565739,108,2,,,resume
2565759,92,2,,,pause
2565759,92,2,,,resume
2565765,95,2,,,resume
2565925,92,2,,,pause
2565925,92,2,,,resume
2565988,135,2,,,pause
2565999,91,2,,,pause
2566034,219,2,,,pause
2566034,219,2,,,resume
2566071,135,2,,,resume
2566082,91,2,,,resume
2566082,91,2,,,pause
2566157,93,2,,,pause
2566165,91,2,,,resume
2566174,92,2,,,pause
2566174,92,2,,,resume
2566201,219,2,,,pause
2566201,219,2,,,resume
2566248,91,2,,,pause
2566285,219,2,,,pause
2566323,93,2,,,resume
2566331,91,2,,,resume
2566368,219,2,,,resume
2566495,219,1,,,pause
2566500,255,2,,,pause
2566514,134,2,,,pause
2566534,219,2,,,pause
2566534,219,2,,,resume
2566578,219,1,,,resume
2566583,255,2,,,resume
2566597,134,2,,,resume
2566617,219,2,,,pause
2566617,219,2,,,resume
2566647,163,2,,,pause
2566647,163,2,,,resume
2566667,235,2,,,pause
2566750,235,2,,,resume
2566816,218,1,,,pause
2566901,218,1,,,resume
2566963,158,1,,,pause
2566963,158,1,,,resume
2566994,219,1,,,pause
2567077,219,1,,,resume
2567082,255,2,,,pause
2567082,255,2,,,resume
2567147,163,2,,,pause
2567147,163,2,,,resume
2567233,218,1,,,pause
2567316,218,1,,,resume
2567316,218,1,,,pause
2567399,218,1,,,resume
2567399,218,1,,,pause
2567399,218,1,,,resume
2567468,89,2,,,pause
2567552,89,2,,,resume
2567667,88,2,,,pause
2567751,88,2,,,resume
2567802,131,1,,,pause
2567885,131,1,,,resume
2567919,92,2,,,pause
2568002,92,2,,,resume
2568253,92,2,,,pause
2568336,92,2,,,resume
2568511,134,2,,,pause
2568595,134,2,,,resume
2568595,134,2,,,pause
2568678,134,2,,,resume
2568678,134,2,,,pause
2568678,134,2,,,resume
2568878,130,2,,,pause
2569044,130,2,,,resume
2569333,92,2,,,pause
2569416,92,2,,,resume
2569453,41,2,,,pause
2569453,41,2,,,resume
2569590,104,2,,,pause
2569676,134,2,,,pause
2569676,134,2,,,resume
2569756,104,2,,,resume
2569962,89,2,,,pause
2570046,89,2,,,resume
2570292,130,2,,,pause
2570375,130,2,,,resume
2570505,104,2,,,pause
2570588,104,2,,,resume
2570842,134,2,,,pause
2570874,25,2,,,pause
2570874,25,2,,,resume
2570925,134,2,,,resume
2570925,134,2,,,pause
2570925,134,2,,,resume
2571008,134,2,,,pause
2571037,90,2,,,pause
2571091,134,2,,,resume
2571120,90,2,,,resume
2571151,219,1,,,pause
2571151,91,2,,,pause
2571151,219,1,,,resume
2571203,90,2,,,pause
2571233,93,2,,,pause
2571234,91,2,,,resume
2571234,91,2,,,pause
2571286,90,2,,,resume
2571317,91,2,,,resume
2571361,160,2,,,pause
2571444,160,2,,,resume
2571444,160,2,,,pause
2571444,160,2,,,resume
2571466,94,2,,,pause
2571482,93,2,,,resume
2571549,94,2,,,resume
2571589,134,2,,,pause
2571660,92,2,,,pause
2571743,92,2,,,resume
2571755,134,2,,,resume
2571755,134,2,,,pause
2571798,94,2,,,pause
2571798,94,2,,,resume
2571802,163,2,,,pause
2571802,163,2,,,resume
2571816,219,1,,,pause
2571838,134,2,,,resume
2571900,219,1,,,resume
2572061,223,1,,,pause
2572061,223,1,,,resume
2572116,158,1,,,pause
2572116,158,1,,,resume
2572125,191,1,,,pause
2572199,158,1,,,pause
2572208,191,1,,,resume
2572282,158,1,,,resume
2572282,158,1,,,pause
2572300,163,2,,,pause
2572300,163,2,,,resume
2572365,158,1,,,resume
2572365,158,1,,,pause
2572448,158,1,,,resume
2572448,158,1,,,pause
2572448,158,1,,,resume
2572821,88,2,,,pause
2572904,88,2,,,resume
2572946,158,1,,,pause
2572946,158,1,,,resume
2573953,107,2,,,pause
2574036,107,2,,,resume
2575213,135,2,,,pause
2575213,135,2,,,resume
2575474,92,2,,,pause
2575522,41,2,,,pause
2575522,41,2,,,resume
2575557,92,2,,,resume
2575605,41,2,,,pause
2575605,41,2,,,resume
2575732,93,2,,,pause
2575732,93,2,,,resume
2575815,93,2,,,pause
2575829,95,2,,,pause
2575900,93,2,,,resume
2575903,216,1,,,pause
2575903,216,1,,,resume
2575912,95,2,,,resume
2575912,95,2,,,pause
2576067,93,2,,,pause
2576078,95,2,,,resume
2576150,93,2,,,resume
2576275,90,2,,,pause
2576316,93,2,,,pause
2576316,93,2,,,resume
2576358,90,2,,,resume
2576389,219,1,,,pause
2576454,94,2,,,pause
2576466,223,1,,,pause
2576473,219,1,,,resume
2576482,93,2,,,pause
2576545,135,2,,,pause
2576545,135,2,,,resume
2576620,94,2,,,resume
2576632,223,1,,,resume
2576712,128,1,,,pause
2576712,135,2,,,pause
2576712,128,1,,,resume
2576712,135,2,,,resume
2576731,93,2,,,resume
2576795,128,1,,,pause
2576795,128,1,,,resume
2576952,94,2,,,pause
2577035,94,2,,,resume
2577056,219,1,,,pause
2577056,219,1,,,resume
2577059,167,1,,,pause
2577059,167,1,,,resume
2577132,223,1,,,pause
2577194,89,2,,,pause
2577201,94,2,,,pause
2577216,223,1,,,resume
2577277,89,2,,,resume
2577284,94,2,,,resume
2577293,191,1,,,pause
2577299,223,1,,,pause
2577299,223,1,,,resume
2577314,232,2,,,pause
2577314,232,2,,,resume
2577376,191,1,,,resume
2577382,223,1,,,pause
2577382,223,1,,,resume
2577421,190,1,,,pause
2577504,190,1,,,resume
2577504,190,1,,,pause
2577504,190,1,,,resume
2577641,88,2,,,pause
2577699,94,2,,,pause
2577724,88,2,,,resume
2577782,94,2,,,resume
2577890,88,2,,,pause
2577973,88,2,,,resume
2578170,190,1,,,pause
2578232,216,1,,,pause
2578253,190,1,,,resume
2578315,216,1,,,resume
2578455,135,2,,,pause
2578455,135,2,,,resume
2578481,216,1,,,pause
2578543,106,2,,,pause
2578543,106,2,,,resume
2578564,216,1,,,resume
2578564,216,1,,,pause
2578647,216,1,,,resume
2578814,216,1,,,pause
2578898,216,1,,,resume
2578898,216,1,,,pause
2578981,216,1,,,resume
2579108,107,2,,,pause
2579191,107,2,,,resume
2579402,104,2,,,pause
2579402,104,2,,,resume
2579535,128,1,,,pause
2579618,128,1,,,resume
2579629,92,2,,,pause
2579701,128,1,,,pause
2579701,128,1,,,resume
2579712,92,2,,,resume
2580269,89,2,,,pause
2580269,89,2,,,resume
2580368,135,2,,,pause
2580368,135,2,,,resume
2580573,134,2,,,pause
2580573,134,2,,,resume
2581109,94,2,,,pause
2581109,94,2,,,resume
2581217,93,2,,,pause
2581372,91,2,,,pause
2581384,111,1,,,pause
2581455,91,2,,,resume
2581455,91,2,,,pause
2581466,93,2,,,resume
2581467,111,1,,,resume
2581538,91,2,,,resume
2581538,91,2,,,pause
2581588,155,1,,,pause
2581588,155,1,,,resume
2581627,219,1,,,pause
2581696,135,2,,,pause
2581704,91,2,,,resume
2581704,91,2,,,pause
2581710,219,1,,,resume
2581710,219,1,,,pause
2581716,111,1,,,pause
2581716,111,1,,,resume
2581779,135,2,,,resume
2581793,219,1,,,resume
2581862,135,2,,,pause
2581862,135,2,,,resume
2581870,91,2,,,resume
2581870,91,2,,,pause
2581912,190,1,,,pause
2581953,91,2,,,resume
2581995,190,1,,,resume
2582036,91,2,,,pause
2582052,93,2,,,pause
2582119,91,2,,,resume
2582135,93,2,,,resume
2582213,167,1,,,pause
2582278,163,2,,,pause
2582293,219,1,,,pause
2582297,167,1,,,resume
2582312,154,1,,,pause
2582312,154,1,,,resume
2582362,163,2,,,resume
2582377,219,1,,,resume
2582377,219,1,,,pause
2582377,219,1,,,resume
2582410,190,1,,,pause
2582423,158,1,,,pause
2582423,158,1,,,resume
2582459,255,2,,,pause
2582493,190,1,,,resume
2582493,190,1,,,pause
2582493,190,1,,,resume
2582542,255,2,,,resume
2582576,190,1,,,pause
2582612,128,1,,,pause
2582626,219,1,,,pause
2582626,219,1,,,resume
2582659,190,1,,,resume
2582659,190,1,,,pause
2582659,190,1,,,resume
2582695,128,1,,,resume
2582698,218,1,,,pause
2582742,190,1,,,pause
2582781,218,1,,,resume
2582816,221,1,,,pause
2582825,190,1,,,resume
2582879,88,2,,,pause
2582899,221,1,,,resume
2582962,88,2,,,resume
2583045,88,2,,,pause
2583128,88,2,,,resume
2583325,190,1,,,pause
2583408,190,1,,,resume
2583478,154,1,,,pause
2583478,154,1,,,resume
2585382,216,1,,,pause
2585451,78,2,,,pause
2585465,216,1,,,resume
2585534,78,2,,,resume
2585548,216,1,,,pause
2585548,216,1,,,resume
2585557,104,1,,,pause
2585557,104,1,,,resume
2585631,216,1,,,pause
2585714,216,1,,,resume
2585891,154,1,,,pause
2585974,154,1,,,resume
2586182,94,2,,,pause
2586265,94,2,,,resume
2586295,216,1,,,pause
2586371,93,2,,,pause
2586455,93,2,,,resume
2586461,216,1,,,resume
2586537,111,1,,,pause
2586620,111,1,,,resume
2586703,186,1,,,pause
2586703,186,1,,,resume
2586737,155,1,,,pause
2586791,251,2,,,pause
2586791,251,2,,,resume
2586793,216,1,,,pause
2586820,155,1,,,resume
2586847,191,1,,,pause
2586876,216,1,,,resume
2586930,191,1,,,resume
2587077,158,1,,,pause
2587077,158,1,,,resume
2587088,187,1,,,pause
2587172,187,1,,,resume
2587264,163,2,,,pause
2587293,184,1,,,pause
2587293,184,1,,,resume
2587348,163,2,,,resume
2587365,167,1,,,pause
2587365,167,1,,,resume
2587492,158,1,,,pause
2587634,221,1,,,pause
2587658,158,1,,,resume
2587658,158,1,,,pause
2587717,221,1,,,resume
2587717,221,1,,,pause
2587741,158,1,,,resume
2587761,128,1,,,pause
2587801,221,1,,,resume
2587844,128,1,,,resume
2588197,186,1,,,pause
2588197,186,1,,,resume
2588267,218,1,,,pause
2588322,25,2,,,pause
2588322,25,2,,,resume
2588351,218,1,,,resume
2588351,218,1,,,pause
2588434,218,1,,,resume
2588838,135,2,,,pause
2588838,135,2,,,resume
2589684,92,2,,,pause
2589684,92,2,,,resume
2590590,163,2,,,pause
2590590,163,2,,,resume
2590668,135,2,,,pause
2590668,135,2,,,resume
2590814,25,2,,,pause
2590814,25,2,,,resume
2590844,91,2,,,pause
2590927,91,2,,,resume
2591166,94,2,,,pause
2591176,91,2,,,pause
2591180,92,2,,,pause
2591262,106,2,,,pause
2591264,92,2,,,resume
2591345,106,2,,,resume
2591416,94,2,,,resume
2591426,91,2,,,resume
2591426,91,2,,,pause
2591479,25,2,,,pause
2591479,25,2,,,resume
2591509,91,2,,,resume
2591545,88,2,,,pause
2591545,88,2,,,resume
2591596,92,2,,,pause
2591680,92,2,,,resume
2591753,90,2,,,pause
2591770,111,1,,,pause
2591836,90,2,,,resume
2591836,90,2,,,pause
2591836,90,2,,,resume
2591853,111,1,,,resume
2591914,94,2,,,pause
2591946,251,2,,,pause
2591946,251,2,,,resume
2591997,94,2,,,resume
2591997,94,2,,,pause
2592029,251,2,,,pause
2592029,251,2,,,resume
2592163,94,2,,,resume
2592163,94,2,,,pause
2592163,94,2,,,resume
2592261,223,1,,,pause
2592261,223,1,,,resume
2592329,94,2,,,pause
2592335,90,2,,,pause
2592412,94,2,,,resume
2592412,94,2,,,pause
2592412,94,2,,,resume
2592418,90,2,,,resume
2592521,167,1,,,pause
2592521,167,1,,,resume
2592525,190,1,,,pause
2592525,190,1,,,resume
2592767,186,1,,,pause
2592767,186,1,,,resume
2592770,219,1,,,pause
2592811,158,1,,,pause
2592853,219,1,,,resume
2592894,158,1,,,resume
2593206,88,2,,,pause
2593290,88,2,,,resume
2593348,186,1,,,pause
2593348,186,1,,,resume
2593471,25,2,,,pause
2593471,25,2,,,resume
2593554,25,2,,,pause
2593554,25,2,,,resume
2594382,73,2,,,pause
2594382,73,2,,,resume
2594421,92,2,,,pause
2594504,92,2,,,resume
2594631,73,2,,,pause
2594631,73,2,,,resume
2595085,92,2,,,pause
2595168,92,2,,,resume
2595269,77,2,,,pause
2595269,77,2,,,resume
2595413,90,2,,,pause
2595497,90,2,,,resume
2595518,77,2,,,pause
2595518,77,2,,,resume
2595614,0,2,,,pause
2595614,0,2,,,resume
2596138,41,2,,,pause
2596138,41,2,,,resume
2596212,124,2,,,pause
2596221,41,2,,,pause
2596221,41,2,,,resume
2596295,124,2,,,resume
2596304,41,2,,,pause
2596304,41,2,,,resume
2596416,106,2,,,pause
2596496,45,2,,,pause
2596499,106,2,,,resume
2596579,45,2,,,resume
2596619,88,2,,,pause
2596702,88,2,,,resume
2596745,91,2,,,pause
2596827,90,2,,,pause
2596828,91,2,,,resume
2596856,93,2,,,pause
2596910,90,2,,,resume
2596923,111,1,,,pause
2597006,111,1,,,resume
2597022,93,2,,,resume
2597042,124,2,,,pause
2597102,251,2,,,pause
2597102,251,2,,,resume
2597125,124,2,,,resume
2597161,45,2,,,pause
2597161,45,2,,,resume
2597250,223,1,,,pause
2597250,223,1,,,resume
2597333,223,1,,,pause
2597333,223,1,,,resume
2597358,221,1,,,pause
2597376,176,2,,,pause
2597376,176,2,,,resume
2597441,221,1,,,resume
2597459,176,2,,,pause
2597520,93,2,,,pause
2597520,93,2,,,resume
2597625,176,2,,,resume
2597625,176,2,,,pause
2597625,176,2,,,resume
2597676,167,1,,,pause
2597676,167,1,,,resume
2597678,190,1,,,pause
2597678,190,1,,,resume
2597913,232,2,,,pause
2597913,232,2,,,resume
2597918,186,1,,,pause
2597918,186,1,,,resume
2597926,219,1,,,pause
2597964,158,1,,,pause
2598009,219,1,,,resume
2598047,158,1,,,resume
2598047,158,1,,,pause
2598130,158,1,,,resume
2598363,88,2,,,pause
2598363,88,2,,,resume
2598533,136,1,,,pause
2598533,136,1,,,resume
2598759,190,1,,,pause
2598759,190,1,,,resume
2598841,167,1,,,pause
2598924,167,1,,,resume
2599512,216,1,,,pause
2599595,216,1,,,resume
2599909,111,2,,,pause
2599992,111,2,,,resume
2599992,111,2,,,pause
2600075,111,2,,,resume
2600136,128,2,,,pause
2600136,128,2,,,resume
2600179,77,2,,,pause
2600262,77,2,,,resume
2600573,90,2,,,pause
2600656,90,2,,,resume
2600744,92,2,,,pause
2600744,92,2,,,resume
2600789,73,2,,,pause
2600789,73,2,,,resume
2600939,104,1,,,pause
2600939,104,1,,,resume
2601326,92,2,,,pause
2601492,92,2,,,resume
2601579,106,2,,,pause
2601579,106,2,,,resume
2601733,91,2,,,pause
2601816,91,2,,,resume
2601816,91,2,,,pause
2601897,94,2,,,pause
2601899,91,2,,,resume
2601913,111,1,,,pause
2601931,95,2,,,pause
2601981,94,2,,,resume
2601996,111,1,,,resume
2601996,111,1,,,pause
2602014,93,2,,,pause
2602014,95,2,,,resume
2602079,111,1,,,resume
2602097,95,2,,,pause
2602154,90,2,,,pause
2602180,93,2,,,resume
2602180,93,2,,,pause
2602180,93,2,,,resume
2602207,155,1,,,pause
2602231,91,2,,,pause
2602238,90,2,,,resume
2602245,111,1,,,pause
2602263,95,2,,,resume
2602290,155,1,,,resume
2602328,111,1,,,resume
2602328,111,1,,,pause
2602328,111,1,,,resume
2602346,95,2,,,pause
2602397,91,2,,,resume
2602406,223,1,,,pause
2602406,223,1,,,resume
2602420,216,1,,,pause
2602429,95,2,,,resume
2602489,223,1,,,pause
2602489,223,1,,,resume
2602498,219,1,,,pause
2602498,219,1,,,resume
2602503,216,1,,,resume
2602503,216,1,,,pause
2602572,223,1,,,pause
2602586,216,1,,,resume
2602655,223,1,,,resume
2602678,93,2,,,pause
2602678,93,2,,,resume
2602743,111,1,,,pause
2602743,111,1,,,resume
2602763,190,1,,,pause
2602846,190,1,,,resume
2603001,216,1,,,pause
2603001,216,1,,,resume
2603061,94,2,,,pause
2603071,186,1,,,pause
2603071,186,1,,,resume
2603085,216,1,,,pause
2603140,128,1,,,pause
2603144,94,2,,,resume
2603157,255,2,,,pause
2603168,216,1,,,resume
2603179,221,1,,,pause
2603201,158,1,,,pause
2603223,128,1,,,resume
2603240,255,2,,,resume
2603262,221,1,,,resume
2603284,158,1,,,resume
2603284,158,1,,,pause
2603284,158,1,,,resume
2603331,219,1,,,pause
2603331,219,1,,,resume
2603353,88,2,,,pause
2603353,88,2,,,resume
2603373,217,1,,,pause
2603373,217,1,,,resume
2603436,88,2,,,pause
2603436,88,2,,,resume
2603581,219,1,,,pause
2603581,219,1,,,resume
2603695,136,1,,,pause
2603695,136,1,,,resume
2603754,216,1,,,pause
2603838,216,1,,,resume
2603838,216,1,,,pause
2603838,216,1,,,resume
2603954,217,1,,,pause
2603954,217,1,,,resume
2603996,167,1,,,pause
2604079,167,1,,,resume
2604197,136,1,,,pause
2604280,136,1,,,resume
2605179,104,2,,,pause
2605228,111,2,,,pause
2605262,104,2,,,resume
2605293,128,2,,,pause
2605311,111,2,,,resume
2605561,111,2,,,pause
2605596,90,2,,,pause
2605625,128,2,,,resume
2605644,111,2,,,resume
2605679,90,2,,,resume
2605708,128,2,,,pause
2605708,128,2,,,resume
2605817,111,1,,,pause
2605900,111,1,,,resume
2605927,0,2,,,pause
2605927,0,2,,,resume
2606164,216,1,,,pause
2606247,216,1,,,resume
2606247,216,1,,,pause
2606247,216,1,,,resume
2606291,21,1,,,pause
2606291,21,1,,,resume
2606481,111,1,,,pause
2606562,92,2,,,pause
2606564,111,1,,,resume
2606728,92,2,,,resume
2606730,111,1,,,pause
2606731,111,1,,,resume
2606735,106,2,,,pause
2606818,106,2,,,resume
2606940,25,2,,,pause
2606940,25,2,,,resume
2606998,109,2,,,pause
2606998,109,2,,,resume
2607060,223,1,,,pause
2607063,111,1,,,pause
2607081,109,2,,,pause
2607136,94,2,,,pause
2607143,223,1,,,resume
2607164,109,2,,,resume
2607297,93,2,,,pause
2607297,93,2,,,resume
2607380,93,2,,,pause
2607380,93,2,,,resume
2607385,94,2,,,resume
2607395,111,1,,,resume
2607395,111,1,,,pause
2607561,111,1,,,resume
2607572,219,1,,,pause
2607641,223,1,,,pause
2607655,219,1,,,resume
2607689,158,1,,,pause
2607689,158,1,,,resume
2607724,223,1,,,resume
2607724,223,1,,,pause
2607724,223,1,,,resume
2607727,111,1,,,pause
2607807,223,1,,,pause
2607811,111,1,,,resume
2607878,93,2,,,pause
2607878,93,2,,,resume
2607883,94,2,,,pause
2607890,223,1,,,resume
2607890,223,1,,,pause
2607966,94,2,,,resume
2607973,223,1,,,resume
2607973,223,1,,,pause
2607973,223,1,,,resume
2608070,219,1,,,pause
2608154,219,1,,,resume
2608154,219,1,,,pause
2608221,186,1,,,pause
2608221,186,1,,,resume
2608237,219,1,,,resume
2608237,219,1,,,pause
2608237,219,1,,,resume
2608353,158,1,,,pause
2608353,158,1,,,resume
2608436,158,1,,,pause
2608474,223,1,,,pause
2608474,223,1,,,resume
2608519,158,1,,,resume
2608519,158,1,,,pause
2608519,158,1,,,resume
2608522,217,1,,,pause
2608522,217,1,,,resume
2608740,216,1,,,pause
2608746,206,2,,,pause
2608746,206,2,,,resume
2608823,216,1,,,resume
2608823,216,1,,,pause
2608907,216,1,,,resume
2608907,216,1,,,pause
2608991,216,1,,,resume
2609103,217,1,,,pause
2609103,217,1,,,resume
2609572,216,1,,,pause
2609655,216,1,,,resume
2610571,77,2,,,pause
2610572,77,2,,,resume
2610581,104,2,,,pause
2610664,104,2,,,resume
2611100,73,2,,,pause
2611100,73,2,,,resume
2611198,133,2,,,pause
2611198,133,2,,,resume
2611424,25,2,,,pause
2611424,25,2,,,resume
2611684,41,2,,,pause
2611684,41,2,,,resume
2611767,41,2,,,pause
2611767,41,2,,,resume
2611791,94,2,,,pause
2611791,94,2,,,resume
2612008,25,2,,,pause
2612008,25,2,,,resume
2612091,25,2,,,pause
2612091,25,2,,,resume
2612147,216,1,,,pause
2612203,93,2,,,pause
2612230,216,1,,,resume
2612369,93,2,,,resume
2612538,45,2,,,pause
2612621,45,2,,,resume
2612621,45,2,,,pause
2612645,216,1,,,pause
2612704,45,2,,,resume
2612728,216,1,,,resume
2612728,216,1,,,pause
2612728,216,1,,,resume
2612747,223,2,,,pause
2612747,223,2,,,resume
2612772,190,1,,,pause
2612772,190,1,,,resume
2612805,222,1,,,pause
2612889,222,1,,,resume
2613059,219,1,,,pause
2613091,158,1,,,pause
2613091,158,1,,,resume
2613142,219,1,,,resume
2613370,130,2,,,pause
2613370,130,2,,,resume
2613671,217,1,,,pause
2613671,217,1,,,resume
2613816,206,2,,,pause
2613816,206,2,,,resume
2614004,136,1,,,pause
2614060,216,1,,,pause
2614060,216,1,,,resume
2614087,136,1,,,resume
2614167,25,2,,,pause
2614167,25,2,,,resume
2614252,217,1,,,pause
2614252,217,1,,,resume
2614361,93,2,,,pause
2614444,93,2,,,resume
2614797,106,2,,,pause
2614989,88,2,,,pause
2614989,88,2,,,resume
2615129,106,2,,,resume
2615135,110,2,,,pause
2615135,110,2,,,resume
2615724,77,2,,,pause
2615724,77,2,,,resume
2615734,104,2,,,pause
2615817,104,2,,,resume
2615817,104,2,,,pause
2615821,90,2,,,pause
2615900,104,2,,,resume
2615983,104,2,,,pause
2616066,104,2,,,resume
2616072,90,2,,,resume
2616121,111,2,,,pause
2616121,111,2,,,resume
2616295,17,1,,,pause
2616295,17,1,,,resume
2616308,0,2,,,pause
2616308,0,2,,,resume
2616471,216,1,,,pause
2616554,216,1,,,resume
2616867,92,2,,,pause
2616950,92,2,,,resume
2616950,92,2,,,pause
2617033,92,2,,,resume
2617033,92,2,,,pause
2617116,92,2,,,resume
2617199,92,2,,,pause
2617282,92,2,,,resume
2617439,93,2,,,pause
2617606,93,2,,,resume
2617673,155,1,,,pause
2617756,155,1,,,resume
2617770,91,2,,,pause
2617772,93,2,,,pause
2617786,223,1,,,pause
2617786,223,1,,,resume
2617840,190,1,,,pause
2617853,91,2,,,resume
2617855,93,2,,,resume
2617880,222,1,,,pause
2617901,223,2,,,pause
2617901,223,2,,,resume
2617926,190,1,,,resume
2617963,222,1,,,resume
2617963,222,1,,,pause
2618046,222,1,,,resume
2618092,190,1,,,pause
2618092,190,1,,,resume
2618161,158,1,,,pause
2618244,158,1,,,resume
2618512,232,2,,,pause
2618512,232,2,,,resume
2618522,186,1,,,pause
2618522,186,1,,,resume
2618627,222,1,,,pause
2618711,222,1,,,resume
2618822,217,1,,,pause
2618822,217,1,,,resume
2618963,216,1,,,pause
2619046,216,1,,,resume
2619067,181,2,,,pause
2619067,181,2,,,resume
2619129,216,1,,,pause
2619159,136,1,,,pause
2619212,216,1,,,resume
2619242,136,1,,,resume
2619403,217,1,,,pause
2619403,217,1,,,resume
2619712,216,1,,,pause
2619795,216,1,,,resume
2619901,217,1,,,pause
2619901,217,1,,,resume
2620143,88,2,,,pause
2620143,88,2,,,resume
2620260,107,2,,,pause
2620343,107,2,,,resume
2620400,217,1,,,pause
2620400,217,1,,,resume
2620916,77,2,,,pause
2620916,77,2,,,resume
2621222,104,2,,,pause
2621226,90,2,,,pause
2621277,111,2,,,pause
2621277,111,2,,,resume
2621305,104,2,,,resume
2621309,90,2,,,resume
2621403,73,2,,,pause
2621403,73,2,,,resume
2621946,106,2,,,pause
2622008,93,2,,,pause
2622008,93,2,,,resume
2622195,106,2,,,resume
2622342,91,2,,,pause
2622425,91,2,,,resume
2622486,41,2,,,pause
2622486,41,2,,,resume
2622626,95,2,,,pause
2622638,90,2,,,pause
2622672,93,2,,,pause
2622672,93,2,,,resume
2622709,95,2,,,resume
2622709,95,2,,,pause
2622721,90,2,,,resume
2622756,93,2,,,pause
2622756,93,2,,,resume
2622792,95,2,,,resume
2622792,95,2,,,pause
2622840,91,2,,,pause
2622855,223,1,,,pause
2622876,95,2,,,resume
2622876,95,2,,,pause
2622938,223,1,,,resume
2622938,223,1,,,pause
2622938,223,1,,,resume
2622953,216,1,,,pause
2622959,95,2,,,resume
2623006,91,2,,,resume
2623036,216,1,,,resume
2623042,95,2,,,pause
2623054,223,2,,,pause
2623054,223,2,,,resume
2623117,222,1,,,pause
2623125,95,2,,,resume
2623125,95,2,,,pause
2623168,210,2,,,pause
2623168,210,2,,,resume
2623173,160,1,,,pause
2623202,222,1,,,resume
2623208,95,2,,,resume
2623256,160,1,,,resume
2623291,95,2,,,pause
2623374,95,2,,,resume
2623398,158,1,,,pause
2623398,158,1,,,resume
2623673,186,1,,,pause
2623673,186,1,,,resume
2623951,222,1,,,pause
2623951,222,1,,,resume
2624012,163,2,,,pause
2624012,163,2,,,resume
2624202,216,1,,,pause
2624220,181,2,,,pause
2624220,181,2,,,resume
2624285,216,1,,,resume
2624285,216,1,,,pause
2624316,136,1,,,pause
2624316,136,1,,,resume
2624368,216,1,,,resume
2624368,216,1,,,pause
2624535,216,1,,,resume
2625168,93,2,,,pause
2625251,93,2,,,resume
2625414,107,2,,,pause
2625497,107,2,,,resume
2625973,160,2,,,pause
2625973,160,2,,,resume
2626070,77,2,,,pause
2626070,77,2,,,resume
2626248,133,2,,,pause
2626248,133,2,,,resume
2626331,133,2,,,pause
2626414,133,2,,,resume
2626496,93,2,,,pause
2626496,93,2,,,resume
2626547,71,1,,,pause
2626547,71,1,,,resume
2626606,107,1,,,pause
2626606,107,1,,,resume
2626663,133,2,,,pause
2626663,133,2,,,resume
2626739,46,2,,,pause
2626739,46,2,,,resume
2626881,217,1,,,pause
2626881,217,1,,,resume
2626938,107,1,,,pause
2627021,107,1,,,resume
2627187,107,1,,,pause
2627187,107,1,,,resume
2627641,41,2,,,pause
2627641,41,2,,,resume
2627671,94,2,,,pause
2627754,94,2,,,resume
2627754,94,2,,,pause
2627826,93,2,,,pause
2627826,93,2,,,resume
2627837,94,2,,,resume
2627878,90,2,,,pause
2627887,111,1,,,pause
2627961,90,2,,,resume
2627970,111,1,,,resume
2627978,155,1,,,pause
2628011,223,1,,,pause
2628094,223,1,,,resume
2628094,223,1,,,pause
2628094,223,1,,,resume
2628227,155,1,,,resume
2628242,160,1,,,pause
2628260,223,1,,,pause
2628260,223,1,,,resume
2628275,222,1,,,pause
2628321,210,2,,,pause
2628335,94,2,,,pause
2628358,222,1,,,resume
2628404,210,2,,,resume
2628408,160,1,,,resume
2628418,94,2,,,resume
2628550,158,1,,,pause
2628550,158,1,,,resume
2628584,94,2,,,pause
2628592,218,1,,,pause
2628667,94,2,,,resume
2628675,223,1,,,pause
2628675,218,1,,,resume
2628675,223,1,,,resume
2628675,218,1,,,pause
2628758,223,1,,,pause
2628799,160,2,,,pause
2628799,160,2,,,resume
2628838,130,2,,,pause
2628838,130,2,,,resume
2628841,218,1,,,resume
2628841,223,1,,,resume
2628841,223,1,,,pause
2628841,223,1,,,resume
2628894,232,2,,,pause
2628894,232,2,,,resume
2628989,206,2,,,pause
2629022,222,1,,,pause
2629072,206,2,,,resume
2629072,206,2,,,pause
2629105,222,1,,,resume
2629105,222,1,,,pause
2629155,206,2,,,resume
2629173,218,1,,,pause
2629188,222,1,,,resume
2629225,134,2,,,pause
2629225,134,2,,,resume
2629238,206,2,,,pause
2629257,218,1,,,resume
2629257,218,1,,,pause
2629321,206,2,,,resume
2629321,206,2,,,pause
2629321,206,2,,,resume
2629327,93,2,,,pause
2629327,93,2,,,resume
2629340,218,1,,,resume
2629340,218,1,,,pause
2629340,218,1,,,resume
2629576,93,2,,,pause
2629659,93,2,,,resume
2629659,93,2,,,pause
2629659,93,2,,,resume
2630240,93,2,,,pause
2630406,93,2,,,resume
2630630,77,2,,,pause
2630713,77,2,,,resume
2630713,77,2,,,pause
2630713,77,2,,,resume
2631127,160,2,,,pause
2631128,77,2,,,pause
2631210,160,2,,,resume
2631294,77,2,,,resume
2631404,133,2,,,pause
2631466,41,2,,,pause
2631466,41,2,,,resume
2631482,91,2,,,pause
2631482,91,2,,,resume
2631522,208,2,,,pause
2631522,208,2,,,resume
2631538,90,2,,,pause
2631555,108,2,,,pause
2631555,108,2,,,resume
2631570,133,2,,,resume
2631570,133,2,,,pause
2631621,90,2,,,resume
2631626,77,2,,,pause
2631626,77,2,,,resume
2631651,93,2,,,pause
2631651,93,2,,,resume
2631653,133,2,,,resume
2631701,71,1,,,pause
2631701,71,1,,,resume
2631759,17,1,,,pause
2631759,17,1,,,resume
2631792,77,2,,,pause
2631792,77,2,,,resume
2631801,21,1,,,pause
2631801,21,1,,,resume
2631875,77,2,,,pause
2631875,77,2,,,resume
2631911,120,2,,,pause
2631911,120,2,,,resume
2631967,21,1,,,pause
2631969,164,2,,,pause
2632028,104,2,,,pause
2632050,21,1,,,resume
2632050,21,1,,,pause
2632050,21,1,,,resume
2632052,164,2,,,resume
2632090,107,1,,,pause
2632111,104,2,,,resume
2632194,88,2,,,pause
2632194,88,2,,,resume
2632340,107,1,,,resume
2632360,88,2,,,pause
2632423,106,2,,,pause
2632443,88,2,,,resume
2632506,106,2,,,resume
2632526,104,2,,,pause
2632598,95,2,,,pause
2632599,92,2,,,pause
2632609,104,2,,,resume
2632681,95,2,,,resume
2632682,92,2,,,resume
2632724,132,1,,,pause
2632794,41,2,,,pause
2632794,41,2,,,resume
2632808,132,1,,,resume
2632874,111,1,,,pause
2632949,90,2,,,pause
2632957,111,1,,,resume
2632957,111,1,,,pause
2632957,111,1,,,resume
2633032,90,2,,,resume
2633040,111,1,,,pause
2633096,219,1,,,pause
2633179,219,1,,,resume
2633206,111,1,,,resume
2633231,135,2,,,pause
2633231,135,2,,,resume
2633359,223,2,,,pause
2633359,223,2,,,resume
2633397,135,2,,,pause
2633397,135,2,,,resume
2633849,239,2,,,pause
2633849,239,2,,,resume
2633994,161,1,,,pause
2634044,232,2,,,pause
2634055,210,2,,,pause
2634055,210,2,,,resume
2634077,255,2,,,pause
2634077,161,1,,,resume
2634077,255,2,,,resume
2634127,232,2,,,resume
2634179,92,2,,,pause
2634245,218,1,,,pause
2634245,218,1,,,resume
2634262,92,2,,,resume
2634344,221,1,,,pause
2634429,221,1,,,resume
2634659,161,1,,,pause
2634742,161,1,,,resume
2634926,92,2,,,pause
2635009,92,2,,,resume
2635174,216,1,,,pause
2635257,216,1,,,resume
2635257,216,1,,,pause
2635423,216,1,,,resume
2635674,110,2,,,pause
2635674,110,2,,,resume
2636099,104,2,,,pause
2636182,104,2,,,resume
2636182,104,2,,,pause
2636265,104,2,,,resume
2636574,111,2,,,pause
2636574,111,2,,,resume
2636657,111,2,,,pause
2636689,90,2,,,pause
2636741,111,2,,,resume
2636855,90,2,,,resume
2637030,77,2,,,pause
2637113,77,2,,,resume
2637500,92,2,,,pause
2637500,92,2,,,resume
2637577,106,2,,,pause
2637583,92,2,,,pause
2637660,106,2,,,resume
2637666,92,2,,,resume
2637797,91,2,,,pause
2637880,91,2,,,resume
2637981,94,2,,,pause
2637981,94,2,,,resume
2638046,91,2,,,pause
2638129,91,2,,,resume
2638185,90,2,,,pause
2638268,90,2,,,resume
2638296,91,2,,,pause
2638462,91,2,,,resume
2638547,135,2,,,pause
2638547,135,2,,,resume
2638556,190,1,,,pause
2638607,158,1,,,pause
2638690,158,1,,,resume
2638722,190,1,,,resume
2638773,158,1,,,pause
2638779,105,2,,,pause
2638856,158,1,,,resume
2638856,158,1,,,pause
2638862,105,2,,,resume
2639022,158,1,,,resume
2639105,158,1,,,pause
2639188,158,1,,,resume
2639211,183,1,,,pause
2639211,183,1,,,resume
2639400,218,1,,,pause
2639479,161,1,,,pause
2639479,161,1,,,resume
2639483,218,1,,,resume
2639496,221,1,,,pause
2639581,221,1,,,resume
2639581,221,1,,,pause
2639632,93,2,,,pause
2639649,218,1,,,pause
2639664,221,1,,,resume
2639664,221,1,,,pause
2639664,221,1,,,resume
2639715,93,2,,,resume
2639732,218,1,,,resume
2639978,161,1,,,pause
2639995,216,1,,,pause
2640061,161,1,,,resume
2640078,216,1,,,resume
