GPU 0 TB=0 sid=0 DISPATCHING RunStep t=0
GPU 0 TB=1 sid=0 DISPATCHING RunStep t=0
GPU 0 TB=2 sid=0 DISPATCHING RunStep t=0
GPU 0 TB=3 sid=0 DISPATCHING RunStep t=0
GPU 0 TB=4 sid=0 DISPATCHING RunStep t=0
GPU 0 TB=5 sid=0 DISPATCHING RunStep t=0
GPU 0 TB=6 sid=0 BLOCKED on network completion of TB=5 step=0 needFlag=0 netFlag=-1 t=0
GPU 0 TB=7 sid=0 BLOCKED on network completion of TB=5 step=0 needFlag=0 netFlag=-1 t=0
GPU 0 TB=8 sid=0 DISPATCHING RunStep t=0
GPU 0 TB=9 sid=0 DISPATCHING RunStep t=0
GPU 1 TB=0 sid=0 DISPATCHING RunStep t=0
GPU 1 TB=1 sid=0 DISPATCHING RunStep t=0
GPU 1 TB=2 sid=0 DISPATCHING RunStep t=0
GPU 1 TB=3 sid=0 DISPATCHING RunStep t=0
GPU 1 TB=4 sid=0 DISPATCHING RunStep t=0
GPU 1 TB=5 sid=0 DISPATCHING RunStep t=0
GPU 1 TB=6 sid=0 DISPATCHING RunStep t=0
GPU 1 TB=7 sid=0 DISPATCHING RunStep t=0
GPU 1 TB=8 sid=0 BLOCKED on network completion of TB=5 step=0 needFlag=0 netFlag=-1 t=0
GPU 1 TB=9 sid=0 BLOCKED on network completion of TB=5 step=0 needFlag=0 netFlag=-1 t=0
GPU 2 TB=0 sid=0 DISPATCHING RunStep t=0
GPU 2 TB=1 sid=0 DISPATCHING RunStep t=0
GPU 2 TB=2 sid=0 DISPATCHING RunStep t=0
GPU 2 TB=3 sid=0 DISPATCHING RunStep t=0
GPU 2 TB=4 sid=0 DISPATCHING RunStep t=0
GPU 2 TB=5 sid=0 BLOCKED on network completion of TB=7 step=0 needFlag=0 netFlag=-1 t=0
GPU 2 TB=6 sid=0 BLOCKED on network completion of TB=7 step=0 needFlag=0 netFlag=-1 t=0
GPU 2 TB=7 sid=0 DISPATCHING RunStep t=0
GPU 2 TB=8 sid=0 DISPATCHING RunStep t=0
GPU 2 TB=9 sid=0 DISPATCHING RunStep t=0
GPU 3 TB=0 sid=0 DISPATCHING RunStep t=0
GPU 3 TB=1 sid=0 DISPATCHING RunStep t=0
GPU 3 TB=2 sid=0 DISPATCHING RunStep t=0
GPU 3 TB=3 sid=0 DISPATCHING RunStep t=0
GPU 3 TB=4 sid=0 DISPATCHING RunStep t=0
GPU 3 TB=5 sid=0 DISPATCHING RunStep t=0
GPU 3 TB=6 sid=0 DISPATCHING RunStep t=0
GPU 3 TB=7 sid=0 BLOCKED on network completion of TB=5 step=0 needFlag=0 netFlag=-1 t=0
GPU 3 TB=8 sid=0 BLOCKED on network completion of TB=5 step=0 needFlag=0 netFlag=-1 t=0
GPU 3 TB=9 sid=0 DISPATCHING RunStep t=0
Node 0 chan 0: RDMA send to 1 totalBytes=2097152 over 1 lane(s) bid=5 sid=0 iter=0 part=0 rateGBps=0 at t=0
Node 0 chan 0: RDMA send to 1 totalBytes=2097152 over 1 lane(s) bid=5 sid=0 iter=0 part=1 rateGBps=0 at t=0
Node 0 chan 0: RDMA send to 3 totalBytes=2097152 over 1 lane(s) bid=8 sid=0 iter=0 part=0 rateGBps=0 at t=0
Node 0 chan 1: RDMA send to 3 totalBytes=2097152 over 1 lane(s) bid=9 sid=0 iter=0 part=0 rateGBps=0 at t=0
Node 1 chan 0: RDMA send to 0 totalBytes=2097152 over 1 lane(s) bid=5 sid=0 iter=0 part=0 rateGBps=0 at t=0
Node 1 chan 0: RDMA send to 0 totalBytes=2097152 over 1 lane(s) bid=5 sid=0 iter=0 part=1 rateGBps=0 at t=0
Node 1 chan 0: RDMA send to 2 totalBytes=2097152 over 1 lane(s) bid=6 sid=0 iter=0 part=0 rateGBps=0 at t=0
Node 1 chan 1: RDMA send to 2 totalBytes=2097152 over 1 lane(s) bid=7 sid=0 iter=0 part=0 rateGBps=0 at t=0
Node 2 chan 0: RDMA send to 1 totalBytes=2097152 over 1 lane(s) bid=7 sid=0 iter=0 part=0 rateGBps=0 at t=0
Node 2 chan 1: RDMA send to 1 totalBytes=2097152 over 1 lane(s) bid=8 sid=0 iter=0 part=0 rateGBps=0 at t=0
Node 2 chan 0: RDMA send to 3 totalBytes=2097152 over 1 lane(s) bid=9 sid=0 iter=0 part=0 rateGBps=0 at t=0
Node 2 chan 0: RDMA send to 3 totalBytes=2097152 over 1 lane(s) bid=9 sid=0 iter=0 part=1 rateGBps=0 at t=0
Node 3 chan 0: RDMA send to 0 totalBytes=2097152 over 1 lane(s) bid=5 sid=0 iter=0 part=0 rateGBps=0 at t=0
Node 3 chan 1: RDMA send to 0 totalBytes=2097152 over 1 lane(s) bid=6 sid=0 iter=0 part=0 rateGBps=0 at t=0
Node 3 chan 0: RDMA send to 2 totalBytes=2097152 over 1 lane(s) bid=9 sid=0 iter=0 part=0 rateGBps=0 at t=0
Node 3 chan 0: RDMA send to 2 totalBytes=2097152 over 1 lane(s) bid=9 sid=0 iter=0 part=1 rateGBps=0 at t=0
GPU 0 TB=5 arrived at iteration barrier (1/10) leaving iter=0 t=0
GPU 0 TB=8 arrived at iteration barrier (2/10) leaving iter=0 t=0
GPU 0 TB=9 arrived at iteration barrier (3/10) leaving iter=0 t=0
GPU 1 TB=5 arrived at iteration barrier (1/10) leaving iter=0 t=0
GPU 1 TB=6 arrived at iteration barrier (2/10) leaving iter=0 t=0
GPU 1 TB=7 arrived at iteration barrier (3/10) leaving iter=0 t=0
GPU 2 TB=7 arrived at iteration barrier (1/10) leaving iter=0 t=0
GPU 2 TB=8 arrived at iteration barrier (2/10) leaving iter=0 t=0
GPU 2 TB=9 arrived at iteration barrier (3/10) leaving iter=0 t=0
GPU 3 TB=5 arrived at iteration barrier (1/10) leaving iter=0 t=0
GPU 3 TB=6 arrived at iteration barrier (2/10) leaving iter=0 t=0
GPU 3 TB=9 arrived at iteration barrier (3/10) leaving iter=0 t=0
Node 3 chan 0: transfer complete from peer 2 dst=(1,4) totalBytes=2097152 at t=353504
Node 1 chan 0: transfer complete from peer 0 dst=(1,0) totalBytes=2097152 at t=353508
Node 0 chan 0: RDMA send to 1 physically drained (sender side) bid=5 sid=0 iter=0 nElems=524288 at t=355261
Node 2 chan 0: RDMA send to 3 physically drained (sender side) bid=9 sid=0 iter=0 nElems=524288 at t=355500
Node 2 chan 0: transfer complete from peer 3 dst=(1,6) totalBytes=2097152 at t=357492
Node 0 chan 0: transfer complete from peer 1 dst=(1,2) totalBytes=2097152 at t=357917
Node 3 chan 0: RDMA send to 2 physically drained (sender side) bid=9 sid=0 iter=0 nElems=524288 at t=359164
Node 1 chan 0: RDMA send to 0 physically drained (sender side) bid=5 sid=0 iter=0 nElems=524288 at t=359500
Node 0 chan 0: transfer complete from peer 3 dst=(1,6) totalBytes=2097152 at t=688344
GPU 0 TB=3 arrived at iteration barrier (4/10) leaving iter=0 t=688344
Node 2 chan 1: transfer complete from peer 1 dst=(1,3) totalBytes=2097152 at t=689208
GPU 2 TB=3 arrived at iteration barrier (4/10) leaving iter=0 t=689208
Node 1 chan 0: transfer complete from peer 0 dst=(1,1) totalBytes=2097152 at t=689495
GPU 1 TB=0 arrived at iteration barrier (4/10) leaving iter=0 t=689495
Node 0 chan 1: transfer complete from peer 3 dst=(1,7) totalBytes=2097152 at t=689676
GPU 0 TB=4 arrived at iteration barrier (5/10) leaving iter=0 t=689676
Node 2 chan 0: transfer complete from peer 1 dst=(1,2) totalBytes=2097152 at t=689872
GPU 2 TB=2 arrived at iteration barrier (5/10) leaving iter=0 t=689872
Node 3 chan 0: transfer complete from peer 2 dst=(1,5) totalBytes=2097152 at t=690012
GPU 3 TB=4 arrived at iteration barrier (4/10) leaving iter=0 t=690012
Node 0 chan 0: RDMA send to 1 physically drained (sender side) bid=5 sid=0 iter=0 nElems=524288 at t=691012
GPU 0 TB=7 sid=0 DISPATCHING RunStep t=691012
GPU 0 TB=6 sid=0 DISPATCHING RunStep t=691012
Node 0 chan 1: RDMA send to 2 totalBytes=2097152 over 1 lane(s) bid=7 sid=0 iter=0 part=0 rateGBps=0 at t=691012
Node 0 chan 0: RDMA send to 2 totalBytes=2097152 over 1 lane(s) bid=6 sid=0 iter=0 part=0 rateGBps=0 at t=691012
GPU 0 TB=7 arrived at iteration barrier (6/10) leaving iter=0 t=691012
GPU 0 TB=6 arrived at iteration barrier (7/10) leaving iter=0 t=691012
Node 3 chan 0: RDMA send to 0 physically drained (sender side) bid=5 sid=0 iter=0 nElems=524288 at t=691348
GPU 3 TB=8 sid=0 DISPATCHING RunStep t=691348
GPU 3 TB=7 sid=0 DISPATCHING RunStep t=691348
Node 3 chan 1: RDMA send to 1 totalBytes=2097152 over 1 lane(s) bid=8 sid=0 iter=0 part=0 rateGBps=0 at t=691348
Node 3 chan 0: RDMA send to 1 totalBytes=2097152 over 1 lane(s) bid=7 sid=0 iter=0 part=0 rateGBps=0 at t=691348
GPU 3 TB=8 arrived at iteration barrier (5/10) leaving iter=0 t=691348
GPU 3 TB=7 arrived at iteration barrier (6/10) leaving iter=0 t=691348
Node 1 chan 1: transfer complete from peer 2 dst=(1,5) totalBytes=2097152 at t=691487
GPU 1 TB=2 arrived at iteration barrier (5/10) leaving iter=0 t=691487
Node 2 chan 0: RDMA send to 3 physically drained (sender side) bid=9 sid=0 iter=0 nElems=524288 at t=691540
Node 3 chan 0: transfer complete from peer 0 dst=(1,0) totalBytes=2097152 at t=691680
GPU 3 TB=0 arrived at iteration barrier (7/10) leaving iter=0 t=691680
Node 1 chan 0: transfer complete from peer 2 dst=(1,4) totalBytes=2097152 at t=691823
GPU 1 TB=1 arrived at iteration barrier (6/10) leaving iter=0 t=691823
Node 2 chan 0: transfer complete from peer 3 dst=(1,7) totalBytes=2097152 at t=691872
GPU 2 TB=4 arrived at iteration barrier (6/10) leaving iter=0 t=691872
Node 0 chan 0: transfer complete from peer 1 dst=(1,3) totalBytes=2097152 at t=692008
GPU 0 TB=0 arrived at iteration barrier (8/10) leaving iter=0 t=692008
Node 3 chan 1: transfer complete from peer 0 dst=(1,1) totalBytes=2097152 at t=692012
GPU 3 TB=1 arrived at iteration barrier (8/10) leaving iter=0 t=692012
Node 1 chan 1: RDMA send to 2 physically drained (sender side) bid=7 sid=0 iter=0 nElems=524288 at t=692034
Node 3 chan 1: RDMA send to 0 physically drained (sender side) bid=6 sid=0 iter=0 nElems=524288 at t=692502
Node 1 chan 0: RDMA send to 2 physically drained (sender side) bid=6 sid=0 iter=0 nElems=524288 at t=692698
Node 3 chan 0: RDMA send to 2 physically drained (sender side) bid=9 sid=0 iter=0 nElems=524288 at t=693280
Node 1 chan 0: RDMA send to 0 physically drained (sender side) bid=5 sid=0 iter=0 nElems=524288 at t=693416
GPU 1 TB=9 sid=0 DISPATCHING RunStep t=693416
GPU 1 TB=8 sid=0 DISPATCHING RunStep t=693416
Node 1 chan 1: RDMA send to 3 totalBytes=2097152 over 1 lane(s) bid=9 sid=0 iter=0 part=0 rateGBps=0 at t=693416
Node 1 chan 0: RDMA send to 3 totalBytes=2097152 over 1 lane(s) bid=8 sid=0 iter=0 part=0 rateGBps=0 at t=693416
GPU 1 TB=9 arrived at iteration barrier (7/10) leaving iter=0 t=693416
GPU 1 TB=8 arrived at iteration barrier (8/10) leaving iter=0 t=693416
Node 0 chan 0: RDMA send to 3 physically drained (sender side) bid=8 sid=0 iter=0 nElems=524288 at t=694506
Node 2 chan 1: RDMA send to 1 physically drained (sender side) bid=8 sid=0 iter=0 nElems=524288 at t=695808
Node 2 chan 0: RDMA send to 1 physically drained (sender side) bid=7 sid=0 iter=0 nElems=524288 at t=696144
GPU 2 TB=6 sid=0 DISPATCHING RunStep t=696144
GPU 2 TB=5 sid=0 DISPATCHING RunStep t=696144
Node 2 chan 1: RDMA send to 0 totalBytes=2097152 over 1 lane(s) bid=6 sid=0 iter=0 part=0 rateGBps=0 at t=696144
Node 2 chan 0: RDMA send to 0 totalBytes=2097152 over 1 lane(s) bid=5 sid=0 iter=0 part=0 rateGBps=0 at t=696144
GPU 2 TB=6 arrived at iteration barrier (7/10) leaving iter=0 t=696144
GPU 2 TB=5 arrived at iteration barrier (8/10) leaving iter=0 t=696144
Node 0 chan 1: RDMA send to 3 physically drained (sender side) bid=9 sid=0 iter=0 nElems=524288 at t=696157
Node 1 chan 1: transfer complete from peer 3 dst=(1,7) totalBytes=2097152 at t=1372021
GPU 1 TB=4 arrived at iteration barrier (9/10) leaving iter=0 t=1372021
Node 2 chan 1: transfer complete from peer 0 dst=(1,1) totalBytes=2097152 at t=1372289
GPU 2 TB=1 arrived at iteration barrier (9/10) leaving iter=0 t=1372289
Node 2 chan 0: transfer complete from peer 0 dst=(1,0) totalBytes=2097152 at t=1372625
GPU 2 TB=0 arrived at iteration barrier (10/10) leaving iter=0 t=1372625
GPU 2: iteration barrier releasing 10 threadblock(s) at t=1372625
GPU 2 TB=0 sid=0 DISPATCHING RunStep t=1372625
GPU 2 TB=1 sid=0 DISPATCHING RunStep t=1372625
GPU 2 TB=2 sid=0 DISPATCHING RunStep t=1372625
GPU 2 TB=3 sid=0 DISPATCHING RunStep t=1372625
GPU 2 TB=4 sid=0 DISPATCHING RunStep t=1372625
GPU 2 TB=5 sid=0 BLOCKED on network completion of TB=7 step=0 needFlag=1024 netFlag=0 t=1372625
GPU 2 TB=6 sid=0 BLOCKED on network completion of TB=7 step=0 needFlag=1024 netFlag=0 t=1372625
GPU 2 TB=7 sid=0 DISPATCHING RunStep t=1372625
GPU 2 TB=8 sid=0 DISPATCHING RunStep t=1372625
GPU 2 TB=9 sid=0 DISPATCHING RunStep t=1372625
Node 2 chan 0: RDMA send to 1 totalBytes=2097152 over 1 lane(s) bid=7 sid=0 iter=1 part=0 rateGBps=0 at t=1372625
Node 2 chan 1: RDMA send to 1 totalBytes=2097152 over 1 lane(s) bid=8 sid=0 iter=1 part=0 rateGBps=0 at t=1372625
Node 2 chan 0: RDMA send to 3 totalBytes=2097152 over 1 lane(s) bid=9 sid=0 iter=1 part=0 rateGBps=0 at t=1372625
Node 2 chan 0: RDMA send to 3 totalBytes=2097152 over 1 lane(s) bid=9 sid=0 iter=1 part=1 rateGBps=0 at t=1372625
GPU 2 TB=7 arrived at iteration barrier (1/10) leaving iter=1 t=1372625
GPU 2 TB=8 arrived at iteration barrier (2/10) leaving iter=1 t=1372625
GPU 2 TB=9 arrived at iteration barrier (3/10) leaving iter=1 t=1372625
Node 1 chan 0: transfer complete from peer 3 dst=(1,6) totalBytes=2097152 at t=1373555
GPU 1 TB=3 arrived at iteration barrier (10/10) leaving iter=0 t=1373555
GPU 1: iteration barrier releasing 10 threadblock(s) at t=1373555
GPU 1 TB=0 sid=0 DISPATCHING RunStep t=1373555
GPU 1 TB=1 sid=0 DISPATCHING RunStep t=1373555
GPU 1 TB=2 sid=0 DISPATCHING RunStep t=1373555
GPU 1 TB=3 sid=0 DISPATCHING RunStep t=1373555
GPU 1 TB=4 sid=0 DISPATCHING RunStep t=1373555
GPU 1 TB=5 sid=0 DISPATCHING RunStep t=1373555
GPU 1 TB=6 sid=0 DISPATCHING RunStep t=1373555
GPU 1 TB=7 sid=0 DISPATCHING RunStep t=1373555
GPU 1 TB=8 sid=0 BLOCKED on network completion of TB=5 step=0 needFlag=1024 netFlag=0 t=1373555
GPU 1 TB=9 sid=0 BLOCKED on network completion of TB=5 step=0 needFlag=1024 netFlag=0 t=1373555
Node 1 chan 0: RDMA send to 0 totalBytes=2097152 over 1 lane(s) bid=5 sid=0 iter=1 part=0 rateGBps=0 at t=1373555
Node 1 chan 0: RDMA send to 0 totalBytes=2097152 over 1 lane(s) bid=5 sid=0 iter=1 part=1 rateGBps=0 at t=1373555
Node 1 chan 0: RDMA send to 2 totalBytes=2097152 over 1 lane(s) bid=6 sid=0 iter=1 part=0 rateGBps=0 at t=1373555
Node 1 chan 1: RDMA send to 2 totalBytes=2097152 over 1 lane(s) bid=7 sid=0 iter=1 part=0 rateGBps=0 at t=1373555
GPU 1 TB=5 arrived at iteration barrier (1/10) leaving iter=1 t=1373555
GPU 1 TB=6 arrived at iteration barrier (2/10) leaving iter=1 t=1373555
GPU 1 TB=7 arrived at iteration barrier (3/10) leaving iter=1 t=1373555
Node 0 chan 1: RDMA send to 2 physically drained (sender side) bid=7 sid=0 iter=0 nElems=524288 at t=1376018
Node 3 chan 1: RDMA send to 1 physically drained (sender side) bid=8 sid=0 iter=0 nElems=524288 at t=1376277
Node 0 chan 1: transfer complete from peer 2 dst=(1,5) totalBytes=2097152 at t=1376350
GPU 0 TB=2 arrived at iteration barrier (9/10) leaving iter=0 t=1376350
Node 3 chan 0: RDMA send to 1 physically drained (sender side) bid=7 sid=0 iter=0 nElems=524288 at t=1376613
Node 0 chan 0: RDMA send to 2 physically drained (sender side) bid=6 sid=0 iter=0 nElems=524288 at t=1376686
Node 3 chan 1: transfer complete from peer 1 dst=(1,3) totalBytes=2097152 at t=1376945
GPU 3 TB=3 arrived at iteration barrier (9/10) leaving iter=0 t=1376945
Node 3 chan 0: transfer complete from peer 1 dst=(1,2) totalBytes=2097152 at t=1377277
GPU 3 TB=2 arrived at iteration barrier (10/10) leaving iter=0 t=1377277
GPU 3: iteration barrier releasing 10 threadblock(s) at t=1377277
GPU 3 TB=0 sid=0 DISPATCHING RunStep t=1377277
GPU 3 TB=1 sid=0 DISPATCHING RunStep t=1377277
GPU 3 TB=2 sid=0 DISPATCHING RunStep t=1377277
GPU 3 TB=3 sid=0 DISPATCHING RunStep t=1377277
GPU 3 TB=4 sid=0 DISPATCHING RunStep t=1377277
GPU 3 TB=5 sid=0 DISPATCHING RunStep t=1377277
GPU 3 TB=6 sid=0 DISPATCHING RunStep t=1377277
GPU 3 TB=7 sid=0 BLOCKED on network completion of TB=5 step=0 needFlag=1024 netFlag=0 t=1377277
GPU 3 TB=8 sid=0 BLOCKED on network completion of TB=5 step=0 needFlag=1024 netFlag=0 t=1377277
GPU 3 TB=9 sid=0 DISPATCHING RunStep t=1377277
Node 3 chan 0: RDMA send to 0 totalBytes=2097152 over 1 lane(s) bid=5 sid=0 iter=1 part=0 rateGBps=0 at t=1377277
Node 3 chan 1: RDMA send to 0 totalBytes=2097152 over 1 lane(s) bid=6 sid=0 iter=1 part=0 rateGBps=0 at t=1377277
Node 3 chan 0: RDMA send to 2 totalBytes=2097152 over 1 lane(s) bid=9 sid=0 iter=1 part=0 rateGBps=0 at t=1377277
Node 3 chan 0: RDMA send to 2 totalBytes=2097152 over 1 lane(s) bid=9 sid=0 iter=1 part=1 rateGBps=0 at t=1377277
GPU 3 TB=5 arrived at iteration barrier (1/10) leaving iter=1 t=1377277
GPU 3 TB=6 arrived at iteration barrier (2/10) leaving iter=1 t=1377277
GPU 3 TB=9 arrived at iteration barrier (3/10) leaving iter=1 t=1377277
Node 0 chan 0: transfer complete from peer 2 dst=(1,4) totalBytes=2097152 at t=1377682
GPU 0 TB=1 arrived at iteration barrier (10/10) leaving iter=0 t=1377682
GPU 0: iteration barrier releasing 10 threadblock(s) at t=1377682
GPU 0 TB=0 sid=0 DISPATCHING RunStep t=1377682
GPU 0 TB=1 sid=0 DISPATCHING RunStep t=1377682
GPU 0 TB=2 sid=0 DISPATCHING RunStep t=1377682
GPU 0 TB=3 sid=0 DISPATCHING RunStep t=1377682
GPU 0 TB=4 sid=0 DISPATCHING RunStep t=1377682
GPU 0 TB=5 sid=0 DISPATCHING RunStep t=1377682
GPU 0 TB=6 sid=0 BLOCKED on network completion of TB=5 step=0 needFlag=1024 netFlag=0 t=1377682
GPU 0 TB=7 sid=0 BLOCKED on network completion of TB=5 step=0 needFlag=1024 netFlag=0 t=1377682
GPU 0 TB=8 sid=0 DISPATCHING RunStep t=1377682
GPU 0 TB=9 sid=0 DISPATCHING RunStep t=1377682
Node 0 chan 0: RDMA send to 1 totalBytes=2097152 over 1 lane(s) bid=5 sid=0 iter=1 part=0 rateGBps=0 at t=1377682
Node 0 chan 0: RDMA send to 1 totalBytes=2097152 over 1 lane(s) bid=5 sid=0 iter=1 part=1 rateGBps=0 at t=1377682
Node 0 chan 0: RDMA send to 3 totalBytes=2097152 over 1 lane(s) bid=8 sid=0 iter=1 part=0 rateGBps=0 at t=1377682
Node 0 chan 1: RDMA send to 3 totalBytes=2097152 over 1 lane(s) bid=9 sid=0 iter=1 part=0 rateGBps=0 at t=1377682
GPU 0 TB=5 arrived at iteration barrier (1/10) leaving iter=1 t=1377682
GPU 0 TB=8 arrived at iteration barrier (2/10) leaving iter=1 t=1377682
GPU 0 TB=9 arrived at iteration barrier (3/10) leaving iter=1 t=1377682
Node 2 chan 1: RDMA send to 0 physically drained (sender side) bid=6 sid=0 iter=0 nElems=524288 at t=1380679
Node 1 chan 1: RDMA send to 3 physically drained (sender side) bid=9 sid=0 iter=0 nElems=524288 at t=1381077
Node 1 chan 0: RDMA send to 3 physically drained (sender side) bid=8 sid=0 iter=0 nElems=524288 at t=1381413
Node 2 chan 0: RDMA send to 0 physically drained (sender side) bid=5 sid=0 iter=0 nElems=524288 at t=1381679
Node 3 chan 0: transfer complete from peer 2 dst=(1,4) totalBytes=2097152 at t=1729014
Node 1 chan 0: transfer complete from peer 0 dst=(1,0) totalBytes=2097152 at t=1730257
Node 2 chan 0: RDMA send to 3 physically drained (sender side) bid=9 sid=0 iter=1 nElems=524288 at t=1730789
Node 0 chan 0: RDMA send to 1 physically drained (sender side) bid=5 sid=0 iter=1 nElems=524288 at t=1732059
Node 2 chan 0: transfer complete from peer 3 dst=(1,6) totalBytes=2097152 at t=1735105
Node 0 chan 0: transfer complete from peer 1 dst=(1,2) totalBytes=2097152 at t=1735291
Node 1 chan 0: RDMA send to 0 physically drained (sender side) bid=5 sid=0 iter=1 nElems=524288 at t=1736905
Node 3 chan 0: RDMA send to 2 physically drained (sender side) bid=9 sid=0 iter=1 nElems=524288 at t=1737002
Node 1 chan 0: transfer complete from peer 2 dst=(1,4) totalBytes=2097152 at t=2056453
GPU 1 TB=1 arrived at iteration barrier (4/10) leaving iter=1 t=2056453
Node 2 chan 1: transfer complete from peer 1 dst=(1,3) totalBytes=2097152 at t=2059637
GPU 2 TB=3 arrived at iteration barrier (4/10) leaving iter=1 t=2059637
Node 2 chan 0: RDMA send to 1 physically drained (sender side) bid=7 sid=0 iter=1 nElems=524288 at t=2059977
GPU 2 TB=6 sid=0 DISPATCHING RunStep t=2059977
GPU 2 TB=5 sid=0 DISPATCHING RunStep t=2059977
Node 2 chan 1: RDMA send to 0 totalBytes=2097152 over 1 lane(s) bid=6 sid=0 iter=1 part=0 rateGBps=0 at t=2059977
Node 2 chan 0: RDMA send to 0 totalBytes=2097152 over 1 lane(s) bid=5 sid=0 iter=1 part=0 rateGBps=0 at t=2059977
GPU 2 TB=6 arrived at iteration barrier (5/10) leaving iter=1 t=2059977
GPU 2 TB=5 arrived at iteration barrier (6/10) leaving iter=1 t=2059977
Node 2 chan 0: transfer complete from peer 1 dst=(1,2) totalBytes=2097152 at t=2060641
GPU 2 TB=2 arrived at iteration barrier (7/10) leaving iter=1 t=2060641
Node 1 chan 1: transfer complete from peer 2 dst=(1,5) totalBytes=2097152 at t=2062101
GPU 1 TB=2 arrived at iteration barrier (5/10) leaving iter=1 t=2062101
Node 1 chan 1: RDMA send to 2 physically drained (sender side) bid=7 sid=0 iter=1 nElems=524288 at t=2062769
Node 1 chan 0: RDMA send to 2 physically drained (sender side) bid=6 sid=0 iter=1 nElems=524288 at t=2064769
Node 2 chan 1: RDMA send to 1 physically drained (sender side) bid=8 sid=0 iter=1 nElems=524288 at t=2064969
Node 1 chan 0: transfer complete from peer 0 dst=(1,1) totalBytes=2097152 at t=2065769
GPU 1 TB=0 arrived at iteration barrier (6/10) leaving iter=1 t=2065769
Node 0 chan 1: transfer complete from peer 3 dst=(1,7) totalBytes=2097152 at t=2065811
GPU 0 TB=4 arrived at iteration barrier (4/10) leaving iter=1 t=2065811
Node 0 chan 0: transfer complete from peer 3 dst=(1,6) totalBytes=2097152 at t=2066479
GPU 0 TB=3 arrived at iteration barrier (5/10) leaving iter=1 t=2066479
Node 2 chan 0: transfer complete from peer 3 dst=(1,7) totalBytes=2097152 at t=2066629
GPU 2 TB=4 arrived at iteration barrier (8/10) leaving iter=1 t=2066629
Node 0 chan 0: RDMA send to 1 physically drained (sender side) bid=5 sid=0 iter=1 nElems=524288 at t=2067483
GPU 0 TB=7 sid=0 DISPATCHING RunStep t=2067483
GPU 0 TB=6 sid=0 DISPATCHING RunStep t=2067483
Node 0 chan 1: RDMA send to 2 totalBytes=2097152 over 1 lane(s) bid=7 sid=0 iter=1 part=0 rateGBps=0 at t=2067483
Node 0 chan 0: RDMA send to 2 totalBytes=2097152 over 1 lane(s) bid=6 sid=0 iter=1 part=0 rateGBps=0 at t=2067483
GPU 0 TB=7 arrived at iteration barrier (6/10) leaving iter=1 t=2067483
GPU 0 TB=6 arrived at iteration barrier (7/10) leaving iter=1 t=2067483
Node 3 chan 0: transfer complete from peer 0 dst=(1,0) totalBytes=2097152 at t=2067969
GPU 3 TB=0 arrived at iteration barrier (4/10) leaving iter=1 t=2067969
Node 3 chan 0: transfer complete from peer 2 dst=(1,5) totalBytes=2097152 at t=2068301
GPU 3 TB=4 arrived at iteration barrier (5/10) leaving iter=1 t=2068301
Node 3 chan 0: RDMA send to 2 physically drained (sender side) bid=9 sid=0 iter=1 nElems=524288 at t=2068305
Node 0 chan 0: transfer complete from peer 1 dst=(1,3) totalBytes=2097152 at t=2068483
GPU 0 TB=0 arrived at iteration barrier (8/10) leaving iter=1 t=2068483
Node 3 chan 1: transfer complete from peer 0 dst=(1,1) totalBytes=2097152 at t=2068637
GPU 3 TB=1 arrived at iteration barrier (6/10) leaving iter=1 t=2068637
Node 3 chan 1: RDMA send to 0 physically drained (sender side) bid=6 sid=0 iter=1 nElems=524288 at t=2068641
Node 3 chan 0: RDMA send to 0 physically drained (sender side) bid=5 sid=0 iter=1 nElems=524288 at t=2069305
GPU 3 TB=8 sid=0 DISPATCHING RunStep t=2069305
GPU 3 TB=7 sid=0 DISPATCHING RunStep t=2069305
Node 3 chan 1: RDMA send to 1 totalBytes=2097152 over 1 lane(s) bid=8 sid=0 iter=1 part=0 rateGBps=0 at t=2069305
Node 3 chan 0: RDMA send to 1 totalBytes=2097152 over 1 lane(s) bid=7 sid=0 iter=1 part=0 rateGBps=0 at t=2069305
GPU 3 TB=8 arrived at iteration barrier (7/10) leaving iter=1 t=2069305
GPU 3 TB=7 arrived at iteration barrier (8/10) leaving iter=1 t=2069305
Node 2 chan 0: RDMA send to 3 physically drained (sender side) bid=9 sid=0 iter=1 nElems=524288 at t=2069709
Node 1 chan 0: RDMA send to 0 physically drained (sender side) bid=5 sid=0 iter=1 nElems=524288 at t=2070219
GPU 1 TB=9 sid=0 DISPATCHING RunStep t=2070219
GPU 1 TB=8 sid=0 DISPATCHING RunStep t=2070219
Node 1 chan 1: RDMA send to 3 totalBytes=2097152 over 1 lane(s) bid=9 sid=0 iter=1 part=0 rateGBps=0 at t=2070219
Node 1 chan 0: RDMA send to 3 totalBytes=2097152 over 1 lane(s) bid=8 sid=0 iter=1 part=0 rateGBps=0 at t=2070219
GPU 1 TB=9 arrived at iteration barrier (7/10) leaving iter=1 t=2070219
GPU 1 TB=8 arrived at iteration barrier (8/10) leaving iter=1 t=2070219
Node 0 chan 0: RDMA send to 3 physically drained (sender side) bid=8 sid=0 iter=1 nElems=524288 at t=2072139
Node 0 chan 1: RDMA send to 3 physically drained (sender side) bid=9 sid=0 iter=1 nElems=524288 at t=2072807
Node 0 chan 1: transfer complete from peer 2 dst=(1,5) totalBytes=2097152 at t=2736009
GPU 0 TB=2 arrived at iteration barrier (9/10) leaving iter=1 t=2736009
Node 0 chan 0: transfer complete from peer 2 dst=(1,4) totalBytes=2097152 at t=2737527
GPU 0 TB=1 arrived at iteration barrier (10/10) leaving iter=1 t=2737527
GPU 0: iteration barrier releasing 10 threadblock(s) at t=2737527
GPU 0 TB=0 sid=0 DISPATCHING RunStep t=2737527
GPU 0 TB=1 sid=0 DISPATCHING RunStep t=2737527
GPU 0 TB=2 sid=0 DISPATCHING RunStep t=2737527
GPU 0 TB=3 sid=0 DISPATCHING RunStep t=2737527
GPU 0 TB=4 sid=0 DISPATCHING RunStep t=2737527
GPU 0 TB=5 sid=0 DISPATCHING RunStep t=2737527
GPU 0 TB=6 sid=0 BLOCKED on network completion of TB=5 step=0 needFlag=2048 netFlag=1024 t=2737527
GPU 0 TB=7 sid=0 BLOCKED on network completion of TB=5 step=0 needFlag=2048 netFlag=1024 t=2737527
GPU 0 TB=8 sid=0 DISPATCHING RunStep t=2737527
GPU 0 TB=9 sid=0 DISPATCHING RunStep t=2737527
Node 0 chan 0: RDMA send to 1 totalBytes=2097152 over 1 lane(s) bid=5 sid=0 iter=2 part=0 rateGBps=0 at t=2737527
Node 0 chan 0: RDMA send to 1 totalBytes=2097152 over 1 lane(s) bid=5 sid=0 iter=2 part=1 rateGBps=0 at t=2737527
Node 0 chan 0: RDMA send to 3 totalBytes=2097152 over 1 lane(s) bid=8 sid=0 iter=2 part=0 rateGBps=0 at t=2737527
Node 0 chan 1: RDMA send to 3 totalBytes=2097152 over 1 lane(s) bid=9 sid=0 iter=2 part=0 rateGBps=0 at t=2737527
GPU 0 TB=5 arrived at iteration barrier (1/10) leaving iter=2 t=2737527
GPU 0 TB=8 arrived at iteration barrier (2/10) leaving iter=2 t=2737527
GPU 0 TB=9 arrived at iteration barrier (3/10) leaving iter=2 t=2737527
Node 2 chan 1: RDMA send to 0 physically drained (sender side) bid=6 sid=0 iter=1 nElems=524288 at t=2740459
Node 2 chan 0: RDMA send to 0 physically drained (sender side) bid=5 sid=0 iter=1 nElems=524288 at t=2741473
Node 1 chan 1: transfer complete from peer 3 dst=(1,7) totalBytes=2097152 at t=2746301
GPU 1 TB=4 arrived at iteration barrier (9/10) leaving iter=1 t=2746301
Node 1 chan 0: transfer complete from peer 3 dst=(1,6) totalBytes=2097152 at t=2747629
GPU 1 TB=3 arrived at iteration barrier (10/10) leaving iter=1 t=2747629
GPU 1: iteration barrier releasing 10 threadblock(s) at t=2747629
GPU 1 TB=0 sid=0 DISPATCHING RunStep t=2747629
GPU 1 TB=1 sid=0 DISPATCHING RunStep t=2747629
GPU 1 TB=2 sid=0 DISPATCHING RunStep t=2747629
GPU 1 TB=3 sid=0 DISPATCHING RunStep t=2747629
GPU 1 TB=4 sid=0 DISPATCHING RunStep t=2747629
GPU 1 TB=5 sid=0 DISPATCHING RunStep t=2747629
GPU 1 TB=6 sid=0 DISPATCHING RunStep t=2747629
GPU 1 TB=7 sid=0 DISPATCHING RunStep t=2747629
GPU 1 TB=8 sid=0 BLOCKED on network completion of TB=5 step=0 needFlag=2048 netFlag=1024 t=2747629
GPU 1 TB=9 sid=0 BLOCKED on network completion of TB=5 step=0 needFlag=2048 netFlag=1024 t=2747629
Node 1 chan 0: RDMA send to 0 totalBytes=2097152 over 1 lane(s) bid=5 sid=0 iter=2 part=0 rateGBps=0 at t=2747629
Node 1 chan 0: RDMA send to 0 totalBytes=2097152 over 1 lane(s) bid=5 sid=0 iter=2 part=1 rateGBps=0 at t=2747629
Node 1 chan 0: RDMA send to 2 totalBytes=2097152 over 1 lane(s) bid=6 sid=0 iter=2 part=0 rateGBps=0 at t=2747629
Node 1 chan 1: RDMA send to 2 totalBytes=2097152 over 1 lane(s) bid=7 sid=0 iter=2 part=0 rateGBps=0 at t=2747629
GPU 1 TB=5 arrived at iteration barrier (1/10) leaving iter=2 t=2747629
GPU 1 TB=6 arrived at iteration barrier (2/10) leaving iter=2 t=2747629
GPU 1 TB=7 arrived at iteration barrier (3/10) leaving iter=2 t=2747629
Node 2 chan 1: transfer complete from peer 0 dst=(1,1) totalBytes=2097152 at t=2748773
GPU 2 TB=1 arrived at iteration barrier (9/10) leaving iter=1 t=2748773
Node 2 chan 0: transfer complete from peer 0 dst=(1,0) totalBytes=2097152 at t=2749105
GPU 2 TB=0 arrived at iteration barrier (10/10) leaving iter=1 t=2749105
GPU 2: iteration barrier releasing 10 threadblock(s) at t=2749105
GPU 2 TB=0 sid=0 DISPATCHING RunStep t=2749105
GPU 2 TB=1 sid=0 DISPATCHING RunStep t=2749105
GPU 2 TB=2 sid=0 DISPATCHING RunStep t=2749105
GPU 2 TB=3 sid=0 DISPATCHING RunStep t=2749105
GPU 2 TB=4 sid=0 DISPATCHING RunStep t=2749105
GPU 2 TB=5 sid=0 BLOCKED on network completion of TB=7 step=0 needFlag=2048 netFlag=1024 t=2749105
GPU 2 TB=6 sid=0 BLOCKED on network completion of TB=7 step=0 needFlag=2048 netFlag=1024 t=2749105
GPU 2 TB=7 sid=0 DISPATCHING RunStep t=2749105
GPU 2 TB=8 sid=0 DISPATCHING RunStep t=2749105
GPU 2 TB=9 sid=0 DISPATCHING RunStep t=2749105
Node 2 chan 0: RDMA send to 1 totalBytes=2097152 over 1 lane(s) bid=7 sid=0 iter=2 part=0 rateGBps=0 at t=2749105
Node 2 chan 1: RDMA send to 1 totalBytes=2097152 over 1 lane(s) bid=8 sid=0 iter=2 part=0 rateGBps=0 at t=2749105
Node 2 chan 0: RDMA send to 3 totalBytes=2097152 over 1 lane(s) bid=9 sid=0 iter=2 part=0 rateGBps=0 at t=2749105
Node 2 chan 0: RDMA send to 3 totalBytes=2097152 over 1 lane(s) bid=9 sid=0 iter=2 part=1 rateGBps=0 at t=2749105
GPU 2 TB=7 arrived at iteration barrier (1/10) leaving iter=2 t=2749105
GPU 2 TB=8 arrived at iteration barrier (2/10) leaving iter=2 t=2749105
GPU 2 TB=9 arrived at iteration barrier (3/10) leaving iter=2 t=2749105
Node 3 chan 1: RDMA send to 1 physically drained (sender side) bid=8 sid=0 iter=1 nElems=524288 at t=2750437
Node 0 chan 1: RDMA send to 2 physically drained (sender side) bid=7 sid=0 iter=1 nElems=524288 at t=2751599
Node 3 chan 0: RDMA send to 1 physically drained (sender side) bid=7 sid=0 iter=1 nElems=524288 at t=2751769
Node 0 chan 0: RDMA send to 2 physically drained (sender side) bid=6 sid=0 iter=1 nElems=524288 at t=2752029
Node 3 chan 1: transfer complete from peer 1 dst=(1,3) totalBytes=2097152 at t=2753429
GPU 3 TB=3 arrived at iteration barrier (9/10) leaving iter=1 t=2753429
Node 3 chan 0: transfer complete from peer 1 dst=(1,2) totalBytes=2097152 at t=2753761
GPU 3 TB=2 arrived at iteration barrier (10/10) leaving iter=1 t=2753761
GPU 3: iteration barrier releasing 10 threadblock(s) at t=2753761
GPU 3 TB=0 sid=0 DISPATCHING RunStep t=2753761
GPU 3 TB=1 sid=0 DISPATCHING RunStep t=2753761
GPU 3 TB=2 sid=0 DISPATCHING RunStep t=2753761
GPU 3 TB=3 sid=0 DISPATCHING RunStep t=2753761
GPU 3 TB=4 sid=0 DISPATCHING RunStep t=2753761
GPU 3 TB=5 sid=0 DISPATCHING RunStep t=2753761
GPU 3 TB=6 sid=0 DISPATCHING RunStep t=2753761
GPU 3 TB=7 sid=0 BLOCKED on network completion of TB=5 step=0 needFlag=2048 netFlag=1024 t=2753761
GPU 3 TB=8 sid=0 BLOCKED on network completion of TB=5 step=0 needFlag=2048 netFlag=1024 t=2753761
GPU 3 TB=9 sid=0 DISPATCHING RunStep t=2753761
Node 3 chan 0: RDMA send to 0 totalBytes=2097152 over 1 lane(s) bid=5 sid=0 iter=2 part=0 rateGBps=0 at t=2753761
Node 3 chan 1: RDMA send to 0 totalBytes=2097152 over 1 lane(s) bid=6 sid=0 iter=2 part=0 rateGBps=0 at t=2753761
Node 3 chan 0: RDMA send to 2 totalBytes=2097152 over 1 lane(s) bid=9 sid=0 iter=2 part=0 rateGBps=0 at t=2753761
Node 3 chan 0: RDMA send to 2 totalBytes=2097152 over 1 lane(s) bid=9 sid=0 iter=2 part=1 rateGBps=0 at t=2753761
GPU 3 TB=5 arrived at iteration barrier (1/10) leaving iter=2 t=2753761
GPU 3 TB=6 arrived at iteration barrier (2/10) leaving iter=2 t=2753761
GPU 3 TB=9 arrived at iteration barrier (3/10) leaving iter=2 t=2753761
Node 1 chan 1: RDMA send to 3 physically drained (sender side) bid=9 sid=0 iter=1 nElems=524288 at t=2757557
Node 1 chan 0: RDMA send to 3 physically drained (sender side) bid=8 sid=0 iter=1 nElems=524288 at t=2757893
Node 1 chan 0: transfer complete from peer 0 dst=(1,0) totalBytes=2097152 at t=3090699
Node 0 chan 0: RDMA send to 1 physically drained (sender side) bid=5 sid=0 iter=2 nElems=524288 at t=3092513
Node 0 chan 0: transfer complete from peer 1 dst=(1,2) totalBytes=2097152 at t=3096833
Node 1 chan 0: RDMA send to 0 physically drained (sender side) bid=5 sid=0 iter=2 nElems=524288 at t=3098347
Node 2 chan 0: transfer complete from peer 3 dst=(1,6) totalBytes=2097152 at t=3108945
Node 3 chan 0: transfer complete from peer 2 dst=(1,4) totalBytes=2097152 at t=3109925
Node 3 chan 0: RDMA send to 2 physically drained (sender side) bid=9 sid=0 iter=2 nElems=524288 at t=3110929
Node 2 chan 0: RDMA send to 3 physically drained (sender side) bid=9 sid=0 iter=2 nElems=524288 at t=3111605
Node 3 chan 1: transfer complete from peer 0 dst=(1,1) totalBytes=2097152 at t=3424825
GPU 3 TB=1 arrived at iteration barrier (4/10) leaving iter=2 t=3424825
Node 1 chan 0: transfer complete from peer 0 dst=(1,1) totalBytes=2097152 at t=3428863
GPU 1 TB=0 arrived at iteration barrier (4/10) leaving iter=2 t=3428863
Node 0 chan 1: RDMA send to 3 physically drained (sender side) bid=9 sid=0 iter=2 nElems=524288 at t=3429017
Node 0 chan 0: RDMA send to 1 physically drained (sender side) bid=5 sid=0 iter=2 nElems=524288 at t=3430353
GPU 0 TB=7 sid=0 DISPATCHING RunStep t=3430353
GPU 0 TB=6 sid=0 DISPATCHING RunStep t=3430353
Node 0 chan 1: RDMA send to 2 totalBytes=2097152 over 1 lane(s) bid=7 sid=0 iter=2 part=0 rateGBps=0 at t=3430353
Node 0 chan 0: RDMA send to 2 totalBytes=2097152 over 1 lane(s) bid=6 sid=0 iter=2 part=0 rateGBps=0 at t=3430353
GPU 0 TB=7 arrived at iteration barrier (4/10) leaving iter=2 t=3430353
GPU 0 TB=6 arrived at iteration barrier (5/10) leaving iter=2 t=3430353
Node 1 chan 0: transfer complete from peer 2 dst=(1,4) totalBytes=2097152 at t=3431195
GPU 1 TB=1 arrived at iteration barrier (5/10) leaving iter=2 t=3431195
Node 3 chan 0: transfer complete from peer 0 dst=(1,0) totalBytes=2097152 at t=3431809
GPU 3 TB=0 arrived at iteration barrier (5/10) leaving iter=2 t=3431809
Node 1 chan 1: transfer complete from peer 2 dst=(1,5) totalBytes=2097152 at t=3431859
GPU 1 TB=2 arrived at iteration barrier (6/10) leaving iter=2 t=3431859
Node 0 chan 0: transfer complete from peer 1 dst=(1,3) totalBytes=2097152 at t=3434005
GPU 0 TB=0 arrived at iteration barrier (6/10) leaving iter=2 t=3434005
Node 1 chan 0: RDMA send to 0 physically drained (sender side) bid=5 sid=0 iter=2 nElems=524288 at t=3435413
GPU 1 TB=9 sid=0 DISPATCHING RunStep t=3435413
GPU 1 TB=8 sid=0 DISPATCHING RunStep t=3435413
Node 1 chan 1: RDMA send to 3 totalBytes=2097152 over 1 lane(s) bid=9 sid=0 iter=2 part=0 rateGBps=0 at t=3435413
Node 1 chan 0: RDMA send to 3 totalBytes=2097152 over 1 lane(s) bid=8 sid=0 iter=2 part=0 rateGBps=0 at t=3435413
GPU 1 TB=9 arrived at iteration barrier (7/10) leaving iter=2 t=3435413
GPU 1 TB=8 arrived at iteration barrier (8/10) leaving iter=2 t=3435413
Node 2 chan 0: RDMA send to 1 physically drained (sender side) bid=7 sid=0 iter=2 nElems=524288 at t=3435481
GPU 2 TB=6 sid=0 DISPATCHING RunStep t=3435481
GPU 2 TB=5 sid=0 DISPATCHING RunStep t=3435481
Node 2 chan 1: RDMA send to 0 totalBytes=2097152 over 1 lane(s) bid=6 sid=0 iter=2 part=0 rateGBps=0 at t=3435481
Node 2 chan 0: RDMA send to 0 totalBytes=2097152 over 1 lane(s) bid=5 sid=0 iter=2 part=0 rateGBps=0 at t=3435481
GPU 2 TB=6 arrived at iteration barrier (4/10) leaving iter=2 t=3435481
GPU 2 TB=5 arrived at iteration barrier (5/10) leaving iter=2 t=3435481
Node 0 chan 0: RDMA send to 3 physically drained (sender side) bid=8 sid=0 iter=2 nElems=524288 at t=3435669
Node 2 chan 1: RDMA send to 1 physically drained (sender side) bid=8 sid=0 iter=2 nElems=524288 at t=3435817
Node 3 chan 0: transfer complete from peer 2 dst=(1,5) totalBytes=2097152 at t=3439121
GPU 3 TB=4 arrived at iteration barrier (6/10) leaving iter=2 t=3439121
Node 0 chan 1: transfer complete from peer 3 dst=(1,7) totalBytes=2097152 at t=3439653
GPU 0 TB=4 arrived at iteration barrier (7/10) leaving iter=2 t=3439653
Node 0 chan 0: transfer complete from peer 3 dst=(1,6) totalBytes=2097152 at t=3440317
GPU 0 TB=3 arrived at iteration barrier (8/10) leaving iter=2 t=3440317
Node 2 chan 1: transfer complete from peer 1 dst=(1,3) totalBytes=2097152 at t=3440809
GPU 2 TB=3 arrived at iteration barrier (6/10) leaving iter=2 t=3440809
Node 2 chan 0: RDMA send to 3 physically drained (sender side) bid=9 sid=0 iter=2 nElems=524288 at t=3440813
Node 2 chan 0: transfer complete from peer 1 dst=(1,2) totalBytes=2097152 at t=3441477
GPU 2 TB=2 arrived at iteration barrier (7/10) leaving iter=2 t=3441477
Node 3 chan 1: RDMA send to 0 physically drained (sender side) bid=6 sid=0 iter=2 nElems=524288 at t=3443467
Node 3 chan 0: RDMA send to 0 physically drained (sender side) bid=5 sid=0 iter=2 nElems=524288 at t=3444463
GPU 3 TB=8 sid=0 DISPATCHING RunStep t=3444463
GPU 3 TB=7 sid=0 DISPATCHING RunStep t=3444463
Node 3 chan 1: RDMA send to 1 totalBytes=2097152 over 1 lane(s) bid=8 sid=0 iter=2 part=0 rateGBps=0 at t=3444463
Node 3 chan 0: RDMA send to 1 totalBytes=2097152 over 1 lane(s) bid=7 sid=0 iter=2 part=0 rateGBps=0 at t=3444463
GPU 3 TB=8 arrived at iteration barrier (7/10) leaving iter=2 t=3444463
GPU 3 TB=7 arrived at iteration barrier (8/10) leaving iter=2 t=3444463
Node 1 chan 1: RDMA send to 2 physically drained (sender side) bid=7 sid=0 iter=2 nElems=524288 at t=3445270
Node 1 chan 0: RDMA send to 2 physically drained (sender side) bid=6 sid=0 iter=2 nElems=524288 at t=3445606
Node 2 chan 0: transfer complete from peer 3 dst=(1,7) totalBytes=2097152 at t=3451113
GPU 2 TB=4 arrived at iteration barrier (8/10) leaving iter=2 t=3451113
Node 3 chan 0: RDMA send to 2 physically drained (sender side) bid=9 sid=0 iter=2 nElems=524288 at t=3452849
Node 0 chan 1: transfer complete from peer 2 dst=(1,5) totalBytes=2097152 at t=4109191
GPU 0 TB=2 arrived at iteration barrier (9/10) leaving iter=2 t=4109191
Node 2 chan 1: transfer complete from peer 0 dst=(1,1) totalBytes=2097152 at t=4111648
GPU 2 TB=1 arrived at iteration barrier (9/10) leaving iter=2 t=4111648
Node 2 chan 0: transfer complete from peer 0 dst=(1,0) totalBytes=2097152 at t=4111980
GPU 2 TB=0 arrived at iteration barrier (10/10) leaving iter=2 t=4111980
GPU 2: iteration barrier releasing 10 threadblock(s) at t=4111980
GPU 2 TB=0 sid=0 DISPATCHING RunStep t=4111980
GPU 2 TB=1 sid=0 DISPATCHING RunStep t=4111980
GPU 2 TB=2 sid=0 DISPATCHING RunStep t=4111980
GPU 2 TB=3 sid=0 DISPATCHING RunStep t=4111980
GPU 2 TB=4 sid=0 DISPATCHING RunStep t=4111980
GPU 2 TB=5 sid=0 BLOCKED on network completion of TB=7 step=0 needFlag=3072 netFlag=2048 t=4111980
GPU 2 TB=6 sid=0 BLOCKED on network completion of TB=7 step=0 needFlag=3072 netFlag=2048 t=4111980
GPU 2 TB=7 sid=0 DISPATCHING RunStep t=4111980
GPU 2 TB=8 sid=0 DISPATCHING RunStep t=4111980
GPU 2 TB=9 sid=0 DISPATCHING RunStep t=4111980
Node 2 chan 0: RDMA send to 1 totalBytes=2097152 over 1 lane(s) bid=7 sid=0 iter=3 part=0 rateGBps=0 at t=4111980
Node 2 chan 1: RDMA send to 1 totalBytes=2097152 over 1 lane(s) bid=8 sid=0 iter=3 part=0 rateGBps=0 at t=4111980
Node 2 chan 0: RDMA send to 3 totalBytes=2097152 over 1 lane(s) bid=9 sid=0 iter=3 part=0 rateGBps=0 at t=4111980
Node 2 chan 0: RDMA send to 3 totalBytes=2097152 over 1 lane(s) bid=9 sid=0 iter=3 part=1 rateGBps=0 at t=4111980
GPU 2 TB=7 arrived at iteration barrier (1/10) leaving iter=3 t=4111980
GPU 2 TB=8 arrived at iteration barrier (2/10) leaving iter=3 t=4111980
GPU 2 TB=9 arrived at iteration barrier (3/10) leaving iter=3 t=4111980
Node 2 chan 1: RDMA send to 0 physically drained (sender side) bid=6 sid=0 iter=2 nElems=524288 at t=4112989
Node 0 chan 0: transfer complete from peer 2 dst=(1,4) totalBytes=2097152 at t=4113375
GPU 0 TB=1 arrived at iteration barrier (10/10) leaving iter=2 t=4113375
GPU 0: iteration barrier releasing 10 threadblock(s) at t=4113375
GPU 0 TB=0 sid=0 DISPATCHING RunStep t=4113375
GPU 0 TB=1 sid=0 DISPATCHING RunStep t=4113375
GPU 0 TB=2 sid=0 DISPATCHING RunStep t=4113375
GPU 0 TB=3 sid=0 DISPATCHING RunStep t=4113375
GPU 0 TB=4 sid=0 DISPATCHING RunStep t=4113375
GPU 0 TB=5 sid=0 DISPATCHING RunStep t=4113375
GPU 0 TB=6 sid=0 BLOCKED on network completion of TB=5 step=0 needFlag=3072 netFlag=2048 t=4113375
GPU 0 TB=7 sid=0 BLOCKED on network completion of TB=5 step=0 needFlag=3072 netFlag=2048 t=4113375
GPU 0 TB=8 sid=0 DISPATCHING RunStep t=4113375
GPU 0 TB=9 sid=0 DISPATCHING RunStep t=4113375
Node 0 chan 0: RDMA send to 1 totalBytes=2097152 over 1 lane(s) bid=5 sid=0 iter=3 part=0 rateGBps=0 at t=4113375
Node 0 chan 0: RDMA send to 1 totalBytes=2097152 over 1 lane(s) bid=5 sid=0 iter=3 part=1 rateGBps=0 at t=4113375
Node 0 chan 0: RDMA send to 3 totalBytes=2097152 over 1 lane(s) bid=8 sid=0 iter=3 part=0 rateGBps=0 at t=4113375
Node 0 chan 1: RDMA send to 3 totalBytes=2097152 over 1 lane(s) bid=9 sid=0 iter=3 part=0 rateGBps=0 at t=4113375
GPU 0 TB=5 arrived at iteration barrier (1/10) leaving iter=3 t=4113375
GPU 0 TB=8 arrived at iteration barrier (2/10) leaving iter=3 t=4113375
GPU 0 TB=9 arrived at iteration barrier (3/10) leaving iter=3 t=4113375
Node 0 chan 1: RDMA send to 2 physically drained (sender side) bid=7 sid=0 iter=2 nElems=524288 at t=4115712
Node 0 chan 0: RDMA send to 2 physically drained (sender side) bid=6 sid=0 iter=2 nElems=524288 at t=4115721
Node 2 chan 0: RDMA send to 0 physically drained (sender side) bid=5 sid=0 iter=2 nElems=524288 at t=4116201
Node 3 chan 1: transfer complete from peer 1 dst=(1,3) totalBytes=2097152 at t=4116313
GPU 3 TB=3 arrived at iteration barrier (9/10) leaving iter=2 t=4116313
Node 3 chan 0: transfer complete from peer 1 dst=(1,2) totalBytes=2097152 at t=4116645
GPU 3 TB=2 arrived at iteration barrier (10/10) leaving iter=2 t=4116645
GPU 3: iteration barrier releasing 10 threadblock(s) at t=4116645
GPU 3 TB=0 sid=0 DISPATCHING RunStep t=4116645
GPU 3 TB=1 sid=0 DISPATCHING RunStep t=4116645
GPU 3 TB=2 sid=0 DISPATCHING RunStep t=4116645
GPU 3 TB=3 sid=0 DISPATCHING RunStep t=4116645
GPU 3 TB=4 sid=0 DISPATCHING RunStep t=4116645
GPU 3 TB=5 sid=0 DISPATCHING RunStep t=4116645
GPU 3 TB=6 sid=0 DISPATCHING RunStep t=4116645
GPU 3 TB=7 sid=0 BLOCKED on network completion of TB=5 step=0 needFlag=3072 netFlag=2048 t=4116645
GPU 3 TB=8 sid=0 BLOCKED on network completion of TB=5 step=0 needFlag=3072 netFlag=2048 t=4116645
GPU 3 TB=9 sid=0 DISPATCHING RunStep t=4116645
Node 3 chan 0: RDMA send to 0 totalBytes=2097152 over 1 lane(s) bid=5 sid=0 iter=3 part=0 rateGBps=0 at t=4116645
Node 3 chan 1: RDMA send to 0 totalBytes=2097152 over 1 lane(s) bid=6 sid=0 iter=3 part=0 rateGBps=0 at t=4116645
Node 3 chan 0: RDMA send to 2 totalBytes=2097152 over 1 lane(s) bid=9 sid=0 iter=3 part=0 rateGBps=0 at t=4116645
Node 3 chan 0: RDMA send to 2 totalBytes=2097152 over 1 lane(s) bid=9 sid=0 iter=3 part=1 rateGBps=0 at t=4116645
GPU 3 TB=5 arrived at iteration barrier (1/10) leaving iter=3 t=4116645
GPU 3 TB=6 arrived at iteration barrier (2/10) leaving iter=3 t=4116645
GPU 3 TB=9 arrived at iteration barrier (3/10) leaving iter=3 t=4116645
Node 1 chan 1: RDMA send to 3 physically drained (sender side) bid=9 sid=0 iter=2 nElems=524288 at t=4120492
Node 1 chan 0: RDMA send to 3 physically drained (sender side) bid=8 sid=0 iter=2 nElems=524288 at t=4120496
Node 1 chan 1: transfer complete from peer 3 dst=(1,7) totalBytes=2097152 at t=4122156
GPU 1 TB=4 arrived at iteration barrier (9/10) leaving iter=2 t=4122156
Node 1 chan 0: transfer complete from peer 3 dst=(1,6) totalBytes=2097152 at t=4124148
GPU 1 TB=3 arrived at iteration barrier (10/10) leaving iter=2 t=4124148
GPU 1: iteration barrier releasing 10 threadblock(s) at t=4124148
GPU 1 TB=0 sid=0 DISPATCHING RunStep t=4124148
GPU 1 TB=1 sid=0 DISPATCHING RunStep t=4124148
GPU 1 TB=2 sid=0 DISPATCHING RunStep t=4124148
GPU 1 TB=3 sid=0 DISPATCHING RunStep t=4124148
GPU 1 TB=4 sid=0 DISPATCHING RunStep t=4124148
GPU 1 TB=5 sid=0 DISPATCHING RunStep t=4124148
GPU 1 TB=6 sid=0 DISPATCHING RunStep t=4124148
GPU 1 TB=7 sid=0 DISPATCHING RunStep t=4124148
GPU 1 TB=8 sid=0 BLOCKED on network completion of TB=5 step=0 needFlag=3072 netFlag=2048 t=4124148
GPU 1 TB=9 sid=0 BLOCKED on network completion of TB=5 step=0 needFlag=3072 netFlag=2048 t=4124148
Node 1 chan 0: RDMA send to 0 totalBytes=2097152 over 1 lane(s) bid=5 sid=0 iter=3 part=0 rateGBps=0 at t=4124148
Node 1 chan 0: RDMA send to 0 totalBytes=2097152 over 1 lane(s) bid=5 sid=0 iter=3 part=1 rateGBps=0 at t=4124148
Node 1 chan 0: RDMA send to 2 totalBytes=2097152 over 1 lane(s) bid=6 sid=0 iter=3 part=0 rateGBps=0 at t=4124148
Node 1 chan 1: RDMA send to 2 totalBytes=2097152 over 1 lane(s) bid=7 sid=0 iter=3 part=0 rateGBps=0 at t=4124148
GPU 1 TB=5 arrived at iteration barrier (1/10) leaving iter=3 t=4124148
GPU 1 TB=6 arrived at iteration barrier (2/10) leaving iter=3 t=4124148
GPU 1 TB=7 arrived at iteration barrier (3/10) leaving iter=3 t=4124148
Node 3 chan 1: RDMA send to 1 physically drained (sender side) bid=8 sid=0 iter=2 nElems=524288 at t=4126483
Node 3 chan 0: RDMA send to 1 physically drained (sender side) bid=7 sid=0 iter=2 nElems=524288 at t=4128151
Node 3 chan 0: transfer complete from peer 2 dst=(1,4) totalBytes=2097152 at t=4464977
Node 2 chan 0: RDMA send to 3 physically drained (sender side) bid=9 sid=0 iter=3 nElems=524288 at t=4466641
Node 2 chan 0: transfer complete from peer 3 dst=(1,6) totalBytes=2097152 at t=4470297
Node 1 chan 0: transfer complete from peer 0 dst=(1,0) totalBytes=2097152 at t=4471078
Node 3 chan 0: RDMA send to 2 physically drained (sender side) bid=9 sid=0 iter=3 nElems=524288 at t=4471961
Node 0 chan 0: RDMA send to 1 physically drained (sender side) bid=5 sid=0 iter=3 nElems=524288 at t=4472902
Node 0 chan 0: transfer complete from peer 1 dst=(1,2) totalBytes=2097152 at t=4481546
Node 1 chan 0: RDMA send to 0 physically drained (sender side) bid=5 sid=0 iter=3 nElems=524288 at t=4483382
Node 3 chan 1: transfer complete from peer 0 dst=(1,1) totalBytes=2097152 at t=4797933
GPU 3 TB=1 arrived at iteration barrier (4/10) leaving iter=3 t=4797933
Node 3 chan 0: transfer complete from peer 0 dst=(1,0) totalBytes=2097152 at t=4798933
GPU 3 TB=0 arrived at iteration barrier (5/10) leaving iter=3 t=4798933
Node 0 chan 1: RDMA send to 3 physically drained (sender side) bid=9 sid=0 iter=3 nElems=524288 at t=4801762
Node 3 chan 0: transfer complete from peer 2 dst=(1,5) totalBytes=2097152 at t=4802261
GPU 3 TB=4 arrived at iteration barrier (6/10) leaving iter=3 t=4802261
Node 1 chan 1: transfer complete from peer 2 dst=(1,5) totalBytes=2097152 at t=4802590
GPU 1 TB=2 arrived at iteration barrier (4/10) leaving iter=3 t=4802590
Node 0 chan 0: RDMA send to 3 physically drained (sender side) bid=8 sid=0 iter=3 nElems=524288 at t=4803094
Node 2 chan 0: RDMA send to 3 physically drained (sender side) bid=9 sid=0 iter=3 nElems=524288 at t=4803947
Node 1 chan 0: transfer complete from peer 2 dst=(1,4) totalBytes=2097152 at t=4804586
GPU 1 TB=1 arrived at iteration barrier (5/10) leaving iter=3 t=4804586
Node 2 chan 1: RDMA send to 1 physically drained (sender side) bid=8 sid=0 iter=3 nElems=524288 at t=4805611
Node 0 chan 1: transfer complete from peer 3 dst=(1,7) totalBytes=2097152 at t=4806414
GPU 0 TB=4 arrived at iteration barrier (4/10) leaving iter=3 t=4806414
Node 1 chan 0: transfer complete from peer 0 dst=(1,1) totalBytes=2097152 at t=4806910
GPU 1 TB=0 arrived at iteration barrier (6/10) leaving iter=3 t=4806910
Node 2 chan 0: RDMA send to 1 physically drained (sender side) bid=7 sid=0 iter=3 nElems=524288 at t=4807607
GPU 2 TB=6 sid=0 DISPATCHING RunStep t=4807607
GPU 2 TB=5 sid=0 DISPATCHING RunStep t=4807607
Node 2 chan 1: RDMA send to 0 totalBytes=2097152 over 1 lane(s) bid=6 sid=0 iter=3 part=0 rateGBps=0 at t=4807607
Node 2 chan 0: RDMA send to 0 totalBytes=2097152 over 1 lane(s) bid=5 sid=0 iter=3 part=0 rateGBps=0 at t=4807607
GPU 2 TB=6 arrived at iteration barrier (4/10) leaving iter=3 t=4807607
GPU 2 TB=5 arrived at iteration barrier (5/10) leaving iter=3 t=4807607
Node 0 chan 0: RDMA send to 1 physically drained (sender side) bid=5 sid=0 iter=3 nElems=524288 at t=4808414
GPU 0 TB=7 sid=0 DISPATCHING RunStep t=4808414
GPU 0 TB=6 sid=0 DISPATCHING RunStep t=4808414
Node 0 chan 1: RDMA send to 2 totalBytes=2097152 over 1 lane(s) bid=7 sid=0 iter=3 part=0 rateGBps=0 at t=4808414
Node 0 chan 0: RDMA send to 2 totalBytes=2097152 over 1 lane(s) bid=6 sid=0 iter=3 part=0 rateGBps=0 at t=4808414
GPU 0 TB=7 arrived at iteration barrier (5/10) leaving iter=3 t=4808414
GPU 0 TB=6 arrived at iteration barrier (6/10) leaving iter=3 t=4808414
Node 3 chan 1: RDMA send to 0 physically drained (sender side) bid=6 sid=0 iter=3 nElems=524288 at t=4809240
Node 2 chan 0: transfer complete from peer 3 dst=(1,7) totalBytes=2097152 at t=4809267
GPU 2 TB=4 arrived at iteration barrier (6/10) leaving iter=3 t=4809267
Node 0 chan 0: transfer complete from peer 3 dst=(1,6) totalBytes=2097152 at t=4809410
GPU 0 TB=3 arrived at iteration barrier (7/10) leaving iter=3 t=4809410
Node 2 chan 1: transfer complete from peer 1 dst=(1,3) totalBytes=2097152 at t=4810263
GPU 2 TB=3 arrived at iteration barrier (7/10) leaving iter=3 t=4810263
Node 2 chan 0: transfer complete from peer 1 dst=(1,2) totalBytes=2097152 at t=4810595
GPU 2 TB=2 arrived at iteration barrier (8/10) leaving iter=3 t=4810595
Node 3 chan 0: RDMA send to 2 physically drained (sender side) bid=9 sid=0 iter=3 nElems=524288 at t=4810675
Node 3 chan 0: RDMA send to 0 physically drained (sender side) bid=5 sid=0 iter=3 nElems=524288 at t=4813551
GPU 3 TB=8 sid=0 DISPATCHING RunStep t=4813551
GPU 3 TB=7 sid=0 DISPATCHING RunStep t=4813551
Node 3 chan 1: RDMA send to 1 totalBytes=2097152 over 1 lane(s) bid=8 sid=0 iter=3 part=0 rateGBps=0 at t=4813551
Node 3 chan 0: RDMA send to 1 totalBytes=2097152 over 1 lane(s) bid=7 sid=0 iter=3 part=0 rateGBps=0 at t=4813551
GPU 3 TB=8 arrived at iteration barrier (7/10) leaving iter=3 t=4813551
GPU 3 TB=7 arrived at iteration barrier (8/10) leaving iter=3 t=4813551
Node 0 chan 0: transfer complete from peer 1 dst=(1,3) totalBytes=2097152 at t=4814390
GPU 0 TB=0 arrived at iteration barrier (8/10) leaving iter=3 t=4814390
Node 1 chan 1: RDMA send to 2 physically drained (sender side) bid=7 sid=0 iter=3 nElems=524288 at t=4814408
Node 1 chan 0: RDMA send to 2 physically drained (sender side) bid=6 sid=0 iter=3 nElems=524288 at t=4814744
Node 1 chan 0: RDMA send to 0 physically drained (sender side) bid=5 sid=0 iter=3 nElems=524288 at t=4815810
GPU 1 TB=9 sid=0 DISPATCHING RunStep t=4815810
GPU 1 TB=8 sid=0 DISPATCHING RunStep t=4815810
Node 1 chan 1: RDMA send to 3 totalBytes=2097152 over 1 lane(s) bid=9 sid=0 iter=3 part=0 rateGBps=0 at t=4815810
Node 1 chan 0: RDMA send to 3 totalBytes=2097152 over 1 lane(s) bid=8 sid=0 iter=3 part=0 rateGBps=0 at t=4815810
GPU 1 TB=9 arrived at iteration barrier (7/10) leaving iter=3 t=4815810
GPU 1 TB=8 arrived at iteration barrier (8/10) leaving iter=3 t=4815810
Node 2 chan 1: transfer complete from peer 0 dst=(1,1) totalBytes=2097152 at t=5485050
GPU 2 TB=1 arrived at iteration barrier (9/10) leaving iter=3 t=5485050
Node 2 chan 0: transfer complete from peer 0 dst=(1,0) totalBytes=2097152 at t=5485382
GPU 2 TB=0 arrived at iteration barrier (10/10) leaving iter=3 t=5485382
GPU 2: iteration barrier releasing 10 threadblock(s) at t=5485382
GPU 2 TB=0 sid=0 DISPATCHING RunStep t=5485382
GPU 2 TB=1 sid=0 DISPATCHING RunStep t=5485382
GPU 2 TB=2 sid=0 DISPATCHING RunStep t=5485382
GPU 2 TB=3 sid=0 DISPATCHING RunStep t=5485382
GPU 2 TB=4 sid=0 DISPATCHING RunStep t=5485382
GPU 2 TB=5 sid=0 BLOCKED on network completion of TB=7 step=0 needFlag=4096 netFlag=3072 t=5485382
GPU 2 TB=6 sid=0 BLOCKED on network completion of TB=7 step=0 needFlag=4096 netFlag=3072 t=5485382
GPU 2 TB=7 sid=0 DISPATCHING RunStep t=5485382
GPU 2 TB=8 sid=0 DISPATCHING RunStep t=5485382
GPU 2 TB=9 sid=0 DISPATCHING RunStep t=5485382
Node 2 chan 0: RDMA send to 1 totalBytes=2097152 over 1 lane(s) bid=7 sid=0 iter=4 part=0 rateGBps=0 at t=5485382
Node 2 chan 1: RDMA send to 1 totalBytes=2097152 over 1 lane(s) bid=8 sid=0 iter=4 part=0 rateGBps=0 at t=5485382
Node 2 chan 0: RDMA send to 3 totalBytes=2097152 over 1 lane(s) bid=9 sid=0 iter=4 part=0 rateGBps=0 at t=5485382
Node 2 chan 0: RDMA send to 3 totalBytes=2097152 over 1 lane(s) bid=9 sid=0 iter=4 part=1 rateGBps=0 at t=5485382
GPU 2 TB=7 arrived at iteration barrier (1/10) leaving iter=4 t=5485382
GPU 2 TB=8 arrived at iteration barrier (2/10) leaving iter=4 t=5485382
GPU 2 TB=9 arrived at iteration barrier (3/10) leaving iter=4 t=5485382
Node 0 chan 1: transfer complete from peer 2 dst=(1,5) totalBytes=2097152 at t=5488289
GPU 0 TB=2 arrived at iteration barrier (9/10) leaving iter=3 t=5488289
Node 0 chan 1: RDMA send to 2 physically drained (sender side) bid=7 sid=0 iter=3 nElems=524288 at t=5489145
Node 0 chan 0: transfer complete from peer 2 dst=(1,4) totalBytes=2097152 at t=5489814
GPU 0 TB=1 arrived at iteration barrier (10/10) leaving iter=3 t=5489814
GPU 0: iteration barrier releasing 10 threadblock(s) at t=5489814
GPU 0 TB=0 sid=0 DISPATCHING RunStep t=5489814
GPU 0 TB=1 sid=0 DISPATCHING RunStep t=5489814
GPU 0 TB=2 sid=0 DISPATCHING RunStep t=5489814
GPU 0 TB=3 sid=0 DISPATCHING RunStep t=5489814
GPU 0 TB=4 sid=0 DISPATCHING RunStep t=5489814
GPU 0 TB=5 sid=0 DISPATCHING RunStep t=5489814
GPU 0 TB=6 sid=0 BLOCKED on network completion of TB=5 step=0 needFlag=4096 netFlag=3072 t=5489814
GPU 0 TB=7 sid=0 BLOCKED on network completion of TB=5 step=0 needFlag=4096 netFlag=3072 t=5489814
GPU 0 TB=8 sid=0 DISPATCHING RunStep t=5489814
GPU 0 TB=9 sid=0 DISPATCHING RunStep t=5489814
Node 0 chan 0: RDMA send to 1 totalBytes=2097152 over 1 lane(s) bid=5 sid=0 iter=4 part=0 rateGBps=0 at t=5489814
Node 0 chan 0: RDMA send to 1 totalBytes=2097152 over 1 lane(s) bid=5 sid=0 iter=4 part=1 rateGBps=0 at t=5489814
Node 0 chan 0: RDMA send to 3 totalBytes=2097152 over 1 lane(s) bid=8 sid=0 iter=4 part=0 rateGBps=0 at t=5489814
Node 0 chan 1: RDMA send to 3 totalBytes=2097152 over 1 lane(s) bid=9 sid=0 iter=4 part=0 rateGBps=0 at t=5489814
GPU 0 TB=5 arrived at iteration barrier (1/10) leaving iter=4 t=5489814
GPU 0 TB=8 arrived at iteration barrier (2/10) leaving iter=4 t=5489814
GPU 0 TB=9 arrived at iteration barrier (3/10) leaving iter=4 t=5489814
Node 0 chan 0: RDMA send to 2 physically drained (sender side) bid=6 sid=0 iter=3 nElems=524288 at t=5489818
Node 1 chan 1: transfer complete from peer 3 dst=(1,7) totalBytes=2097152 at t=5492273
GPU 1 TB=4 arrived at iteration barrier (9/10) leaving iter=3 t=5492273
Node 2 chan 1: RDMA send to 0 physically drained (sender side) bid=6 sid=0 iter=3 nElems=524288 at t=5492367
Node 2 chan 0: RDMA send to 0 physically drained (sender side) bid=5 sid=0 iter=3 nElems=524288 at t=5493704
Node 1 chan 0: transfer complete from peer 3 dst=(1,6) totalBytes=2097152 at t=5494601
GPU 1 TB=3 arrived at iteration barrier (10/10) leaving iter=3 t=5494601
GPU 1: iteration barrier releasing 10 threadblock(s) at t=5494601
GPU 1 TB=0 sid=0 DISPATCHING RunStep t=5494601
GPU 1 TB=1 sid=0 DISPATCHING RunStep t=5494601
GPU 1 TB=2 sid=0 DISPATCHING RunStep t=5494601
GPU 1 TB=3 sid=0 DISPATCHING RunStep t=5494601
GPU 1 TB=4 sid=0 DISPATCHING RunStep t=5494601
GPU 1 TB=5 sid=0 DISPATCHING RunStep t=5494601
GPU 1 TB=6 sid=0 DISPATCHING RunStep t=5494601
GPU 1 TB=7 sid=0 DISPATCHING RunStep t=5494601
GPU 1 TB=8 sid=0 BLOCKED on network completion of TB=5 step=0 needFlag=4096 netFlag=3072 t=5494601
GPU 1 TB=9 sid=0 BLOCKED on network completion of TB=5 step=0 needFlag=4096 netFlag=3072 t=5494601
Node 1 chan 0: RDMA send to 0 totalBytes=2097152 over 1 lane(s) bid=5 sid=0 iter=4 part=0 rateGBps=0 at t=5494601
Node 1 chan 0: RDMA send to 0 totalBytes=2097152 over 1 lane(s) bid=5 sid=0 iter=4 part=1 rateGBps=0 at t=5494601
Node 1 chan 0: RDMA send to 2 totalBytes=2097152 over 1 lane(s) bid=6 sid=0 iter=4 part=0 rateGBps=0 at t=5494601
Node 1 chan 1: RDMA send to 2 totalBytes=2097152 over 1 lane(s) bid=7 sid=0 iter=4 part=0 rateGBps=0 at t=5494601
GPU 1 TB=5 arrived at iteration barrier (1/10) leaving iter=4 t=5494601
GPU 1 TB=6 arrived at iteration barrier (2/10) leaving iter=4 t=5494601
GPU 1 TB=7 arrived at iteration barrier (3/10) leaving iter=4 t=5494601
Node 3 chan 1: transfer complete from peer 1 dst=(1,3) totalBytes=2097152 at t=5495682
GPU 3 TB=3 arrived at iteration barrier (9/10) leaving iter=3 t=5495682
Node 3 chan 1: RDMA send to 1 physically drained (sender side) bid=8 sid=0 iter=3 nElems=524288 at t=5495686
Node 3 chan 0: transfer complete from peer 1 dst=(1,2) totalBytes=2097152 at t=5496350
GPU 3 TB=2 arrived at iteration barrier (10/10) leaving iter=3 t=5496350
GPU 3: iteration barrier releasing 10 threadblock(s) at t=5496350
GPU 3 TB=0 sid=0 DISPATCHING RunStep t=5496350
GPU 3 TB=1 sid=0 DISPATCHING RunStep t=5496350
GPU 3 TB=2 sid=0 DISPATCHING RunStep t=5496350
GPU 3 TB=3 sid=0 DISPATCHING RunStep t=5496350
GPU 3 TB=4 sid=0 DISPATCHING RunStep t=5496350
GPU 3 TB=5 sid=0 DISPATCHING RunStep t=5496350
GPU 3 TB=6 sid=0 DISPATCHING RunStep t=5496350
GPU 3 TB=7 sid=0 BLOCKED on network completion of TB=5 step=0 needFlag=4096 netFlag=3072 t=5496350
GPU 3 TB=8 sid=0 BLOCKED on network completion of TB=5 step=0 needFlag=4096 netFlag=3072 t=5496350
GPU 3 TB=9 sid=0 DISPATCHING RunStep t=5496350
Node 3 chan 0: RDMA send to 0 totalBytes=2097152 over 1 lane(s) bid=5 sid=0 iter=4 part=0 rateGBps=0 at t=5496350
Node 3 chan 1: RDMA send to 0 totalBytes=2097152 over 1 lane(s) bid=6 sid=0 iter=4 part=0 rateGBps=0 at t=5496350
Node 3 chan 0: RDMA send to 2 totalBytes=2097152 over 1 lane(s) bid=9 sid=0 iter=4 part=0 rateGBps=0 at t=5496350
Node 3 chan 0: RDMA send to 2 totalBytes=2097152 over 1 lane(s) bid=9 sid=0 iter=4 part=1 rateGBps=0 at t=5496350
GPU 3 TB=5 arrived at iteration barrier (1/10) leaving iter=4 t=5496350
GPU 3 TB=6 arrived at iteration barrier (2/10) leaving iter=4 t=5496350
GPU 3 TB=9 arrived at iteration barrier (3/10) leaving iter=4 t=5496350
Node 3 chan 0: RDMA send to 1 physically drained (sender side) bid=7 sid=0 iter=3 nElems=524288 at t=5498678
Node 1 chan 1: RDMA send to 3 physically drained (sender side) bid=9 sid=0 iter=3 nElems=524288 at t=5499589
Node 1 chan 0: RDMA send to 3 physically drained (sender side) bid=8 sid=0 iter=3 nElems=524288 at t=5500257
Node 3 chan 0: transfer complete from peer 2 dst=(1,4) totalBytes=2097152 at t=5846101
Node 2 chan 0: RDMA send to 3 physically drained (sender side) bid=9 sid=0 iter=4 nElems=524288 at t=5847874
Node 1 chan 0: transfer complete from peer 0 dst=(1,0) totalBytes=2097152 at t=5847965
Node 0 chan 0: RDMA send to 1 physically drained (sender side) bid=5 sid=0 iter=4 nElems=524288 at t=5849457
Node 0 chan 0: transfer complete from peer 1 dst=(1,2) totalBytes=2097152 at t=5851117
Node 1 chan 0: RDMA send to 0 physically drained (sender side) bid=5 sid=0 iter=4 nElems=524288 at t=5852953
Node 2 chan 0: transfer complete from peer 3 dst=(1,6) totalBytes=2097152 at t=5853862
Node 3 chan 0: RDMA send to 2 physically drained (sender side) bid=9 sid=0 iter=4 nElems=524288 at t=5855741
Node 1 chan 0: transfer complete from peer 2 dst=(1,4) totalBytes=2097152 at t=6167850
GPU 1 TB=1 arrived at iteration barrier (4/10) leaving iter=4 t=6167850
Node 2 chan 0: RDMA send to 1 physically drained (sender side) bid=7 sid=0 iter=4 nElems=524288 at t=6172082
GPU 2 TB=6 sid=0 DISPATCHING RunStep t=6172082
GPU 2 TB=5 sid=0 DISPATCHING RunStep t=6172082
Node 2 chan 1: RDMA send to 0 totalBytes=2097152 over 1 lane(s) bid=6 sid=0 iter=4 part=0 rateGBps=0 at t=6172082
Node 2 chan 0: RDMA send to 0 totalBytes=2097152 over 1 lane(s) bid=5 sid=0 iter=4 part=0 rateGBps=0 at t=6172082
GPU 2 TB=6 arrived at iteration barrier (4/10) leaving iter=4 t=6172082
GPU 2 TB=5 arrived at iteration barrier (5/10) leaving iter=4 t=6172082
Node 1 chan 1: transfer complete from peer 2 dst=(1,5) totalBytes=2097152 at t=6173502
GPU 1 TB=2 arrived at iteration barrier (5/10) leaving iter=4 t=6173502
Node 2 chan 1: RDMA send to 1 physically drained (sender side) bid=8 sid=0 iter=4 nElems=524288 at t=6176738
Node 3 chan 1: transfer complete from peer 0 dst=(1,1) totalBytes=2097152 at t=6177281
GPU 3 TB=1 arrived at iteration barrier (4/10) leaving iter=4 t=6177281
Node 1 chan 0: transfer complete from peer 0 dst=(1,1) totalBytes=2097152 at t=6179158
GPU 1 TB=0 arrived at iteration barrier (6/10) leaving iter=4 t=6179158
Node 3 chan 0: transfer complete from peer 0 dst=(1,0) totalBytes=2097152 at t=6179277
GPU 3 TB=0 arrived at iteration barrier (5/10) leaving iter=4 t=6179277
Node 3 chan 0: transfer complete from peer 2 dst=(1,5) totalBytes=2097152 at t=6180609
GPU 3 TB=4 arrived at iteration barrier (6/10) leaving iter=4 t=6180609
Node 0 chan 0: RDMA send to 1 physically drained (sender side) bid=5 sid=0 iter=4 nElems=524288 at t=6180645
GPU 0 TB=7 sid=0 DISPATCHING RunStep t=6180645
GPU 0 TB=6 sid=0 DISPATCHING RunStep t=6180645
Node 0 chan 1: RDMA send to 2 totalBytes=2097152 over 1 lane(s) bid=7 sid=0 iter=4 part=0 rateGBps=0 at t=6180645
Node 0 chan 0: RDMA send to 2 totalBytes=2097152 over 1 lane(s) bid=6 sid=0 iter=4 part=0 rateGBps=0 at t=6180645
GPU 0 TB=7 arrived at iteration barrier (4/10) leaving iter=4 t=6180645
GPU 0 TB=6 arrived at iteration barrier (5/10) leaving iter=4 t=6180645
Node 0 chan 1: RDMA send to 3 physically drained (sender side) bid=9 sid=0 iter=4 nElems=524288 at t=6180981
Node 0 chan 1: transfer complete from peer 3 dst=(1,7) totalBytes=2097152 at t=6181313
GPU 0 TB=4 arrived at iteration barrier (6/10) leaving iter=4 t=6181313
Node 2 chan 0: RDMA send to 3 physically drained (sender side) bid=9 sid=0 iter=4 nElems=524288 at t=6182058
Node 0 chan 0: RDMA send to 3 physically drained (sender side) bid=8 sid=0 iter=4 nElems=524288 at t=6182977
Node 0 chan 0: transfer complete from peer 3 dst=(1,6) totalBytes=2097152 at t=6183641
GPU 0 TB=3 arrived at iteration barrier (7/10) leaving iter=4 t=6183641
Node 2 chan 0: transfer complete from peer 1 dst=(1,2) totalBytes=2097152 at t=6183718
GPU 2 TB=2 arrived at iteration barrier (6/10) leaving iter=4 t=6183718
Node 2 chan 1: transfer complete from peer 1 dst=(1,3) totalBytes=2097152 at t=6184050
GPU 2 TB=3 arrived at iteration barrier (7/10) leaving iter=4 t=6184050
Node 3 chan 1: RDMA send to 0 physically drained (sender side) bid=6 sid=0 iter=4 nElems=524288 at t=6185450
Node 1 chan 1: RDMA send to 2 physically drained (sender side) bid=7 sid=0 iter=4 nElems=524288 at t=6187542
Node 2 chan 0: transfer complete from peer 3 dst=(1,7) totalBytes=2097152 at t=6187702
GPU 2 TB=4 arrived at iteration barrier (8/10) leaving iter=4 t=6187702
Node 3 chan 0: RDMA send to 0 physically drained (sender side) bid=5 sid=0 iter=4 nElems=524288 at t=6187778
GPU 3 TB=8 sid=0 DISPATCHING RunStep t=6187778
GPU 3 TB=7 sid=0 DISPATCHING RunStep t=6187778
Node 3 chan 1: RDMA send to 1 totalBytes=2097152 over 1 lane(s) bid=8 sid=0 iter=4 part=0 rateGBps=0 at t=6187778
Node 3 chan 0: RDMA send to 1 totalBytes=2097152 over 1 lane(s) bid=7 sid=0 iter=4 part=0 rateGBps=0 at t=6187778
GPU 3 TB=8 arrived at iteration barrier (7/10) leaving iter=4 t=6187778
GPU 3 TB=7 arrived at iteration barrier (8/10) leaving iter=4 t=6187778
Node 1 chan 0: RDMA send to 2 physically drained (sender side) bid=6 sid=0 iter=4 nElems=524288 at t=6187855
Node 3 chan 0: RDMA send to 2 physically drained (sender side) bid=9 sid=0 iter=4 nElems=524288 at t=6189122
Node 0 chan 0: transfer complete from peer 1 dst=(1,3) totalBytes=2097152 at t=6191941
GPU 0 TB=0 arrived at iteration barrier (8/10) leaving iter=4 t=6191941
Node 1 chan 0: RDMA send to 0 physically drained (sender side) bid=5 sid=0 iter=4 nElems=524288 at t=6193518
GPU 1 TB=9 sid=0 DISPATCHING RunStep t=6193518
GPU 1 TB=8 sid=0 DISPATCHING RunStep t=6193518
Node 1 chan 1: RDMA send to 3 totalBytes=2097152 over 1 lane(s) bid=9 sid=0 iter=4 part=0 rateGBps=0 at t=6193518
Node 1 chan 0: RDMA send to 3 totalBytes=2097152 over 1 lane(s) bid=8 sid=0 iter=4 part=0 rateGBps=0 at t=6193518
GPU 1 TB=9 arrived at iteration barrier (7/10) leaving iter=4 t=6193518
GPU 1 TB=8 arrived at iteration barrier (8/10) leaving iter=4 t=6193518
Node 0 chan 1: transfer complete from peer 2 dst=(1,5) totalBytes=2097152 at t=6848781
GPU 0 TB=2 arrived at iteration barrier (9/10) leaving iter=4 t=6848781
Node 0 chan 0: transfer complete from peer 2 dst=(1,4) totalBytes=2097152 at t=6850305
GPU 0 TB=1 arrived at iteration barrier (10/10) leaving iter=4 t=6850305
GPU 0: iteration barrier releasing 10 threadblock(s) at t=6850305
GPU 0 TB=0 sid=0 DISPATCHING RunStep t=6850305
GPU 0 TB=1 sid=0 DISPATCHING RunStep t=6850305
GPU 0 TB=2 sid=0 DISPATCHING RunStep t=6850305
GPU 0 TB=3 sid=0 DISPATCHING RunStep t=6850305
GPU 0 TB=4 sid=0 DISPATCHING RunStep t=6850305
GPU 0 TB=5 sid=0 DISPATCHING RunStep t=6850305
GPU 0 TB=6 sid=0 BLOCKED on network completion of TB=5 step=0 needFlag=5120 netFlag=4096 t=6850305
GPU 0 TB=7 sid=0 BLOCKED on network completion of TB=5 step=0 needFlag=5120 netFlag=4096 t=6850305
GPU 0 TB=8 sid=0 DISPATCHING RunStep t=6850305
GPU 0 TB=9 sid=0 DISPATCHING RunStep t=6850305
Node 0 chan 0: RDMA send to 1 totalBytes=2097152 over 1 lane(s) bid=5 sid=0 iter=5 part=0 rateGBps=0 at t=6850305
Node 0 chan 0: RDMA send to 1 totalBytes=2097152 over 1 lane(s) bid=5 sid=0 iter=5 part=1 rateGBps=0 at t=6850305
Node 0 chan 0: RDMA send to 3 totalBytes=2097152 over 1 lane(s) bid=8 sid=0 iter=5 part=0 rateGBps=0 at t=6850305
Node 0 chan 1: RDMA send to 3 totalBytes=2097152 over 1 lane(s) bid=9 sid=0 iter=5 part=0 rateGBps=0 at t=6850305
GPU 0 TB=5 arrived at iteration barrier (1/10) leaving iter=5 t=6850305
GPU 0 TB=8 arrived at iteration barrier (2/10) leaving iter=5 t=6850305
GPU 0 TB=9 arrived at iteration barrier (3/10) leaving iter=5 t=6850305
Node 2 chan 1: transfer complete from peer 0 dst=(1,1) totalBytes=2097152 at t=6851973
GPU 2 TB=1 arrived at iteration barrier (9/10) leaving iter=4 t=6851973
Node 2 chan 0: transfer complete from peer 0 dst=(1,0) totalBytes=2097152 at t=6852305
GPU 2 TB=0 arrived at iteration barrier (10/10) leaving iter=4 t=6852305
GPU 2: iteration barrier releasing 10 threadblock(s) at t=6852305
GPU 2 TB=0 sid=0 DISPATCHING RunStep t=6852305
GPU 2 TB=1 sid=0 DISPATCHING RunStep t=6852305
GPU 2 TB=2 sid=0 DISPATCHING RunStep t=6852305
GPU 2 TB=3 sid=0 DISPATCHING RunStep t=6852305
GPU 2 TB=4 sid=0 DISPATCHING RunStep t=6852305
GPU 2 TB=5 sid=0 BLOCKED on network completion of TB=7 step=0 needFlag=5120 netFlag=4096 t=6852305
GPU 2 TB=6 sid=0 BLOCKED on network completion of TB=7 step=0 needFlag=5120 netFlag=4096 t=6852305
GPU 2 TB=7 sid=0 DISPATCHING RunStep t=6852305
GPU 2 TB=8 sid=0 DISPATCHING RunStep t=6852305
GPU 2 TB=9 sid=0 DISPATCHING RunStep t=6852305
Node 2 chan 0: RDMA send to 1 totalBytes=2097152 over 1 lane(s) bid=7 sid=0 iter=5 part=0 rateGBps=0 at t=6852305
Node 2 chan 1: RDMA send to 1 totalBytes=2097152 over 1 lane(s) bid=8 sid=0 iter=5 part=0 rateGBps=0 at t=6852305
Node 2 chan 0: RDMA send to 3 totalBytes=2097152 over 1 lane(s) bid=9 sid=0 iter=5 part=0 rateGBps=0 at t=6852305
Node 2 chan 0: RDMA send to 3 totalBytes=2097152 over 1 lane(s) bid=9 sid=0 iter=5 part=1 rateGBps=0 at t=6852305
GPU 2 TB=7 arrived at iteration barrier (1/10) leaving iter=5 t=6852305
GPU 2 TB=8 arrived at iteration barrier (2/10) leaving iter=5 t=6852305
GPU 2 TB=9 arrived at iteration barrier (3/10) leaving iter=5 t=6852305
Node 2 chan 1: RDMA send to 0 physically drained (sender side) bid=6 sid=0 iter=4 nElems=524288 at t=6852650
Node 2 chan 0: RDMA send to 0 physically drained (sender side) bid=5 sid=0 iter=4 nElems=524288 at t=6853987
Node 0 chan 1: RDMA send to 2 physically drained (sender side) bid=7 sid=0 iter=4 nElems=524288 at t=6855971
Node 0 chan 0: RDMA send to 2 physically drained (sender side) bid=6 sid=0 iter=4 nElems=524288 at t=6855980
Node 1 chan 1: transfer complete from peer 3 dst=(1,7) totalBytes=2097152 at t=6859074
GPU 1 TB=4 arrived at iteration barrier (9/10) leaving iter=4 t=6859074
Node 1 chan 0: transfer complete from peer 3 dst=(1,6) totalBytes=2097152 at t=6861066
GPU 1 TB=3 arrived at iteration barrier (10/10) leaving iter=4 t=6861066
GPU 1: iteration barrier releasing 10 threadblock(s) at t=6861066
GPU 1 TB=0 sid=0 DISPATCHING RunStep t=6861066
GPU 1 TB=1 sid=0 DISPATCHING RunStep t=6861066
GPU 1 TB=2 sid=0 DISPATCHING RunStep t=6861066
GPU 1 TB=3 sid=0 DISPATCHING RunStep t=6861066
GPU 1 TB=4 sid=0 DISPATCHING RunStep t=6861066
GPU 1 TB=5 sid=0 DISPATCHING RunStep t=6861066
GPU 1 TB=6 sid=0 DISPATCHING RunStep t=6861066
GPU 1 TB=7 sid=0 DISPATCHING RunStep t=6861066
GPU 1 TB=8 sid=0 BLOCKED on network completion of TB=5 step=0 needFlag=5120 netFlag=4096 t=6861066
GPU 1 TB=9 sid=0 BLOCKED on network completion of TB=5 step=0 needFlag=5120 netFlag=4096 t=6861066
Node 1 chan 0: RDMA send to 0 totalBytes=2097152 over 1 lane(s) bid=5 sid=0 iter=5 part=0 rateGBps=0 at t=6861066
Node 1 chan 0: RDMA send to 0 totalBytes=2097152 over 1 lane(s) bid=5 sid=0 iter=5 part=1 rateGBps=0 at t=6861066
Node 1 chan 0: RDMA send to 2 totalBytes=2097152 over 1 lane(s) bid=6 sid=0 iter=5 part=0 rateGBps=0 at t=6861066
Node 1 chan 1: RDMA send to 2 totalBytes=2097152 over 1 lane(s) bid=7 sid=0 iter=5 part=0 rateGBps=0 at t=6861066
GPU 1 TB=5 arrived at iteration barrier (1/10) leaving iter=5 t=6861066
GPU 1 TB=6 arrived at iteration barrier (2/10) leaving iter=5 t=6861066
GPU 1 TB=7 arrived at iteration barrier (3/10) leaving iter=5 t=6861066
Node 3 chan 1: RDMA send to 1 physically drained (sender side) bid=8 sid=0 iter=4 nElems=524288 at t=6862950
Node 3 chan 0: RDMA send to 1 physically drained (sender side) bid=7 sid=0 iter=4 nElems=524288 at t=6865278
Node 3 chan 1: transfer complete from peer 1 dst=(1,3) totalBytes=2097152 at t=6874242
GPU 3 TB=3 arrived at iteration barrier (9/10) leaving iter=4 t=6874242
Node 3 chan 0: transfer complete from peer 1 dst=(1,2) totalBytes=2097152 at t=6875570
GPU 3 TB=2 arrived at iteration barrier (10/10) leaving iter=4 t=6875570
GPU 3: iteration barrier releasing 10 threadblock(s) at t=6875570
GPU 3 TB=0 sid=0 DISPATCHING RunStep t=6875570
GPU 3 TB=1 sid=0 DISPATCHING RunStep t=6875570
GPU 3 TB=2 sid=0 DISPATCHING RunStep t=6875570
GPU 3 TB=3 sid=0 DISPATCHING RunStep t=6875570
GPU 3 TB=4 sid=0 DISPATCHING RunStep t=6875570
GPU 3 TB=5 sid=0 DISPATCHING RunStep t=6875570
GPU 3 TB=6 sid=0 DISPATCHING RunStep t=6875570
GPU 3 TB=7 sid=0 BLOCKED on network completion of TB=5 step=0 needFlag=5120 netFlag=4096 t=6875570
GPU 3 TB=8 sid=0 BLOCKED on network completion of TB=5 step=0 needFlag=5120 netFlag=4096 t=6875570
GPU 3 TB=9 sid=0 DISPATCHING RunStep t=6875570
Node 3 chan 0: RDMA send to 0 totalBytes=2097152 over 1 lane(s) bid=5 sid=0 iter=5 part=0 rateGBps=0 at t=6875570
Node 3 chan 1: RDMA send to 0 totalBytes=2097152 over 1 lane(s) bid=6 sid=0 iter=5 part=0 rateGBps=0 at t=6875570
Node 3 chan 0: RDMA send to 2 totalBytes=2097152 over 1 lane(s) bid=9 sid=0 iter=5 part=0 rateGBps=0 at t=6875570
Node 3 chan 0: RDMA send to 2 totalBytes=2097152 over 1 lane(s) bid=9 sid=0 iter=5 part=1 rateGBps=0 at t=6875570
GPU 3 TB=5 arrived at iteration barrier (1/10) leaving iter=5 t=6875570
GPU 3 TB=6 arrived at iteration barrier (2/10) leaving iter=5 t=6875570
GPU 3 TB=9 arrived at iteration barrier (3/10) leaving iter=5 t=6875570
Node 1 chan 1: RDMA send to 3 physically drained (sender side) bid=9 sid=0 iter=4 nElems=524288 at t=6878686
Node 1 chan 0: RDMA send to 3 physically drained (sender side) bid=8 sid=0 iter=4 nElems=524288 at t=6880018
Node 1 chan 0: transfer complete from peer 0 dst=(1,0) totalBytes=2097152 at t=7203558
Node 0 chan 0: RDMA send to 1 physically drained (sender side) bid=5 sid=0 iter=5 nElems=524288 at t=7205392
Node 3 chan 0: transfer complete from peer 2 dst=(1,4) totalBytes=2097152 at t=7213105
Node 2 chan 0: RDMA send to 3 physically drained (sender side) bid=9 sid=0 iter=5 nElems=524288 at t=7215114
Node 0 chan 0: transfer complete from peer 1 dst=(1,2) totalBytes=2097152 at t=7215704
Node 1 chan 0: RDMA send to 0 physically drained (sender side) bid=5 sid=0 iter=5 nElems=524288 at t=7217522
Node 2 chan 0: transfer complete from peer 3 dst=(1,6) totalBytes=2097152 at t=7234062
Node 3 chan 0: RDMA send to 2 physically drained (sender side) bid=9 sid=0 iter=5 nElems=524288 at t=7236049
Node 1 chan 0: transfer complete from peer 2 dst=(1,4) totalBytes=2097152 at t=7534402
GPU 1 TB=1 arrived at iteration barrier (4/10) leaving iter=5 t=7534402
Node 1 chan 0: transfer complete from peer 0 dst=(1,1) totalBytes=2097152 at t=7538730
GPU 1 TB=0 arrived at iteration barrier (5/10) leaving iter=5 t=7538730
Node 2 chan 0: RDMA send to 1 physically drained (sender side) bid=7 sid=0 iter=5 nElems=524288 at t=7538740
GPU 2 TB=6 sid=0 DISPATCHING RunStep t=7538740
GPU 2 TB=5 sid=0 DISPATCHING RunStep t=7538740
Node 2 chan 1: RDMA send to 0 totalBytes=2097152 over 1 lane(s) bid=6 sid=0 iter=5 part=0 rateGBps=0 at t=7538740
Node 2 chan 0: RDMA send to 0 totalBytes=2097152 over 1 lane(s) bid=5 sid=0 iter=5 part=0 rateGBps=0 at t=7538740
GPU 2 TB=6 arrived at iteration barrier (4/10) leaving iter=5 t=7538740
GPU 2 TB=5 arrived at iteration barrier (5/10) leaving iter=5 t=7538740
Node 1 chan 1: transfer complete from peer 2 dst=(1,5) totalBytes=2097152 at t=7539394
GPU 1 TB=2 arrived at iteration barrier (6/10) leaving iter=5 t=7539394
Node 0 chan 0: RDMA send to 1 physically drained (sender side) bid=5 sid=0 iter=5 nElems=524288 at t=7540572
GPU 0 TB=7 sid=0 DISPATCHING RunStep t=7540572
GPU 0 TB=6 sid=0 DISPATCHING RunStep t=7540572
Node 0 chan 1: RDMA send to 2 totalBytes=2097152 over 1 lane(s) bid=7 sid=0 iter=5 part=0 rateGBps=0 at t=7540572
Node 0 chan 0: RDMA send to 2 totalBytes=2097152 over 1 lane(s) bid=6 sid=0 iter=5 part=0 rateGBps=0 at t=7540572
GPU 0 TB=7 arrived at iteration barrier (4/10) leaving iter=5 t=7540572
GPU 0 TB=6 arrived at iteration barrier (5/10) leaving iter=5 t=7540572
Node 2 chan 1: RDMA send to 1 physically drained (sender side) bid=8 sid=0 iter=5 nElems=524288 at t=7543728
Node 3 chan 1: transfer complete from peer 0 dst=(1,1) totalBytes=2097152 at t=7549051
GPU 3 TB=1 arrived at iteration barrier (4/10) leaving iter=5 t=7549051
Node 3 chan 0: transfer complete from peer 2 dst=(1,5) totalBytes=2097152 at t=7549387
GPU 3 TB=4 arrived at iteration barrier (5/10) leaving iter=5 t=7549387
Node 3 chan 0: transfer complete from peer 0 dst=(1,0) totalBytes=2097152 at t=7550051
GPU 3 TB=0 arrived at iteration barrier (6/10) leaving iter=5 t=7550051
Node 2 chan 0: RDMA send to 3 physically drained (sender side) bid=9 sid=0 iter=5 nElems=524288 at t=7551040
Node 2 chan 1: transfer complete from peer 1 dst=(1,3) totalBytes=2097152 at t=7551372
GPU 2 TB=3 arrived at iteration barrier (6/10) leaving iter=5 t=7551372
Node 2 chan 0: transfer complete from peer 1 dst=(1,2) totalBytes=2097152 at t=7551704
GPU 2 TB=2 arrived at iteration barrier (7/10) leaving iter=5 t=7551704
Node 0 chan 1: RDMA send to 3 physically drained (sender side) bid=9 sid=0 iter=5 nElems=524288 at t=7553200
Node 0 chan 0: RDMA send to 3 physically drained (sender side) bid=8 sid=0 iter=5 nElems=524288 at t=7553868
Node 0 chan 1: transfer complete from peer 3 dst=(1,7) totalBytes=2097152 at t=7554864
GPU 0 TB=4 arrived at iteration barrier (6/10) leaving iter=5 t=7554864
Node 1 chan 1: RDMA send to 2 physically drained (sender side) bid=7 sid=0 iter=5 nElems=524288 at t=7555118
Node 1 chan 0: RDMA send to 2 physically drained (sender side) bid=6 sid=0 iter=5 nElems=524288 at t=7555572
Node 0 chan 0: transfer complete from peer 3 dst=(1,6) totalBytes=2097152 at t=7556856
GPU 0 TB=3 arrived at iteration barrier (7/10) leaving iter=5 t=7556856
Node 3 chan 1: RDMA send to 0 physically drained (sender side) bid=6 sid=0 iter=5 nElems=524288 at t=7558369
Node 0 chan 0: transfer complete from peer 1 dst=(1,3) totalBytes=2097152 at t=7559844
GPU 0 TB=0 arrived at iteration barrier (8/10) leaving iter=5 t=7559844
Node 3 chan 0: RDMA send to 0 physically drained (sender side) bid=5 sid=0 iter=5 nElems=524288 at t=7560701
GPU 3 TB=8 sid=0 DISPATCHING RunStep t=7560701
GPU 3 TB=7 sid=0 DISPATCHING RunStep t=7560701
Node 3 chan 1: RDMA send to 1 totalBytes=2097152 over 1 lane(s) bid=8 sid=0 iter=5 part=0 rateGBps=0 at t=7560701
Node 3 chan 0: RDMA send to 1 totalBytes=2097152 over 1 lane(s) bid=7 sid=0 iter=5 part=0 rateGBps=0 at t=7560701
GPU 3 TB=8 arrived at iteration barrier (7/10) leaving iter=5 t=7560701
GPU 3 TB=7 arrived at iteration barrier (8/10) leaving iter=5 t=7560701
Node 1 chan 0: RDMA send to 0 physically drained (sender side) bid=5 sid=0 iter=5 nElems=524288 at t=7561252
GPU 1 TB=9 sid=0 DISPATCHING RunStep t=7561252
GPU 1 TB=8 sid=0 DISPATCHING RunStep t=7561252
Node 1 chan 1: RDMA send to 3 totalBytes=2097152 over 1 lane(s) bid=9 sid=0 iter=5 part=0 rateGBps=0 at t=7561252
Node 1 chan 0: RDMA send to 3 totalBytes=2097152 over 1 lane(s) bid=8 sid=0 iter=5 part=0 rateGBps=0 at t=7561252
GPU 1 TB=9 arrived at iteration barrier (7/10) leaving iter=5 t=7561252
GPU 1 TB=8 arrived at iteration barrier (8/10) leaving iter=5 t=7561252
Node 2 chan 0: transfer complete from peer 3 dst=(1,7) totalBytes=2097152 at t=7580280
GPU 2 TB=4 arrived at iteration barrier (8/10) leaving iter=5 t=7580280
Node 3 chan 0: RDMA send to 2 physically drained (sender side) bid=9 sid=0 iter=5 nElems=524288 at t=7581706
Node 0 chan 1: transfer complete from peer 2 dst=(1,5) totalBytes=2097152 at t=8216992
GPU 0 TB=2 arrived at iteration barrier (9/10) leaving iter=5 t=8216992
Node 0 chan 0: transfer complete from peer 2 dst=(1,4) totalBytes=2097152 at t=8218670
GPU 0 TB=1 arrived at iteration barrier (10/10) leaving iter=5 t=8218670
GPU 0: iteration barrier releasing 10 threadblock(s) at t=8218670
GPU 0 TB=0 sid=0 DISPATCHING RunStep t=8218670
GPU 0 TB=1 sid=0 DISPATCHING RunStep t=8218670
GPU 0 TB=2 sid=0 DISPATCHING RunStep t=8218670
GPU 0 TB=3 sid=0 DISPATCHING RunStep t=8218670
GPU 0 TB=4 sid=0 DISPATCHING RunStep t=8218670
GPU 0 TB=5 sid=0 DISPATCHING RunStep t=8218670
GPU 0 TB=6 sid=0 BLOCKED on network completion of TB=5 step=0 needFlag=6144 netFlag=5120 t=8218670
GPU 0 TB=7 sid=0 BLOCKED on network completion of TB=5 step=0 needFlag=6144 netFlag=5120 t=8218670
GPU 0 TB=8 sid=0 DISPATCHING RunStep t=8218670
GPU 0 TB=9 sid=0 DISPATCHING RunStep t=8218670
Node 0 chan 0: RDMA send to 1 totalBytes=2097152 over 1 lane(s) bid=5 sid=0 iter=6 part=0 rateGBps=0 at t=8218670
Node 0 chan 0: RDMA send to 1 totalBytes=2097152 over 1 lane(s) bid=5 sid=0 iter=6 part=1 rateGBps=0 at t=8218670
Node 0 chan 0: RDMA send to 3 totalBytes=2097152 over 1 lane(s) bid=8 sid=0 iter=6 part=0 rateGBps=0 at t=8218670
Node 0 chan 1: RDMA send to 3 totalBytes=2097152 over 1 lane(s) bid=9 sid=0 iter=6 part=0 rateGBps=0 at t=8218670
GPU 0 TB=5 arrived at iteration barrier (1/10) leaving iter=6 t=8218670
GPU 0 TB=8 arrived at iteration barrier (2/10) leaving iter=6 t=8218670
GPU 0 TB=9 arrived at iteration barrier (3/10) leaving iter=6 t=8218670
Node 2 chan 1: RDMA send to 0 physically drained (sender side) bid=6 sid=0 iter=5 nElems=524288 at t=8220944
Node 2 chan 1: transfer complete from peer 0 dst=(1,1) totalBytes=2097152 at t=8222609
GPU 2 TB=1 arrived at iteration barrier (9/10) leaving iter=5 t=8222609
Node 2 chan 0: transfer complete from peer 0 dst=(1,0) totalBytes=2097152 at t=8222941
GPU 2 TB=0 arrived at iteration barrier (10/10) leaving iter=5 t=8222941
GPU 2: iteration barrier releasing 10 threadblock(s) at t=8222941
GPU 2 TB=0 sid=0 DISPATCHING RunStep t=8222941
GPU 2 TB=1 sid=0 DISPATCHING RunStep t=8222941
GPU 2 TB=2 sid=0 DISPATCHING RunStep t=8222941
GPU 2 TB=3 sid=0 DISPATCHING RunStep t=8222941
GPU 2 TB=4 sid=0 DISPATCHING RunStep t=8222941
GPU 2 TB=5 sid=0 BLOCKED on network completion of TB=7 step=0 needFlag=6144 netFlag=5120 t=8222941
GPU 2 TB=6 sid=0 BLOCKED on network completion of TB=7 step=0 needFlag=6144 netFlag=5120 t=8222941
GPU 2 TB=7 sid=0 DISPATCHING RunStep t=8222941
GPU 2 TB=8 sid=0 DISPATCHING RunStep t=8222941
GPU 2 TB=9 sid=0 DISPATCHING RunStep t=8222941
Node 2 chan 0: RDMA send to 1 totalBytes=2097152 over 1 lane(s) bid=7 sid=0 iter=6 part=0 rateGBps=0 at t=8222941
Node 2 chan 1: RDMA send to 1 totalBytes=2097152 over 1 lane(s) bid=8 sid=0 iter=6 part=0 rateGBps=0 at t=8222941
Node 2 chan 0: RDMA send to 3 totalBytes=2097152 over 1 lane(s) bid=9 sid=0 iter=6 part=0 rateGBps=0 at t=8222941
Node 2 chan 0: RDMA send to 3 totalBytes=2097152 over 1 lane(s) bid=9 sid=0 iter=6 part=1 rateGBps=0 at t=8222941
GPU 2 TB=7 arrived at iteration barrier (1/10) leaving iter=6 t=8222941
GPU 2 TB=8 arrived at iteration barrier (2/10) leaving iter=6 t=8222941
GPU 2 TB=9 arrived at iteration barrier (3/10) leaving iter=6 t=8222941
Node 2 chan 0: RDMA send to 0 physically drained (sender side) bid=5 sid=0 iter=5 nElems=524288 at t=8222945
Node 0 chan 1: RDMA send to 2 physically drained (sender side) bid=7 sid=0 iter=5 nElems=524288 at t=8226328
Node 0 chan 0: RDMA send to 2 physically drained (sender side) bid=6 sid=0 iter=5 nElems=524288 at t=8227001
Node 3 chan 1: transfer complete from peer 1 dst=(1,3) totalBytes=2097152 at t=8233250
GPU 3 TB=3 arrived at iteration barrier (9/10) leaving iter=5 t=8233250
Node 3 chan 0: transfer complete from peer 1 dst=(1,2) totalBytes=2097152 at t=8233918
GPU 3 TB=2 arrived at iteration barrier (10/10) leaving iter=5 t=8233918
GPU 3: iteration barrier releasing 10 threadblock(s) at t=8233918
GPU 3 TB=0 sid=0 DISPATCHING RunStep t=8233918
GPU 3 TB=1 sid=0 DISPATCHING RunStep t=8233918
GPU 3 TB=2 sid=0 DISPATCHING RunStep t=8233918
GPU 3 TB=3 sid=0 DISPATCHING RunStep t=8233918
GPU 3 TB=4 sid=0 DISPATCHING RunStep t=8233918
GPU 3 TB=5 sid=0 DISPATCHING RunStep t=8233918
GPU 3 TB=6 sid=0 DISPATCHING RunStep t=8233918
GPU 3 TB=7 sid=0 BLOCKED on network completion of TB=5 step=0 needFlag=6144 netFlag=5120 t=8233918
GPU 3 TB=8 sid=0 BLOCKED on network completion of TB=5 step=0 needFlag=6144 netFlag=5120 t=8233918
GPU 3 TB=9 sid=0 DISPATCHING RunStep t=8233918
Node 3 chan 0: RDMA send to 0 totalBytes=2097152 over 1 lane(s) bid=5 sid=0 iter=6 part=0 rateGBps=0 at t=8233918
Node 3 chan 1: RDMA send to 0 totalBytes=2097152 over 1 lane(s) bid=6 sid=0 iter=6 part=0 rateGBps=0 at t=8233918
Node 3 chan 0: RDMA send to 2 totalBytes=2097152 over 1 lane(s) bid=9 sid=0 iter=6 part=0 rateGBps=0 at t=8233918
Node 3 chan 0: RDMA send to 2 totalBytes=2097152 over 1 lane(s) bid=9 sid=0 iter=6 part=1 rateGBps=0 at t=8233918
GPU 3 TB=5 arrived at iteration barrier (1/10) leaving iter=6 t=8233918
GPU 3 TB=6 arrived at iteration barrier (2/10) leaving iter=6 t=8233918
GPU 3 TB=9 arrived at iteration barrier (3/10) leaving iter=6 t=8233918
Node 1 chan 1: transfer complete from peer 3 dst=(1,7) totalBytes=2097152 at t=8234290
GPU 1 TB=4 arrived at iteration barrier (9/10) leaving iter=5 t=8234290
Node 1 chan 0: transfer complete from peer 3 dst=(1,6) totalBytes=2097152 at t=8236614
GPU 1 TB=3 arrived at iteration barrier (10/10) leaving iter=5 t=8236614
GPU 1: iteration barrier releasing 10 threadblock(s) at t=8236614
GPU 1 TB=0 sid=0 DISPATCHING RunStep t=8236614
GPU 1 TB=1 sid=0 DISPATCHING RunStep t=8236614
GPU 1 TB=2 sid=0 DISPATCHING RunStep t=8236614
GPU 1 TB=3 sid=0 DISPATCHING RunStep t=8236614
GPU 1 TB=4 sid=0 DISPATCHING RunStep t=8236614
GPU 1 TB=5 sid=0 DISPATCHING RunStep t=8236614
GPU 1 TB=6 sid=0 DISPATCHING RunStep t=8236614
GPU 1 TB=7 sid=0 DISPATCHING RunStep t=8236614
GPU 1 TB=8 sid=0 BLOCKED on network completion of TB=5 step=0 needFlag=6144 netFlag=5120 t=8236614
GPU 1 TB=9 sid=0 BLOCKED on network completion of TB=5 step=0 needFlag=6144 netFlag=5120 t=8236614
Node 1 chan 0: RDMA send to 0 totalBytes=2097152 over 1 lane(s) bid=5 sid=0 iter=6 part=0 rateGBps=0 at t=8236614
Node 1 chan 0: RDMA send to 0 totalBytes=2097152 over 1 lane(s) bid=5 sid=0 iter=6 part=1 rateGBps=0 at t=8236614
Node 1 chan 0: RDMA send to 2 totalBytes=2097152 over 1 lane(s) bid=6 sid=0 iter=6 part=0 rateGBps=0 at t=8236614
Node 1 chan 1: RDMA send to 2 totalBytes=2097152 over 1 lane(s) bid=7 sid=0 iter=6 part=0 rateGBps=0 at t=8236614
GPU 1 TB=5 arrived at iteration barrier (1/10) leaving iter=6 t=8236614
GPU 1 TB=6 arrived at iteration barrier (2/10) leaving iter=6 t=8236614
GPU 1 TB=7 arrived at iteration barrier (3/10) leaving iter=6 t=8236614
Node 1 chan 1: RDMA send to 3 physically drained (sender side) bid=9 sid=0 iter=5 nElems=524288 at t=8237282
Node 1 chan 0: RDMA send to 3 physically drained (sender side) bid=8 sid=0 iter=5 nElems=524288 at t=8237950
Node 3 chan 1: RDMA send to 1 physically drained (sender side) bid=8 sid=0 iter=5 nElems=524288 at t=8238242
Node 3 chan 0: RDMA send to 1 physically drained (sender side) bid=7 sid=0 iter=5 nElems=524288 at t=8240238
Node 1 chan 0: transfer complete from peer 0 dst=(1,0) totalBytes=2097152 at t=8575705
Node 0 chan 0: RDMA send to 1 physically drained (sender side) bid=5 sid=0 iter=6 nElems=524288 at t=8577338
Node 3 chan 0: transfer complete from peer 2 dst=(1,4) totalBytes=2097152 at t=8578757
Node 2 chan 0: RDMA send to 3 physically drained (sender side) bid=9 sid=0 iter=6 nElems=524288 at t=8580757
Node 2 chan 0: transfer complete from peer 3 dst=(1,6) totalBytes=2097152 at t=8591725
Node 3 chan 0: RDMA send to 2 physically drained (sender side) bid=9 sid=0 iter=6 nElems=524288 at t=8593733
Node 0 chan 0: transfer complete from peer 1 dst=(1,2) totalBytes=2097152 at t=8594958
Node 1 chan 0: RDMA send to 0 physically drained (sender side) bid=5 sid=0 iter=6 nElems=524288 at t=8596653
Node 3 chan 0: transfer complete from peer 0 dst=(1,0) totalBytes=2097152 at t=8907297
GPU 3 TB=0 arrived at iteration barrier (4/10) leaving iter=6 t=8907297
Node 1 chan 0: transfer complete from peer 0 dst=(1,1) totalBytes=2097152 at t=8910541
GPU 1 TB=0 arrived at iteration barrier (4/10) leaving iter=6 t=8910541
Node 1 chan 1: transfer complete from peer 2 dst=(1,5) totalBytes=2097152 at t=8911537
GPU 1 TB=2 arrived at iteration barrier (5/10) leaving iter=6 t=8911537
Node 0 chan 0: RDMA send to 3 physically drained (sender side) bid=8 sid=0 iter=6 nElems=524288 at t=8911702
Node 3 chan 1: transfer complete from peer 0 dst=(1,1) totalBytes=2097152 at t=8911949
GPU 3 TB=1 arrived at iteration barrier (5/10) leaving iter=6 t=8911949
Node 0 chan 0: RDMA send to 1 physically drained (sender side) bid=5 sid=0 iter=6 nElems=524288 at t=8912038
GPU 0 TB=7 sid=0 DISPATCHING RunStep t=8912038
GPU 0 TB=6 sid=0 DISPATCHING RunStep t=8912038
Node 0 chan 1: RDMA send to 2 totalBytes=2097152 over 1 lane(s) bid=7 sid=0 iter=6 part=0 rateGBps=0 at t=8912038
Node 0 chan 0: RDMA send to 2 totalBytes=2097152 over 1 lane(s) bid=6 sid=0 iter=6 part=0 rateGBps=0 at t=8912038
GPU 0 TB=7 arrived at iteration barrier (4/10) leaving iter=6 t=8912038
GPU 0 TB=6 arrived at iteration barrier (5/10) leaving iter=6 t=8912038
Node 3 chan 0: transfer complete from peer 2 dst=(1,5) totalBytes=2097152 at t=8912617
GPU 3 TB=4 arrived at iteration barrier (6/10) leaving iter=6 t=8912617
Node 1 chan 0: transfer complete from peer 2 dst=(1,4) totalBytes=2097152 at t=8913201
GPU 1 TB=1 arrived at iteration barrier (6/10) leaving iter=6 t=8913201
Node 2 chan 0: RDMA send to 3 physically drained (sender side) bid=9 sid=0 iter=6 nElems=524288 at t=8914273
Node 2 chan 1: RDMA send to 1 physically drained (sender side) bid=8 sid=0 iter=6 nElems=524288 at t=8914609
Node 0 chan 1: RDMA send to 3 physically drained (sender side) bid=9 sid=0 iter=6 nElems=524288 at t=8915030
Node 0 chan 1: transfer complete from peer 3 dst=(1,7) totalBytes=2097152 at t=8916690
GPU 0 TB=4 arrived at iteration barrier (6/10) leaving iter=6 t=8916690
Node 2 chan 0: RDMA send to 1 physically drained (sender side) bid=7 sid=0 iter=6 nElems=524288 at t=8916937
GPU 2 TB=6 sid=0 DISPATCHING RunStep t=8916937
GPU 2 TB=5 sid=0 DISPATCHING RunStep t=8916937
Node 2 chan 1: RDMA send to 0 totalBytes=2097152 over 1 lane(s) bid=6 sid=0 iter=6 part=0 rateGBps=0 at t=8916937
Node 2 chan 0: RDMA send to 0 totalBytes=2097152 over 1 lane(s) bid=5 sid=0 iter=6 part=0 rateGBps=0 at t=8916937
GPU 2 TB=6 arrived at iteration barrier (4/10) leaving iter=6 t=8916937
GPU 2 TB=5 arrived at iteration barrier (5/10) leaving iter=6 t=8916937
Node 2 chan 1: transfer complete from peer 1 dst=(1,3) totalBytes=2097152 at t=8920589
GPU 2 TB=3 arrived at iteration barrier (6/10) leaving iter=6 t=8920589
Node 0 chan 0: transfer complete from peer 3 dst=(1,6) totalBytes=2097152 at t=8920674
GPU 0 TB=3 arrived at iteration barrier (7/10) leaving iter=6 t=8920674
Node 3 chan 1: RDMA send to 0 physically drained (sender side) bid=6 sid=0 iter=6 nElems=524288 at t=8920840
Node 2 chan 0: transfer complete from peer 1 dst=(1,2) totalBytes=2097152 at t=8920921
GPU 2 TB=2 arrived at iteration barrier (7/10) leaving iter=6 t=8920921
Node 1 chan 1: RDMA send to 2 physically drained (sender side) bid=7 sid=0 iter=6 nElems=524288 at t=8924398
Node 3 chan 0: RDMA send to 0 physically drained (sender side) bid=5 sid=0 iter=6 nElems=524288 at t=8924499
GPU 3 TB=8 sid=0 DISPATCHING RunStep t=8924499
GPU 3 TB=7 sid=0 DISPATCHING RunStep t=8924499
Node 3 chan 1: RDMA send to 1 totalBytes=2097152 over 1 lane(s) bid=8 sid=0 iter=6 part=0 rateGBps=0 at t=8924499
Node 3 chan 0: RDMA send to 1 totalBytes=2097152 over 1 lane(s) bid=7 sid=0 iter=6 part=0 rateGBps=0 at t=8924499
GPU 3 TB=8 arrived at iteration barrier (7/10) leaving iter=6 t=8924499
GPU 3 TB=7 arrived at iteration barrier (8/10) leaving iter=6 t=8924499
Node 1 chan 0: RDMA send to 2 physically drained (sender side) bid=6 sid=0 iter=6 nElems=524288 at t=8924734
Node 0 chan 0: transfer complete from peer 1 dst=(1,3) totalBytes=2097152 at t=8930634
GPU 0 TB=0 arrived at iteration barrier (8/10) leaving iter=6 t=8930634
Node 1 chan 0: RDMA send to 0 physically drained (sender side) bid=5 sid=0 iter=6 nElems=524288 at t=8932373
GPU 1 TB=9 sid=0 DISPATCHING RunStep t=8932373
GPU 1 TB=8 sid=0 DISPATCHING RunStep t=8932373
Node 1 chan 1: RDMA send to 3 totalBytes=2097152 over 1 lane(s) bid=9 sid=0 iter=6 part=0 rateGBps=0 at t=8932373
Node 1 chan 0: RDMA send to 3 totalBytes=2097152 over 1 lane(s) bid=8 sid=0 iter=6 part=0 rateGBps=0 at t=8932373
GPU 1 TB=9 arrived at iteration barrier (7/10) leaving iter=6 t=8932373
GPU 1 TB=8 arrived at iteration barrier (8/10) leaving iter=6 t=8932373
Node 2 chan 0: transfer complete from peer 3 dst=(1,7) totalBytes=2097152 at t=8936533
GPU 2 TB=4 arrived at iteration barrier (8/10) leaving iter=6 t=8936533
Node 3 chan 0: RDMA send to 2 physically drained (sender side) bid=9 sid=0 iter=6 nElems=524288 at t=8938497
Node 2 chan 1: transfer complete from peer 0 dst=(1,1) totalBytes=2097152 at t=9588377
GPU 2 TB=1 arrived at iteration barrier (9/10) leaving iter=6 t=9588377
Node 2 chan 0: transfer complete from peer 0 dst=(1,0) totalBytes=2097152 at t=9588714
GPU 2 TB=0 arrived at iteration barrier (10/10) leaving iter=6 t=9588714
GPU 2: iteration barrier releasing 10 threadblock(s) at t=9588714
GPU 2 TB=0 sid=0 DISPATCHING RunStep t=9588714
GPU 2 TB=1 sid=0 DISPATCHING RunStep t=9588714
GPU 2 TB=2 sid=0 DISPATCHING RunStep t=9588714
GPU 2 TB=3 sid=0 DISPATCHING RunStep t=9588714
GPU 2 TB=4 sid=0 DISPATCHING RunStep t=9588714
GPU 2 TB=5 sid=0 BLOCKED on network completion of TB=7 step=0 needFlag=7168 netFlag=6144 t=9588714
GPU 2 TB=6 sid=0 BLOCKED on network completion of TB=7 step=0 needFlag=7168 netFlag=6144 t=9588714
GPU 2 TB=7 sid=0 DISPATCHING RunStep t=9588714
GPU 2 TB=8 sid=0 DISPATCHING RunStep t=9588714
GPU 2 TB=9 sid=0 DISPATCHING RunStep t=9588714
Node 2 chan 0: RDMA send to 1 totalBytes=2097152 over 1 lane(s) bid=7 sid=0 iter=7 part=0 rateGBps=0 at t=9588714
Node 2 chan 1: RDMA send to 1 totalBytes=2097152 over 1 lane(s) bid=8 sid=0 iter=7 part=0 rateGBps=0 at t=9588714
Node 2 chan 0: RDMA send to 3 totalBytes=2097152 over 1 lane(s) bid=9 sid=0 iter=7 part=0 rateGBps=0 at t=9588714
Node 2 chan 0: RDMA send to 3 totalBytes=2097152 over 1 lane(s) bid=9 sid=0 iter=7 part=1 rateGBps=0 at t=9588714
GPU 2 TB=7 arrived at iteration barrier (1/10) leaving iter=7 t=9588714
GPU 2 TB=8 arrived at iteration barrier (2/10) leaving iter=7 t=9588714
GPU 2 TB=9 arrived at iteration barrier (3/10) leaving iter=7 t=9588714
Node 0 chan 1: RDMA send to 2 physically drained (sender side) bid=7 sid=0 iter=6 nElems=524288 at t=9592170
Node 0 chan 0: RDMA send to 2 physically drained (sender side) bid=6 sid=0 iter=6 nElems=524288 at t=9592843
Node 0 chan 1: transfer complete from peer 2 dst=(1,5) totalBytes=2097152 at t=9597609
GPU 0 TB=2 arrived at iteration barrier (9/10) leaving iter=6 t=9597609
Node 0 chan 0: transfer complete from peer 2 dst=(1,4) totalBytes=2097152 at t=9599147
GPU 0 TB=1 arrived at iteration barrier (10/10) leaving iter=6 t=9599147
GPU 0: iteration barrier releasing 10 threadblock(s) at t=9599147
GPU 0 TB=0 sid=0 DISPATCHING RunStep t=9599147
GPU 0 TB=1 sid=0 DISPATCHING RunStep t=9599147
GPU 0 TB=2 sid=0 DISPATCHING RunStep t=9599147
GPU 0 TB=3 sid=0 DISPATCHING RunStep t=9599147
GPU 0 TB=4 sid=0 DISPATCHING RunStep t=9599147
GPU 0 TB=5 sid=0 DISPATCHING RunStep t=9599147
GPU 0 TB=6 sid=0 BLOCKED on network completion of TB=5 step=0 needFlag=7168 netFlag=6144 t=9599147
GPU 0 TB=7 sid=0 BLOCKED on network completion of TB=5 step=0 needFlag=7168 netFlag=6144 t=9599147
GPU 0 TB=8 sid=0 DISPATCHING RunStep t=9599147
GPU 0 TB=9 sid=0 DISPATCHING RunStep t=9599147
Node 0 chan 0: RDMA send to 1 totalBytes=2097152 over 1 lane(s) bid=5 sid=0 iter=7 part=0 rateGBps=0 at t=9599147
Node 0 chan 0: RDMA send to 1 totalBytes=2097152 over 1 lane(s) bid=5 sid=0 iter=7 part=1 rateGBps=0 at t=9599147
Node 0 chan 0: RDMA send to 3 totalBytes=2097152 over 1 lane(s) bid=8 sid=0 iter=7 part=0 rateGBps=0 at t=9599147
Node 0 chan 1: RDMA send to 3 totalBytes=2097152 over 1 lane(s) bid=9 sid=0 iter=7 part=0 rateGBps=0 at t=9599147
GPU 0 TB=5 arrived at iteration barrier (1/10) leaving iter=7 t=9599147
GPU 0 TB=8 arrived at iteration barrier (2/10) leaving iter=7 t=9599147
GPU 0 TB=9 arrived at iteration barrier (3/10) leaving iter=7 t=9599147
Node 1 chan 1: transfer complete from peer 3 dst=(1,7) totalBytes=2097152 at t=9601602
GPU 1 TB=4 arrived at iteration barrier (9/10) leaving iter=6 t=9601602
Node 2 chan 1: RDMA send to 0 physically drained (sender side) bid=6 sid=0 iter=6 nElems=524288 at t=9601684
Node 2 chan 0: RDMA send to 0 physically drained (sender side) bid=5 sid=0 iter=6 nElems=524288 at t=9602357
Node 1 chan 0: transfer complete from peer 3 dst=(1,6) totalBytes=2097152 at t=9603926
GPU 1 TB=3 arrived at iteration barrier (10/10) leaving iter=6 t=9603926
GPU 1: iteration barrier releasing 10 threadblock(s) at t=9603926
GPU 1 TB=0 sid=0 DISPATCHING RunStep t=9603926
GPU 1 TB=1 sid=0 DISPATCHING RunStep t=9603926
GPU 1 TB=2 sid=0 DISPATCHING RunStep t=9603926
GPU 1 TB=3 sid=0 DISPATCHING RunStep t=9603926
GPU 1 TB=4 sid=0 DISPATCHING RunStep t=9603926
GPU 1 TB=5 sid=0 DISPATCHING RunStep t=9603926
GPU 1 TB=6 sid=0 DISPATCHING RunStep t=9603926
GPU 1 TB=7 sid=0 DISPATCHING RunStep t=9603926
GPU 1 TB=8 sid=0 BLOCKED on network completion of TB=5 step=0 needFlag=7168 netFlag=6144 t=9603926
GPU 1 TB=9 sid=0 BLOCKED on network completion of TB=5 step=0 needFlag=7168 netFlag=6144 t=9603926
Node 1 chan 0: RDMA send to 0 totalBytes=2097152 over 1 lane(s) bid=5 sid=0 iter=7 part=0 rateGBps=0 at t=9603926
Node 1 chan 0: RDMA send to 0 totalBytes=2097152 over 1 lane(s) bid=5 sid=0 iter=7 part=1 rateGBps=0 at t=9603926
Node 1 chan 0: RDMA send to 2 totalBytes=2097152 over 1 lane(s) bid=6 sid=0 iter=7 part=0 rateGBps=0 at t=9603926
Node 1 chan 1: RDMA send to 2 totalBytes=2097152 over 1 lane(s) bid=7 sid=0 iter=7 part=0 rateGBps=0 at t=9603926
GPU 1 TB=5 arrived at iteration barrier (1/10) leaving iter=7 t=9603926
GPU 1 TB=6 arrived at iteration barrier (2/10) leaving iter=7 t=9603926
GPU 1 TB=7 arrived at iteration barrier (3/10) leaving iter=7 t=9603926
Node 3 chan 1: RDMA send to 1 physically drained (sender side) bid=8 sid=0 iter=6 nElems=524288 at t=9605011
Node 3 chan 1: transfer complete from peer 1 dst=(1,3) totalBytes=2097152 at t=9606339
GPU 3 TB=3 arrived at iteration barrier (9/10) leaving iter=6 t=9606339
Node 3 chan 0: transfer complete from peer 1 dst=(1,2) totalBytes=2097152 at t=9606671
GPU 3 TB=2 arrived at iteration barrier (10/10) leaving iter=6 t=9606671
GPU 3: iteration barrier releasing 10 threadblock(s) at t=9606671
GPU 3 TB=0 sid=0 DISPATCHING RunStep t=9606671
GPU 3 TB=1 sid=0 DISPATCHING RunStep t=9606671
GPU 3 TB=2 sid=0 DISPATCHING RunStep t=9606671
GPU 3 TB=3 sid=0 DISPATCHING RunStep t=9606671
GPU 3 TB=4 sid=0 DISPATCHING RunStep t=9606671
GPU 3 TB=5 sid=0 DISPATCHING RunStep t=9606671
GPU 3 TB=6 sid=0 DISPATCHING RunStep t=9606671
GPU 3 TB=7 sid=0 BLOCKED on network completion of TB=5 step=0 needFlag=7168 netFlag=6144 t=9606671
GPU 3 TB=8 sid=0 BLOCKED on network completion of TB=5 step=0 needFlag=7168 netFlag=6144 t=9606671
GPU 3 TB=9 sid=0 DISPATCHING RunStep t=9606671
Node 3 chan 0: RDMA send to 0 totalBytes=2097152 over 1 lane(s) bid=5 sid=0 iter=7 part=0 rateGBps=0 at t=9606671
Node 3 chan 1: RDMA send to 0 totalBytes=2097152 over 1 lane(s) bid=6 sid=0 iter=7 part=0 rateGBps=0 at t=9606671
Node 3 chan 0: RDMA send to 2 totalBytes=2097152 over 1 lane(s) bid=9 sid=0 iter=7 part=0 rateGBps=0 at t=9606671
Node 3 chan 0: RDMA send to 2 totalBytes=2097152 over 1 lane(s) bid=9 sid=0 iter=7 part=1 rateGBps=0 at t=9606671
GPU 3 TB=5 arrived at iteration barrier (1/10) leaving iter=7 t=9606671
GPU 3 TB=6 arrived at iteration barrier (2/10) leaving iter=7 t=9606671
GPU 3 TB=9 arrived at iteration barrier (3/10) leaving iter=7 t=9606671
Node 3 chan 0: RDMA send to 1 physically drained (sender side) bid=7 sid=0 iter=6 nElems=524288 at t=9608003
Node 1 chan 1: RDMA send to 3 physically drained (sender side) bid=9 sid=0 iter=6 nElems=524288 at t=9610246
Node 1 chan 0: RDMA send to 3 physically drained (sender side) bid=8 sid=0 iter=6 nElems=524288 at t=9610914
Node 3 chan 0: transfer complete from peer 2 dst=(1,4) totalBytes=2097152 at t=9945101
Node 2 chan 0: RDMA send to 3 physically drained (sender side) bid=9 sid=0 iter=7 nElems=524288 at t=9946575
Node 1 chan 0: transfer complete from peer 0 dst=(1,0) totalBytes=2097152 at t=9955975
Node 0 chan 0: RDMA send to 1 physically drained (sender side) bid=5 sid=0 iter=7 nElems=524288 at t=9957786
Node 0 chan 0: transfer complete from peer 1 dst=(1,2) totalBytes=2097152 at t=9961770
Node 1 chan 0: RDMA send to 0 physically drained (sender side) bid=5 sid=0 iter=7 nElems=524288 at t=9963627
Node 2 chan 0: transfer complete from peer 3 dst=(1,6) totalBytes=2097152 at t=9964523
Node 3 chan 0: RDMA send to 2 physically drained (sender side) bid=9 sid=0 iter=7 nElems=524288 at t=9966381
Node 1 chan 1: transfer complete from peer 2 dst=(1,5) totalBytes=2097152 at t=10276363
GPU 1 TB=2 arrived at iteration barrier (4/10) leaving iter=7 t=10276363
Node 1 chan 0: transfer complete from peer 2 dst=(1,4) totalBytes=2097152 at t=10278023
GPU 1 TB=1 arrived at iteration barrier (5/10) leaving iter=7 t=10278023
Node 2 chan 1: RDMA send to 1 physically drained (sender side) bid=8 sid=0 iter=7 nElems=524288 at t=10280743
Node 3 chan 0: transfer complete from peer 2 dst=(1,5) totalBytes=2097152 at t=10281929
GPU 3 TB=4 arrived at iteration barrier (4/10) leaving iter=7 t=10281929
Node 2 chan 0: RDMA send to 1 physically drained (sender side) bid=7 sid=0 iter=7 nElems=524288 at t=10282075
GPU 2 TB=6 sid=0 DISPATCHING RunStep t=10282075
GPU 2 TB=5 sid=0 DISPATCHING RunStep t=10282075
Node 2 chan 1: RDMA send to 0 totalBytes=2097152 over 1 lane(s) bid=6 sid=0 iter=7 part=0 rateGBps=0 at t=10282075
Node 2 chan 0: RDMA send to 0 totalBytes=2097152 over 1 lane(s) bid=5 sid=0 iter=7 part=0 rateGBps=0 at t=10282075
GPU 2 TB=6 arrived at iteration barrier (4/10) leaving iter=7 t=10282075
GPU 2 TB=5 arrived at iteration barrier (5/10) leaving iter=7 t=10282075
Node 2 chan 0: RDMA send to 3 physically drained (sender side) bid=9 sid=0 iter=7 nElems=524288 at t=10283407
Node 3 chan 0: transfer complete from peer 0 dst=(1,0) totalBytes=2097152 at t=10284925
GPU 3 TB=0 arrived at iteration barrier (5/10) leaving iter=7 t=10284925
Node 3 chan 1: transfer complete from peer 0 dst=(1,1) totalBytes=2097152 at t=10285921
GPU 3 TB=1 arrived at iteration barrier (6/10) leaving iter=7 t=10285921
Node 1 chan 0: transfer complete from peer 0 dst=(1,1) totalBytes=2097152 at t=10286339
GPU 1 TB=0 arrived at iteration barrier (6/10) leaving iter=7 t=10286339
Node 0 chan 0: RDMA send to 1 physically drained (sender side) bid=5 sid=0 iter=7 nElems=524288 at t=10287978
GPU 0 TB=7 sid=0 DISPATCHING RunStep t=10287978
GPU 0 TB=6 sid=0 DISPATCHING RunStep t=10287978
Node 0 chan 1: RDMA send to 2 totalBytes=2097152 over 1 lane(s) bid=7 sid=0 iter=7 part=0 rateGBps=0 at t=10287978
Node 0 chan 0: RDMA send to 2 totalBytes=2097152 over 1 lane(s) bid=6 sid=0 iter=7 part=0 rateGBps=0 at t=10287978
GPU 0 TB=7 arrived at iteration barrier (4/10) leaving iter=7 t=10287978
GPU 0 TB=6 arrived at iteration barrier (5/10) leaving iter=7 t=10287978
Node 0 chan 0: RDMA send to 3 physically drained (sender side) bid=8 sid=0 iter=7 nElems=524288 at t=10288978
Node 0 chan 1: RDMA send to 3 physically drained (sender side) bid=9 sid=0 iter=7 nElems=524288 at t=10289646
Node 0 chan 1: transfer complete from peer 3 dst=(1,7) totalBytes=2097152 at t=10290974
GPU 0 TB=4 arrived at iteration barrier (6/10) leaving iter=7 t=10290974
Node 2 chan 0: transfer complete from peer 1 dst=(1,2) totalBytes=2097152 at t=10291707
GPU 2 TB=2 arrived at iteration barrier (6/10) leaving iter=7 t=10291707
Node 2 chan 1: transfer complete from peer 1 dst=(1,3) totalBytes=2097152 at t=10292039
GPU 2 TB=3 arrived at iteration barrier (7/10) leaving iter=7 t=10292039
Node 0 chan 0: transfer complete from peer 3 dst=(1,6) totalBytes=2097152 at t=10293630
GPU 0 TB=3 arrived at iteration barrier (7/10) leaving iter=7 t=10293630
Node 3 chan 1: RDMA send to 0 physically drained (sender side) bid=6 sid=0 iter=7 nElems=524288 at t=10295443
Node 1 chan 1: RDMA send to 2 physically drained (sender side) bid=7 sid=0 iter=7 nElems=524288 at t=10295539
Node 1 chan 0: RDMA send to 2 physically drained (sender side) bid=6 sid=0 iter=7 nElems=524288 at t=10295857
Node 2 chan 0: transfer complete from peer 3 dst=(1,7) totalBytes=2097152 at t=10296687
GPU 2 TB=4 arrived at iteration barrier (8/10) leaving iter=7 t=10296687
Node 3 chan 0: RDMA send to 0 physically drained (sender side) bid=5 sid=0 iter=7 nElems=524288 at t=10297775
GPU 3 TB=8 sid=0 DISPATCHING RunStep t=10297775
GPU 3 TB=7 sid=0 DISPATCHING RunStep t=10297775
Node 3 chan 1: RDMA send to 1 totalBytes=2097152 over 1 lane(s) bid=8 sid=0 iter=7 part=0 rateGBps=0 at t=10297775
Node 3 chan 0: RDMA send to 1 totalBytes=2097152 over 1 lane(s) bid=7 sid=0 iter=7 part=0 rateGBps=0 at t=10297775
GPU 3 TB=8 arrived at iteration barrier (7/10) leaving iter=7 t=10297775
GPU 3 TB=7 arrived at iteration barrier (8/10) leaving iter=7 t=10297775
Node 3 chan 0: RDMA send to 2 physically drained (sender side) bid=9 sid=0 iter=7 nElems=524288 at t=10298119
Node 0 chan 0: transfer complete from peer 1 dst=(1,3) totalBytes=2097152 at t=10307582
GPU 0 TB=0 arrived at iteration barrier (8/10) leaving iter=7 t=10307582
Node 1 chan 0: RDMA send to 0 physically drained (sender side) bid=5 sid=0 iter=7 nElems=524288 at t=10309561
GPU 1 TB=9 sid=0 DISPATCHING RunStep t=10309561
GPU 1 TB=8 sid=0 DISPATCHING RunStep t=10309561
Node 1 chan 1: RDMA send to 3 totalBytes=2097152 over 1 lane(s) bid=9 sid=0 iter=7 part=0 rateGBps=0 at t=10309561
Node 1 chan 0: RDMA send to 3 totalBytes=2097152 over 1 lane(s) bid=8 sid=0 iter=7 part=0 rateGBps=0 at t=10309561
GPU 1 TB=9 arrived at iteration barrier (7/10) leaving iter=7 t=10309561
GPU 1 TB=8 arrived at iteration barrier (8/10) leaving iter=7 t=10309561
Node 2 chan 1: transfer complete from peer 0 dst=(1,1) totalBytes=2097152 at t=10955959
GPU 2 TB=1 arrived at iteration barrier (9/10) leaving iter=7 t=10955959
Node 2 chan 0: transfer complete from peer 0 dst=(1,0) totalBytes=2097152 at t=10956960
GPU 2 TB=0 arrived at iteration barrier (10/10) leaving iter=7 t=10956960
GPU 2: iteration barrier releasing 10 threadblock(s) at t=10956960
GPU 2 TB=0 sid=0 DISPATCHING RunStep t=10956960
GPU 2 TB=1 sid=0 DISPATCHING RunStep t=10956960
GPU 2 TB=2 sid=0 DISPATCHING RunStep t=10956960
GPU 2 TB=3 sid=0 DISPATCHING RunStep t=10956960
GPU 2 TB=4 sid=0 DISPATCHING RunStep t=10956960
GPU 2 TB=5 sid=0 BLOCKED on network completion of TB=7 step=0 needFlag=8192 netFlag=7168 t=10956960
GPU 2 TB=6 sid=0 BLOCKED on network completion of TB=7 step=0 needFlag=8192 netFlag=7168 t=10956960
GPU 2 TB=7 sid=0 DISPATCHING RunStep t=10956960
GPU 2 TB=8 sid=0 DISPATCHING RunStep t=10956960
GPU 2 TB=9 sid=0 DISPATCHING RunStep t=10956960
Node 2 chan 0: RDMA send to 1 totalBytes=2097152 over 1 lane(s) bid=7 sid=0 iter=8 part=0 rateGBps=0 at t=10956960
Node 2 chan 1: RDMA send to 1 totalBytes=2097152 over 1 lane(s) bid=8 sid=0 iter=8 part=0 rateGBps=0 at t=10956960
Node 2 chan 0: RDMA send to 3 totalBytes=2097152 over 1 lane(s) bid=9 sid=0 iter=8 part=0 rateGBps=0 at t=10956960
Node 2 chan 0: RDMA send to 3 totalBytes=2097152 over 1 lane(s) bid=9 sid=0 iter=8 part=1 rateGBps=0 at t=10956960
GPU 2 TB=7 arrived at iteration barrier (1/10) leaving iter=8 t=10956960
GPU 2 TB=8 arrived at iteration barrier (2/10) leaving iter=8 t=10956960
GPU 2 TB=9 arrived at iteration barrier (3/10) leaving iter=8 t=10956960
Node 0 chan 1: RDMA send to 2 physically drained (sender side) bid=7 sid=0 iter=7 nElems=524288 at t=10959834
Node 0 chan 0: transfer complete from peer 2 dst=(1,4) totalBytes=2097152 at t=10960166
GPU 0 TB=1 arrived at iteration barrier (9/10) leaving iter=7 t=10960166
Node 0 chan 1: transfer complete from peer 2 dst=(1,5) totalBytes=2097152 at t=10961158
GPU 0 TB=2 arrived at iteration barrier (10/10) leaving iter=7 t=10961158
GPU 0: iteration barrier releasing 10 threadblock(s) at t=10961158
GPU 0 TB=0 sid=0 DISPATCHING RunStep t=10961158
GPU 0 TB=1 sid=0 DISPATCHING RunStep t=10961158
GPU 0 TB=2 sid=0 DISPATCHING RunStep t=10961158
GPU 0 TB=3 sid=0 DISPATCHING RunStep t=10961158
GPU 0 TB=4 sid=0 DISPATCHING RunStep t=10961158
GPU 0 TB=5 sid=0 DISPATCHING RunStep t=10961158
GPU 0 TB=6 sid=0 BLOCKED on network completion of TB=5 step=0 needFlag=8192 netFlag=7168 t=10961158
GPU 0 TB=7 sid=0 BLOCKED on network completion of TB=5 step=0 needFlag=8192 netFlag=7168 t=10961158
GPU 0 TB=8 sid=0 DISPATCHING RunStep t=10961158
GPU 0 TB=9 sid=0 DISPATCHING RunStep t=10961158
Node 0 chan 0: RDMA send to 1 totalBytes=2097152 over 1 lane(s) bid=5 sid=0 iter=8 part=0 rateGBps=0 at t=10961158
Node 0 chan 0: RDMA send to 1 totalBytes=2097152 over 1 lane(s) bid=5 sid=0 iter=8 part=1 rateGBps=0 at t=10961158
Node 0 chan 0: RDMA send to 3 totalBytes=2097152 over 1 lane(s) bid=8 sid=0 iter=8 part=0 rateGBps=0 at t=10961158
Node 0 chan 1: RDMA send to 3 totalBytes=2097152 over 1 lane(s) bid=9 sid=0 iter=8 part=0 rateGBps=0 at t=10961158
GPU 0 TB=5 arrived at iteration barrier (1/10) leaving iter=8 t=10961158
GPU 0 TB=8 arrived at iteration barrier (2/10) leaving iter=8 t=10961158
GPU 0 TB=9 arrived at iteration barrier (3/10) leaving iter=8 t=10961158
Node 0 chan 0: RDMA send to 2 physically drained (sender side) bid=6 sid=0 iter=7 nElems=524288 at t=10961162
Node 2 chan 0: RDMA send to 0 physically drained (sender side) bid=5 sid=0 iter=7 nElems=524288 at t=10963945
Node 2 chan 1: RDMA send to 0 physically drained (sender side) bid=6 sid=0 iter=7 nElems=524288 at t=10965282
Node 1 chan 1: transfer complete from peer 3 dst=(1,7) totalBytes=2097152 at t=10968470
GPU 1 TB=4 arrived at iteration barrier (9/10) leaving iter=7 t=10968470
Node 1 chan 0: transfer complete from peer 3 dst=(1,6) totalBytes=2097152 at t=10970462
GPU 1 TB=3 arrived at iteration barrier (10/10) leaving iter=7 t=10970462
GPU 1: iteration barrier releasing 10 threadblock(s) at t=10970462
GPU 1 TB=0 sid=0 DISPATCHING RunStep t=10970462
GPU 1 TB=1 sid=0 DISPATCHING RunStep t=10970462
GPU 1 TB=2 sid=0 DISPATCHING RunStep t=10970462
GPU 1 TB=3 sid=0 DISPATCHING RunStep t=10970462
GPU 1 TB=4 sid=0 DISPATCHING RunStep t=10970462
GPU 1 TB=5 sid=0 DISPATCHING RunStep t=10970462
GPU 1 TB=6 sid=0 DISPATCHING RunStep t=10970462
GPU 1 TB=7 sid=0 DISPATCHING RunStep t=10970462
GPU 1 TB=8 sid=0 BLOCKED on network completion of TB=5 step=0 needFlag=8192 netFlag=7168 t=10970462
GPU 1 TB=9 sid=0 BLOCKED on network completion of TB=5 step=0 needFlag=8192 netFlag=7168 t=10970462
Node 1 chan 0: RDMA send to 0 totalBytes=2097152 over 1 lane(s) bid=5 sid=0 iter=8 part=0 rateGBps=0 at t=10970462
Node 1 chan 0: RDMA send to 0 totalBytes=2097152 over 1 lane(s) bid=5 sid=0 iter=8 part=1 rateGBps=0 at t=10970462
Node 1 chan 0: RDMA send to 2 totalBytes=2097152 over 1 lane(s) bid=6 sid=0 iter=8 part=0 rateGBps=0 at t=10970462
Node 1 chan 1: RDMA send to 2 totalBytes=2097152 over 1 lane(s) bid=7 sid=0 iter=8 part=0 rateGBps=0 at t=10970462
GPU 1 TB=5 arrived at iteration barrier (1/10) leaving iter=8 t=10970462
GPU 1 TB=6 arrived at iteration barrier (2/10) leaving iter=8 t=10970462
GPU 1 TB=7 arrived at iteration barrier (3/10) leaving iter=8 t=10970462
Node 3 chan 1: RDMA send to 1 physically drained (sender side) bid=8 sid=0 iter=7 nElems=524288 at t=10972584
Node 3 chan 0: RDMA send to 1 physically drained (sender side) bid=7 sid=0 iter=7 nElems=524288 at t=10974580
Node 3 chan 1: transfer complete from peer 1 dst=(1,3) totalBytes=2097152 at t=10986864
GPU 3 TB=3 arrived at iteration barrier (9/10) leaving iter=7 t=10986864
Node 3 chan 0: transfer complete from peer 1 dst=(1,2) totalBytes=2097152 at t=10989852
GPU 3 TB=2 arrived at iteration barrier (10/10) leaving iter=7 t=10989852
GPU 3: iteration barrier releasing 10 threadblock(s) at t=10989852
GPU 3 TB=0 sid=0 DISPATCHING RunStep t=10989852
GPU 3 TB=1 sid=0 DISPATCHING RunStep t=10989852
GPU 3 TB=2 sid=0 DISPATCHING RunStep t=10989852
GPU 3 TB=3 sid=0 DISPATCHING RunStep t=10989852
GPU 3 TB=4 sid=0 DISPATCHING RunStep t=10989852
GPU 3 TB=5 sid=0 DISPATCHING RunStep t=10989852
GPU 3 TB=6 sid=0 DISPATCHING RunStep t=10989852
GPU 3 TB=7 sid=0 BLOCKED on network completion of TB=5 step=0 needFlag=8192 netFlag=7168 t=10989852
GPU 3 TB=8 sid=0 BLOCKED on network completion of TB=5 step=0 needFlag=8192 netFlag=7168 t=10989852
GPU 3 TB=9 sid=0 DISPATCHING RunStep t=10989852
Node 3 chan 0: RDMA send to 0 totalBytes=2097152 over 1 lane(s) bid=5 sid=0 iter=8 part=0 rateGBps=0 at t=10989852
Node 3 chan 1: RDMA send to 0 totalBytes=2097152 over 1 lane(s) bid=6 sid=0 iter=8 part=0 rateGBps=0 at t=10989852
Node 3 chan 0: RDMA send to 2 totalBytes=2097152 over 1 lane(s) bid=9 sid=0 iter=8 part=0 rateGBps=0 at t=10989852
Node 3 chan 0: RDMA send to 2 totalBytes=2097152 over 1 lane(s) bid=9 sid=0 iter=8 part=1 rateGBps=0 at t=10989852
GPU 3 TB=5 arrived at iteration barrier (1/10) leaving iter=8 t=10989852
GPU 3 TB=6 arrived at iteration barrier (2/10) leaving iter=8 t=10989852
GPU 3 TB=9 arrived at iteration barrier (3/10) leaving iter=8 t=10989852
Node 1 chan 1: RDMA send to 3 physically drained (sender side) bid=9 sid=0 iter=7 nElems=524288 at t=10990410
Node 1 chan 0: RDMA send to 3 physically drained (sender side) bid=8 sid=0 iter=7 nElems=524288 at t=10993402
Node 3 chan 0: transfer complete from peer 2 dst=(1,4) totalBytes=2097152 at t=11316101
Node 1 chan 0: transfer complete from peer 0 dst=(1,0) totalBytes=2097152 at t=11316934
Node 2 chan 0: RDMA send to 3 physically drained (sender side) bid=9 sid=0 iter=8 nElems=524288 at t=11318083
Node 0 chan 0: RDMA send to 1 physically drained (sender side) bid=5 sid=0 iter=8 nElems=524288 at t=11318362
Node 0 chan 0: transfer complete from peer 1 dst=(1,2) totalBytes=2097152 at t=11326342
Node 1 chan 0: RDMA send to 0 physically drained (sender side) bid=5 sid=0 iter=8 nElems=524288 at t=11328246
Node 2 chan 0: transfer complete from peer 3 dst=(1,6) totalBytes=2097152 at t=11351999
Node 3 chan 0: RDMA send to 2 physically drained (sender side) bid=9 sid=0 iter=8 nElems=524288 at t=11354013
Node 1 chan 1: transfer complete from peer 2 dst=(1,5) totalBytes=2097152 at t=11638826
GPU 1 TB=2 arrived at iteration barrier (4/10) leaving iter=8 t=11638826
Node 2 chan 1: RDMA send to 1 physically drained (sender side) bid=8 sid=0 iter=8 nElems=524288 at t=11642988
Node 1 chan 0: transfer complete from peer 2 dst=(1,4) totalBytes=2097152 at t=11645142
GPU 1 TB=1 arrived at iteration barrier (5/10) leaving iter=8 t=11645142
Node 1 chan 0: transfer complete from peer 0 dst=(1,1) totalBytes=2097152 at t=11649134
GPU 1 TB=0 arrived at iteration barrier (6/10) leaving iter=8 t=11649134
Node 2 chan 0: RDMA send to 1 physically drained (sender side) bid=7 sid=0 iter=8 nElems=524288 at t=11649308
GPU 2 TB=6 sid=0 DISPATCHING RunStep t=11649308
GPU 2 TB=5 sid=0 DISPATCHING RunStep t=11649308
Node 2 chan 1: RDMA send to 0 totalBytes=2097152 over 1 lane(s) bid=6 sid=0 iter=8 part=0 rateGBps=0 at t=11649308
Node 2 chan 0: RDMA send to 0 totalBytes=2097152 over 1 lane(s) bid=5 sid=0 iter=8 part=0 rateGBps=0 at t=11649308
GPU 2 TB=6 arrived at iteration barrier (4/10) leaving iter=8 t=11649308
GPU 2 TB=5 arrived at iteration barrier (5/10) leaving iter=8 t=11649308
Node 0 chan 0: RDMA send to 1 physically drained (sender side) bid=5 sid=0 iter=8 nElems=524288 at t=11650550
GPU 0 TB=7 sid=0 DISPATCHING RunStep t=11650550
GPU 0 TB=6 sid=0 DISPATCHING RunStep t=11650550
Node 0 chan 1: RDMA send to 2 totalBytes=2097152 over 1 lane(s) bid=7 sid=0 iter=8 part=0 rateGBps=0 at t=11650550
Node 0 chan 0: RDMA send to 2 totalBytes=2097152 over 1 lane(s) bid=6 sid=0 iter=8 part=0 rateGBps=0 at t=11650550
GPU 0 TB=7 arrived at iteration barrier (4/10) leaving iter=8 t=11650550
GPU 0 TB=6 arrived at iteration barrier (5/10) leaving iter=8 t=11650550
Node 3 chan 0: transfer complete from peer 2 dst=(1,5) totalBytes=2097152 at t=11650609
GPU 3 TB=4 arrived at iteration barrier (4/10) leaving iter=8 t=11650609
Node 2 chan 0: RDMA send to 3 physically drained (sender side) bid=9 sid=0 iter=8 nElems=524288 at t=11652304
Node 2 chan 1: transfer complete from peer 1 dst=(1,3) totalBytes=2097152 at t=11653964
GPU 2 TB=3 arrived at iteration barrier (6/10) leaving iter=8 t=11653964
Node 3 chan 0: transfer complete from peer 0 dst=(1,0) totalBytes=2097152 at t=11656593
GPU 3 TB=0 arrived at iteration barrier (5/10) leaving iter=8 t=11656593
Node 3 chan 1: transfer complete from peer 0 dst=(1,1) totalBytes=2097152 at t=11657925
GPU 3 TB=1 arrived at iteration barrier (6/10) leaving iter=8 t=11657925
Node 1 chan 1: RDMA send to 2 physically drained (sender side) bid=7 sid=0 iter=8 nElems=524288 at t=11658096
Node 0 chan 0: RDMA send to 3 physically drained (sender side) bid=8 sid=0 iter=8 nElems=524288 at t=11660194
Node 2 chan 0: transfer complete from peer 1 dst=(1,2) totalBytes=2097152 at t=11660604
GPU 2 TB=2 arrived at iteration barrier (7/10) leaving iter=8 t=11660604
Node 0 chan 1: RDMA send to 3 physically drained (sender side) bid=9 sid=0 iter=8 nElems=524288 at t=11661526
Node 1 chan 0: RDMA send to 2 physically drained (sender side) bid=6 sid=0 iter=8 nElems=524288 at t=11664670
Node 0 chan 0: transfer complete from peer 3 dst=(1,6) totalBytes=2097152 at t=11666174
GPU 0 TB=3 arrived at iteration barrier (6/10) leaving iter=8 t=11666174
Node 0 chan 1: transfer complete from peer 3 dst=(1,7) totalBytes=2097152 at t=11668498
GPU 0 TB=4 arrived at iteration barrier (7/10) leaving iter=8 t=11668498
Node 3 chan 0: RDMA send to 0 physically drained (sender side) bid=5 sid=0 iter=8 nElems=524288 at t=11670010
GPU 3 TB=8 sid=0 DISPATCHING RunStep t=11670010
GPU 3 TB=7 sid=0 DISPATCHING RunStep t=11670010
Node 3 chan 1: RDMA send to 1 totalBytes=2097152 over 1 lane(s) bid=8 sid=0 iter=8 part=0 rateGBps=0 at t=11670010
Node 3 chan 0: RDMA send to 1 totalBytes=2097152 over 1 lane(s) bid=7 sid=0 iter=8 part=0 rateGBps=0 at t=11670010
GPU 3 TB=8 arrived at iteration barrier (7/10) leaving iter=8 t=11670010
GPU 3 TB=7 arrived at iteration barrier (8/10) leaving iter=8 t=11670010
Node 3 chan 1: RDMA send to 0 physically drained (sender side) bid=6 sid=0 iter=8 nElems=524288 at t=11672320
Node 0 chan 0: transfer complete from peer 1 dst=(1,3) totalBytes=2097152 at t=11675810
GPU 0 TB=0 arrived at iteration barrier (8/10) leaving iter=8 t=11675810
Node 1 chan 0: RDMA send to 0 physically drained (sender side) bid=5 sid=0 iter=8 nElems=524288 at t=11677432
GPU 1 TB=9 sid=0 DISPATCHING RunStep t=11677432
GPU 1 TB=8 sid=0 DISPATCHING RunStep t=11677432
Node 1 chan 1: RDMA send to 3 totalBytes=2097152 over 1 lane(s) bid=9 sid=0 iter=8 part=0 rateGBps=0 at t=11677432
Node 1 chan 0: RDMA send to 3 totalBytes=2097152 over 1 lane(s) bid=8 sid=0 iter=8 part=0 rateGBps=0 at t=11677432
GPU 1 TB=9 arrived at iteration barrier (7/10) leaving iter=8 t=11677432
GPU 1 TB=8 arrived at iteration barrier (8/10) leaving iter=8 t=11677432
Node 2 chan 0: transfer complete from peer 3 dst=(1,7) totalBytes=2097152 at t=11698484
GPU 2 TB=4 arrived at iteration barrier (8/10) leaving iter=8 t=11698484
Node 3 chan 0: RDMA send to 2 physically drained (sender side) bid=9 sid=0 iter=8 nElems=524288 at t=11700192
Node 2 chan 1: transfer complete from peer 0 dst=(1,1) totalBytes=2097152 at t=12328190
GPU 2 TB=1 arrived at iteration barrier (9/10) leaving iter=8 t=12328190
Node 0 chan 1: transfer complete from peer 2 dst=(1,5) totalBytes=2097152 at t=12328383
GPU 0 TB=2 arrived at iteration barrier (9/10) leaving iter=8 t=12328383
Node 2 chan 0: transfer complete from peer 0 dst=(1,0) totalBytes=2097152 at t=12329186
GPU 2 TB=0 arrived at iteration barrier (10/10) leaving iter=8 t=12329186
GPU 2: iteration barrier releasing 10 threadblock(s) at t=12329186
GPU 2 TB=0 sid=0 DISPATCHING RunStep t=12329186
GPU 2 TB=1 sid=0 DISPATCHING RunStep t=12329186
GPU 2 TB=2 sid=0 DISPATCHING RunStep t=12329186
GPU 2 TB=3 sid=0 DISPATCHING RunStep t=12329186
GPU 2 TB=4 sid=0 DISPATCHING RunStep t=12329186
GPU 2 TB=5 sid=0 BLOCKED on network completion of TB=7 step=0 needFlag=9216 netFlag=8192 t=12329186
GPU 2 TB=6 sid=0 BLOCKED on network completion of TB=7 step=0 needFlag=9216 netFlag=8192 t=12329186
GPU 2 TB=7 sid=0 DISPATCHING RunStep t=12329186
GPU 2 TB=8 sid=0 DISPATCHING RunStep t=12329186
GPU 2 TB=9 sid=0 DISPATCHING RunStep t=12329186
Node 2 chan 0: RDMA send to 1 totalBytes=2097152 over 1 lane(s) bid=7 sid=0 iter=9 part=0 rateGBps=0 at t=12329186
Node 2 chan 1: RDMA send to 1 totalBytes=2097152 over 1 lane(s) bid=8 sid=0 iter=9 part=0 rateGBps=0 at t=12329186
Node 2 chan 0: RDMA send to 3 totalBytes=2097152 over 1 lane(s) bid=9 sid=0 iter=9 part=0 rateGBps=0 at t=12329186
Node 2 chan 0: RDMA send to 3 totalBytes=2097152 over 1 lane(s) bid=9 sid=0 iter=9 part=1 rateGBps=0 at t=12329186
GPU 2 TB=7 arrived at iteration barrier (1/10) leaving iter=9 t=12329186
GPU 2 TB=8 arrived at iteration barrier (2/10) leaving iter=9 t=12329186
GPU 2 TB=9 arrived at iteration barrier (3/10) leaving iter=9 t=12329186
Node 0 chan 0: transfer complete from peer 2 dst=(1,4) totalBytes=2097152 at t=12329809
GPU 0 TB=1 arrived at iteration barrier (10/10) leaving iter=8 t=12329809
GPU 0: iteration barrier releasing 10 threadblock(s) at t=12329809
GPU 0 TB=0 sid=0 DISPATCHING RunStep t=12329809
GPU 0 TB=1 sid=0 DISPATCHING RunStep t=12329809
GPU 0 TB=2 sid=0 DISPATCHING RunStep t=12329809
GPU 0 TB=3 sid=0 DISPATCHING RunStep t=12329809
GPU 0 TB=4 sid=0 DISPATCHING RunStep t=12329809
GPU 0 TB=5 sid=0 DISPATCHING RunStep t=12329809
GPU 0 TB=6 sid=0 BLOCKED on network completion of TB=5 step=0 needFlag=9216 netFlag=8192 t=12329809
GPU 0 TB=7 sid=0 BLOCKED on network completion of TB=5 step=0 needFlag=9216 netFlag=8192 t=12329809
GPU 0 TB=8 sid=0 DISPATCHING RunStep t=12329809
GPU 0 TB=9 sid=0 DISPATCHING RunStep t=12329809
Node 0 chan 0: RDMA send to 1 totalBytes=2097152 over 1 lane(s) bid=5 sid=0 iter=9 part=0 rateGBps=0 at t=12329809
Node 0 chan 0: RDMA send to 1 totalBytes=2097152 over 1 lane(s) bid=5 sid=0 iter=9 part=1 rateGBps=0 at t=12329809
Node 0 chan 0: RDMA send to 3 totalBytes=2097152 over 1 lane(s) bid=8 sid=0 iter=9 part=0 rateGBps=0 at t=12329809
Node 0 chan 1: RDMA send to 3 totalBytes=2097152 over 1 lane(s) bid=9 sid=0 iter=9 part=0 rateGBps=0 at t=12329809
GPU 0 TB=5 arrived at iteration barrier (1/10) leaving iter=9 t=12329809
GPU 0 TB=8 arrived at iteration barrier (2/10) leaving iter=9 t=12329809
GPU 0 TB=9 arrived at iteration barrier (3/10) leaving iter=9 t=12329809
Node 0 chan 1: RDMA send to 2 physically drained (sender side) bid=7 sid=0 iter=8 nElems=524288 at t=12332146
Node 2 chan 1: RDMA send to 0 physically drained (sender side) bid=6 sid=0 iter=8 nElems=524288 at t=12332187
Node 0 chan 0: RDMA send to 2 physically drained (sender side) bid=6 sid=0 iter=8 nElems=524288 at t=12332819
Node 2 chan 0: RDMA send to 0 physically drained (sender side) bid=5 sid=0 iter=8 nElems=524288 at t=12333524
Node 1 chan 1: transfer complete from peer 3 dst=(1,7) totalBytes=2097152 at t=12346664
GPU 1 TB=4 arrived at iteration barrier (9/10) leaving iter=8 t=12346664
Node 3 chan 1: transfer complete from peer 1 dst=(1,3) totalBytes=2097152 at t=12346798
GPU 3 TB=3 arrived at iteration barrier (9/10) leaving iter=8 t=12346798
Node 3 chan 0: transfer complete from peer 1 dst=(1,2) totalBytes=2097152 at t=12348794
GPU 3 TB=2 arrived at iteration barrier (10/10) leaving iter=8 t=12348794
GPU 3: iteration barrier releasing 10 threadblock(s) at t=12348794
GPU 3 TB=0 sid=0 DISPATCHING RunStep t=12348794
GPU 3 TB=1 sid=0 DISPATCHING RunStep t=12348794
GPU 3 TB=2 sid=0 DISPATCHING RunStep t=12348794
GPU 3 TB=3 sid=0 DISPATCHING RunStep t=12348794
GPU 3 TB=4 sid=0 DISPATCHING RunStep t=12348794
GPU 3 TB=5 sid=0 DISPATCHING RunStep t=12348794
GPU 3 TB=6 sid=0 DISPATCHING RunStep t=12348794
GPU 3 TB=7 sid=0 BLOCKED on network completion of TB=5 step=0 needFlag=9216 netFlag=8192 t=12348794
GPU 3 TB=8 sid=0 BLOCKED on network completion of TB=5 step=0 needFlag=9216 netFlag=8192 t=12348794
GPU 3 TB=9 sid=0 DISPATCHING RunStep t=12348794
Node 3 chan 0: RDMA send to 0 totalBytes=2097152 over 1 lane(s) bid=5 sid=0 iter=9 part=0 rateGBps=0 at t=12348794
Node 3 chan 1: RDMA send to 0 totalBytes=2097152 over 1 lane(s) bid=6 sid=0 iter=9 part=0 rateGBps=0 at t=12348794
Node 3 chan 0: RDMA send to 2 totalBytes=2097152 over 1 lane(s) bid=9 sid=0 iter=9 part=0 rateGBps=0 at t=12348794
Node 3 chan 0: RDMA send to 2 totalBytes=2097152 over 1 lane(s) bid=9 sid=0 iter=9 part=1 rateGBps=0 at t=12348794
GPU 3 TB=5 arrived at iteration barrier (1/10) leaving iter=9 t=12348794
GPU 3 TB=6 arrived at iteration barrier (2/10) leaving iter=9 t=12348794
GPU 3 TB=9 arrived at iteration barrier (3/10) leaving iter=9 t=12348794
Node 3 chan 1: RDMA send to 1 physically drained (sender side) bid=8 sid=0 iter=8 nElems=524288 at t=12350458
Node 1 chan 0: transfer complete from peer 3 dst=(1,6) totalBytes=2097152 at t=12350652
GPU 1 TB=3 arrived at iteration barrier (10/10) leaving iter=8 t=12350652
GPU 1: iteration barrier releasing 10 threadblock(s) at t=12350652
GPU 1 TB=0 sid=0 DISPATCHING RunStep t=12350652
GPU 1 TB=1 sid=0 DISPATCHING RunStep t=12350652
GPU 1 TB=2 sid=0 DISPATCHING RunStep t=12350652
GPU 1 TB=3 sid=0 DISPATCHING RunStep t=12350652
GPU 1 TB=4 sid=0 DISPATCHING RunStep t=12350652
GPU 1 TB=5 sid=0 DISPATCHING RunStep t=12350652
GPU 1 TB=6 sid=0 DISPATCHING RunStep t=12350652
GPU 1 TB=7 sid=0 DISPATCHING RunStep t=12350652
GPU 1 TB=8 sid=0 BLOCKED on network completion of TB=5 step=0 needFlag=9216 netFlag=8192 t=12350652
GPU 1 TB=9 sid=0 BLOCKED on network completion of TB=5 step=0 needFlag=9216 netFlag=8192 t=12350652
Node 1 chan 0: RDMA send to 0 totalBytes=2097152 over 1 lane(s) bid=5 sid=0 iter=9 part=0 rateGBps=0 at t=12350652
Node 1 chan 0: RDMA send to 0 totalBytes=2097152 over 1 lane(s) bid=5 sid=0 iter=9 part=1 rateGBps=0 at t=12350652
Node 1 chan 0: RDMA send to 2 totalBytes=2097152 over 1 lane(s) bid=6 sid=0 iter=9 part=0 rateGBps=0 at t=12350652
Node 1 chan 1: RDMA send to 2 totalBytes=2097152 over 1 lane(s) bid=7 sid=0 iter=9 part=0 rateGBps=0 at t=12350652
GPU 1 TB=5 arrived at iteration barrier (1/10) leaving iter=9 t=12350652
GPU 1 TB=6 arrived at iteration barrier (2/10) leaving iter=9 t=12350652
GPU 1 TB=7 arrived at iteration barrier (3/10) leaving iter=9 t=12350652
Node 1 chan 1: RDMA send to 3 physically drained (sender side) bid=9 sid=0 iter=8 nElems=524288 at t=12350988
Node 1 chan 0: RDMA send to 3 physically drained (sender side) bid=8 sid=0 iter=8 nElems=524288 at t=12352984
Node 3 chan 0: RDMA send to 1 physically drained (sender side) bid=7 sid=0 iter=8 nElems=524288 at t=12354446
Node 3 chan 0: transfer complete from peer 2 dst=(1,4) totalBytes=2097152 at t=12686274
Node 2 chan 0: RDMA send to 3 physically drained (sender side) bid=9 sid=0 iter=9 nElems=524288 at t=12687972
Node 1 chan 0: transfer complete from peer 0 dst=(1,0) totalBytes=2097152 at t=12688796
Node 0 chan 0: RDMA send to 1 physically drained (sender side) bid=5 sid=0 iter=9 nElems=524288 at t=12690246
Node 2 chan 0: transfer complete from peer 3 dst=(1,6) totalBytes=2097152 at t=12708584
Node 3 chan 0: RDMA send to 2 physically drained (sender side) bid=9 sid=0 iter=9 nElems=524288 at t=12710550
Node 0 chan 0: transfer complete from peer 1 dst=(1,2) totalBytes=2097152 at t=12710862
Node 1 chan 0: RDMA send to 0 physically drained (sender side) bid=5 sid=0 iter=9 nElems=524288 at t=12712736
Node 1 chan 1: transfer complete from peer 2 dst=(1,5) totalBytes=2097152 at t=13017648
GPU 1 TB=2 arrived at iteration barrier (4/10) leaving iter=9 t=13017648
Node 3 chan 1: transfer complete from peer 0 dst=(1,1) totalBytes=2097152 at t=13020786
GPU 3 TB=1 arrived at iteration barrier (4/10) leaving iter=9 t=13020786
Node 2 chan 1: RDMA send to 1 physically drained (sender side) bid=8 sid=0 iter=9 nElems=524288 at t=13021816
Node 3 chan 0: transfer complete from peer 2 dst=(1,5) totalBytes=2097152 at t=13023442
GPU 3 TB=4 arrived at iteration barrier (5/10) leaving iter=9 t=13023442
Node 3 chan 0: transfer complete from peer 0 dst=(1,0) totalBytes=2097152 at t=13023778
GPU 3 TB=0 arrived at iteration barrier (6/10) leaving iter=9 t=13023778
Node 1 chan 0: transfer complete from peer 2 dst=(1,4) totalBytes=2097152 at t=13023968
GPU 1 TB=1 arrived at iteration barrier (5/10) leaving iter=9 t=13023968
Node 1 chan 0: transfer complete from peer 0 dst=(1,1) totalBytes=2097152 at t=13024300
GPU 1 TB=0 arrived at iteration barrier (6/10) leaving iter=9 t=13024300
Node 2 chan 0: RDMA send to 3 physically drained (sender side) bid=9 sid=0 iter=9 nElems=524288 at t=13025144
Node 0 chan 1: RDMA send to 3 physically drained (sender side) bid=9 sid=0 iter=9 nElems=524288 at t=13025426
Node 0 chan 0: RDMA send to 1 physically drained (sender side) bid=5 sid=0 iter=9 nElems=524288 at t=13025762
GPU 0 TB=7 sid=0 DISPATCHING RunStep t=13025762
GPU 0 TB=6 sid=0 DISPATCHING RunStep t=13025762
Node 0 chan 1: RDMA send to 2 totalBytes=2097152 over 1 lane(s) bid=7 sid=0 iter=9 part=0 rateGBps=0 at t=13025762
Node 0 chan 0: RDMA send to 2 totalBytes=2097152 over 1 lane(s) bid=6 sid=0 iter=9 part=0 rateGBps=0 at t=13025762
GPU 0 TB=7 arrived at iteration barrier (4/10) leaving iter=9 t=13025762
GPU 0 TB=6 arrived at iteration barrier (5/10) leaving iter=9 t=13025762
Node 0 chan 0: RDMA send to 3 physically drained (sender side) bid=8 sid=0 iter=9 nElems=524288 at t=13026762
Node 2 chan 0: RDMA send to 1 physically drained (sender side) bid=7 sid=0 iter=9 nElems=524288 at t=13026808
GPU 2 TB=6 sid=0 DISPATCHING RunStep t=13026808
GPU 2 TB=5 sid=0 DISPATCHING RunStep t=13026808
Node 2 chan 1: RDMA send to 0 totalBytes=2097152 over 1 lane(s) bid=6 sid=0 iter=9 part=0 rateGBps=0 at t=13026808
Node 2 chan 0: RDMA send to 0 totalBytes=2097152 over 1 lane(s) bid=5 sid=0 iter=9 part=0 rateGBps=0 at t=13026808
GPU 2 TB=6 arrived at iteration barrier (4/10) leaving iter=9 t=13026808
GPU 2 TB=5 arrived at iteration barrier (5/10) leaving iter=9 t=13026808
Node 0 chan 1: transfer complete from peer 3 dst=(1,7) totalBytes=2097152 at t=13029750
GPU 0 TB=4 arrived at iteration barrier (6/10) leaving iter=9 t=13029750
Node 2 chan 1: transfer complete from peer 1 dst=(1,3) totalBytes=2097152 at t=13031124
GPU 2 TB=3 arrived at iteration barrier (6/10) leaving iter=9 t=13031124
Node 2 chan 0: transfer complete from peer 1 dst=(1,2) totalBytes=2097152 at t=13031788
GPU 2 TB=2 arrived at iteration barrier (7/10) leaving iter=9 t=13031788
Node 0 chan 0: transfer complete from peer 3 dst=(1,6) totalBytes=2097152 at t=13033070
GPU 0 TB=3 arrived at iteration barrier (7/10) leaving iter=9 t=13033070
Node 3 chan 1: RDMA send to 0 physically drained (sender side) bid=6 sid=0 iter=9 nElems=524288 at t=13033895
Node 1 chan 1: RDMA send to 2 physically drained (sender side) bid=7 sid=0 iter=9 nElems=524288 at t=13034937
Node 1 chan 0: RDMA send to 2 physically drained (sender side) bid=6 sid=0 iter=9 nElems=524288 at t=13035937
Node 3 chan 0: RDMA send to 0 physically drained (sender side) bid=5 sid=0 iter=9 nElems=524288 at t=13036887
GPU 3 TB=8 sid=0 DISPATCHING RunStep t=13036887
GPU 3 TB=7 sid=0 DISPATCHING RunStep t=13036887
Node 3 chan 1: RDMA send to 1 totalBytes=2097152 over 1 lane(s) bid=8 sid=0 iter=9 part=0 rateGBps=0 at t=13036887
Node 3 chan 0: RDMA send to 1 totalBytes=2097152 over 1 lane(s) bid=7 sid=0 iter=9 part=0 rateGBps=0 at t=13036887
GPU 3 TB=8 arrived at iteration barrier (7/10) leaving iter=9 t=13036887
GPU 3 TB=7 arrived at iteration barrier (8/10) leaving iter=9 t=13036887
Node 2 chan 0: transfer complete from peer 3 dst=(1,7) totalBytes=2097152 at t=13051384
GPU 2 TB=4 arrived at iteration barrier (8/10) leaving iter=9 t=13051384
Node 0 chan 0: transfer complete from peer 1 dst=(1,3) totalBytes=2097152 at t=13052666
GPU 0 TB=0 arrived at iteration barrier (8/10) leaving iter=9 t=13052666
Node 3 chan 0: RDMA send to 2 physically drained (sender side) bid=9 sid=0 iter=9 nElems=524288 at t=13052796
Node 1 chan 0: RDMA send to 0 physically drained (sender side) bid=5 sid=0 iter=9 nElems=524288 at t=13054218
GPU 1 TB=9 sid=0 DISPATCHING RunStep t=13054218
GPU 1 TB=8 sid=0 DISPATCHING RunStep t=13054218
Node 1 chan 1: RDMA send to 3 totalBytes=2097152 over 1 lane(s) bid=9 sid=0 iter=9 part=0 rateGBps=0 at t=13054218
Node 1 chan 0: RDMA send to 3 totalBytes=2097152 over 1 lane(s) bid=8 sid=0 iter=9 part=0 rateGBps=0 at t=13054218
GPU 1 TB=9 arrived at iteration barrier (7/10) leaving iter=9 t=13054218
GPU 1 TB=8 arrived at iteration barrier (8/10) leaving iter=9 t=13054218
Node 2 chan 1: transfer complete from peer 0 dst=(1,1) totalBytes=2097152 at t=13699589
GPU 2 TB=1 arrived at iteration barrier (9/10) leaving iter=9 t=13699589
Node 2 chan 0: transfer complete from peer 0 dst=(1,0) totalBytes=2097152 at t=13699926
GPU 2 TB=0 arrived at iteration barrier (10/10) leaving iter=9 t=13699926
GPU 2: iteration barrier releasing 10 threadblock(s) at t=13699926
GPU 2 TB=0 sid=0 DISPATCHING RunStep t=13699926
GPU 2 TB=1 sid=0 DISPATCHING RunStep t=13699926
GPU 2 TB=2 sid=0 DISPATCHING RunStep t=13699926
GPU 2 TB=3 sid=0 DISPATCHING RunStep t=13699926
GPU 2 TB=4 sid=0 DISPATCHING RunStep t=13699926
GPU 2 TB=5 sid=0 BLOCKED on network completion of TB=7 step=0 needFlag=10240 netFlag=9216 t=13699926
GPU 2 TB=6 sid=0 BLOCKED on network completion of TB=7 step=0 needFlag=10240 netFlag=9216 t=13699926
GPU 2 TB=7 sid=0 DISPATCHING RunStep t=13699926
GPU 2 TB=8 sid=0 DISPATCHING RunStep t=13699926
GPU 2 TB=9 sid=0 DISPATCHING RunStep t=13699926
Node 2 chan 0: RDMA send to 1 totalBytes=2097152 over 1 lane(s) bid=7 sid=0 iter=10 part=0 rateGBps=0 at t=13699926
Node 2 chan 1: RDMA send to 1 totalBytes=2097152 over 1 lane(s) bid=8 sid=0 iter=10 part=0 rateGBps=0 at t=13699926
Node 2 chan 0: RDMA send to 3 totalBytes=2097152 over 1 lane(s) bid=9 sid=0 iter=10 part=0 rateGBps=0 at t=13699926
Node 2 chan 0: RDMA send to 3 totalBytes=2097152 over 1 lane(s) bid=9 sid=0 iter=10 part=1 rateGBps=0 at t=13699926
GPU 2 TB=7 arrived at iteration barrier (1/10) leaving iter=10 t=13699926
GPU 2 TB=8 arrived at iteration barrier (2/10) leaving iter=10 t=13699926
GPU 2 TB=9 arrived at iteration barrier (3/10) leaving iter=10 t=13699926
Node 0 chan 1: RDMA send to 2 physically drained (sender side) bid=7 sid=0 iter=9 nElems=524288 at t=13703364
Node 0 chan 0: RDMA send to 2 physically drained (sender side) bid=6 sid=0 iter=9 nElems=524288 at t=13704159
Node 0 chan 1: transfer complete from peer 2 dst=(1,5) totalBytes=2097152 at t=13707475
GPU 0 TB=2 arrived at iteration barrier (9/10) leaving iter=9 t=13707475
Node 0 chan 0: transfer complete from peer 2 dst=(1,4) totalBytes=2097152 at t=13709013
GPU 0 TB=1 arrived at iteration barrier (10/10) leaving iter=9 t=13709013
GPU 0: iteration barrier releasing 10 threadblock(s) at t=13709013
GPU 0 TB=0 sid=0 DISPATCHING RunStep t=13709013
GPU 0 TB=1 sid=0 DISPATCHING RunStep t=13709013
GPU 0 TB=2 sid=0 DISPATCHING RunStep t=13709013
GPU 0 TB=3 sid=0 DISPATCHING RunStep t=13709013
GPU 0 TB=4 sid=0 DISPATCHING RunStep t=13709013
GPU 0 TB=5 sid=0 DISPATCHING RunStep t=13709013
GPU 0 TB=6 sid=0 BLOCKED on network completion of TB=5 step=0 needFlag=10240 netFlag=9216 t=13709013
GPU 0 TB=7 sid=0 BLOCKED on network completion of TB=5 step=0 needFlag=10240 netFlag=9216 t=13709013
GPU 0 TB=8 sid=0 DISPATCHING RunStep t=13709013
GPU 0 TB=9 sid=0 DISPATCHING RunStep t=13709013
Node 0 chan 0: RDMA send to 1 totalBytes=2097152 over 1 lane(s) bid=5 sid=0 iter=10 part=0 rateGBps=0 at t=13709013
Node 0 chan 0: RDMA send to 1 totalBytes=2097152 over 1 lane(s) bid=5 sid=0 iter=10 part=1 rateGBps=0 at t=13709013
Node 0 chan 0: RDMA send to 3 totalBytes=2097152 over 1 lane(s) bid=8 sid=0 iter=10 part=0 rateGBps=0 at t=13709013
Node 0 chan 1: RDMA send to 3 totalBytes=2097152 over 1 lane(s) bid=9 sid=0 iter=10 part=0 rateGBps=0 at t=13709013
GPU 0 TB=5 arrived at iteration barrier (1/10) leaving iter=10 t=13709013
GPU 0 TB=8 arrived at iteration barrier (2/10) leaving iter=10 t=13709013
GPU 0 TB=9 arrived at iteration barrier (3/10) leaving iter=10 t=13709013
Node 1 chan 1: transfer complete from peer 3 dst=(1,7) totalBytes=2097152 at t=13711468
GPU 1 TB=4 arrived at iteration barrier (9/10) leaving iter=9 t=13711468
Node 2 chan 1: RDMA send to 0 physically drained (sender side) bid=6 sid=0 iter=9 nElems=524288 at t=13711559
Node 2 chan 0: RDMA send to 0 physically drained (sender side) bid=5 sid=0 iter=9 nElems=524288 at t=13712896
Node 1 chan 0: transfer complete from peer 3 dst=(1,6) totalBytes=2097152 at t=13713792
GPU 1 TB=3 arrived at iteration barrier (10/10) leaving iter=9 t=13713792
GPU 1: iteration barrier releasing 10 threadblock(s) at t=13713792
GPU 1 TB=0 sid=0 DISPATCHING RunStep t=13713792
GPU 1 TB=1 sid=0 DISPATCHING RunStep t=13713792
GPU 1 TB=2 sid=0 DISPATCHING RunStep t=13713792
GPU 1 TB=3 sid=0 DISPATCHING RunStep t=13713792
GPU 1 TB=4 sid=0 DISPATCHING RunStep t=13713792
GPU 1 TB=5 sid=0 DISPATCHING RunStep t=13713792
GPU 1 TB=6 sid=0 DISPATCHING RunStep t=13713792
GPU 1 TB=7 sid=0 DISPATCHING RunStep t=13713792
GPU 1 TB=8 sid=0 BLOCKED on network completion of TB=5 step=0 needFlag=10240 netFlag=9216 t=13713792
GPU 1 TB=9 sid=0 BLOCKED on network completion of TB=5 step=0 needFlag=10240 netFlag=9216 t=13713792
Node 1 chan 0: RDMA send to 0 totalBytes=2097152 over 1 lane(s) bid=5 sid=0 iter=10 part=0 rateGBps=0 at t=13713792
Node 1 chan 0: RDMA send to 0 totalBytes=2097152 over 1 lane(s) bid=5 sid=0 iter=10 part=1 rateGBps=0 at t=13713792
Node 1 chan 0: RDMA send to 2 totalBytes=2097152 over 1 lane(s) bid=6 sid=0 iter=10 part=0 rateGBps=0 at t=13713792
Node 1 chan 1: RDMA send to 2 totalBytes=2097152 over 1 lane(s) bid=7 sid=0 iter=10 part=0 rateGBps=0 at t=13713792
GPU 1 TB=5 arrived at iteration barrier (1/10) leaving iter=10 t=13713792
GPU 1 TB=6 arrived at iteration barrier (2/10) leaving iter=10 t=13713792
GPU 1 TB=7 arrived at iteration barrier (3/10) leaving iter=10 t=13713792
Node 3 chan 1: RDMA send to 1 physically drained (sender side) bid=8 sid=0 iter=9 nElems=524288 at t=13716214
Node 3 chan 0: RDMA send to 1 physically drained (sender side) bid=7 sid=0 iter=9 nElems=524288 at t=13718210
Node 3 chan 1: transfer complete from peer 1 dst=(1,3) totalBytes=2097152 at t=13728834
GPU 3 TB=3 arrived at iteration barrier (9/10) leaving iter=9 t=13728834
Node 3 chan 0: transfer complete from peer 1 dst=(1,2) totalBytes=2097152 at t=13729498
GPU 3 TB=2 arrived at iteration barrier (10/10) leaving iter=9 t=13729498
GPU 3: iteration barrier releasing 10 threadblock(s) at t=13729498
GPU 3 TB=0 sid=0 DISPATCHING RunStep t=13729498
GPU 3 TB=1 sid=0 DISPATCHING RunStep t=13729498
GPU 3 TB=2 sid=0 DISPATCHING RunStep t=13729498
GPU 3 TB=3 sid=0 DISPATCHING RunStep t=13729498
GPU 3 TB=4 sid=0 DISPATCHING RunStep t=13729498
GPU 3 TB=5 sid=0 DISPATCHING RunStep t=13729498
GPU 3 TB=6 sid=0 DISPATCHING RunStep t=13729498
GPU 3 TB=7 sid=0 BLOCKED on network completion of TB=5 step=0 needFlag=10240 netFlag=9216 t=13729498
GPU 3 TB=8 sid=0 BLOCKED on network completion of TB=5 step=0 needFlag=10240 netFlag=9216 t=13729498
GPU 3 TB=9 sid=0 DISPATCHING RunStep t=13729498
Node 3 chan 0: RDMA send to 0 totalBytes=2097152 over 1 lane(s) bid=5 sid=0 iter=10 part=0 rateGBps=0 at t=13729498
Node 3 chan 1: RDMA send to 0 totalBytes=2097152 over 1 lane(s) bid=6 sid=0 iter=10 part=0 rateGBps=0 at t=13729498
Node 3 chan 0: RDMA send to 2 totalBytes=2097152 over 1 lane(s) bid=9 sid=0 iter=10 part=0 rateGBps=0 at t=13729498
Node 3 chan 0: RDMA send to 2 totalBytes=2097152 over 1 lane(s) bid=9 sid=0 iter=10 part=1 rateGBps=0 at t=13729498
GPU 3 TB=5 arrived at iteration barrier (1/10) leaving iter=10 t=13729498
GPU 3 TB=6 arrived at iteration barrier (2/10) leaving iter=10 t=13729498
GPU 3 TB=9 arrived at iteration barrier (3/10) leaving iter=10 t=13729498
Node 1 chan 1: RDMA send to 3 physically drained (sender side) bid=9 sid=0 iter=9 nElems=524288 at t=13733072
Node 1 chan 0: RDMA send to 3 physically drained (sender side) bid=8 sid=0 iter=9 nElems=524288 at t=13733412
Node 3 chan 0: transfer complete from peer 2 dst=(1,4) totalBytes=2097152 at t=14061399
Node 2 chan 0: RDMA send to 3 physically drained (sender side) bid=9 sid=0 iter=10 nElems=524288 at t=14063394
Node 1 chan 0: transfer complete from peer 0 dst=(1,0) totalBytes=2097152 at t=14066924
Node 0 chan 0: transfer complete from peer 1 dst=(1,2) totalBytes=2097152 at t=14068528
Node 0 chan 0: RDMA send to 1 physically drained (sender side) bid=5 sid=0 iter=10 nElems=524288 at t=14068532
Node 1 chan 0: RDMA send to 0 physically drained (sender side) bid=5 sid=0 iter=10 nElems=524288 at t=14070580
Node 2 chan 0: transfer complete from peer 3 dst=(1,6) totalBytes=2097152 at t=14086002
Node 3 chan 0: RDMA send to 2 physically drained (sender side) bid=9 sid=0 iter=10 nElems=524288 at t=14087679
Node 1 chan 1: transfer complete from peer 2 dst=(1,5) totalBytes=2097152 at t=14374156
GPU 1 TB=2 arrived at iteration barrier (4/10) leaving iter=10 t=14374156
Node 2 chan 1: RDMA send to 1 physically drained (sender side) bid=8 sid=0 iter=10 nElems=524288 at t=14377958
Node 1 chan 0: transfer complete from peer 2 dst=(1,4) totalBytes=2097152 at t=14380476
GPU 1 TB=1 arrived at iteration barrier (5/10) leaving iter=10 t=14380476
Node 2 chan 0: RDMA send to 1 physically drained (sender side) bid=7 sid=0 iter=10 nElems=524288 at t=14384278
GPU 2 TB=6 sid=0 DISPATCHING RunStep t=14384278
GPU 2 TB=5 sid=0 DISPATCHING RunStep t=14384278
Node 2 chan 1: RDMA send to 0 totalBytes=2097152 over 1 lane(s) bid=6 sid=0 iter=10 part=0 rateGBps=0 at t=14384278
Node 2 chan 0: RDMA send to 0 totalBytes=2097152 over 1 lane(s) bid=5 sid=0 iter=10 part=0 rateGBps=0 at t=14384278
GPU 2 TB=6 arrived at iteration barrier (4/10) leaving iter=10 t=14384278
GPU 2 TB=5 arrived at iteration barrier (5/10) leaving iter=10 t=14384278
Node 1 chan 0: transfer complete from peer 0 dst=(1,1) totalBytes=2097152 at t=14393440
GPU 1 TB=0 arrived at iteration barrier (6/10) leaving iter=10 t=14393440
Node 0 chan 0: RDMA send to 1 physically drained (sender side) bid=5 sid=0 iter=10 nElems=524288 at t=14395076
GPU 0 TB=7 sid=0 DISPATCHING RunStep t=14395076
GPU 0 TB=6 sid=0 DISPATCHING RunStep t=14395076
Node 0 chan 1: RDMA send to 2 totalBytes=2097152 over 1 lane(s) bid=7 sid=0 iter=10 part=0 rateGBps=0 at t=14395076
Node 0 chan 0: RDMA send to 2 totalBytes=2097152 over 1 lane(s) bid=6 sid=0 iter=10 part=0 rateGBps=0 at t=14395076
GPU 0 TB=7 arrived at iteration barrier (4/10) leaving iter=10 t=14395076
GPU 0 TB=6 arrived at iteration barrier (5/10) leaving iter=10 t=14395076
Node 3 chan 0: transfer complete from peer 0 dst=(1,0) totalBytes=2097152 at t=14397898
GPU 3 TB=0 arrived at iteration barrier (4/10) leaving iter=10 t=14397898
Node 2 chan 1: transfer complete from peer 1 dst=(1,3) totalBytes=2097152 at t=14400226
GPU 2 TB=3 arrived at iteration barrier (6/10) leaving iter=10 t=14400226
Node 3 chan 0: transfer complete from peer 2 dst=(1,5) totalBytes=2097152 at t=14400554
GPU 3 TB=4 arrived at iteration barrier (5/10) leaving iter=10 t=14400554
Node 3 chan 1: transfer complete from peer 0 dst=(1,1) totalBytes=2097152 at t=14401882
GPU 3 TB=1 arrived at iteration barrier (6/10) leaving iter=10 t=14401882
Node 0 chan 0: RDMA send to 3 physically drained (sender side) bid=8 sid=0 iter=10 nElems=524288 at t=14402392
Node 2 chan 0: RDMA send to 3 physically drained (sender side) bid=9 sid=0 iter=10 nElems=524288 at t=14402558
Node 2 chan 0: transfer complete from peer 1 dst=(1,2) totalBytes=2097152 at t=14403222
GPU 2 TB=2 arrived at iteration barrier (7/10) leaving iter=10 t=14403222
Node 1 chan 1: RDMA send to 2 physically drained (sender side) bid=7 sid=0 iter=10 nElems=524288 at t=14404072
Node 0 chan 1: RDMA send to 3 physically drained (sender side) bid=9 sid=0 iter=10 nElems=524288 at t=14406380
Node 1 chan 0: RDMA send to 2 physically drained (sender side) bid=6 sid=0 iter=10 nElems=524288 at t=14406969
Node 0 chan 1: transfer complete from peer 3 dst=(1,7) totalBytes=2097152 at t=14418008
GPU 0 TB=4 arrived at iteration barrier (6/10) leaving iter=10 t=14418008
Node 0 chan 0: transfer complete from peer 1 dst=(1,3) totalBytes=2097152 at t=14420664
GPU 0 TB=0 arrived at iteration barrier (7/10) leaving iter=10 t=14420664
Node 3 chan 1: RDMA send to 0 physically drained (sender side) bid=6 sid=0 iter=10 nElems=524288 at t=14421821
Node 1 chan 0: RDMA send to 0 physically drained (sender side) bid=5 sid=0 iter=10 nElems=524288 at t=14422072
GPU 1 TB=9 sid=0 DISPATCHING RunStep t=14422072
GPU 1 TB=8 sid=0 DISPATCHING RunStep t=14422072
Node 1 chan 1: RDMA send to 3 totalBytes=2097152 over 1 lane(s) bid=9 sid=0 iter=10 part=0 rateGBps=0 at t=14422072
Node 1 chan 0: RDMA send to 3 totalBytes=2097152 over 1 lane(s) bid=8 sid=0 iter=10 part=0 rateGBps=0 at t=14422072
GPU 1 TB=9 arrived at iteration barrier (7/10) leaving iter=10 t=14422072
GPU 1 TB=8 arrived at iteration barrier (8/10) leaving iter=10 t=14422072
Node 0 chan 0: transfer complete from peer 3 dst=(1,6) totalBytes=2097152 at t=14424656
GPU 0 TB=3 arrived at iteration barrier (8/10) leaving iter=10 t=14424656
Node 3 chan 0: RDMA send to 0 physically drained (sender side) bid=5 sid=0 iter=10 nElems=524288 at t=14428860
GPU 3 TB=8 sid=0 DISPATCHING RunStep t=14428860
GPU 3 TB=7 sid=0 DISPATCHING RunStep t=14428860
Node 3 chan 1: RDMA send to 1 totalBytes=2097152 over 1 lane(s) bid=8 sid=0 iter=10 part=0 rateGBps=0 at t=14428860
Node 3 chan 0: RDMA send to 1 totalBytes=2097152 over 1 lane(s) bid=7 sid=0 iter=10 part=0 rateGBps=0 at t=14428860
GPU 3 TB=8 arrived at iteration barrier (7/10) leaving iter=10 t=14428860
GPU 3 TB=7 arrived at iteration barrier (8/10) leaving iter=10 t=14428860
Node 2 chan 0: transfer complete from peer 3 dst=(1,7) totalBytes=2097152 at t=14431794
GPU 2 TB=4 arrived at iteration barrier (8/10) leaving iter=10 t=14431794
Node 3 chan 0: RDMA send to 2 physically drained (sender side) bid=9 sid=0 iter=10 nElems=524288 at t=14433206
Node 0 chan 1: transfer complete from peer 2 dst=(1,5) totalBytes=2097152 at t=15065621
GPU 0 TB=2 arrived at iteration barrier (9/10) leaving iter=10 t=15065621
Node 2 chan 1: transfer complete from peer 0 dst=(1,1) totalBytes=2097152 at t=15067457
GPU 2 TB=1 arrived at iteration barrier (9/10) leaving iter=10 t=15067457
Node 2 chan 0: transfer complete from peer 0 dst=(1,0) totalBytes=2097152 at t=15067789
GPU 2 TB=0 arrived at iteration barrier (10/10) leaving iter=10 t=15067789
GPU 2: iteration barrier releasing 10 threadblock(s) at t=15067789
GPU 2 TB=0 sid=0 DISPATCHING RunStep t=15067789
GPU 2 TB=1 sid=0 DISPATCHING RunStep t=15067789
GPU 2 TB=2 sid=0 DISPATCHING RunStep t=15067789
GPU 2 TB=3 sid=0 DISPATCHING RunStep t=15067789
GPU 2 TB=4 sid=0 DISPATCHING RunStep t=15067789
GPU 2 TB=5 sid=0 BLOCKED on network completion of TB=7 step=0 needFlag=11264 netFlag=10240 t=15067789
GPU 2 TB=6 sid=0 BLOCKED on network completion of TB=7 step=0 needFlag=11264 netFlag=10240 t=15067789
GPU 2 TB=7 sid=0 DISPATCHING RunStep t=15067789
GPU 2 TB=8 sid=0 DISPATCHING RunStep t=15067789
GPU 2 TB=9 sid=0 DISPATCHING RunStep t=15067789
Node 2 chan 0: RDMA send to 1 totalBytes=2097152 over 1 lane(s) bid=7 sid=0 iter=11 part=0 rateGBps=0 at t=15067789
Node 2 chan 1: RDMA send to 1 totalBytes=2097152 over 1 lane(s) bid=8 sid=0 iter=11 part=0 rateGBps=0 at t=15067789
Node 2 chan 0: RDMA send to 3 totalBytes=2097152 over 1 lane(s) bid=9 sid=0 iter=11 part=0 rateGBps=0 at t=15067789
Node 2 chan 0: RDMA send to 3 totalBytes=2097152 over 1 lane(s) bid=9 sid=0 iter=11 part=1 rateGBps=0 at t=15067789
GPU 2 TB=7 arrived at iteration barrier (1/10) leaving iter=11 t=15067789
GPU 2 TB=8 arrived at iteration barrier (2/10) leaving iter=11 t=15067789
GPU 2 TB=9 arrived at iteration barrier (3/10) leaving iter=11 t=15067789
Node 2 chan 1: RDMA send to 0 physically drained (sender side) bid=6 sid=0 iter=10 nElems=524288 at t=15069462
Node 0 chan 0: transfer complete from peer 2 dst=(1,4) totalBytes=2097152 at t=15069765
GPU 0 TB=1 arrived at iteration barrier (10/10) leaving iter=10 t=15069765
GPU 0: iteration barrier releasing 10 threadblock(s) at t=15069765
GPU 0 TB=0 sid=0 DISPATCHING RunStep t=15069765
GPU 0 TB=1 sid=0 DISPATCHING RunStep t=15069765
GPU 0 TB=2 sid=0 DISPATCHING RunStep t=15069765
GPU 0 TB=3 sid=0 DISPATCHING RunStep t=15069765
GPU 0 TB=4 sid=0 DISPATCHING RunStep t=15069765
GPU 0 TB=5 sid=0 DISPATCHING RunStep t=15069765
GPU 0 TB=6 sid=0 BLOCKED on network completion of TB=5 step=0 needFlag=11264 netFlag=10240 t=15069765
GPU 0 TB=7 sid=0 BLOCKED on network completion of TB=5 step=0 needFlag=11264 netFlag=10240 t=15069765
GPU 0 TB=8 sid=0 DISPATCHING RunStep t=15069765
GPU 0 TB=9 sid=0 DISPATCHING RunStep t=15069765
Node 0 chan 0: RDMA send to 1 totalBytes=2097152 over 1 lane(s) bid=5 sid=0 iter=11 part=0 rateGBps=0 at t=15069765
Node 0 chan 0: RDMA send to 1 totalBytes=2097152 over 1 lane(s) bid=5 sid=0 iter=11 part=1 rateGBps=0 at t=15069765
Node 0 chan 0: RDMA send to 3 totalBytes=2097152 over 1 lane(s) bid=8 sid=0 iter=11 part=0 rateGBps=0 at t=15069765
Node 0 chan 1: RDMA send to 3 totalBytes=2097152 over 1 lane(s) bid=9 sid=0 iter=11 part=0 rateGBps=0 at t=15069765
GPU 0 TB=5 arrived at iteration barrier (1/10) leaving iter=11 t=15069765
GPU 0 TB=8 arrived at iteration barrier (2/10) leaving iter=11 t=15069765
GPU 0 TB=9 arrived at iteration barrier (3/10) leaving iter=11 t=15069765
Node 0 chan 1: RDMA send to 2 physically drained (sender side) bid=7 sid=0 iter=10 nElems=524288 at t=15071438
Node 0 chan 0: RDMA send to 2 physically drained (sender side) bid=6 sid=0 iter=10 nElems=524288 at t=15071447
Node 2 chan 0: RDMA send to 0 physically drained (sender side) bid=5 sid=0 iter=10 nElems=524288 at t=15073455
Node 3 chan 1: transfer complete from peer 1 dst=(1,3) totalBytes=2097152 at t=15103013
GPU 3 TB=3 arrived at iteration barrier (9/10) leaving iter=10 t=15103013
Node 3 chan 0: transfer complete from peer 1 dst=(1,2) totalBytes=2097152 at t=15105005
GPU 3 TB=2 arrived at iteration barrier (10/10) leaving iter=10 t=15105005
GPU 3: iteration barrier releasing 10 threadblock(s) at t=15105005
GPU 3 TB=0 sid=0 DISPATCHING RunStep t=15105005
GPU 3 TB=1 sid=0 DISPATCHING RunStep t=15105005
GPU 3 TB=2 sid=0 DISPATCHING RunStep t=15105005
GPU 3 TB=3 sid=0 DISPATCHING RunStep t=15105005
GPU 3 TB=4 sid=0 DISPATCHING RunStep t=15105005
GPU 3 TB=5 sid=0 DISPATCHING RunStep t=15105005
GPU 3 TB=6 sid=0 DISPATCHING RunStep t=15105005
GPU 3 TB=7 sid=0 BLOCKED on network completion of TB=5 step=0 needFlag=11264 netFlag=10240 t=15105005
GPU 3 TB=8 sid=0 BLOCKED on network completion of TB=5 step=0 needFlag=11264 netFlag=10240 t=15105005
GPU 3 TB=9 sid=0 DISPATCHING RunStep t=15105005
Node 3 chan 0: RDMA send to 0 totalBytes=2097152 over 1 lane(s) bid=5 sid=0 iter=11 part=0 rateGBps=0 at t=15105005
Node 3 chan 1: RDMA send to 0 totalBytes=2097152 over 1 lane(s) bid=6 sid=0 iter=11 part=0 rateGBps=0 at t=15105005
Node 3 chan 0: RDMA send to 2 totalBytes=2097152 over 1 lane(s) bid=9 sid=0 iter=11 part=0 rateGBps=0 at t=15105005
Node 3 chan 0: RDMA send to 2 totalBytes=2097152 over 1 lane(s) bid=9 sid=0 iter=11 part=1 rateGBps=0 at t=15105005
GPU 3 TB=5 arrived at iteration barrier (1/10) leaving iter=11 t=15105005
GPU 3 TB=6 arrived at iteration barrier (2/10) leaving iter=11 t=15105005
GPU 3 TB=9 arrived at iteration barrier (3/10) leaving iter=11 t=15105005
Node 1 chan 1: RDMA send to 3 physically drained (sender side) bid=9 sid=0 iter=10 nElems=524288 at t=15106817
Node 1 chan 0: RDMA send to 3 physically drained (sender side) bid=8 sid=0 iter=10 nElems=524288 at t=15108813
Node 1 chan 1: transfer complete from peer 3 dst=(1,7) totalBytes=2097152 at t=15111801
GPU 1 TB=4 arrived at iteration barrier (9/10) leaving iter=10 t=15111801
Node 3 chan 1: RDMA send to 1 physically drained (sender side) bid=8 sid=0 iter=10 nElems=524288 at t=15114637
Node 1 chan 0: transfer complete from peer 3 dst=(1,6) totalBytes=2097152 at t=15122093
GPU 1 TB=3 arrived at iteration barrier (10/10) leaving iter=10 t=15122093
GPU 1: iteration barrier releasing 10 threadblock(s) at t=15122093
GPU 1 TB=0 sid=0 DISPATCHING RunStep t=15122093
GPU 1 TB=1 sid=0 DISPATCHING RunStep t=15122093
GPU 1 TB=2 sid=0 DISPATCHING RunStep t=15122093
GPU 1 TB=3 sid=0 DISPATCHING RunStep t=15122093
GPU 1 TB=4 sid=0 DISPATCHING RunStep t=15122093
GPU 1 TB=5 sid=0 DISPATCHING RunStep t=15122093
GPU 1 TB=6 sid=0 DISPATCHING RunStep t=15122093
GPU 1 TB=7 sid=0 DISPATCHING RunStep t=15122093
GPU 1 TB=8 sid=0 BLOCKED on network completion of TB=5 step=0 needFlag=11264 netFlag=10240 t=15122093
GPU 1 TB=9 sid=0 BLOCKED on network completion of TB=5 step=0 needFlag=11264 netFlag=10240 t=15122093
Node 1 chan 0: RDMA send to 0 totalBytes=2097152 over 1 lane(s) bid=5 sid=0 iter=11 part=0 rateGBps=0 at t=15122093
Node 1 chan 0: RDMA send to 0 totalBytes=2097152 over 1 lane(s) bid=5 sid=0 iter=11 part=1 rateGBps=0 at t=15122093
Node 1 chan 0: RDMA send to 2 totalBytes=2097152 over 1 lane(s) bid=6 sid=0 iter=11 part=0 rateGBps=0 at t=15122093
Node 1 chan 1: RDMA send to 2 totalBytes=2097152 over 1 lane(s) bid=7 sid=0 iter=11 part=0 rateGBps=0 at t=15122093
GPU 1 TB=5 arrived at iteration barrier (1/10) leaving iter=11 t=15122093
GPU 1 TB=6 arrived at iteration barrier (2/10) leaving iter=11 t=15122093
GPU 1 TB=7 arrived at iteration barrier (3/10) leaving iter=11 t=15122093
Node 3 chan 0: RDMA send to 1 physically drained (sender side) bid=7 sid=0 iter=10 nElems=524288 at t=15125617
Node 3 chan 0: transfer complete from peer 2 dst=(1,4) totalBytes=2097152 at t=15430845
Node 1 chan 0: transfer complete from peer 0 dst=(1,0) totalBytes=2097152 at t=15432301
Node 2 chan 0: RDMA send to 3 physically drained (sender side) bid=9 sid=0 iter=11 nElems=524288 at t=15432539
Node 0 chan 0: RDMA send to 1 physically drained (sender side) bid=5 sid=0 iter=11 nElems=524288 at t=15433877
Node 2 chan 0: transfer complete from peer 3 dst=(1,6) totalBytes=2097152 at t=15474103
Node 3 chan 0: RDMA send to 2 physically drained (sender side) bid=9 sid=0 iter=11 nElems=524288 at t=15476073
Node 0 chan 0: transfer complete from peer 1 dst=(1,2) totalBytes=2097152 at t=15489077
Node 1 chan 0: RDMA send to 0 physically drained (sender side) bid=5 sid=0 iter=11 nElems=524288 at t=15490821
Node 3 chan 0: transfer complete from peer 2 dst=(1,5) totalBytes=2097152 at t=15762365
GPU 3 TB=4 arrived at iteration barrier (4/10) leaving iter=11 t=15762365
Node 2 chan 0: RDMA send to 3 physically drained (sender side) bid=9 sid=0 iter=11 nElems=524288 at t=15763811
Node 1 chan 0: transfer complete from peer 0 dst=(1,1) totalBytes=2097152 at t=15764145
GPU 1 TB=0 arrived at iteration barrier (4/10) leaving iter=11 t=15764145
Node 0 chan 0: RDMA send to 1 physically drained (sender side) bid=5 sid=0 iter=11 nElems=524288 at t=15765745
GPU 0 TB=7 sid=0 DISPATCHING RunStep t=15765745
GPU 0 TB=6 sid=0 DISPATCHING RunStep t=15765745
Node 0 chan 1: RDMA send to 2 totalBytes=2097152 over 1 lane(s) bid=7 sid=0 iter=11 part=0 rateGBps=0 at t=15765745
Node 0 chan 0: RDMA send to 2 totalBytes=2097152 over 1 lane(s) bid=6 sid=0 iter=11 part=0 rateGBps=0 at t=15765745
GPU 0 TB=7 arrived at iteration barrier (4/10) leaving iter=11 t=15765745
GPU 0 TB=6 arrived at iteration barrier (5/10) leaving iter=11 t=15765745
Node 3 chan 1: transfer complete from peer 0 dst=(1,1) totalBytes=2097152 at t=15768469
GPU 3 TB=1 arrived at iteration barrier (5/10) leaving iter=11 t=15768469
Node 3 chan 0: transfer complete from peer 0 dst=(1,0) totalBytes=2097152 at t=15769470
GPU 3 TB=0 arrived at iteration barrier (6/10) leaving iter=11 t=15769470
Node 1 chan 1: transfer complete from peer 2 dst=(1,5) totalBytes=2097152 at t=15772707
GPU 1 TB=2 arrived at iteration barrier (5/10) leaving iter=11 t=15772707
Node 0 chan 1: RDMA send to 3 physically drained (sender side) bid=9 sid=0 iter=11 nElems=524288 at t=15772725
Node 0 chan 0: RDMA send to 3 physically drained (sender side) bid=8 sid=0 iter=11 nElems=524288 at t=15773393
Node 0 chan 0: transfer complete from peer 3 dst=(1,6) totalBytes=2097152 at t=15773725
GPU 0 TB=3 arrived at iteration barrier (6/10) leaving iter=11 t=15773725
Node 0 chan 1: transfer complete from peer 3 dst=(1,7) totalBytes=2097152 at t=15774721
GPU 0 TB=4 arrived at iteration barrier (7/10) leaving iter=11 t=15774721
Node 1 chan 0: transfer complete from peer 2 dst=(1,4) totalBytes=2097152 at t=15775441
GPU 1 TB=1 arrived at iteration barrier (6/10) leaving iter=11 t=15775441
Node 2 chan 1: RDMA send to 1 physically drained (sender side) bid=8 sid=0 iter=11 nElems=524288 at t=15777107
Node 3 chan 0: RDMA send to 0 physically drained (sender side) bid=5 sid=0 iter=11 nElems=524288 at t=15777473
GPU 3 TB=8 sid=0 DISPATCHING RunStep t=15777473
GPU 3 TB=7 sid=0 DISPATCHING RunStep t=15777473
Node 3 chan 1: RDMA send to 1 totalBytes=2097152 over 1 lane(s) bid=8 sid=0 iter=11 part=0 rateGBps=0 at t=15777473
Node 3 chan 0: RDMA send to 1 totalBytes=2097152 over 1 lane(s) bid=7 sid=0 iter=11 part=0 rateGBps=0 at t=15777473
GPU 3 TB=8 arrived at iteration barrier (7/10) leaving iter=11 t=15777473
GPU 3 TB=7 arrived at iteration barrier (8/10) leaving iter=11 t=15777473
Node 3 chan 1: RDMA send to 0 physically drained (sender side) bid=6 sid=0 iter=11 nElems=524288 at t=15778456
Node 2 chan 0: RDMA send to 1 physically drained (sender side) bid=7 sid=0 iter=11 nElems=524288 at t=15779435
GPU 2 TB=6 sid=0 DISPATCHING RunStep t=15779435
GPU 2 TB=5 sid=0 DISPATCHING RunStep t=15779435
Node 2 chan 1: RDMA send to 0 totalBytes=2097152 over 1 lane(s) bid=6 sid=0 iter=11 part=0 rateGBps=0 at t=15779435
Node 2 chan 0: RDMA send to 0 totalBytes=2097152 over 1 lane(s) bid=5 sid=0 iter=11 part=0 rateGBps=0 at t=15779435
GPU 2 TB=6 arrived at iteration barrier (4/10) leaving iter=11 t=15779435
GPU 2 TB=5 arrived at iteration barrier (5/10) leaving iter=11 t=15779435
Node 2 chan 0: transfer complete from peer 1 dst=(1,2) totalBytes=2097152 at t=15802019
GPU 2 TB=2 arrived at iteration barrier (6/10) leaving iter=11 t=15802019
Node 2 chan 1: transfer complete from peer 1 dst=(1,3) totalBytes=2097152 at t=15803347
GPU 2 TB=3 arrived at iteration barrier (7/10) leaving iter=11 t=15803347
Node 1 chan 0: RDMA send to 2 physically drained (sender side) bid=6 sid=0 iter=11 nElems=524288 at t=15805829
Node 1 chan 1: RDMA send to 2 physically drained (sender side) bid=7 sid=0 iter=11 nElems=524288 at t=15807166
Node 0 chan 0: transfer complete from peer 1 dst=(1,3) totalBytes=2097152 at t=15821109
GPU 0 TB=0 arrived at iteration barrier (8/10) leaving iter=11 t=15821109
Node 1 chan 0: RDMA send to 0 physically drained (sender side) bid=5 sid=0 iter=11 nElems=524288 at t=15822761
GPU 1 TB=9 sid=0 DISPATCHING RunStep t=15822761
GPU 1 TB=8 sid=0 DISPATCHING RunStep t=15822761
Node 1 chan 1: RDMA send to 3 totalBytes=2097152 over 1 lane(s) bid=9 sid=0 iter=11 part=0 rateGBps=0 at t=15822761
Node 1 chan 0: RDMA send to 3 totalBytes=2097152 over 1 lane(s) bid=8 sid=0 iter=11 part=0 rateGBps=0 at t=15822761
GPU 1 TB=9 arrived at iteration barrier (7/10) leaving iter=11 t=15822761
GPU 1 TB=8 arrived at iteration barrier (8/10) leaving iter=11 t=15822761
Node 2 chan 0: transfer complete from peer 3 dst=(1,7) totalBytes=2097152 at t=15837235
GPU 2 TB=4 arrived at iteration barrier (8/10) leaving iter=11 t=15837235
Node 3 chan 0: RDMA send to 2 physically drained (sender side) bid=9 sid=0 iter=11 nElems=524288 at t=15838881
Node 2 chan 1: transfer complete from peer 0 dst=(1,1) totalBytes=2097152 at t=16448181
GPU 2 TB=1 arrived at iteration barrier (9/10) leaving iter=11 t=16448181
Node 0 chan 1: RDMA send to 2 physically drained (sender side) bid=7 sid=0 iter=11 nElems=524288 at t=16452118
Node 2 chan 0: transfer complete from peer 0 dst=(1,0) totalBytes=2097152 at t=16453833
GPU 2 TB=0 arrived at iteration barrier (10/10) leaving iter=11 t=16453833
GPU 2: iteration barrier releasing 10 threadblock(s) at t=16453833
GPU 2 TB=0 sid=0 DISPATCHING RunStep t=16453833
GPU 2 TB=1 sid=0 DISPATCHING RunStep t=16453833
GPU 2 TB=2 sid=0 DISPATCHING RunStep t=16453833
GPU 2 TB=3 sid=0 DISPATCHING RunStep t=16453833
GPU 2 TB=4 sid=0 DISPATCHING RunStep t=16453833
GPU 2 TB=5 sid=0 BLOCKED on network completion of TB=7 step=0 needFlag=12288 netFlag=11264 t=16453833
GPU 2 TB=6 sid=0 BLOCKED on network completion of TB=7 step=0 needFlag=12288 netFlag=11264 t=16453833
GPU 2 TB=7 sid=0 DISPATCHING RunStep t=16453833
GPU 2 TB=8 sid=0 DISPATCHING RunStep t=16453833
GPU 2 TB=9 sid=0 DISPATCHING RunStep t=16453833
Node 2 chan 0: RDMA send to 1 totalBytes=2097152 over 1 lane(s) bid=7 sid=0 iter=12 part=0 rateGBps=0 at t=16453833
Node 2 chan 1: RDMA send to 1 totalBytes=2097152 over 1 lane(s) bid=8 sid=0 iter=12 part=0 rateGBps=0 at t=16453833
Node 2 chan 0: RDMA send to 3 totalBytes=2097152 over 1 lane(s) bid=9 sid=0 iter=12 part=0 rateGBps=0 at t=16453833
Node 2 chan 0: RDMA send to 3 totalBytes=2097152 over 1 lane(s) bid=9 sid=0 iter=12 part=1 rateGBps=0 at t=16453833
GPU 2 TB=7 arrived at iteration barrier (1/10) leaving iter=12 t=16453833
GPU 2 TB=8 arrived at iteration barrier (2/10) leaving iter=12 t=16453833
GPU 2 TB=9 arrived at iteration barrier (3/10) leaving iter=12 t=16453833
Node 0 chan 0: RDMA send to 2 physically drained (sender side) bid=6 sid=0 iter=11 nElems=524288 at t=16457317
Node 1 chan 1: transfer complete from peer 3 dst=(1,7) totalBytes=2097152 at t=16458763
GPU 1 TB=4 arrived at iteration barrier (9/10) leaving iter=11 t=16458763
Node 1 chan 0: transfer complete from peer 3 dst=(1,6) totalBytes=2097152 at t=16460301
GPU 1 TB=3 arrived at iteration barrier (10/10) leaving iter=11 t=16460301
GPU 1: iteration barrier releasing 10 threadblock(s) at t=16460301
GPU 1 TB=0 sid=0 DISPATCHING RunStep t=16460301
GPU 1 TB=1 sid=0 DISPATCHING RunStep t=16460301
GPU 1 TB=2 sid=0 DISPATCHING RunStep t=16460301
GPU 1 TB=3 sid=0 DISPATCHING RunStep t=16460301
GPU 1 TB=4 sid=0 DISPATCHING RunStep t=16460301
GPU 1 TB=5 sid=0 DISPATCHING RunStep t=16460301
GPU 1 TB=6 sid=0 DISPATCHING RunStep t=16460301
GPU 1 TB=7 sid=0 DISPATCHING RunStep t=16460301
GPU 1 TB=8 sid=0 BLOCKED on network completion of TB=5 step=0 needFlag=12288 netFlag=11264 t=16460301
GPU 1 TB=9 sid=0 BLOCKED on network completion of TB=5 step=0 needFlag=12288 netFlag=11264 t=16460301
Node 1 chan 0: RDMA send to 0 totalBytes=2097152 over 1 lane(s) bid=5 sid=0 iter=12 part=0 rateGBps=0 at t=16460301
Node 1 chan 0: RDMA send to 0 totalBytes=2097152 over 1 lane(s) bid=5 sid=0 iter=12 part=1 rateGBps=0 at t=16460301
Node 1 chan 0: RDMA send to 2 totalBytes=2097152 over 1 lane(s) bid=6 sid=0 iter=12 part=0 rateGBps=0 at t=16460301
Node 1 chan 1: RDMA send to 2 totalBytes=2097152 over 1 lane(s) bid=7 sid=0 iter=12 part=0 rateGBps=0 at t=16460301
GPU 1 TB=5 arrived at iteration barrier (1/10) leaving iter=12 t=16460301
GPU 1 TB=6 arrived at iteration barrier (2/10) leaving iter=12 t=16460301
GPU 1 TB=7 arrived at iteration barrier (3/10) leaving iter=12 t=16460301
Node 0 chan 1: transfer complete from peer 2 dst=(1,5) totalBytes=2097152 at t=16463079
GPU 0 TB=2 arrived at iteration barrier (9/10) leaving iter=11 t=16463079
Node 3 chan 1: RDMA send to 1 physically drained (sender side) bid=8 sid=0 iter=11 nElems=524288 at t=16463473
Node 3 chan 0: RDMA send to 1 physically drained (sender side) bid=7 sid=0 iter=11 nElems=524288 at t=16464141
Node 0 chan 0: transfer complete from peer 2 dst=(1,4) totalBytes=2097152 at t=16464407
GPU 0 TB=1 arrived at iteration barrier (10/10) leaving iter=11 t=16464407
GPU 0: iteration barrier releasing 10 threadblock(s) at t=16464407
GPU 0 TB=0 sid=0 DISPATCHING RunStep t=16464407
GPU 0 TB=1 sid=0 DISPATCHING RunStep t=16464407
GPU 0 TB=2 sid=0 DISPATCHING RunStep t=16464407
GPU 0 TB=3 sid=0 DISPATCHING RunStep t=16464407
GPU 0 TB=4 sid=0 DISPATCHING RunStep t=16464407
GPU 0 TB=5 sid=0 DISPATCHING RunStep t=16464407
GPU 0 TB=6 sid=0 BLOCKED on network completion of TB=5 step=0 needFlag=12288 netFlag=11264 t=16464407
GPU 0 TB=7 sid=0 BLOCKED on network completion of TB=5 step=0 needFlag=12288 netFlag=11264 t=16464407
GPU 0 TB=8 sid=0 DISPATCHING RunStep t=16464407
GPU 0 TB=9 sid=0 DISPATCHING RunStep t=16464407
Node 0 chan 0: RDMA send to 1 totalBytes=2097152 over 1 lane(s) bid=5 sid=0 iter=12 part=0 rateGBps=0 at t=16464407
Node 0 chan 0: RDMA send to 1 totalBytes=2097152 over 1 lane(s) bid=5 sid=0 iter=12 part=1 rateGBps=0 at t=16464407
Node 0 chan 0: RDMA send to 3 totalBytes=2097152 over 1 lane(s) bid=8 sid=0 iter=12 part=0 rateGBps=0 at t=16464407
Node 0 chan 1: RDMA send to 3 totalBytes=2097152 over 1 lane(s) bid=9 sid=0 iter=12 part=0 rateGBps=0 at t=16464407
GPU 0 TB=5 arrived at iteration barrier (1/10) leaving iter=12 t=16464407
GPU 0 TB=8 arrived at iteration barrier (2/10) leaving iter=12 t=16464407
GPU 0 TB=9 arrived at iteration barrier (3/10) leaving iter=12 t=16464407
Node 2 chan 1: RDMA send to 0 physically drained (sender side) bid=6 sid=0 iter=11 nElems=524288 at t=16466812
Node 2 chan 0: RDMA send to 0 physically drained (sender side) bid=5 sid=0 iter=11 nElems=524288 at t=16468149
Node 3 chan 1: transfer complete from peer 1 dst=(1,3) totalBytes=2097152 at t=16504645
GPU 3 TB=3 arrived at iteration barrier (9/10) leaving iter=11 t=16504645
Node 3 chan 0: transfer complete from peer 1 dst=(1,2) totalBytes=2097152 at t=16506305
GPU 3 TB=2 arrived at iteration barrier (10/10) leaving iter=11 t=16506305
GPU 3: iteration barrier releasing 10 threadblock(s) at t=16506305
GPU 3 TB=0 sid=0 DISPATCHING RunStep t=16506305
GPU 3 TB=1 sid=0 DISPATCHING RunStep t=16506305
GPU 3 TB=2 sid=0 DISPATCHING RunStep t=16506305
GPU 3 TB=3 sid=0 DISPATCHING RunStep t=16506305
GPU 3 TB=4 sid=0 DISPATCHING RunStep t=16506305
GPU 3 TB=5 sid=0 DISPATCHING RunStep t=16506305
GPU 3 TB=6 sid=0 DISPATCHING RunStep t=16506305
GPU 3 TB=7 sid=0 BLOCKED on network completion of TB=5 step=0 needFlag=12288 netFlag=11264 t=16506305
GPU 3 TB=8 sid=0 BLOCKED on network completion of TB=5 step=0 needFlag=12288 netFlag=11264 t=16506305
GPU 3 TB=9 sid=0 DISPATCHING RunStep t=16506305
Node 3 chan 0: RDMA send to 0 totalBytes=2097152 over 1 lane(s) bid=5 sid=0 iter=12 part=0 rateGBps=0 at t=16506305
Node 3 chan 1: RDMA send to 0 totalBytes=2097152 over 1 lane(s) bid=6 sid=0 iter=12 part=0 rateGBps=0 at t=16506305
Node 3 chan 0: RDMA send to 2 totalBytes=2097152 over 1 lane(s) bid=9 sid=0 iter=12 part=0 rateGBps=0 at t=16506305
Node 3 chan 0: RDMA send to 2 totalBytes=2097152 over 1 lane(s) bid=9 sid=0 iter=12 part=1 rateGBps=0 at t=16506305
GPU 3 TB=5 arrived at iteration barrier (1/10) leaving iter=12 t=16506305
GPU 3 TB=6 arrived at iteration barrier (2/10) leaving iter=12 t=16506305
GPU 3 TB=9 arrived at iteration barrier (3/10) leaving iter=12 t=16506305
Node 1 chan 1: RDMA send to 3 physically drained (sender side) bid=9 sid=0 iter=11 nElems=524288 at t=16508968
Node 1 chan 0: RDMA send to 3 physically drained (sender side) bid=8 sid=0 iter=11 nElems=524288 at t=16510304
Node 1 chan 0: transfer complete from peer 0 dst=(1,0) totalBytes=2097152 at t=16819208
Node 0 chan 0: RDMA send to 1 physically drained (sender side) bid=5 sid=0 iter=12 nElems=524288 at t=16820813
Node 0 chan 0: transfer complete from peer 1 dst=(1,2) totalBytes=2097152 at t=16821477
Node 3 chan 0: transfer complete from peer 2 dst=(1,4) totalBytes=2097152 at t=16821593
Node 2 chan 0: RDMA send to 3 physically drained (sender side) bid=9 sid=0 iter=12 nElems=524288 at t=16823295
Node 1 chan 0: RDMA send to 0 physically drained (sender side) bid=5 sid=0 iter=12 nElems=524288 at t=16823536
Node 2 chan 0: transfer complete from peer 3 dst=(1,6) totalBytes=2097152 at t=16864523
Node 3 chan 0: RDMA send to 2 physically drained (sender side) bid=9 sid=0 iter=12 nElems=524288 at t=16866153
Node 1 chan 1: transfer complete from peer 2 dst=(1,5) totalBytes=2097152 at t=17126120
GPU 1 TB=2 arrived at iteration barrier (4/10) leaving iter=12 t=17126120
Node 1 chan 0: transfer complete from peer 2 dst=(1,4) totalBytes=2097152 at t=17127124
GPU 1 TB=1 arrived at iteration barrier (5/10) leaving iter=12 t=17127124
Node 2 chan 1: RDMA send to 1 physically drained (sender side) bid=8 sid=0 iter=12 nElems=524288 at t=17129875
Node 2 chan 0: RDMA send to 1 physically drained (sender side) bid=7 sid=0 iter=12 nElems=524288 at t=17130879
GPU 2 TB=6 sid=0 DISPATCHING RunStep t=17130879
GPU 2 TB=5 sid=0 DISPATCHING RunStep t=17130879
Node 2 chan 1: RDMA send to 0 totalBytes=2097152 over 1 lane(s) bid=6 sid=0 iter=12 part=0 rateGBps=0 at t=17130879
Node 2 chan 0: RDMA send to 0 totalBytes=2097152 over 1 lane(s) bid=5 sid=0 iter=12 part=0 rateGBps=0 at t=17130879
GPU 2 TB=6 arrived at iteration barrier (4/10) leaving iter=12 t=17130879
GPU 2 TB=5 arrived at iteration barrier (5/10) leaving iter=12 t=17130879
Node 1 chan 0: transfer complete from peer 0 dst=(1,1) totalBytes=2097152 at t=17149405
GPU 1 TB=0 arrived at iteration barrier (6/10) leaving iter=12 t=17149405
Node 0 chan 0: RDMA send to 1 physically drained (sender side) bid=5 sid=0 iter=12 nElems=524288 at t=17151005
GPU 0 TB=7 sid=0 DISPATCHING RunStep t=17151005
GPU 0 TB=6 sid=0 DISPATCHING RunStep t=17151005
Node 0 chan 1: RDMA send to 2 totalBytes=2097152 over 1 lane(s) bid=7 sid=0 iter=12 part=0 rateGBps=0 at t=17151005
Node 0 chan 0: RDMA send to 2 totalBytes=2097152 over 1 lane(s) bid=6 sid=0 iter=12 part=0 rateGBps=0 at t=17151005
GPU 0 TB=7 arrived at iteration barrier (4/10) leaving iter=12 t=17151005
GPU 0 TB=6 arrived at iteration barrier (5/10) leaving iter=12 t=17151005
Node 2 chan 1: transfer complete from peer 1 dst=(1,3) totalBytes=2097152 at t=17156463
GPU 2 TB=3 arrived at iteration barrier (6/10) leaving iter=12 t=17156463
Node 3 chan 0: transfer complete from peer 0 dst=(1,0) totalBytes=2097152 at t=17156765
GPU 3 TB=0 arrived at iteration barrier (4/10) leaving iter=12 t=17156765
Node 3 chan 0: transfer complete from peer 2 dst=(1,5) totalBytes=2097152 at t=17160093
GPU 3 TB=4 arrived at iteration barrier (5/10) leaving iter=12 t=17160093
Node 1 chan 1: RDMA send to 2 physically drained (sender side) bid=7 sid=0 iter=12 nElems=524288 at t=17160242
Node 3 chan 1: transfer complete from peer 0 dst=(1,1) totalBytes=2097152 at t=17160757
GPU 3 TB=1 arrived at iteration barrier (6/10) leaving iter=12 t=17160757
Node 0 chan 0: RDMA send to 3 physically drained (sender side) bid=8 sid=0 iter=12 nElems=524288 at t=17160977
Node 2 chan 0: transfer complete from peer 1 dst=(1,2) totalBytes=2097152 at t=17161115
GPU 2 TB=2 arrived at iteration barrier (7/10) leaving iter=12 t=17161115
Node 2 chan 0: RDMA send to 3 physically drained (sender side) bid=9 sid=0 iter=12 nElems=524288 at t=17161787
Node 1 chan 0: RDMA send to 2 physically drained (sender side) bid=6 sid=0 iter=12 nElems=524288 at t=17164923
Node 0 chan 1: RDMA send to 3 physically drained (sender side) bid=9 sid=0 iter=12 nElems=524288 at t=17164965
Node 0 chan 0: transfer complete from peer 1 dst=(1,3) totalBytes=2097152 at t=17184569
GPU 0 TB=0 arrived at iteration barrier (6/10) leaving iter=12 t=17184569
Node 1 chan 0: RDMA send to 0 physically drained (sender side) bid=5 sid=0 iter=12 nElems=524288 at t=17185981
GPU 1 TB=9 sid=0 DISPATCHING RunStep t=17185981
GPU 1 TB=8 sid=0 DISPATCHING RunStep t=17185981
Node 1 chan 1: RDMA send to 3 totalBytes=2097152 over 1 lane(s) bid=9 sid=0 iter=12 part=0 rateGBps=0 at t=17185981
Node 1 chan 0: RDMA send to 3 totalBytes=2097152 over 1 lane(s) bid=8 sid=0 iter=12 part=0 rateGBps=0 at t=17185981
GPU 1 TB=9 arrived at iteration barrier (7/10) leaving iter=12 t=17185981
GPU 1 TB=8 arrived at iteration barrier (8/10) leaving iter=12 t=17185981
Node 0 chan 1: transfer complete from peer 3 dst=(1,7) totalBytes=2097152 at t=17197533
GPU 0 TB=4 arrived at iteration barrier (7/10) leaving iter=12 t=17197533
Node 3 chan 1: RDMA send to 0 physically drained (sender side) bid=6 sid=0 iter=12 nElems=524288 at t=17201654
Node 0 chan 0: transfer complete from peer 3 dst=(1,6) totalBytes=2097152 at t=17201849
GPU 0 TB=3 arrived at iteration barrier (8/10) leaving iter=12 t=17201849
Node 3 chan 0: RDMA send to 0 physically drained (sender side) bid=5 sid=0 iter=12 nElems=524288 at t=17205979
GPU 3 TB=8 sid=0 DISPATCHING RunStep t=17205979
GPU 3 TB=7 sid=0 DISPATCHING RunStep t=17205979
Node 3 chan 1: RDMA send to 1 totalBytes=2097152 over 1 lane(s) bid=8 sid=0 iter=12 part=0 rateGBps=0 at t=17205979
Node 3 chan 0: RDMA send to 1 totalBytes=2097152 over 1 lane(s) bid=7 sid=0 iter=12 part=0 rateGBps=0 at t=17205979
GPU 3 TB=8 arrived at iteration barrier (7/10) leaving iter=12 t=17205979
GPU 3 TB=7 arrived at iteration barrier (8/10) leaving iter=12 t=17205979
Node 2 chan 0: transfer complete from peer 3 dst=(1,7) totalBytes=2097152 at t=17216947
GPU 2 TB=4 arrived at iteration barrier (8/10) leaving iter=12 t=17216947
Node 3 chan 0: RDMA send to 2 physically drained (sender side) bid=9 sid=0 iter=12 nElems=524288 at t=17218355
Node 0 chan 0: transfer complete from peer 2 dst=(1,4) totalBytes=2097152 at t=17815631
GPU 0 TB=1 arrived at iteration barrier (9/10) leaving iter=12 t=17815631
Node 2 chan 0: RDMA send to 0 physically drained (sender side) bid=5 sid=0 iter=12 nElems=524288 at t=17819343
Node 0 chan 1: transfer complete from peer 2 dst=(1,5) totalBytes=2097152 at t=17820199
GPU 0 TB=2 arrived at iteration barrier (10/10) leaving iter=12 t=17820199
GPU 0: iteration barrier releasing 10 threadblock(s) at t=17820199
GPU 0 TB=0 sid=0 DISPATCHING RunStep t=17820199
GPU 0 TB=1 sid=0 DISPATCHING RunStep t=17820199
GPU 0 TB=2 sid=0 DISPATCHING RunStep t=17820199
GPU 0 TB=3 sid=0 DISPATCHING RunStep t=17820199
GPU 0 TB=4 sid=0 DISPATCHING RunStep t=17820199
GPU 0 TB=5 sid=0 DISPATCHING RunStep t=17820199
GPU 0 TB=6 sid=0 BLOCKED on network completion of TB=5 step=0 needFlag=13312 netFlag=12288 t=17820199
GPU 0 TB=7 sid=0 BLOCKED on network completion of TB=5 step=0 needFlag=13312 netFlag=12288 t=17820199
GPU 0 TB=8 sid=0 DISPATCHING RunStep t=17820199
GPU 0 TB=9 sid=0 DISPATCHING RunStep t=17820199
Node 0 chan 0: RDMA send to 1 totalBytes=2097152 over 1 lane(s) bid=5 sid=0 iter=13 part=0 rateGBps=0 at t=17820199
Node 0 chan 0: RDMA send to 1 totalBytes=2097152 over 1 lane(s) bid=5 sid=0 iter=13 part=1 rateGBps=0 at t=17820199
Node 0 chan 0: RDMA send to 3 totalBytes=2097152 over 1 lane(s) bid=8 sid=0 iter=13 part=0 rateGBps=0 at t=17820199
Node 0 chan 1: RDMA send to 3 totalBytes=2097152 over 1 lane(s) bid=9 sid=0 iter=13 part=0 rateGBps=0 at t=17820199
GPU 0 TB=5 arrived at iteration barrier (1/10) leaving iter=13 t=17820199
GPU 0 TB=8 arrived at iteration barrier (2/10) leaving iter=13 t=17820199
GPU 0 TB=9 arrived at iteration barrier (3/10) leaving iter=13 t=17820199
Node 2 chan 1: RDMA send to 0 physically drained (sender side) bid=6 sid=0 iter=12 nElems=524288 at t=17824238
Node 2 chan 1: transfer complete from peer 0 dst=(1,1) totalBytes=2097152 at t=17826235
GPU 2 TB=1 arrived at iteration barrier (9/10) leaving iter=12 t=17826235
Node 2 chan 0: transfer complete from peer 0 dst=(1,0) totalBytes=2097152 at t=17826984
GPU 2 TB=0 arrived at iteration barrier (10/10) leaving iter=12 t=17826984
GPU 2: iteration barrier releasing 10 threadblock(s) at t=17826984
GPU 2 TB=0 sid=0 DISPATCHING RunStep t=17826984
GPU 2 TB=1 sid=0 DISPATCHING RunStep t=17826984
GPU 2 TB=2 sid=0 DISPATCHING RunStep t=17826984
GPU 2 TB=3 sid=0 DISPATCHING RunStep t=17826984
GPU 2 TB=4 sid=0 DISPATCHING RunStep t=17826984
GPU 2 TB=5 sid=0 BLOCKED on network completion of TB=7 step=0 needFlag=13312 netFlag=12288 t=17826984
GPU 2 TB=6 sid=0 BLOCKED on network completion of TB=7 step=0 needFlag=13312 netFlag=12288 t=17826984
GPU 2 TB=7 sid=0 DISPATCHING RunStep t=17826984
GPU 2 TB=8 sid=0 DISPATCHING RunStep t=17826984
GPU 2 TB=9 sid=0 DISPATCHING RunStep t=17826984
Node 2 chan 0: RDMA send to 1 totalBytes=2097152 over 1 lane(s) bid=7 sid=0 iter=13 part=0 rateGBps=0 at t=17826984
Node 2 chan 1: RDMA send to 1 totalBytes=2097152 over 1 lane(s) bid=8 sid=0 iter=13 part=0 rateGBps=0 at t=17826984
Node 2 chan 0: RDMA send to 3 totalBytes=2097152 over 1 lane(s) bid=9 sid=0 iter=13 part=0 rateGBps=0 at t=17826984
Node 2 chan 0: RDMA send to 3 totalBytes=2097152 over 1 lane(s) bid=9 sid=0 iter=13 part=1 rateGBps=0 at t=17826984
GPU 2 TB=7 arrived at iteration barrier (1/10) leaving iter=13 t=17826984
GPU 2 TB=8 arrived at iteration barrier (2/10) leaving iter=13 t=17826984
GPU 2 TB=9 arrived at iteration barrier (3/10) leaving iter=13 t=17826984
Node 0 chan 1: RDMA send to 2 physically drained (sender side) bid=7 sid=0 iter=12 nElems=524288 at t=17829956
Node 0 chan 0: RDMA send to 2 physically drained (sender side) bid=6 sid=0 iter=12 nElems=524288 at t=17830629
Node 3 chan 1: transfer complete from peer 1 dst=(1,3) totalBytes=2097152 at t=17871087
GPU 3 TB=3 arrived at iteration barrier (9/10) leaving iter=12 t=17871087
Node 3 chan 0: transfer complete from peer 1 dst=(1,2) totalBytes=2097152 at t=17872751
GPU 3 TB=2 arrived at iteration barrier (10/10) leaving iter=12 t=17872751
GPU 3: iteration barrier releasing 10 threadblock(s) at t=17872751
GPU 3 TB=0 sid=0 DISPATCHING RunStep t=17872751
GPU 3 TB=1 sid=0 DISPATCHING RunStep t=17872751
GPU 3 TB=2 sid=0 DISPATCHING RunStep t=17872751
GPU 3 TB=3 sid=0 DISPATCHING RunStep t=17872751
GPU 3 TB=4 sid=0 DISPATCHING RunStep t=17872751
GPU 3 TB=5 sid=0 DISPATCHING RunStep t=17872751
GPU 3 TB=6 sid=0 DISPATCHING RunStep t=17872751
GPU 3 TB=7 sid=0 BLOCKED on network completion of TB=5 step=0 needFlag=13312 netFlag=12288 t=17872751
GPU 3 TB=8 sid=0 BLOCKED on network completion of TB=5 step=0 needFlag=13312 netFlag=12288 t=17872751
GPU 3 TB=9 sid=0 DISPATCHING RunStep t=17872751
Node 3 chan 0: RDMA send to 0 totalBytes=2097152 over 1 lane(s) bid=5 sid=0 iter=13 part=0 rateGBps=0 at t=17872751
Node 3 chan 1: RDMA send to 0 totalBytes=2097152 over 1 lane(s) bid=6 sid=0 iter=13 part=0 rateGBps=0 at t=17872751
Node 3 chan 0: RDMA send to 2 totalBytes=2097152 over 1 lane(s) bid=9 sid=0 iter=13 part=0 rateGBps=0 at t=17872751
Node 3 chan 0: RDMA send to 2 totalBytes=2097152 over 1 lane(s) bid=9 sid=0 iter=13 part=1 rateGBps=0 at t=17872751
GPU 3 TB=5 arrived at iteration barrier (1/10) leaving iter=13 t=17872751
GPU 3 TB=6 arrived at iteration barrier (2/10) leaving iter=13 t=17872751
GPU 3 TB=9 arrived at iteration barrier (3/10) leaving iter=13 t=17872751
Node 1 chan 1: RDMA send to 3 physically drained (sender side) bid=9 sid=0 iter=12 nElems=524288 at t=17875356
Node 1 chan 0: RDMA send to 3 physically drained (sender side) bid=8 sid=0 iter=12 nElems=524288 at t=17875692
Node 1 chan 1: transfer complete from peer 3 dst=(1,7) totalBytes=2097152 at t=17894616
GPU 1 TB=4 arrived at iteration barrier (9/10) leaving iter=12 t=17894616
Node 1 chan 0: transfer complete from peer 3 dst=(1,6) totalBytes=2097152 at t=17894948
GPU 1 TB=3 arrived at iteration barrier (10/10) leaving iter=12 t=17894948
GPU 1: iteration barrier releasing 10 threadblock(s) at t=17894948
GPU 1 TB=0 sid=0 DISPATCHING RunStep t=17894948
GPU 1 TB=1 sid=0 DISPATCHING RunStep t=17894948
GPU 1 TB=2 sid=0 DISPATCHING RunStep t=17894948
GPU 1 TB=3 sid=0 DISPATCHING RunStep t=17894948
GPU 1 TB=4 sid=0 DISPATCHING RunStep t=17894948
GPU 1 TB=5 sid=0 DISPATCHING RunStep t=17894948
GPU 1 TB=6 sid=0 DISPATCHING RunStep t=17894948
GPU 1 TB=7 sid=0 DISPATCHING RunStep t=17894948
GPU 1 TB=8 sid=0 BLOCKED on network completion of TB=5 step=0 needFlag=13312 netFlag=12288 t=17894948
GPU 1 TB=9 sid=0 BLOCKED on network completion of TB=5 step=0 needFlag=13312 netFlag=12288 t=17894948
Node 1 chan 0: RDMA send to 0 totalBytes=2097152 over 1 lane(s) bid=5 sid=0 iter=13 part=0 rateGBps=0 at t=17894948
Node 1 chan 0: RDMA send to 0 totalBytes=2097152 over 1 lane(s) bid=5 sid=0 iter=13 part=1 rateGBps=0 at t=17894948
Node 1 chan 0: RDMA send to 2 totalBytes=2097152 over 1 lane(s) bid=6 sid=0 iter=13 part=0 rateGBps=0 at t=17894948
Node 1 chan 1: RDMA send to 2 totalBytes=2097152 over 1 lane(s) bid=7 sid=0 iter=13 part=0 rateGBps=0 at t=17894948
GPU 1 TB=5 arrived at iteration barrier (1/10) leaving iter=13 t=17894948
GPU 1 TB=6 arrived at iteration barrier (2/10) leaving iter=13 t=17894948
GPU 1 TB=7 arrived at iteration barrier (3/10) leaving iter=13 t=17894948
Node 3 chan 1: RDMA send to 1 physically drained (sender side) bid=8 sid=0 iter=12 nElems=524288 at t=17898687
Node 3 chan 0: RDMA send to 1 physically drained (sender side) bid=7 sid=0 iter=12 nElems=524288 at t=17898691
Node 1 chan 0: transfer complete from peer 0 dst=(1,0) totalBytes=2097152 at t=18198504
Node 3 chan 0: transfer complete from peer 2 dst=(1,4) totalBytes=2097152 at t=18198935
Node 0 chan 0: RDMA send to 1 physically drained (sender side) bid=5 sid=0 iter=13 nElems=524288 at t=18200004
Node 2 chan 0: RDMA send to 3 physically drained (sender side) bid=9 sid=0 iter=13 nElems=524288 at t=18200691
Node 2 chan 0: transfer complete from peer 3 dst=(1,6) totalBytes=2097152 at t=18241591
Node 3 chan 0: RDMA send to 2 physically drained (sender side) bid=9 sid=0 iter=13 nElems=524288 at t=18243495
Node 0 chan 0: transfer complete from peer 1 dst=(1,2) totalBytes=2097152 at t=18255864
Node 1 chan 0: RDMA send to 0 physically drained (sender side) bid=5 sid=0 iter=13 nElems=524288 at t=18257364
Node 3 chan 1: transfer complete from peer 0 dst=(1,1) totalBytes=2097152 at t=18512167
GPU 3 TB=1 arrived at iteration barrier (4/10) leaving iter=13 t=18512167
Node 0 chan 1: RDMA send to 3 physically drained (sender side) bid=9 sid=0 iter=13 nElems=524288 at t=18515900
Node 3 chan 0: transfer complete from peer 0 dst=(1,0) totalBytes=2097152 at t=18518475
GPU 3 TB=0 arrived at iteration barrier (5/10) leaving iter=13 t=18518475
Node 0 chan 0: RDMA send to 3 physically drained (sender side) bid=8 sid=0 iter=13 nElems=524288 at t=18522552
Node 3 chan 0: transfer complete from peer 2 dst=(1,5) totalBytes=2097152 at t=18527123
GPU 3 TB=4 arrived at iteration barrier (6/10) leaving iter=13 t=18527123
Node 2 chan 0: RDMA send to 3 physically drained (sender side) bid=9 sid=0 iter=13 nElems=524288 at t=18528567
Node 1 chan 0: transfer complete from peer 0 dst=(1,1) totalBytes=2097152 at t=18533248
GPU 1 TB=0 arrived at iteration barrier (4/10) leaving iter=13 t=18533248
Node 1 chan 0: transfer complete from peer 2 dst=(1,4) totalBytes=2097152 at t=18534576
GPU 1 TB=1 arrived at iteration barrier (5/10) leaving iter=13 t=18534576
Node 0 chan 0: RDMA send to 1 physically drained (sender side) bid=5 sid=0 iter=13 nElems=524288 at t=18534852
GPU 0 TB=7 sid=0 DISPATCHING RunStep t=18534852
GPU 0 TB=6 sid=0 DISPATCHING RunStep t=18534852
Node 0 chan 1: RDMA send to 2 totalBytes=2097152 over 1 lane(s) bid=7 sid=0 iter=13 part=0 rateGBps=0 at t=18534852
Node 0 chan 0: RDMA send to 2 totalBytes=2097152 over 1 lane(s) bid=6 sid=0 iter=13 part=0 rateGBps=0 at t=18534852
GPU 0 TB=7 arrived at iteration barrier (4/10) leaving iter=13 t=18534852
GPU 0 TB=6 arrived at iteration barrier (5/10) leaving iter=13 t=18534852
Node 1 chan 1: transfer complete from peer 2 dst=(1,5) totalBytes=2097152 at t=18536240
GPU 1 TB=2 arrived at iteration barrier (6/10) leaving iter=13 t=18536240
Node 2 chan 0: RDMA send to 1 physically drained (sender side) bid=7 sid=0 iter=13 nElems=524288 at t=18538871
GPU 2 TB=6 sid=0 DISPATCHING RunStep t=18538871
GPU 2 TB=5 sid=0 DISPATCHING RunStep t=18538871
Node 2 chan 1: RDMA send to 0 totalBytes=2097152 over 1 lane(s) bid=6 sid=0 iter=13 part=0 rateGBps=0 at t=18538871
Node 2 chan 0: RDMA send to 0 totalBytes=2097152 over 1 lane(s) bid=5 sid=0 iter=13 part=0 rateGBps=0 at t=18538871
GPU 2 TB=6 arrived at iteration barrier (4/10) leaving iter=13 t=18538871
GPU 2 TB=5 arrived at iteration barrier (5/10) leaving iter=13 t=18538871
Node 0 chan 1: transfer complete from peer 3 dst=(1,7) totalBytes=2097152 at t=18539168
GPU 0 TB=4 arrived at iteration barrier (6/10) leaving iter=13 t=18539168
Node 0 chan 0: transfer complete from peer 3 dst=(1,6) totalBytes=2097152 at t=18540164
GPU 0 TB=3 arrived at iteration barrier (7/10) leaving iter=13 t=18540164
Node 2 chan 1: RDMA send to 1 physically drained (sender side) bid=8 sid=0 iter=13 nElems=524288 at t=18540535
Node 3 chan 1: RDMA send to 0 physically drained (sender side) bid=6 sid=0 iter=13 nElems=524288 at t=18542981
Node 3 chan 0: RDMA send to 0 physically drained (sender side) bid=5 sid=0 iter=13 nElems=524288 at t=18543859
GPU 3 TB=8 sid=0 DISPATCHING RunStep t=18543859
GPU 3 TB=7 sid=0 DISPATCHING RunStep t=18543859
Node 3 chan 1: RDMA send to 1 totalBytes=2097152 over 1 lane(s) bid=8 sid=0 iter=13 part=0 rateGBps=0 at t=18543859
Node 3 chan 0: RDMA send to 1 totalBytes=2097152 over 1 lane(s) bid=7 sid=0 iter=13 part=0 rateGBps=0 at t=18543859
GPU 3 TB=8 arrived at iteration barrier (7/10) leaving iter=13 t=18543859
GPU 3 TB=7 arrived at iteration barrier (8/10) leaving iter=13 t=18543859
Node 2 chan 0: transfer complete from peer 1 dst=(1,2) totalBytes=2097152 at t=18580399
GPU 2 TB=2 arrived at iteration barrier (6/10) leaving iter=13 t=18580399
Node 2 chan 1: transfer complete from peer 1 dst=(1,3) totalBytes=2097152 at t=18581727
GPU 2 TB=3 arrived at iteration barrier (7/10) leaving iter=13 t=18581727
Node 1 chan 0: RDMA send to 2 physically drained (sender side) bid=6 sid=0 iter=13 nElems=524288 at t=18584543
Node 1 chan 1: RDMA send to 2 physically drained (sender side) bid=7 sid=0 iter=13 nElems=524288 at t=18585593
Node 0 chan 0: transfer complete from peer 1 dst=(1,3) totalBytes=2097152 at t=18600467
GPU 0 TB=0 arrived at iteration barrier (8/10) leaving iter=13 t=18600467
Node 1 chan 0: RDMA send to 0 physically drained (sender side) bid=5 sid=0 iter=13 nElems=524288 at t=18601897
GPU 1 TB=9 sid=0 DISPATCHING RunStep t=18601897
GPU 1 TB=8 sid=0 DISPATCHING RunStep t=18601897
Node 1 chan 1: RDMA send to 3 totalBytes=2097152 over 1 lane(s) bid=9 sid=0 iter=13 part=0 rateGBps=0 at t=18601897
Node 1 chan 0: RDMA send to 3 totalBytes=2097152 over 1 lane(s) bid=8 sid=0 iter=13 part=0 rateGBps=0 at t=18601897
GPU 1 TB=9 arrived at iteration barrier (7/10) leaving iter=13 t=18601897
GPU 1 TB=8 arrived at iteration barrier (8/10) leaving iter=13 t=18601897
Node 2 chan 0: transfer complete from peer 3 dst=(1,7) totalBytes=2097152 at t=18615955
GPU 2 TB=4 arrived at iteration barrier (8/10) leaving iter=13 t=18615955
Node 3 chan 0: RDMA send to 2 physically drained (sender side) bid=9 sid=0 iter=13 nElems=524288 at t=18617591
Node 2 chan 0: transfer complete from peer 0 dst=(1,0) totalBytes=2097152 at t=19215231
GPU 2 TB=0 arrived at iteration barrier (9/10) leaving iter=13 t=19215231
Node 2 chan 1: transfer complete from peer 0 dst=(1,1) totalBytes=2097152 at t=19216227
GPU 2 TB=1 arrived at iteration barrier (10/10) leaving iter=13 t=19216227
GPU 2: iteration barrier releasing 10 threadblock(s) at t=19216227
GPU 2 TB=0 sid=0 DISPATCHING RunStep t=19216227
GPU 2 TB=1 sid=0 DISPATCHING RunStep t=19216227
GPU 2 TB=2 sid=0 DISPATCHING RunStep t=19216227
GPU 2 TB=3 sid=0 DISPATCHING RunStep t=19216227
GPU 2 TB=4 sid=0 DISPATCHING RunStep t=19216227
GPU 2 TB=5 sid=0 BLOCKED on network completion of TB=7 step=0 needFlag=14336 netFlag=13312 t=19216227
GPU 2 TB=6 sid=0 BLOCKED on network completion of TB=7 step=0 needFlag=14336 netFlag=13312 t=19216227
GPU 2 TB=7 sid=0 DISPATCHING RunStep t=19216227
GPU 2 TB=8 sid=0 DISPATCHING RunStep t=19216227
GPU 2 TB=9 sid=0 DISPATCHING RunStep t=19216227
Node 2 chan 0: RDMA send to 1 totalBytes=2097152 over 1 lane(s) bid=7 sid=0 iter=14 part=0 rateGBps=0 at t=19216227
Node 2 chan 1: RDMA send to 1 totalBytes=2097152 over 1 lane(s) bid=8 sid=0 iter=14 part=0 rateGBps=0 at t=19216227
Node 2 chan 0: RDMA send to 3 totalBytes=2097152 over 1 lane(s) bid=9 sid=0 iter=14 part=0 rateGBps=0 at t=19216227
Node 2 chan 0: RDMA send to 3 totalBytes=2097152 over 1 lane(s) bid=9 sid=0 iter=14 part=1 rateGBps=0 at t=19216227
GPU 2 TB=7 arrived at iteration barrier (1/10) leaving iter=14 t=19216227
GPU 2 TB=8 arrived at iteration barrier (2/10) leaving iter=14 t=19216227
GPU 2 TB=9 arrived at iteration barrier (3/10) leaving iter=14 t=19216227
Node 0 chan 0: RDMA send to 2 physically drained (sender side) bid=6 sid=0 iter=13 nElems=524288 at t=19218871
Node 0 chan 1: transfer complete from peer 2 dst=(1,5) totalBytes=2097152 at t=19220199
GPU 0 TB=2 arrived at iteration barrier (9/10) leaving iter=13 t=19220199
Node 0 chan 1: RDMA send to 2 physically drained (sender side) bid=7 sid=0 iter=13 nElems=524288 at t=19220203
Node 0 chan 0: transfer complete from peer 2 dst=(1,4) totalBytes=2097152 at t=19221733
GPU 0 TB=1 arrived at iteration barrier (10/10) leaving iter=13 t=19221733
GPU 0: iteration barrier releasing 10 threadblock(s) at t=19221733
GPU 0 TB=0 sid=0 DISPATCHING RunStep t=19221733
GPU 0 TB=1 sid=0 DISPATCHING RunStep t=19221733
GPU 0 TB=2 sid=0 DISPATCHING RunStep t=19221733
GPU 0 TB=3 sid=0 DISPATCHING RunStep t=19221733
GPU 0 TB=4 sid=0 DISPATCHING RunStep t=19221733
GPU 0 TB=5 sid=0 DISPATCHING RunStep t=19221733
GPU 0 TB=6 sid=0 BLOCKED on network completion of TB=5 step=0 needFlag=14336 netFlag=13312 t=19221733
GPU 0 TB=7 sid=0 BLOCKED on network completion of TB=5 step=0 needFlag=14336 netFlag=13312 t=19221733
GPU 0 TB=8 sid=0 DISPATCHING RunStep t=19221733
GPU 0 TB=9 sid=0 DISPATCHING RunStep t=19221733
Node 0 chan 0: RDMA send to 1 totalBytes=2097152 over 1 lane(s) bid=5 sid=0 iter=14 part=0 rateGBps=0 at t=19221733
Node 0 chan 0: RDMA send to 1 totalBytes=2097152 over 1 lane(s) bid=5 sid=0 iter=14 part=1 rateGBps=0 at t=19221733
Node 0 chan 0: RDMA send to 3 totalBytes=2097152 over 1 lane(s) bid=8 sid=0 iter=14 part=0 rateGBps=0 at t=19221733
Node 0 chan 1: RDMA send to 3 totalBytes=2097152 over 1 lane(s) bid=9 sid=0 iter=14 part=0 rateGBps=0 at t=19221733
GPU 0 TB=5 arrived at iteration barrier (1/10) leaving iter=14 t=19221733
GPU 0 TB=8 arrived at iteration barrier (2/10) leaving iter=14 t=19221733
GPU 0 TB=9 arrived at iteration barrier (3/10) leaving iter=14 t=19221733
Node 1 chan 1: transfer complete from peer 3 dst=(1,7) totalBytes=2097152 at t=19223515
GPU 1 TB=4 arrived at iteration barrier (9/10) leaving iter=13 t=19223515
Node 2 chan 1: RDMA send to 0 physically drained (sender side) bid=6 sid=0 iter=13 nElems=524288 at t=19224226
Node 1 chan 0: transfer complete from peer 3 dst=(1,6) totalBytes=2097152 at t=19225511
GPU 1 TB=3 arrived at iteration barrier (10/10) leaving iter=13 t=19225511
GPU 1: iteration barrier releasing 10 threadblock(s) at t=19225511
GPU 1 TB=0 sid=0 DISPATCHING RunStep t=19225511
GPU 1 TB=1 sid=0 DISPATCHING RunStep t=19225511
GPU 1 TB=2 sid=0 DISPATCHING RunStep t=19225511
GPU 1 TB=3 sid=0 DISPATCHING RunStep t=19225511
GPU 1 TB=4 sid=0 DISPATCHING RunStep t=19225511
GPU 1 TB=5 sid=0 DISPATCHING RunStep t=19225511
GPU 1 TB=6 sid=0 DISPATCHING RunStep t=19225511
GPU 1 TB=7 sid=0 DISPATCHING RunStep t=19225511
GPU 1 TB=8 sid=0 BLOCKED on network completion of TB=5 step=0 needFlag=14336 netFlag=13312 t=19225511
GPU 1 TB=9 sid=0 BLOCKED on network completion of TB=5 step=0 needFlag=14336 netFlag=13312 t=19225511
Node 1 chan 0: RDMA send to 0 totalBytes=2097152 over 1 lane(s) bid=5 sid=0 iter=14 part=0 rateGBps=0 at t=19225511
Node 1 chan 0: RDMA send to 0 totalBytes=2097152 over 1 lane(s) bid=5 sid=0 iter=14 part=1 rateGBps=0 at t=19225511
Node 1 chan 0: RDMA send to 2 totalBytes=2097152 over 1 lane(s) bid=6 sid=0 iter=14 part=0 rateGBps=0 at t=19225511
Node 1 chan 1: RDMA send to 2 totalBytes=2097152 over 1 lane(s) bid=7 sid=0 iter=14 part=0 rateGBps=0 at t=19225511
GPU 1 TB=5 arrived at iteration barrier (1/10) leaving iter=14 t=19225511
GPU 1 TB=6 arrived at iteration barrier (2/10) leaving iter=14 t=19225511
GPU 1 TB=7 arrived at iteration barrier (3/10) leaving iter=14 t=19225511
Node 2 chan 0: RDMA send to 0 physically drained (sender side) bid=5 sid=0 iter=13 nElems=524288 at t=19225563
Node 3 chan 1: RDMA send to 1 physically drained (sender side) bid=8 sid=0 iter=13 nElems=524288 at t=19227545
Node 3 chan 0: RDMA send to 1 physically drained (sender side) bid=7 sid=0 iter=13 nElems=524288 at t=19229541
Node 3 chan 0: transfer complete from peer 1 dst=(1,2) totalBytes=2097152 at t=19301253
GPU 3 TB=2 arrived at iteration barrier (9/10) leaving iter=13 t=19301253
Node 1 chan 0: RDMA send to 3 physically drained (sender side) bid=8 sid=0 iter=13 nElems=524288 at t=19304643
Node 3 chan 1: transfer complete from peer 1 dst=(1,3) totalBytes=2097152 at t=19305901
GPU 3 TB=3 arrived at iteration barrier (10/10) leaving iter=13 t=19305901
GPU 3: iteration barrier releasing 10 threadblock(s) at t=19305901
GPU 3 TB=0 sid=0 DISPATCHING RunStep t=19305901
GPU 3 TB=1 sid=0 DISPATCHING RunStep t=19305901
GPU 3 TB=2 sid=0 DISPATCHING RunStep t=19305901
GPU 3 TB=3 sid=0 DISPATCHING RunStep t=19305901
GPU 3 TB=4 sid=0 DISPATCHING RunStep t=19305901
GPU 3 TB=5 sid=0 DISPATCHING RunStep t=19305901
GPU 3 TB=6 sid=0 DISPATCHING RunStep t=19305901
GPU 3 TB=7 sid=0 BLOCKED on network completion of TB=5 step=0 needFlag=14336 netFlag=13312 t=19305901
GPU 3 TB=8 sid=0 BLOCKED on network completion of TB=5 step=0 needFlag=14336 netFlag=13312 t=19305901
GPU 3 TB=9 sid=0 DISPATCHING RunStep t=19305901
Node 3 chan 0: RDMA send to 0 totalBytes=2097152 over 1 lane(s) bid=5 sid=0 iter=14 part=0 rateGBps=0 at t=19305901
Node 3 chan 1: RDMA send to 0 totalBytes=2097152 over 1 lane(s) bid=6 sid=0 iter=14 part=0 rateGBps=0 at t=19305901
Node 3 chan 0: RDMA send to 2 totalBytes=2097152 over 1 lane(s) bid=9 sid=0 iter=14 part=0 rateGBps=0 at t=19305901
Node 3 chan 0: RDMA send to 2 totalBytes=2097152 over 1 lane(s) bid=9 sid=0 iter=14 part=1 rateGBps=0 at t=19305901
GPU 3 TB=5 arrived at iteration barrier (1/10) leaving iter=14 t=19305901
GPU 3 TB=6 arrived at iteration barrier (2/10) leaving iter=14 t=19305901
GPU 3 TB=9 arrived at iteration barrier (3/10) leaving iter=14 t=19305901
Node 1 chan 1: RDMA send to 3 physically drained (sender side) bid=9 sid=0 iter=13 nElems=524288 at t=19309963
Node 1 chan 0: transfer complete from peer 0 dst=(1,0) totalBytes=2097152 at t=19583627
Node 0 chan 0: RDMA send to 1 physically drained (sender side) bid=5 sid=0 iter=14 nElems=524288 at t=19585048
Node 3 chan 0: transfer complete from peer 2 dst=(1,4) totalBytes=2097152 at t=19589505
Node 2 chan 0: RDMA send to 3 physically drained (sender side) bid=9 sid=0 iter=14 nElems=524288 at t=19591281
Node 0 chan 0: transfer complete from peer 1 dst=(1,2) totalBytes=2097152 at t=19599344
Node 1 chan 0: RDMA send to 0 physically drained (sender side) bid=5 sid=0 iter=14 nElems=524288 at t=19601251
Node 2 chan 0: transfer complete from peer 3 dst=(1,6) totalBytes=2097152 at t=19669749
Node 3 chan 0: RDMA send to 2 physically drained (sender side) bid=9 sid=0 iter=14 nElems=524288 at t=19671637
Node 1 chan 1: transfer complete from peer 2 dst=(1,5) totalBytes=2097152 at t=19885895
GPU 1 TB=2 arrived at iteration barrier (4/10) leaving iter=14 t=19885895
Node 1 chan 0: transfer complete from peer 2 dst=(1,4) totalBytes=2097152 at t=19887891
GPU 1 TB=1 arrived at iteration barrier (5/10) leaving iter=14 t=19887891
Node 2 chan 1: RDMA send to 1 physically drained (sender side) bid=8 sid=0 iter=14 nElems=524288 at t=19890005
Node 2 chan 0: RDMA send to 1 physically drained (sender side) bid=7 sid=0 iter=14 nElems=524288 at t=19892337
GPU 2 TB=6 sid=0 DISPATCHING RunStep t=19892337
GPU 2 TB=5 sid=0 DISPATCHING RunStep t=19892337
Node 2 chan 1: RDMA send to 0 totalBytes=2097152 over 1 lane(s) bid=6 sid=0 iter=14 part=0 rateGBps=0 at t=19892337
Node 2 chan 0: RDMA send to 0 totalBytes=2097152 over 1 lane(s) bid=5 sid=0 iter=14 part=0 rateGBps=0 at t=19892337
GPU 2 TB=6 arrived at iteration barrier (4/10) leaving iter=14 t=19892337
GPU 2 TB=5 arrived at iteration barrier (5/10) leaving iter=14 t=19892337
Node 1 chan 0: transfer complete from peer 0 dst=(1,1) totalBytes=2097152 at t=19914980
GPU 1 TB=0 arrived at iteration barrier (6/10) leaving iter=14 t=19914980
Node 0 chan 0: RDMA send to 1 physically drained (sender side) bid=5 sid=0 iter=14 nElems=524288 at t=19916908
GPU 0 TB=7 sid=0 DISPATCHING RunStep t=19916908
GPU 0 TB=6 sid=0 DISPATCHING RunStep t=19916908
Node 0 chan 1: RDMA send to 2 totalBytes=2097152 over 1 lane(s) bid=7 sid=0 iter=14 part=0 rateGBps=0 at t=19916908
Node 0 chan 0: RDMA send to 2 totalBytes=2097152 over 1 lane(s) bid=6 sid=0 iter=14 part=0 rateGBps=0 at t=19916908
GPU 0 TB=7 arrived at iteration barrier (4/10) leaving iter=14 t=19916908
GPU 0 TB=6 arrived at iteration barrier (5/10) leaving iter=14 t=19916908
Node 3 chan 0: transfer complete from peer 2 dst=(1,5) totalBytes=2097152 at t=19925337
GPU 3 TB=4 arrived at iteration barrier (4/10) leaving iter=14 t=19925337
Node 2 chan 0: RDMA send to 3 physically drained (sender side) bid=9 sid=0 iter=14 nElems=524288 at t=19927125
Node 2 chan 0: transfer complete from peer 1 dst=(1,2) totalBytes=2097152 at t=19930113
GPU 2 TB=2 arrived at iteration barrier (6/10) leaving iter=14 t=19930113
Node 3 chan 0: transfer complete from peer 0 dst=(1,0) totalBytes=2097152 at t=19930892
GPU 3 TB=0 arrived at iteration barrier (5/10) leaving iter=14 t=19930892
Node 2 chan 1: transfer complete from peer 1 dst=(1,3) totalBytes=2097152 at t=19931441
GPU 2 TB=3 arrived at iteration barrier (7/10) leaving iter=14 t=19931441
Node 3 chan 1: transfer complete from peer 0 dst=(1,1) totalBytes=2097152 at t=19931870
GPU 3 TB=1 arrived at iteration barrier (6/10) leaving iter=14 t=19931870
Node 1 chan 0: RDMA send to 2 physically drained (sender side) bid=6 sid=0 iter=14 nElems=524288 at t=19933830
Node 0 chan 0: RDMA send to 3 physically drained (sender side) bid=8 sid=0 iter=14 nElems=524288 at t=19935188
Node 1 chan 1: RDMA send to 2 physically drained (sender side) bid=7 sid=0 iter=14 nElems=524288 at t=19935539
Node 0 chan 1: RDMA send to 3 physically drained (sender side) bid=9 sid=0 iter=14 nElems=524288 at t=19935856
Node 0 chan 0: transfer complete from peer 1 dst=(1,3) totalBytes=2097152 at t=19987364
GPU 0 TB=0 arrived at iteration barrier (6/10) leaving iter=14 t=19987364
Node 1 chan 0: RDMA send to 0 physically drained (sender side) bid=5 sid=0 iter=14 nElems=524288 at t=19989100
GPU 1 TB=9 sid=0 DISPATCHING RunStep t=19989100
GPU 1 TB=8 sid=0 DISPATCHING RunStep t=19989100
Node 1 chan 1: RDMA send to 3 totalBytes=2097152 over 1 lane(s) bid=9 sid=0 iter=14 part=0 rateGBps=0 at t=19989100
Node 1 chan 0: RDMA send to 3 totalBytes=2097152 over 1 lane(s) bid=8 sid=0 iter=14 part=0 rateGBps=0 at t=19989100
GPU 1 TB=9 arrived at iteration barrier (7/10) leaving iter=14 t=19989100
GPU 1 TB=8 arrived at iteration barrier (8/10) leaving iter=14 t=19989100
Node 0 chan 0: transfer complete from peer 3 dst=(1,6) totalBytes=2097152 at t=19999656
GPU 0 TB=3 arrived at iteration barrier (7/10) leaving iter=14 t=19999656
Node 0 chan 1: transfer complete from peer 3 dst=(1,7) totalBytes=2097152 at t=20001316
GPU 0 TB=4 arrived at iteration barrier (8/10) leaving iter=14 t=20001316
Node 3 chan 0: RDMA send to 0 physically drained (sender side) bid=5 sid=0 iter=14 nElems=524288 at t=20003551
GPU 3 TB=8 sid=0 DISPATCHING RunStep t=20003551
GPU 3 TB=7 sid=0 DISPATCHING RunStep t=20003551
Node 3 chan 1: RDMA send to 1 totalBytes=2097152 over 1 lane(s) bid=8 sid=0 iter=14 part=0 rateGBps=0 at t=20003551
Node 3 chan 0: RDMA send to 1 totalBytes=2097152 over 1 lane(s) bid=7 sid=0 iter=14 part=0 rateGBps=0 at t=20003551
GPU 3 TB=8 arrived at iteration barrier (7/10) leaving iter=14 t=20003551
GPU 3 TB=7 arrived at iteration barrier (8/10) leaving iter=14 t=20003551
Node 3 chan 1: RDMA send to 0 physically drained (sender side) bid=6 sid=0 iter=14 nElems=524288 at t=20005220
Node 2 chan 0: transfer complete from peer 3 dst=(1,7) totalBytes=2097152 at t=20032789
GPU 2 TB=4 arrived at iteration barrier (8/10) leaving iter=14 t=20032789
Node 3 chan 0: RDMA send to 2 physically drained (sender side) bid=9 sid=0 iter=14 nElems=524288 at t=20034530
Node 0 chan 1: transfer complete from peer 2 dst=(1,5) totalBytes=2097152 at t=20583871
GPU 0 TB=2 arrived at iteration barrier (9/10) leaving iter=14 t=20583871
Node 0 chan 0: transfer complete from peer 2 dst=(1,4) totalBytes=2097152 at t=20584565
GPU 0 TB=1 arrived at iteration barrier (10/10) leaving iter=14 t=20584565
GPU 0: iteration barrier releasing 10 threadblock(s) at t=20584565
GPU 0 TB=0 sid=0 DISPATCHING RunStep t=20584565
GPU 0 TB=1 sid=0 DISPATCHING RunStep t=20584565
GPU 0 TB=2 sid=0 DISPATCHING RunStep t=20584565
GPU 0 TB=3 sid=0 DISPATCHING RunStep t=20584565
GPU 0 TB=4 sid=0 DISPATCHING RunStep t=20584565
GPU 0 TB=5 sid=0 DISPATCHING RunStep t=20584565
GPU 0 TB=6 sid=0 BLOCKED on network completion of TB=5 step=0 needFlag=15360 netFlag=14336 t=20584565
GPU 0 TB=7 sid=0 BLOCKED on network completion of TB=5 step=0 needFlag=15360 netFlag=14336 t=20584565
GPU 0 TB=8 sid=0 DISPATCHING RunStep t=20584565
GPU 0 TB=9 sid=0 DISPATCHING RunStep t=20584565
Node 0 chan 0: RDMA send to 1 totalBytes=2097152 over 1 lane(s) bid=5 sid=0 iter=15 part=0 rateGBps=0 at t=20584565
Node 0 chan 0: RDMA send to 1 totalBytes=2097152 over 1 lane(s) bid=5 sid=0 iter=15 part=1 rateGBps=0 at t=20584565
Node 0 chan 0: RDMA send to 3 totalBytes=2097152 over 1 lane(s) bid=8 sid=0 iter=15 part=0 rateGBps=0 at t=20584565
Node 0 chan 1: RDMA send to 3 totalBytes=2097152 over 1 lane(s) bid=9 sid=0 iter=15 part=0 rateGBps=0 at t=20584565
GPU 0 TB=5 arrived at iteration barrier (1/10) leaving iter=15 t=20584565
GPU 0 TB=8 arrived at iteration barrier (2/10) leaving iter=15 t=20584565
GPU 0 TB=9 arrived at iteration barrier (3/10) leaving iter=15 t=20584565
Node 2 chan 1: RDMA send to 0 physically drained (sender side) bid=6 sid=0 iter=14 nElems=524288 at t=20588278
Node 2 chan 0: RDMA send to 0 physically drained (sender side) bid=5 sid=0 iter=14 nElems=524288 at t=20588951
Node 2 chan 0: transfer complete from peer 0 dst=(1,0) totalBytes=2097152 at t=20589620
GPU 2 TB=0 arrived at iteration barrier (9/10) leaving iter=14 t=20589620
Node 0 chan 0: RDMA send to 2 physically drained (sender side) bid=6 sid=0 iter=14 nElems=524288 at t=20593569
Node 2 chan 1: transfer complete from peer 0 dst=(1,1) totalBytes=2097152 at t=20595103
GPU 2 TB=1 arrived at iteration barrier (10/10) leaving iter=14 t=20595103
GPU 2: iteration barrier releasing 10 threadblock(s) at t=20595103
GPU 2 TB=0 sid=0 DISPATCHING RunStep t=20595103
GPU 2 TB=1 sid=0 DISPATCHING RunStep t=20595103
GPU 2 TB=2 sid=0 DISPATCHING RunStep t=20595103
GPU 2 TB=3 sid=0 DISPATCHING RunStep t=20595103
GPU 2 TB=4 sid=0 DISPATCHING RunStep t=20595103
GPU 2 TB=5 sid=0 BLOCKED on network completion of TB=7 step=0 needFlag=15360 netFlag=14336 t=20595103
GPU 2 TB=6 sid=0 BLOCKED on network completion of TB=7 step=0 needFlag=15360 netFlag=14336 t=20595103
GPU 2 TB=7 sid=0 DISPATCHING RunStep t=20595103
GPU 2 TB=8 sid=0 DISPATCHING RunStep t=20595103
GPU 2 TB=9 sid=0 DISPATCHING RunStep t=20595103
Node 2 chan 0: RDMA send to 1 totalBytes=2097152 over 1 lane(s) bid=7 sid=0 iter=15 part=0 rateGBps=0 at t=20595103
Node 2 chan 1: RDMA send to 1 totalBytes=2097152 over 1 lane(s) bid=8 sid=0 iter=15 part=0 rateGBps=0 at t=20595103
Node 2 chan 0: RDMA send to 3 totalBytes=2097152 over 1 lane(s) bid=9 sid=0 iter=15 part=0 rateGBps=0 at t=20595103
Node 2 chan 0: RDMA send to 3 totalBytes=2097152 over 1 lane(s) bid=9 sid=0 iter=15 part=1 rateGBps=0 at t=20595103
GPU 2 TB=7 arrived at iteration barrier (1/10) leaving iter=15 t=20595103
GPU 2 TB=8 arrived at iteration barrier (2/10) leaving iter=15 t=20595103
GPU 2 TB=9 arrived at iteration barrier (3/10) leaving iter=15 t=20595103
Node 0 chan 1: RDMA send to 2 physically drained (sender side) bid=7 sid=0 iter=14 nElems=524288 at t=20598899
Node 3 chan 0: transfer complete from peer 1 dst=(1,2) totalBytes=2097152 at t=20675332
GPU 3 TB=2 arrived at iteration barrier (9/10) leaving iter=14 t=20675332
Node 1 chan 0: RDMA send to 3 physically drained (sender side) bid=8 sid=0 iter=14 nElems=524288 at t=20678227
Node 3 chan 1: transfer complete from peer 1 dst=(1,3) totalBytes=2097152 at t=20681972
GPU 3 TB=3 arrived at iteration barrier (10/10) leaving iter=14 t=20681972
GPU 3: iteration barrier releasing 10 threadblock(s) at t=20681972
GPU 3 TB=0 sid=0 DISPATCHING RunStep t=20681972
GPU 3 TB=1 sid=0 DISPATCHING RunStep t=20681972
GPU 3 TB=2 sid=0 DISPATCHING RunStep t=20681972
GPU 3 TB=3 sid=0 DISPATCHING RunStep t=20681972
GPU 3 TB=4 sid=0 DISPATCHING RunStep t=20681972
GPU 3 TB=5 sid=0 DISPATCHING RunStep t=20681972
GPU 3 TB=6 sid=0 DISPATCHING RunStep t=20681972
GPU 3 TB=7 sid=0 BLOCKED on network completion of TB=5 step=0 needFlag=15360 netFlag=14336 t=20681972
GPU 3 TB=8 sid=0 BLOCKED on network completion of TB=5 step=0 needFlag=15360 netFlag=14336 t=20681972
GPU 3 TB=9 sid=0 DISPATCHING RunStep t=20681972
Node 3 chan 0: RDMA send to 0 totalBytes=2097152 over 1 lane(s) bid=5 sid=0 iter=15 part=0 rateGBps=0 at t=20681972
Node 3 chan 1: RDMA send to 0 totalBytes=2097152 over 1 lane(s) bid=6 sid=0 iter=15 part=0 rateGBps=0 at t=20681972
Node 3 chan 0: RDMA send to 2 totalBytes=2097152 over 1 lane(s) bid=9 sid=0 iter=15 part=0 rateGBps=0 at t=20681972
Node 3 chan 0: RDMA send to 2 totalBytes=2097152 over 1 lane(s) bid=9 sid=0 iter=15 part=1 rateGBps=0 at t=20681972
GPU 3 TB=5 arrived at iteration barrier (1/10) leaving iter=15 t=20681972
GPU 3 TB=6 arrived at iteration barrier (2/10) leaving iter=15 t=20681972
GPU 3 TB=9 arrived at iteration barrier (3/10) leaving iter=15 t=20681972
Node 1 chan 1: RDMA send to 3 physically drained (sender side) bid=9 sid=0 iter=14 nElems=524288 at t=20685867
Node 1 chan 1: transfer complete from peer 3 dst=(1,7) totalBytes=2097152 at t=20696823
GPU 1 TB=4 arrived at iteration barrier (9/10) leaving iter=14 t=20696823
Node 3 chan 1: RDMA send to 1 physically drained (sender side) bid=8 sid=0 iter=14 nElems=524288 at t=20700932
Node 1 chan 0: transfer complete from peer 3 dst=(1,6) totalBytes=2097152 at t=20703795
GPU 1 TB=3 arrived at iteration barrier (10/10) leaving iter=14 t=20703795
GPU 1: iteration barrier releasing 10 threadblock(s) at t=20703795
GPU 1 TB=0 sid=0 DISPATCHING RunStep t=20703795
GPU 1 TB=1 sid=0 DISPATCHING RunStep t=20703795
GPU 1 TB=2 sid=0 DISPATCHING RunStep t=20703795
GPU 1 TB=3 sid=0 DISPATCHING RunStep t=20703795
GPU 1 TB=4 sid=0 DISPATCHING RunStep t=20703795
GPU 1 TB=5 sid=0 DISPATCHING RunStep t=20703795
GPU 1 TB=6 sid=0 DISPATCHING RunStep t=20703795
GPU 1 TB=7 sid=0 DISPATCHING RunStep t=20703795
GPU 1 TB=8 sid=0 BLOCKED on network completion of TB=5 step=0 needFlag=15360 netFlag=14336 t=20703795
GPU 1 TB=9 sid=0 BLOCKED on network completion of TB=5 step=0 needFlag=15360 netFlag=14336 t=20703795
Node 1 chan 0: RDMA send to 0 totalBytes=2097152 over 1 lane(s) bid=5 sid=0 iter=15 part=0 rateGBps=0 at t=20703795
Node 1 chan 0: RDMA send to 0 totalBytes=2097152 over 1 lane(s) bid=5 sid=0 iter=15 part=1 rateGBps=0 at t=20703795
Node 1 chan 0: RDMA send to 2 totalBytes=2097152 over 1 lane(s) bid=6 sid=0 iter=15 part=0 rateGBps=0 at t=20703795
Node 1 chan 1: RDMA send to 2 totalBytes=2097152 over 1 lane(s) bid=7 sid=0 iter=15 part=0 rateGBps=0 at t=20703795
GPU 1 TB=5 arrived at iteration barrier (1/10) leaving iter=15 t=20703795
GPU 1 TB=6 arrived at iteration barrier (2/10) leaving iter=15 t=20703795
GPU 1 TB=7 arrived at iteration barrier (3/10) leaving iter=15 t=20703795
Node 3 chan 0: RDMA send to 1 physically drained (sender side) bid=7 sid=0 iter=14 nElems=524288 at t=20707576
Node 3 chan 0: transfer complete from peer 2 dst=(1,4) totalBytes=2097152 at t=20984888
Node 2 chan 0: RDMA send to 3 physically drained (sender side) bid=9 sid=0 iter=15 nElems=524288 at t=20986536
Node 1 chan 0: transfer complete from peer 0 dst=(1,0) totalBytes=2097152 at t=20986739
Node 0 chan 0: RDMA send to 1 physically drained (sender side) bid=5 sid=0 iter=15 nElems=524288 at t=20988338
Node 2 chan 0: transfer complete from peer 3 dst=(1,6) totalBytes=2097152 at t=21058128
Node 3 chan 0: RDMA send to 2 physically drained (sender side) bid=9 sid=0 iter=15 nElems=524288 at t=21060032
Node 0 chan 0: transfer complete from peer 1 dst=(1,2) totalBytes=2097152 at t=21070802
Node 1 chan 0: RDMA send to 0 physically drained (sender side) bid=5 sid=0 iter=15 nElems=524288 at t=21072859
Node 3 chan 0: transfer complete from peer 0 dst=(1,0) totalBytes=2097152 at t=21298112
GPU 3 TB=0 arrived at iteration barrier (4/10) leaving iter=15 t=21298112
Node 3 chan 1: transfer complete from peer 0 dst=(1,1) totalBytes=2097152 at t=21299440
GPU 3 TB=1 arrived at iteration barrier (5/10) leaving iter=15 t=21299440
Node 0 chan 0: RDMA send to 3 physically drained (sender side) bid=8 sid=0 iter=15 nElems=524288 at t=21302300
Node 0 chan 1: RDMA send to 3 physically drained (sender side) bid=9 sid=0 iter=15 nElems=524288 at t=21303632
Node 3 chan 0: transfer complete from peer 2 dst=(1,5) totalBytes=2097152 at t=21310408
GPU 3 TB=4 arrived at iteration barrier (6/10) leaving iter=15 t=21310408
Node 2 chan 0: RDMA send to 3 physically drained (sender side) bid=9 sid=0 iter=15 nElems=524288 at t=21312180
Node 1 chan 0: transfer complete from peer 0 dst=(1,1) totalBytes=2097152 at t=21318583
GPU 1 TB=0 arrived at iteration barrier (4/10) leaving iter=15 t=21318583
Node 1 chan 0: transfer complete from peer 2 dst=(1,4) totalBytes=2097152 at t=21318915
GPU 1 TB=1 arrived at iteration barrier (5/10) leaving iter=15 t=21318915
Node 1 chan 1: transfer complete from peer 2 dst=(1,5) totalBytes=2097152 at t=21319915
GPU 1 TB=2 arrived at iteration barrier (6/10) leaving iter=15 t=21319915
Node 0 chan 0: RDMA send to 1 physically drained (sender side) bid=5 sid=0 iter=15 nElems=524288 at t=21320252
GPU 0 TB=7 sid=0 DISPATCHING RunStep t=21320252
GPU 0 TB=6 sid=0 DISPATCHING RunStep t=21320252
Node 0 chan 1: RDMA send to 2 totalBytes=2097152 over 1 lane(s) bid=7 sid=0 iter=15 part=0 rateGBps=0 at t=21320252
Node 0 chan 0: RDMA send to 2 totalBytes=2097152 over 1 lane(s) bid=6 sid=0 iter=15 part=0 rateGBps=0 at t=21320252
GPU 0 TB=7 arrived at iteration barrier (4/10) leaving iter=15 t=21320252
GPU 0 TB=6 arrived at iteration barrier (5/10) leaving iter=15 t=21320252
Node 2 chan 0: RDMA send to 1 physically drained (sender side) bid=7 sid=0 iter=15 nElems=524288 at t=21321820
GPU 2 TB=6 sid=0 DISPATCHING RunStep t=21321820
GPU 2 TB=5 sid=0 DISPATCHING RunStep t=21321820
Node 2 chan 1: RDMA send to 0 totalBytes=2097152 over 1 lane(s) bid=6 sid=0 iter=15 part=0 rateGBps=0 at t=21321820
Node 2 chan 0: RDMA send to 0 totalBytes=2097152 over 1 lane(s) bid=5 sid=0 iter=15 part=0 rateGBps=0 at t=21321820
GPU 2 TB=6 arrived at iteration barrier (4/10) leaving iter=15 t=21321820
GPU 2 TB=5 arrived at iteration barrier (5/10) leaving iter=15 t=21321820
Node 2 chan 1: RDMA send to 1 physically drained (sender side) bid=8 sid=0 iter=15 nElems=524288 at t=21322820
Node 0 chan 1: transfer complete from peer 3 dst=(1,7) totalBytes=2097152 at t=21340504
GPU 0 TB=4 arrived at iteration barrier (6/10) leaving iter=15 t=21340504
Node 0 chan 0: transfer complete from peer 3 dst=(1,6) totalBytes=2097152 at t=21340836
GPU 0 TB=3 arrived at iteration barrier (7/10) leaving iter=15 t=21340836
Node 3 chan 1: RDMA send to 0 physically drained (sender side) bid=6 sid=0 iter=15 nElems=524288 at t=21344331
Node 3 chan 0: RDMA send to 0 physically drained (sender side) bid=5 sid=0 iter=15 nElems=524288 at t=21344394
GPU 3 TB=8 sid=0 DISPATCHING RunStep t=21344394
GPU 3 TB=7 sid=0 DISPATCHING RunStep t=21344394
Node 3 chan 1: RDMA send to 1 totalBytes=2097152 over 1 lane(s) bid=8 sid=0 iter=15 part=0 rateGBps=0 at t=21344394
Node 3 chan 0: RDMA send to 1 totalBytes=2097152 over 1 lane(s) bid=7 sid=0 iter=15 part=0 rateGBps=0 at t=21344394
GPU 3 TB=8 arrived at iteration barrier (7/10) leaving iter=15 t=21344394
GPU 3 TB=7 arrived at iteration barrier (8/10) leaving iter=15 t=21344394
Node 2 chan 0: transfer complete from peer 1 dst=(1,2) totalBytes=2097152 at t=21380620
GPU 2 TB=2 arrived at iteration barrier (6/10) leaving iter=15 t=21380620
Node 2 chan 1: transfer complete from peer 1 dst=(1,3) totalBytes=2097152 at t=21384612
GPU 2 TB=3 arrived at iteration barrier (7/10) leaving iter=15 t=21384612
Node 1 chan 0: RDMA send to 2 physically drained (sender side) bid=6 sid=0 iter=15 nElems=524288 at t=21385068
Node 1 chan 1: RDMA send to 2 physically drained (sender side) bid=7 sid=0 iter=15 nElems=524288 at t=21388124
Node 0 chan 0: transfer complete from peer 1 dst=(1,3) totalBytes=2097152 at t=21428556
GPU 0 TB=0 arrived at iteration barrier (8/10) leaving iter=15 t=21428556
Node 1 chan 0: RDMA send to 0 physically drained (sender side) bid=5 sid=0 iter=15 nElems=524288 at t=21430292
GPU 1 TB=9 sid=0 DISPATCHING RunStep t=21430292
GPU 1 TB=8 sid=0 DISPATCHING RunStep t=21430292
Node 1 chan 1: RDMA send to 3 totalBytes=2097152 over 1 lane(s) bid=9 sid=0 iter=15 part=0 rateGBps=0 at t=21430292
Node 1 chan 0: RDMA send to 3 totalBytes=2097152 over 1 lane(s) bid=8 sid=0 iter=15 part=0 rateGBps=0 at t=21430292
GPU 1 TB=9 arrived at iteration barrier (7/10) leaving iter=15 t=21430292
GPU 1 TB=8 arrived at iteration barrier (8/10) leaving iter=15 t=21430292
Node 2 chan 0: transfer complete from peer 3 dst=(1,7) totalBytes=2097152 at t=21452720
GPU 2 TB=4 arrived at iteration barrier (8/10) leaving iter=15 t=21452720
Node 3 chan 0: RDMA send to 2 physically drained (sender side) bid=9 sid=0 iter=15 nElems=524288 at t=21454128
Node 2 chan 1: transfer complete from peer 0 dst=(1,1) totalBytes=2097152 at t=22001080
GPU 2 TB=1 arrived at iteration barrier (9/10) leaving iter=15 t=22001080
Node 2 chan 0: transfer complete from peer 0 dst=(1,0) totalBytes=2097152 at t=22002076
GPU 2 TB=0 arrived at iteration barrier (10/10) leaving iter=15 t=22002076
GPU 2: iteration barrier releasing 10 threadblock(s) at t=22002076
GPU 2 TB=0 sid=0 DISPATCHING RunStep t=22002076
GPU 2 TB=1 sid=0 DISPATCHING RunStep t=22002076
GPU 2 TB=2 sid=0 DISPATCHING RunStep t=22002076
GPU 2 TB=3 sid=0 DISPATCHING RunStep t=22002076
GPU 2 TB=4 sid=0 DISPATCHING RunStep t=22002076
GPU 2 TB=5 sid=0 BLOCKED on network completion of TB=7 step=0 needFlag=16384 netFlag=15360 t=22002076
GPU 2 TB=6 sid=0 BLOCKED on network completion of TB=7 step=0 needFlag=16384 netFlag=15360 t=22002076
GPU 2 TB=7 sid=0 DISPATCHING RunStep t=22002076
GPU 2 TB=8 sid=0 DISPATCHING RunStep t=22002076
GPU 2 TB=9 sid=0 DISPATCHING RunStep t=22002076
Node 2 chan 0: RDMA send to 1 totalBytes=2097152 over 1 lane(s) bid=7 sid=0 iter=16 part=0 rateGBps=0 at t=22002076
Node 2 chan 1: RDMA send to 1 totalBytes=2097152 over 1 lane(s) bid=8 sid=0 iter=16 part=0 rateGBps=0 at t=22002076
Node 2 chan 0: RDMA send to 3 totalBytes=2097152 over 1 lane(s) bid=9 sid=0 iter=16 part=0 rateGBps=0 at t=22002076
Node 2 chan 0: RDMA send to 3 totalBytes=2097152 over 1 lane(s) bid=9 sid=0 iter=16 part=1 rateGBps=0 at t=22002076
GPU 2 TB=7 arrived at iteration barrier (1/10) leaving iter=16 t=22002076
GPU 2 TB=8 arrived at iteration barrier (2/10) leaving iter=16 t=22002076
GPU 2 TB=9 arrived at iteration barrier (3/10) leaving iter=16 t=22002076
Node 0 chan 1: RDMA send to 2 physically drained (sender side) bid=7 sid=0 iter=15 nElems=524288 at t=22004940
Node 0 chan 0: RDMA send to 2 physically drained (sender side) bid=6 sid=0 iter=15 nElems=524288 at t=22006277
Node 0 chan 0: transfer complete from peer 2 dst=(1,4) totalBytes=2097152 at t=22006946
GPU 0 TB=1 arrived at iteration barrier (9/10) leaving iter=15 t=22006946
Node 0 chan 1: transfer complete from peer 2 dst=(1,5) totalBytes=2097152 at t=22011070
GPU 0 TB=2 arrived at iteration barrier (10/10) leaving iter=15 t=22011070
GPU 0: iteration barrier releasing 10 threadblock(s) at t=22011070
GPU 0 TB=0 sid=0 DISPATCHING RunStep t=22011070
GPU 0 TB=1 sid=0 DISPATCHING RunStep t=22011070
GPU 0 TB=2 sid=0 DISPATCHING RunStep t=22011070
GPU 0 TB=3 sid=0 DISPATCHING RunStep t=22011070
GPU 0 TB=4 sid=0 DISPATCHING RunStep t=22011070
GPU 0 TB=5 sid=0 DISPATCHING RunStep t=22011070
GPU 0 TB=6 sid=0 BLOCKED on network completion of TB=5 step=0 needFlag=16384 netFlag=15360 t=22011070
GPU 0 TB=7 sid=0 BLOCKED on network completion of TB=5 step=0 needFlag=16384 netFlag=15360 t=22011070
GPU 0 TB=8 sid=0 DISPATCHING RunStep t=22011070
GPU 0 TB=9 sid=0 DISPATCHING RunStep t=22011070
Node 0 chan 0: RDMA send to 1 totalBytes=2097152 over 1 lane(s) bid=5 sid=0 iter=16 part=0 rateGBps=0 at t=22011070
Node 0 chan 0: RDMA send to 1 totalBytes=2097152 over 1 lane(s) bid=5 sid=0 iter=16 part=1 rateGBps=0 at t=22011070
Node 0 chan 0: RDMA send to 3 totalBytes=2097152 over 1 lane(s) bid=8 sid=0 iter=16 part=0 rateGBps=0 at t=22011070
Node 0 chan 1: RDMA send to 3 totalBytes=2097152 over 1 lane(s) bid=9 sid=0 iter=16 part=0 rateGBps=0 at t=22011070
GPU 0 TB=5 arrived at iteration barrier (1/10) leaving iter=16 t=22011070
GPU 0 TB=8 arrived at iteration barrier (2/10) leaving iter=16 t=22011070
GPU 0 TB=9 arrived at iteration barrier (3/10) leaving iter=16 t=22011070
Node 2 chan 0: RDMA send to 0 physically drained (sender side) bid=5 sid=0 iter=15 nElems=524288 at t=22011071
Node 1 chan 1: transfer complete from peer 3 dst=(1,7) totalBytes=2097152 at t=22014923
GPU 1 TB=4 arrived at iteration barrier (9/10) leaving iter=15 t=22014923
Node 2 chan 1: RDMA send to 0 physically drained (sender side) bid=6 sid=0 iter=15 nElems=524288 at t=22015064
Node 1 chan 0: transfer complete from peer 3 dst=(1,6) totalBytes=2097152 at t=22016251
GPU 1 TB=3 arrived at iteration barrier (10/10) leaving iter=15 t=22016251
GPU 1: iteration barrier releasing 10 threadblock(s) at t=22016251
GPU 1 TB=0 sid=0 DISPATCHING RunStep t=22016251
GPU 1 TB=1 sid=0 DISPATCHING RunStep t=22016251
GPU 1 TB=2 sid=0 DISPATCHING RunStep t=22016251
GPU 1 TB=3 sid=0 DISPATCHING RunStep t=22016251
GPU 1 TB=4 sid=0 DISPATCHING RunStep t=22016251
GPU 1 TB=5 sid=0 DISPATCHING RunStep t=22016251
GPU 1 TB=6 sid=0 DISPATCHING RunStep t=22016251
GPU 1 TB=7 sid=0 DISPATCHING RunStep t=22016251
GPU 1 TB=8 sid=0 BLOCKED on network completion of TB=5 step=0 needFlag=16384 netFlag=15360 t=22016251
GPU 1 TB=9 sid=0 BLOCKED on network completion of TB=5 step=0 needFlag=16384 netFlag=15360 t=22016251
Node 1 chan 0: RDMA send to 0 totalBytes=2097152 over 1 lane(s) bid=5 sid=0 iter=16 part=0 rateGBps=0 at t=22016251
Node 1 chan 0: RDMA send to 0 totalBytes=2097152 over 1 lane(s) bid=5 sid=0 iter=16 part=1 rateGBps=0 at t=22016251
Node 1 chan 0: RDMA send to 2 totalBytes=2097152 over 1 lane(s) bid=6 sid=0 iter=16 part=0 rateGBps=0 at t=22016251
Node 1 chan 1: RDMA send to 2 totalBytes=2097152 over 1 lane(s) bid=7 sid=0 iter=16 part=0 rateGBps=0 at t=22016251
GPU 1 TB=5 arrived at iteration barrier (1/10) leaving iter=16 t=22016251
GPU 1 TB=6 arrived at iteration barrier (2/10) leaving iter=16 t=22016251
GPU 1 TB=7 arrived at iteration barrier (3/10) leaving iter=16 t=22016251
Node 3 chan 1: RDMA send to 1 physically drained (sender side) bid=8 sid=0 iter=15 nElems=524288 at t=22019034
Node 3 chan 0: RDMA send to 1 physically drained (sender side) bid=7 sid=0 iter=15 nElems=524288 at t=22020366
Node 3 chan 1: transfer complete from peer 1 dst=(1,3) totalBytes=2097152 at t=22152170
GPU 3 TB=3 arrived at iteration barrier (9/10) leaving iter=15 t=22152170
Node 3 chan 0: transfer complete from peer 1 dst=(1,2) totalBytes=2097152 at t=22153166
GPU 3 TB=2 arrived at iteration barrier (10/10) leaving iter=15 t=22153166
GPU 3: iteration barrier releasing 10 threadblock(s) at t=22153166
GPU 3 TB=0 sid=0 DISPATCHING RunStep t=22153166
GPU 3 TB=1 sid=0 DISPATCHING RunStep t=22153166
GPU 3 TB=2 sid=0 DISPATCHING RunStep t=22153166
GPU 3 TB=3 sid=0 DISPATCHING RunStep t=22153166
GPU 3 TB=4 sid=0 DISPATCHING RunStep t=22153166
GPU 3 TB=5 sid=0 DISPATCHING RunStep t=22153166
GPU 3 TB=6 sid=0 DISPATCHING RunStep t=22153166
GPU 3 TB=7 sid=0 BLOCKED on network completion of TB=5 step=0 needFlag=16384 netFlag=15360 t=22153166
GPU 3 TB=8 sid=0 BLOCKED on network completion of TB=5 step=0 needFlag=16384 netFlag=15360 t=22153166
GPU 3 TB=9 sid=0 DISPATCHING RunStep t=22153166
Node 3 chan 0: RDMA send to 0 totalBytes=2097152 over 1 lane(s) bid=5 sid=0 iter=16 part=0 rateGBps=0 at t=22153166
Node 3 chan 1: RDMA send to 0 totalBytes=2097152 over 1 lane(s) bid=6 sid=0 iter=16 part=0 rateGBps=0 at t=22153166
Node 3 chan 0: RDMA send to 2 totalBytes=2097152 over 1 lane(s) bid=9 sid=0 iter=16 part=0 rateGBps=0 at t=22153166
Node 3 chan 0: RDMA send to 2 totalBytes=2097152 over 1 lane(s) bid=9 sid=0 iter=16 part=1 rateGBps=0 at t=22153166
GPU 3 TB=5 arrived at iteration barrier (1/10) leaving iter=16 t=22153166
GPU 3 TB=6 arrived at iteration barrier (2/10) leaving iter=16 t=22153166
GPU 3 TB=9 arrived at iteration barrier (3/10) leaving iter=16 t=22153166
Node 1 chan 1: RDMA send to 3 physically drained (sender side) bid=9 sid=0 iter=15 nElems=524288 at t=22155899
Node 1 chan 0: RDMA send to 3 physically drained (sender side) bid=8 sid=0 iter=15 nElems=524288 at t=22157235
Node 1 chan 0: transfer complete from peer 0 dst=(1,0) totalBytes=2097152 at t=22388663
Node 3 chan 0: transfer complete from peer 2 dst=(1,4) totalBytes=2097152 at t=22390554
Node 0 chan 0: RDMA send to 1 physically drained (sender side) bid=5 sid=0 iter=16 nElems=524288 at t=22390578
Node 2 chan 0: RDMA send to 3 physically drained (sender side) bid=9 sid=0 iter=16 nElems=524288 at t=22392119
Node 0 chan 0: transfer complete from peer 1 dst=(1,2) totalBytes=2097152 at t=22412186
Node 1 chan 0: RDMA send to 0 physically drained (sender side) bid=5 sid=0 iter=16 nElems=524288 at t=22413607
Node 2 chan 0: transfer complete from peer 3 dst=(1,6) totalBytes=2097152 at t=22517998
Node 3 chan 0: RDMA send to 2 physically drained (sender side) bid=9 sid=0 iter=16 nElems=524288 at t=22519566
Node 1 chan 1: transfer complete from peer 2 dst=(1,5) totalBytes=2097152 at t=22665979
GPU 1 TB=2 arrived at iteration barrier (4/10) leaving iter=16 t=22665979
Node 1 chan 0: transfer complete from peer 2 dst=(1,4) totalBytes=2097152 at t=22668311
GPU 1 TB=1 arrived at iteration barrier (5/10) leaving iter=16 t=22668311
Node 2 chan 1: RDMA send to 1 physically drained (sender side) bid=8 sid=0 iter=16 nElems=524288 at t=22669966
Node 2 chan 0: RDMA send to 1 physically drained (sender side) bid=7 sid=0 iter=16 nElems=524288 at t=22672298
GPU 2 TB=6 sid=0 DISPATCHING RunStep t=22672298
GPU 2 TB=5 sid=0 DISPATCHING RunStep t=22672298
Node 2 chan 1: RDMA send to 0 totalBytes=2097152 over 1 lane(s) bid=6 sid=0 iter=16 part=0 rateGBps=0 at t=22672298
Node 2 chan 0: RDMA send to 0 totalBytes=2097152 over 1 lane(s) bid=5 sid=0 iter=16 part=0 rateGBps=0 at t=22672298
GPU 2 TB=6 arrived at iteration barrier (4/10) leaving iter=16 t=22672298
GPU 2 TB=5 arrived at iteration barrier (5/10) leaving iter=16 t=22672298
Node 1 chan 0: transfer complete from peer 0 dst=(1,1) totalBytes=2097152 at t=22719170
GPU 1 TB=0 arrived at iteration barrier (6/10) leaving iter=16 t=22719170
Node 3 chan 0: transfer complete from peer 2 dst=(1,5) totalBytes=2097152 at t=22720070
GPU 3 TB=4 arrived at iteration barrier (4/10) leaving iter=16 t=22720070
Node 0 chan 0: RDMA send to 1 physically drained (sender side) bid=5 sid=0 iter=16 nElems=524288 at t=22720774
GPU 0 TB=7 sid=0 DISPATCHING RunStep t=22720774
GPU 0 TB=6 sid=0 DISPATCHING RunStep t=22720774
Node 0 chan 1: RDMA send to 2 totalBytes=2097152 over 1 lane(s) bid=7 sid=0 iter=16 part=0 rateGBps=0 at t=22720774
Node 0 chan 0: RDMA send to 2 totalBytes=2097152 over 1 lane(s) bid=6 sid=0 iter=16 part=0 rateGBps=0 at t=22720774
GPU 0 TB=7 arrived at iteration barrier (4/10) leaving iter=16 t=22720774
GPU 0 TB=6 arrived at iteration barrier (5/10) leaving iter=16 t=22720774
Node 2 chan 0: RDMA send to 3 physically drained (sender side) bid=9 sid=0 iter=16 nElems=524288 at t=22721842
Node 2 chan 1: transfer complete from peer 1 dst=(1,3) totalBytes=2097152 at t=22726822
GPU 2 TB=3 arrived at iteration barrier (6/10) leaving iter=16 t=22726822
Node 2 chan 0: transfer complete from peer 1 dst=(1,2) totalBytes=2097152 at t=22728818
GPU 2 TB=2 arrived at iteration barrier (7/10) leaving iter=16 t=22728818
Node 1 chan 1: RDMA send to 2 physically drained (sender side) bid=7 sid=0 iter=16 nElems=524288 at t=22730641
Node 1 chan 0: RDMA send to 2 physically drained (sender side) bid=6 sid=0 iter=16 nElems=524288 at t=22732891
Node 3 chan 1: transfer complete from peer 0 dst=(1,1) totalBytes=2097152 at t=22744598
GPU 3 TB=1 arrived at iteration barrier (5/10) leaving iter=16 t=22744598
Node 3 chan 0: transfer complete from peer 0 dst=(1,0) totalBytes=2097152 at t=22744988
GPU 3 TB=0 arrived at iteration barrier (6/10) leaving iter=16 t=22744988
Node 0 chan 1: RDMA send to 3 physically drained (sender side) bid=9 sid=0 iter=16 nElems=524288 at t=22748698
Node 0 chan 0: RDMA send to 3 physically drained (sender side) bid=8 sid=0 iter=16 nElems=524288 at t=22748702
Node 0 chan 0: transfer complete from peer 1 dst=(1,3) totalBytes=2097152 at t=22848730
GPU 0 TB=0 arrived at iteration barrier (6/10) leaving iter=16 t=22848730
Node 1 chan 0: RDMA send to 0 physically drained (sender side) bid=5 sid=0 iter=16 nElems=524288 at t=22850138
GPU 1 TB=9 sid=0 DISPATCHING RunStep t=22850138
GPU 1 TB=8 sid=0 DISPATCHING RunStep t=22850138
Node 1 chan 1: RDMA send to 3 totalBytes=2097152 over 1 lane(s) bid=9 sid=0 iter=16 part=0 rateGBps=0 at t=22850138
Node 1 chan 0: RDMA send to 3 totalBytes=2097152 over 1 lane(s) bid=8 sid=0 iter=16 part=0 rateGBps=0 at t=22850138
GPU 1 TB=9 arrived at iteration barrier (7/10) leaving iter=16 t=22850138
GPU 1 TB=8 arrived at iteration barrier (8/10) leaving iter=16 t=22850138
Node 0 chan 1: transfer complete from peer 3 dst=(1,7) totalBytes=2097152 at t=22860698
GPU 0 TB=4 arrived at iteration barrier (7/10) leaving iter=16 t=22860698
Node 0 chan 0: transfer complete from peer 3 dst=(1,6) totalBytes=2097152 at t=22864682
GPU 0 TB=3 arrived at iteration barrier (8/10) leaving iter=16 t=22864682
Node 3 chan 1: RDMA send to 0 physically drained (sender side) bid=6 sid=0 iter=16 nElems=524288 at t=22864827
Node 3 chan 0: RDMA send to 0 physically drained (sender side) bid=5 sid=0 iter=16 nElems=524288 at t=22868811
GPU 3 TB=8 sid=0 DISPATCHING RunStep t=22868811
GPU 3 TB=7 sid=0 DISPATCHING RunStep t=22868811
Node 3 chan 1: RDMA send to 1 totalBytes=2097152 over 1 lane(s) bid=8 sid=0 iter=16 part=0 rateGBps=0 at t=22868811
Node 3 chan 0: RDMA send to 1 totalBytes=2097152 over 1 lane(s) bid=7 sid=0 iter=16 part=0 rateGBps=0 at t=22868811
GPU 3 TB=8 arrived at iteration barrier (7/10) leaving iter=16 t=22868811
GPU 3 TB=7 arrived at iteration barrier (8/10) leaving iter=16 t=22868811
Node 2 chan 0: transfer complete from peer 3 dst=(1,7) totalBytes=2097152 at t=22892618
GPU 2 TB=4 arrived at iteration barrier (8/10) leaving iter=16 t=22892618
Node 3 chan 0: RDMA send to 2 physically drained (sender side) bid=9 sid=0 iter=16 nElems=524288 at t=22894156
Node 2 chan 1: transfer complete from peer 0 dst=(1,1) totalBytes=2097152 at t=23372992
GPU 2 TB=1 arrived at iteration barrier (9/10) leaving iter=16 t=23372992
Node 2 chan 0: transfer complete from peer 0 dst=(1,0) totalBytes=2097152 at t=23373742
GPU 2 TB=0 arrived at iteration barrier (10/10) leaving iter=16 t=23373742
GPU 2: iteration barrier releasing 10 threadblock(s) at t=23373742
GPU 2 TB=0 sid=0 DISPATCHING RunStep t=23373742
GPU 2 TB=1 sid=0 DISPATCHING RunStep t=23373742
GPU 2 TB=2 sid=0 DISPATCHING RunStep t=23373742
GPU 2 TB=3 sid=0 DISPATCHING RunStep t=23373742
GPU 2 TB=4 sid=0 DISPATCHING RunStep t=23373742
GPU 2 TB=5 sid=0 BLOCKED on network completion of TB=7 step=0 needFlag=17408 netFlag=16384 t=23373742
GPU 2 TB=6 sid=0 BLOCKED on network completion of TB=7 step=0 needFlag=17408 netFlag=16384 t=23373742
GPU 2 TB=7 sid=0 DISPATCHING RunStep t=23373742
GPU 2 TB=8 sid=0 DISPATCHING RunStep t=23373742
GPU 2 TB=9 sid=0 DISPATCHING RunStep t=23373742
Node 2 chan 0: RDMA send to 1 totalBytes=2097152 over 1 lane(s) bid=7 sid=0 iter=17 part=0 rateGBps=0 at t=23373742
Node 2 chan 1: RDMA send to 1 totalBytes=2097152 over 1 lane(s) bid=8 sid=0 iter=17 part=0 rateGBps=0 at t=23373742
Node 2 chan 0: RDMA send to 3 totalBytes=2097152 over 1 lane(s) bid=9 sid=0 iter=17 part=0 rateGBps=0 at t=23373742
Node 2 chan 0: RDMA send to 3 totalBytes=2097152 over 1 lane(s) bid=9 sid=0 iter=17 part=1 rateGBps=0 at t=23373742
GPU 2 TB=7 arrived at iteration barrier (1/10) leaving iter=17 t=23373742
GPU 2 TB=8 arrived at iteration barrier (2/10) leaving iter=17 t=23373742
GPU 2 TB=9 arrived at iteration barrier (3/10) leaving iter=17 t=23373742
Node 0 chan 1: RDMA send to 2 physically drained (sender side) bid=7 sid=0 iter=16 nElems=524288 at t=23376704
Node 0 chan 1: transfer complete from peer 2 dst=(1,5) totalBytes=2097152 at t=23377368
GPU 0 TB=2 arrived at iteration barrier (9/10) leaving iter=16 t=23377368
Node 0 chan 0: RDMA send to 2 physically drained (sender side) bid=6 sid=0 iter=16 nElems=524288 at t=23378149
Node 0 chan 0: transfer complete from peer 2 dst=(1,4) totalBytes=2097152 at t=23380146
GPU 0 TB=1 arrived at iteration barrier (10/10) leaving iter=16 t=23380146
GPU 0: iteration barrier releasing 10 threadblock(s) at t=23380146
GPU 0 TB=0 sid=0 DISPATCHING RunStep t=23380146
GPU 0 TB=1 sid=0 DISPATCHING RunStep t=23380146
GPU 0 TB=2 sid=0 DISPATCHING RunStep t=23380146
GPU 0 TB=3 sid=0 DISPATCHING RunStep t=23380146
GPU 0 TB=4 sid=0 DISPATCHING RunStep t=23380146
GPU 0 TB=5 sid=0 DISPATCHING RunStep t=23380146
GPU 0 TB=6 sid=0 BLOCKED on network completion of TB=5 step=0 needFlag=17408 netFlag=16384 t=23380146
GPU 0 TB=7 sid=0 BLOCKED on network completion of TB=5 step=0 needFlag=17408 netFlag=16384 t=23380146
GPU 0 TB=8 sid=0 DISPATCHING RunStep t=23380146
GPU 0 TB=9 sid=0 DISPATCHING RunStep t=23380146
Node 0 chan 0: RDMA send to 1 totalBytes=2097152 over 1 lane(s) bid=5 sid=0 iter=17 part=0 rateGBps=0 at t=23380146
Node 0 chan 0: RDMA send to 1 totalBytes=2097152 over 1 lane(s) bid=5 sid=0 iter=17 part=1 rateGBps=0 at t=23380146
Node 0 chan 0: RDMA send to 3 totalBytes=2097152 over 1 lane(s) bid=8 sid=0 iter=17 part=0 rateGBps=0 at t=23380146
Node 0 chan 1: RDMA send to 3 totalBytes=2097152 over 1 lane(s) bid=9 sid=0 iter=17 part=0 rateGBps=0 at t=23380146
GPU 0 TB=5 arrived at iteration barrier (1/10) leaving iter=17 t=23380146
GPU 0 TB=8 arrived at iteration barrier (2/10) leaving iter=17 t=23380146
GPU 0 TB=9 arrived at iteration barrier (3/10) leaving iter=17 t=23380146
Node 2 chan 1: RDMA send to 0 physically drained (sender side) bid=6 sid=0 iter=16 nElems=524288 at t=23381409
Node 2 chan 0: RDMA send to 0 physically drained (sender side) bid=5 sid=0 iter=16 nElems=524288 at t=23384074
Node 3 chan 1: transfer complete from peer 1 dst=(1,3) totalBytes=2097152 at t=23555376
GPU 3 TB=3 arrived at iteration barrier (9/10) leaving iter=16 t=23555376
Node 1 chan 1: RDMA send to 3 physically drained (sender side) bid=9 sid=0 iter=16 nElems=524288 at t=23559424
Node 3 chan 0: transfer complete from peer 1 dst=(1,2) totalBytes=2097152 at t=23567008
GPU 3 TB=2 arrived at iteration barrier (10/10) leaving iter=16 t=23567008
GPU 3: iteration barrier releasing 10 threadblock(s) at t=23567008
GPU 3 TB=0 sid=0 DISPATCHING RunStep t=23567008
GPU 3 TB=1 sid=0 DISPATCHING RunStep t=23567008
GPU 3 TB=2 sid=0 DISPATCHING RunStep t=23567008
GPU 3 TB=3 sid=0 DISPATCHING RunStep t=23567008
GPU 3 TB=4 sid=0 DISPATCHING RunStep t=23567008
GPU 3 TB=5 sid=0 DISPATCHING RunStep t=23567008
GPU 3 TB=6 sid=0 DISPATCHING RunStep t=23567008
GPU 3 TB=7 sid=0 BLOCKED on network completion of TB=5 step=0 needFlag=17408 netFlag=16384 t=23567008
GPU 3 TB=8 sid=0 BLOCKED on network completion of TB=5 step=0 needFlag=17408 netFlag=16384 t=23567008
GPU 3 TB=9 sid=0 DISPATCHING RunStep t=23567008
Node 3 chan 0: RDMA send to 0 totalBytes=2097152 over 1 lane(s) bid=5 sid=0 iter=17 part=0 rateGBps=0 at t=23567008
Node 3 chan 1: RDMA send to 0 totalBytes=2097152 over 1 lane(s) bid=6 sid=0 iter=17 part=0 rateGBps=0 at t=23567008
Node 3 chan 0: RDMA send to 2 totalBytes=2097152 over 1 lane(s) bid=9 sid=0 iter=17 part=0 rateGBps=0 at t=23567008
Node 3 chan 0: RDMA send to 2 totalBytes=2097152 over 1 lane(s) bid=9 sid=0 iter=17 part=1 rateGBps=0 at t=23567008
GPU 3 TB=5 arrived at iteration barrier (1/10) leaving iter=17 t=23567008
GPU 3 TB=6 arrived at iteration barrier (2/10) leaving iter=17 t=23567008
GPU 3 TB=9 arrived at iteration barrier (3/10) leaving iter=17 t=23567008
Node 1 chan 0: RDMA send to 3 physically drained (sender side) bid=8 sid=0 iter=16 nElems=524288 at t=23571048
Node 1 chan 1: transfer complete from peer 3 dst=(1,7) totalBytes=2097152 at t=23593956
GPU 1 TB=4 arrived at iteration barrier (9/10) leaving iter=16 t=23593956
Node 3 chan 1: RDMA send to 1 physically drained (sender side) bid=8 sid=0 iter=16 nElems=524288 at t=23596932
Node 1 chan 0: transfer complete from peer 3 dst=(1,6) totalBytes=2097152 at t=23597940
GPU 1 TB=3 arrived at iteration barrier (10/10) leaving iter=16 t=23597940
GPU 1: iteration barrier releasing 10 threadblock(s) at t=23597940
GPU 1 TB=0 sid=0 DISPATCHING RunStep t=23597940
GPU 1 TB=1 sid=0 DISPATCHING RunStep t=23597940
GPU 1 TB=2 sid=0 DISPATCHING RunStep t=23597940
GPU 1 TB=3 sid=0 DISPATCHING RunStep t=23597940
GPU 1 TB=4 sid=0 DISPATCHING RunStep t=23597940
GPU 1 TB=5 sid=0 DISPATCHING RunStep t=23597940
GPU 1 TB=6 sid=0 DISPATCHING RunStep t=23597940
GPU 1 TB=7 sid=0 DISPATCHING RunStep t=23597940
GPU 1 TB=8 sid=0 BLOCKED on network completion of TB=5 step=0 needFlag=17408 netFlag=16384 t=23597940
GPU 1 TB=9 sid=0 BLOCKED on network completion of TB=5 step=0 needFlag=17408 netFlag=16384 t=23597940
Node 1 chan 0: RDMA send to 0 totalBytes=2097152 over 1 lane(s) bid=5 sid=0 iter=17 part=0 rateGBps=0 at t=23597940
Node 1 chan 0: RDMA send to 0 totalBytes=2097152 over 1 lane(s) bid=5 sid=0 iter=17 part=1 rateGBps=0 at t=23597940
Node 1 chan 0: RDMA send to 2 totalBytes=2097152 over 1 lane(s) bid=6 sid=0 iter=17 part=0 rateGBps=0 at t=23597940
Node 1 chan 1: RDMA send to 2 totalBytes=2097152 over 1 lane(s) bid=7 sid=0 iter=17 part=0 rateGBps=0 at t=23597940
GPU 1 TB=5 arrived at iteration barrier (1/10) leaving iter=17 t=23597940
GPU 1 TB=6 arrived at iteration barrier (2/10) leaving iter=17 t=23597940
GPU 1 TB=7 arrived at iteration barrier (3/10) leaving iter=17 t=23597940
Node 3 chan 0: RDMA send to 1 physically drained (sender side) bid=7 sid=0 iter=16 nElems=524288 at t=23601592
Node 3 chan 0: transfer complete from peer 2 dst=(1,4) totalBytes=2097152 at t=23828024
Node 2 chan 0: RDMA send to 3 physically drained (sender side) bid=9 sid=0 iter=17 nElems=524288 at t=23829776
Node 1 chan 0: transfer complete from peer 0 dst=(1,0) totalBytes=2097152 at t=23840316
Node 0 chan 0: RDMA send to 1 physically drained (sender side) bid=5 sid=0 iter=17 nElems=524288 at t=23842088
Node 2 chan 0: transfer complete from peer 3 dst=(1,6) totalBytes=2097152 at t=23941500
Node 3 chan 0: RDMA send to 2 physically drained (sender side) bid=9 sid=0 iter=17 nElems=524288 at t=23943412
Node 0 chan 0: transfer complete from peer 1 dst=(1,2) totalBytes=2097152 at t=23960804
Node 1 chan 0: RDMA send to 0 physically drained (sender side) bid=5 sid=0 iter=17 nElems=524288 at t=23962680
Node 3 chan 0: transfer complete from peer 0 dst=(1,0) totalBytes=2097152 at t=24101024
GPU 3 TB=0 arrived at iteration barrier (4/10) leaving iter=17 t=24101024
Node 0 chan 0: RDMA send to 3 physically drained (sender side) bid=8 sid=0 iter=17 nElems=524288 at t=24105456
Node 3 chan 1: transfer complete from peer 0 dst=(1,1) totalBytes=2097152 at t=24107008
GPU 3 TB=1 arrived at iteration barrier (5/10) leaving iter=17 t=24107008
Node 0 chan 1: RDMA send to 3 physically drained (sender side) bid=9 sid=0 iter=17 nElems=524288 at t=24111444
Node 1 chan 1: transfer complete from peer 2 dst=(1,5) totalBytes=2097152 at t=24124284
GPU 1 TB=2 arrived at iteration barrier (4/10) leaving iter=17 t=24124284
Node 2 chan 1: RDMA send to 1 physically drained (sender side) bid=8 sid=0 iter=17 nElems=524288 at t=24128720
Node 1 chan 0: transfer complete from peer 2 dst=(1,4) totalBytes=2097152 at t=24132928
GPU 1 TB=1 arrived at iteration barrier (5/10) leaving iter=17 t=24132928
Node 3 chan 0: transfer complete from peer 2 dst=(1,5) totalBytes=2097152 at t=24135092
GPU 3 TB=4 arrived at iteration barrier (6/10) leaving iter=17 t=24135092
Node 2 chan 0: RDMA send to 1 physically drained (sender side) bid=7 sid=0 iter=17 nElems=524288 at t=24136704
GPU 2 TB=6 sid=0 DISPATCHING RunStep t=24136704
GPU 2 TB=5 sid=0 DISPATCHING RunStep t=24136704
Node 2 chan 1: RDMA send to 0 totalBytes=2097152 over 1 lane(s) bid=6 sid=0 iter=17 part=0 rateGBps=0 at t=24136704
Node 2 chan 0: RDMA send to 0 totalBytes=2097152 over 1 lane(s) bid=5 sid=0 iter=17 part=0 rateGBps=0 at t=24136704
GPU 2 TB=6 arrived at iteration barrier (4/10) leaving iter=17 t=24136704
GPU 2 TB=5 arrived at iteration barrier (5/10) leaving iter=17 t=24136704
Node 2 chan 0: RDMA send to 3 physically drained (sender side) bid=9 sid=0 iter=17 nElems=524288 at t=24137040
Node 1 chan 0: transfer complete from peer 0 dst=(1,1) totalBytes=2097152 at t=24150216
GPU 1 TB=0 arrived at iteration barrier (6/10) leaving iter=17 t=24150216
Node 0 chan 0: RDMA send to 1 physically drained (sender side) bid=5 sid=0 iter=17 nElems=524288 at t=24152004
GPU 0 TB=7 sid=0 DISPATCHING RunStep t=24152004
GPU 0 TB=6 sid=0 DISPATCHING RunStep t=24152004
Node 0 chan 1: RDMA send to 2 totalBytes=2097152 over 1 lane(s) bid=7 sid=0 iter=17 part=0 rateGBps=0 at t=24152004
Node 0 chan 0: RDMA send to 2 totalBytes=2097152 over 1 lane(s) bid=6 sid=0 iter=17 part=0 rateGBps=0 at t=24152004
GPU 0 TB=7 arrived at iteration barrier (4/10) leaving iter=17 t=24152004
GPU 0 TB=6 arrived at iteration barrier (5/10) leaving iter=17 t=24152004
Node 0 chan 1: transfer complete from peer 3 dst=(1,7) totalBytes=2097152 at t=24256632
GPU 0 TB=4 arrived at iteration barrier (6/10) leaving iter=17 t=24256632
Node 0 chan 0: transfer complete from peer 3 dst=(1,6) totalBytes=2097152 at t=24257632
GPU 0 TB=3 arrived at iteration barrier (7/10) leaving iter=17 t=24257632
Node 3 chan 1: RDMA send to 0 physically drained (sender side) bid=6 sid=0 iter=17 nElems=524288 at t=24260259
Node 3 chan 0: RDMA send to 0 physically drained (sender side) bid=5 sid=0 iter=17 nElems=524288 at t=24260458
GPU 3 TB=8 sid=0 DISPATCHING RunStep t=24260458
GPU 3 TB=7 sid=0 DISPATCHING RunStep t=24260458
Node 3 chan 1: RDMA send to 1 totalBytes=2097152 over 1 lane(s) bid=8 sid=0 iter=17 part=0 rateGBps=0 at t=24260458
Node 3 chan 0: RDMA send to 1 totalBytes=2097152 over 1 lane(s) bid=7 sid=0 iter=17 part=0 rateGBps=0 at t=24260458
GPU 3 TB=8 arrived at iteration barrier (7/10) leaving iter=17 t=24260458
GPU 3 TB=7 arrived at iteration barrier (8/10) leaving iter=17 t=24260458
Node 2 chan 1: transfer complete from peer 1 dst=(1,3) totalBytes=2097152 at t=24284872
GPU 2 TB=3 arrived at iteration barrier (6/10) leaving iter=17 t=24284872
Node 2 chan 0: transfer complete from peer 1 dst=(1,2) totalBytes=2097152 at t=24285540
GPU 2 TB=2 arrived at iteration barrier (7/10) leaving iter=17 t=24285540
Node 1 chan 1: RDMA send to 2 physically drained (sender side) bid=7 sid=0 iter=17 nElems=524288 at t=24288379
Node 1 chan 0: RDMA send to 2 physically drained (sender side) bid=6 sid=0 iter=17 nElems=524288 at t=24289375
Node 0 chan 0: transfer complete from peer 1 dst=(1,3) totalBytes=2097152 at t=24373268
GPU 0 TB=0 arrived at iteration barrier (8/10) leaving iter=17 t=24373268
Node 1 chan 0: RDMA send to 0 physically drained (sender side) bid=5 sid=0 iter=17 nElems=524288 at t=24374676
GPU 1 TB=9 sid=0 DISPATCHING RunStep t=24374676
GPU 1 TB=8 sid=0 DISPATCHING RunStep t=24374676
Node 1 chan 1: RDMA send to 3 totalBytes=2097152 over 1 lane(s) bid=9 sid=0 iter=17 part=0 rateGBps=0 at t=24374676
Node 1 chan 0: RDMA send to 3 totalBytes=2097152 over 1 lane(s) bid=8 sid=0 iter=17 part=0 rateGBps=0 at t=24374676
GPU 1 TB=9 arrived at iteration barrier (7/10) leaving iter=17 t=24374676
GPU 1 TB=8 arrived at iteration barrier (8/10) leaving iter=17 t=24374676
Node 2 chan 0: transfer complete from peer 3 dst=(1,7) totalBytes=2097152 at t=24395512
GPU 2 TB=4 arrived at iteration barrier (8/10) leaving iter=17 t=24395512
Node 3 chan 0: RDMA send to 2 physically drained (sender side) bid=9 sid=0 iter=17 nElems=524288 at t=24397028
Node 2 chan 1: transfer complete from peer 0 dst=(1,1) totalBytes=2097152 at t=24836455
GPU 2 TB=1 arrived at iteration barrier (9/10) leaving iter=17 t=24836455
Node 2 chan 0: transfer complete from peer 0 dst=(1,0) totalBytes=2097152 at t=24836787
GPU 2 TB=0 arrived at iteration barrier (10/10) leaving iter=17 t=24836787
GPU 2: iteration barrier releasing 10 threadblock(s) at t=24836787
GPU 2 TB=0 sid=0 DISPATCHING RunStep t=24836787
GPU 2 TB=1 sid=0 DISPATCHING RunStep t=24836787
GPU 2 TB=2 sid=0 DISPATCHING RunStep t=24836787
GPU 2 TB=3 sid=0 DISPATCHING RunStep t=24836787
GPU 2 TB=4 sid=0 DISPATCHING RunStep t=24836787
GPU 2 TB=5 sid=0 BLOCKED on network completion of TB=7 step=0 needFlag=18432 netFlag=17408 t=24836787
GPU 2 TB=6 sid=0 BLOCKED on network completion of TB=7 step=0 needFlag=18432 netFlag=17408 t=24836787
GPU 2 TB=7 sid=0 DISPATCHING RunStep t=24836787
GPU 2 TB=8 sid=0 DISPATCHING RunStep t=24836787
GPU 2 TB=9 sid=0 DISPATCHING RunStep t=24836787
Node 2 chan 0: RDMA send to 1 totalBytes=2097152 over 1 lane(s) bid=7 sid=0 iter=18 part=0 rateGBps=0 at t=24836787
Node 2 chan 1: RDMA send to 1 totalBytes=2097152 over 1 lane(s) bid=8 sid=0 iter=18 part=0 rateGBps=0 at t=24836787
Node 2 chan 0: RDMA send to 3 totalBytes=2097152 over 1 lane(s) bid=9 sid=0 iter=18 part=0 rateGBps=0 at t=24836787
Node 2 chan 0: RDMA send to 3 totalBytes=2097152 over 1 lane(s) bid=9 sid=0 iter=18 part=1 rateGBps=0 at t=24836787
GPU 2 TB=7 arrived at iteration barrier (1/10) leaving iter=18 t=24836787
GPU 2 TB=8 arrived at iteration barrier (2/10) leaving iter=18 t=24836787
GPU 2 TB=9 arrived at iteration barrier (3/10) leaving iter=18 t=24836787
Node 0 chan 1: transfer complete from peer 2 dst=(1,5) totalBytes=2097152 at t=24838536
GPU 0 TB=2 arrived at iteration barrier (9/10) leaving iter=17 t=24838536
Node 0 chan 1: RDMA send to 2 physically drained (sender side) bid=7 sid=0 iter=17 nElems=524288 at t=24840598
Node 0 chan 0: RDMA send to 2 physically drained (sender side) bid=6 sid=0 iter=17 nElems=524288 at t=24840602
Node 2 chan 1: RDMA send to 0 physically drained (sender side) bid=6 sid=0 iter=17 nElems=524288 at t=24842377
Node 0 chan 0: transfer complete from peer 2 dst=(1,4) totalBytes=2097152 at t=24843268
GPU 0 TB=1 arrived at iteration barrier (10/10) leaving iter=17 t=24843268
GPU 0: iteration barrier releasing 10 threadblock(s) at t=24843268
GPU 0 TB=0 sid=0 DISPATCHING RunStep t=24843268
GPU 0 TB=1 sid=0 DISPATCHING RunStep t=24843268
GPU 0 TB=2 sid=0 DISPATCHING RunStep t=24843268
GPU 0 TB=3 sid=0 DISPATCHING RunStep t=24843268
GPU 0 TB=4 sid=0 DISPATCHING RunStep t=24843268
GPU 0 TB=5 sid=0 DISPATCHING RunStep t=24843268
GPU 0 TB=6 sid=0 BLOCKED on network completion of TB=5 step=0 needFlag=18432 netFlag=17408 t=24843268
GPU 0 TB=7 sid=0 BLOCKED on network completion of TB=5 step=0 needFlag=18432 netFlag=17408 t=24843268
GPU 0 TB=8 sid=0 DISPATCHING RunStep t=24843268
GPU 0 TB=9 sid=0 DISPATCHING RunStep t=24843268
Node 0 chan 0: RDMA send to 1 totalBytes=2097152 over 1 lane(s) bid=5 sid=0 iter=18 part=0 rateGBps=0 at t=24843268
Node 0 chan 0: RDMA send to 1 totalBytes=2097152 over 1 lane(s) bid=5 sid=0 iter=18 part=1 rateGBps=0 at t=24843268
Node 0 chan 0: RDMA send to 3 totalBytes=2097152 over 1 lane(s) bid=8 sid=0 iter=18 part=0 rateGBps=0 at t=24843268
Node 0 chan 1: RDMA send to 3 totalBytes=2097152 over 1 lane(s) bid=9 sid=0 iter=18 part=0 rateGBps=0 at t=24843268
GPU 0 TB=5 arrived at iteration barrier (1/10) leaving iter=18 t=24843268
GPU 0 TB=8 arrived at iteration barrier (2/10) leaving iter=18 t=24843268
GPU 0 TB=9 arrived at iteration barrier (3/10) leaving iter=18 t=24843268
Node 2 chan 0: RDMA send to 0 physically drained (sender side) bid=5 sid=0 iter=17 nElems=524288 at t=24847034
Node 1 chan 1: transfer complete from peer 3 dst=(1,7) totalBytes=2097152 at t=24949828
GPU 1 TB=4 arrived at iteration barrier (9/10) leaving iter=17 t=24949828
Node 1 chan 0: transfer complete from peer 3 dst=(1,6) totalBytes=2097152 at t=24950160
GPU 1 TB=3 arrived at iteration barrier (10/10) leaving iter=17 t=24950160
GPU 1: iteration barrier releasing 10 threadblock(s) at t=24950160
GPU 1 TB=0 sid=0 DISPATCHING RunStep t=24950160
GPU 1 TB=1 sid=0 DISPATCHING RunStep t=24950160
GPU 1 TB=2 sid=0 DISPATCHING RunStep t=24950160
GPU 1 TB=3 sid=0 DISPATCHING RunStep t=24950160
GPU 1 TB=4 sid=0 DISPATCHING RunStep t=24950160
GPU 1 TB=5 sid=0 DISPATCHING RunStep t=24950160
GPU 1 TB=6 sid=0 DISPATCHING RunStep t=24950160
GPU 1 TB=7 sid=0 DISPATCHING RunStep t=24950160
GPU 1 TB=8 sid=0 BLOCKED on network completion of TB=5 step=0 needFlag=18432 netFlag=17408 t=24950160
GPU 1 TB=9 sid=0 BLOCKED on network completion of TB=5 step=0 needFlag=18432 netFlag=17408 t=24950160
Node 1 chan 0: RDMA send to 0 totalBytes=2097152 over 1 lane(s) bid=5 sid=0 iter=18 part=0 rateGBps=0 at t=24950160
Node 1 chan 0: RDMA send to 0 totalBytes=2097152 over 1 lane(s) bid=5 sid=0 iter=18 part=1 rateGBps=0 at t=24950160
Node 1 chan 0: RDMA send to 2 totalBytes=2097152 over 1 lane(s) bid=6 sid=0 iter=18 part=0 rateGBps=0 at t=24950160
Node 1 chan 1: RDMA send to 2 totalBytes=2097152 over 1 lane(s) bid=7 sid=0 iter=18 part=0 rateGBps=0 at t=24950160
GPU 1 TB=5 arrived at iteration barrier (1/10) leaving iter=18 t=24950160
GPU 1 TB=6 arrived at iteration barrier (2/10) leaving iter=18 t=24950160
GPU 1 TB=7 arrived at iteration barrier (3/10) leaving iter=18 t=24950160
Node 3 chan 1: RDMA send to 1 physically drained (sender side) bid=8 sid=0 iter=17 nElems=524288 at t=24953404
Node 3 chan 0: RDMA send to 1 physically drained (sender side) bid=7 sid=0 iter=17 nElems=524288 at t=24954072
Node 3 chan 1: transfer complete from peer 1 dst=(1,3) totalBytes=2097152 at t=25133352
GPU 3 TB=3 arrived at iteration barrier (9/10) leaving iter=17 t=25133352
Node 1 chan 1: RDMA send to 3 physically drained (sender side) bid=9 sid=0 iter=17 nElems=524288 at t=25136360
Node 3 chan 0: transfer complete from peer 1 dst=(1,2) totalBytes=2097152 at t=25143644
GPU 3 TB=2 arrived at iteration barrier (10/10) leaving iter=17 t=25143644
GPU 3: iteration barrier releasing 10 threadblock(s) at t=25143644
GPU 3 TB=0 sid=0 DISPATCHING RunStep t=25143644
GPU 3 TB=1 sid=0 DISPATCHING RunStep t=25143644
GPU 3 TB=2 sid=0 DISPATCHING RunStep t=25143644
GPU 3 TB=3 sid=0 DISPATCHING RunStep t=25143644
GPU 3 TB=4 sid=0 DISPATCHING RunStep t=25143644
GPU 3 TB=5 sid=0 DISPATCHING RunStep t=25143644
GPU 3 TB=6 sid=0 DISPATCHING RunStep t=25143644
GPU 3 TB=7 sid=0 BLOCKED on network completion of TB=5 step=0 needFlag=18432 netFlag=17408 t=25143644
GPU 3 TB=8 sid=0 BLOCKED on network completion of TB=5 step=0 needFlag=18432 netFlag=17408 t=25143644
GPU 3 TB=9 sid=0 DISPATCHING RunStep t=25143644
Node 3 chan 0: RDMA send to 0 totalBytes=2097152 over 1 lane(s) bid=5 sid=0 iter=18 part=0 rateGBps=0 at t=25143644
Node 3 chan 1: RDMA send to 0 totalBytes=2097152 over 1 lane(s) bid=6 sid=0 iter=18 part=0 rateGBps=0 at t=25143644
Node 3 chan 0: RDMA send to 2 totalBytes=2097152 over 1 lane(s) bid=9 sid=0 iter=18 part=0 rateGBps=0 at t=25143644
Node 3 chan 0: RDMA send to 2 totalBytes=2097152 over 1 lane(s) bid=9 sid=0 iter=18 part=1 rateGBps=0 at t=25143644
GPU 3 TB=5 arrived at iteration barrier (1/10) leaving iter=18 t=25143644
GPU 3 TB=6 arrived at iteration barrier (2/10) leaving iter=18 t=25143644
GPU 3 TB=9 arrived at iteration barrier (3/10) leaving iter=18 t=25143644
Node 1 chan 0: RDMA send to 3 physically drained (sender side) bid=8 sid=0 iter=17 nElems=524288 at t=25147340
Node 1 chan 0: transfer complete from peer 0 dst=(1,0) totalBytes=2097152 at t=25283668
Node 0 chan 0: RDMA send to 1 physically drained (sender side) bid=5 sid=0 iter=18 nElems=524288 at t=25285422
Node 3 chan 0: transfer complete from peer 2 dst=(1,4) totalBytes=2097152 at t=25305884
Node 2 chan 0: RDMA send to 3 physically drained (sender side) bid=9 sid=0 iter=18 nElems=524288 at t=25307312
Node 0 chan 0: transfer complete from peer 1 dst=(1,2) totalBytes=2097152 at t=25373210
Node 1 chan 0: RDMA send to 0 physically drained (sender side) bid=5 sid=0 iter=18 nElems=524288 at t=25375116
Node 2 chan 0: transfer complete from peer 3 dst=(1,6) totalBytes=2097152 at t=25506896
Node 3 chan 0: RDMA send to 2 physically drained (sender side) bid=9 sid=0 iter=18 nElems=524288 at t=25508384
Node 1 chan 1: transfer complete from peer 2 dst=(1,5) totalBytes=2097152 at t=25511108
GPU 1 TB=2 arrived at iteration barrier (4/10) leaving iter=18 t=25511108
Node 2 chan 1: RDMA send to 1 physically drained (sender side) bid=8 sid=0 iter=18 nElems=524288 at t=25515552
Node 1 chan 0: transfer complete from peer 2 dst=(1,4) totalBytes=2097152 at t=25518424
GPU 1 TB=1 arrived at iteration barrier (5/10) leaving iter=18 t=25518424
Node 2 chan 0: RDMA send to 1 physically drained (sender side) bid=7 sid=0 iter=18 nElems=524288 at t=25522532
GPU 2 TB=6 sid=0 DISPATCHING RunStep t=25522532
GPU 2 TB=5 sid=0 DISPATCHING RunStep t=25522532
Node 2 chan 1: RDMA send to 0 totalBytes=2097152 over 1 lane(s) bid=6 sid=0 iter=18 part=0 rateGBps=0 at t=25522532
Node 2 chan 0: RDMA send to 0 totalBytes=2097152 over 1 lane(s) bid=5 sid=0 iter=18 part=0 rateGBps=0 at t=25522532
GPU 2 TB=6 arrived at iteration barrier (4/10) leaving iter=18 t=25522532
GPU 2 TB=5 arrived at iteration barrier (5/10) leaving iter=18 t=25522532
Node 1 chan 0: transfer complete from peer 0 dst=(1,1) totalBytes=2097152 at t=25607042
GPU 1 TB=0 arrived at iteration barrier (6/10) leaving iter=18 t=25607042
Node 0 chan 0: RDMA send to 1 physically drained (sender side) bid=5 sid=0 iter=18 nElems=524288 at t=25608982
GPU 0 TB=7 sid=0 DISPATCHING RunStep t=25608982
GPU 0 TB=6 sid=0 DISPATCHING RunStep t=25608982
Node 0 chan 1: RDMA send to 2 totalBytes=2097152 over 1 lane(s) bid=7 sid=0 iter=18 part=0 rateGBps=0 at t=25608982
Node 0 chan 0: RDMA send to 2 totalBytes=2097152 over 1 lane(s) bid=6 sid=0 iter=18 part=0 rateGBps=0 at t=25608982
GPU 0 TB=7 arrived at iteration barrier (4/10) leaving iter=18 t=25608982
GPU 0 TB=6 arrived at iteration barrier (5/10) leaving iter=18 t=25608982
Node 3 chan 1: transfer complete from peer 0 dst=(1,1) totalBytes=2097152 at t=25620096
GPU 3 TB=1 arrived at iteration barrier (4/10) leaving iter=18 t=25620096
Node 3 chan 0: transfer complete from peer 0 dst=(1,0) totalBytes=2097152 at t=25620760
GPU 3 TB=0 arrived at iteration barrier (5/10) leaving iter=18 t=25620760
Node 0 chan 1: RDMA send to 3 physically drained (sender side) bid=9 sid=0 iter=18 nElems=524288 at t=25622938
Node 0 chan 0: RDMA send to 3 physically drained (sender side) bid=8 sid=0 iter=18 nElems=524288 at t=25623606
Node 3 chan 0: transfer complete from peer 2 dst=(1,5) totalBytes=2097152 at t=25628694
GPU 3 TB=4 arrived at iteration barrier (6/10) leaving iter=18 t=25628694
Node 2 chan 0: RDMA send to 3 physically drained (sender side) bid=9 sid=0 iter=18 nElems=524288 at t=25630298
Node 2 chan 0: transfer complete from peer 1 dst=(1,2) totalBytes=2097152 at t=25696078
GPU 2 TB=2 arrived at iteration barrier (6/10) leaving iter=18 t=25696078
Node 2 chan 1: transfer complete from peer 1 dst=(1,3) totalBytes=2097152 at t=25696410
GPU 2 TB=3 arrived at iteration barrier (7/10) leaving iter=18 t=25696410
Node 1 chan 1: RDMA send to 2 physically drained (sender side) bid=7 sid=0 iter=18 nElems=524288 at t=25699236
Node 1 chan 0: RDMA send to 2 physically drained (sender side) bid=6 sid=0 iter=18 nElems=524288 at t=25699883
Node 0 chan 0: transfer complete from peer 3 dst=(1,6) totalBytes=2097152 at t=25895414
GPU 0 TB=3 arrived at iteration barrier (6/10) leaving iter=18 t=25895414
Node 3 chan 0: RDMA send to 0 physically drained (sender side) bid=5 sid=0 iter=18 nElems=524288 at t=25899223
GPU 3 TB=8 sid=0 DISPATCHING RunStep t=25899223
GPU 3 TB=7 sid=0 DISPATCHING RunStep t=25899223
Node 3 chan 1: RDMA send to 1 totalBytes=2097152 over 1 lane(s) bid=8 sid=0 iter=18 part=0 rateGBps=0 at t=25899223
Node 3 chan 0: RDMA send to 1 totalBytes=2097152 over 1 lane(s) bid=7 sid=0 iter=18 part=0 rateGBps=0 at t=25899223
GPU 3 TB=8 arrived at iteration barrier (7/10) leaving iter=18 t=25899223
GPU 3 TB=7 arrived at iteration barrier (8/10) leaving iter=18 t=25899223
Node 0 chan 1: transfer complete from peer 3 dst=(1,7) totalBytes=2097152 at t=25899406
GPU 0 TB=4 arrived at iteration barrier (7/10) leaving iter=18 t=25899406
Node 3 chan 1: RDMA send to 0 physically drained (sender side) bid=6 sid=0 iter=18 nElems=524288 at t=25902892
Node 0 chan 0: transfer complete from peer 1 dst=(1,3) totalBytes=2097152 at t=25923998
GPU 0 TB=0 arrived at iteration barrier (8/10) leaving iter=18 t=25923998
Node 1 chan 0: RDMA send to 0 physically drained (sender side) bid=5 sid=0 iter=18 nElems=524288 at t=25925406
GPU 1 TB=9 sid=0 DISPATCHING RunStep t=25925406
GPU 1 TB=8 sid=0 DISPATCHING RunStep t=25925406
Node 1 chan 1: RDMA send to 3 totalBytes=2097152 over 1 lane(s) bid=9 sid=0 iter=18 part=0 rateGBps=0 at t=25925406
Node 1 chan 0: RDMA send to 3 totalBytes=2097152 over 1 lane(s) bid=8 sid=0 iter=18 part=0 rateGBps=0 at t=25925406
GPU 1 TB=9 arrived at iteration barrier (7/10) leaving iter=18 t=25925406
GPU 1 TB=8 arrived at iteration barrier (8/10) leaving iter=18 t=25925406
Node 2 chan 0: transfer complete from peer 3 dst=(1,7) totalBytes=2097152 at t=25946910
GPU 2 TB=4 arrived at iteration barrier (8/10) leaving iter=18 t=25946910
Node 3 chan 0: RDMA send to 2 physically drained (sender side) bid=9 sid=0 iter=18 nElems=524288 at t=25948318
Node 2 chan 1: transfer complete from peer 0 dst=(1,1) totalBytes=2097152 at t=26250764
GPU 2 TB=1 arrived at iteration barrier (9/10) leaving iter=18 t=26250764
Node 2 chan 0: transfer complete from peer 0 dst=(1,0) totalBytes=2097152 at t=26251760
GPU 2 TB=0 arrived at iteration barrier (10/10) leaving iter=18 t=26251760
GPU 2: iteration barrier releasing 10 threadblock(s) at t=26251760
GPU 2 TB=0 sid=0 DISPATCHING RunStep t=26251760
GPU 2 TB=1 sid=0 DISPATCHING RunStep t=26251760
GPU 2 TB=2 sid=0 DISPATCHING RunStep t=26251760
GPU 2 TB=3 sid=0 DISPATCHING RunStep t=26251760
GPU 2 TB=4 sid=0 DISPATCHING RunStep t=26251760
GPU 2 TB=5 sid=0 BLOCKED on network completion of TB=7 step=0 needFlag=19456 netFlag=18432 t=26251760
GPU 2 TB=6 sid=0 BLOCKED on network completion of TB=7 step=0 needFlag=19456 netFlag=18432 t=26251760
GPU 2 TB=7 sid=0 DISPATCHING RunStep t=26251760
GPU 2 TB=8 sid=0 DISPATCHING RunStep t=26251760
GPU 2 TB=9 sid=0 DISPATCHING RunStep t=26251760
Node 2 chan 0: RDMA send to 1 totalBytes=2097152 over 1 lane(s) bid=7 sid=0 iter=19 part=0 rateGBps=0 at t=26251760
Node 2 chan 1: RDMA send to 1 totalBytes=2097152 over 1 lane(s) bid=8 sid=0 iter=19 part=0 rateGBps=0 at t=26251760
Node 2 chan 0: RDMA send to 3 totalBytes=2097152 over 1 lane(s) bid=9 sid=0 iter=19 part=0 rateGBps=0 at t=26251760
Node 2 chan 0: RDMA send to 3 totalBytes=2097152 over 1 lane(s) bid=9 sid=0 iter=19 part=1 rateGBps=0 at t=26251760
GPU 2 TB=7 arrived at iteration barrier (1/10) leaving iter=19 t=26251760
GPU 2 TB=8 arrived at iteration barrier (2/10) leaving iter=19 t=26251760
GPU 2 TB=9 arrived at iteration barrier (3/10) leaving iter=19 t=26251760
Node 0 chan 1: RDMA send to 2 physically drained (sender side) bid=7 sid=0 iter=18 nElems=524288 at t=26254810
Node 0 chan 0: RDMA send to 2 physically drained (sender side) bid=6 sid=0 iter=18 nElems=524288 at t=26255476
Node 0 chan 0: transfer complete from peer 2 dst=(1,4) totalBytes=2097152 at t=26293033
GPU 0 TB=1 arrived at iteration barrier (9/10) leaving iter=18 t=26293033
Node 0 chan 1: transfer complete from peer 2 dst=(1,5) totalBytes=2097152 at t=26293365
GPU 0 TB=2 arrived at iteration barrier (10/10) leaving iter=18 t=26293365
GPU 0: iteration barrier releasing 10 threadblock(s) at t=26293365
GPU 0 TB=0 sid=0 DISPATCHING RunStep t=26293365
GPU 0 TB=1 sid=0 DISPATCHING RunStep t=26293365
GPU 0 TB=2 sid=0 DISPATCHING RunStep t=26293365
GPU 0 TB=3 sid=0 DISPATCHING RunStep t=26293365
GPU 0 TB=4 sid=0 DISPATCHING RunStep t=26293365
GPU 0 TB=5 sid=0 DISPATCHING RunStep t=26293365
GPU 0 TB=6 sid=0 BLOCKED on network completion of TB=5 step=0 needFlag=19456 netFlag=18432 t=26293365
GPU 0 TB=7 sid=0 BLOCKED on network completion of TB=5 step=0 needFlag=19456 netFlag=18432 t=26293365
GPU 0 TB=8 sid=0 DISPATCHING RunStep t=26293365
GPU 0 TB=9 sid=0 DISPATCHING RunStep t=26293365
Node 0 chan 0: RDMA send to 1 totalBytes=2097152 over 1 lane(s) bid=5 sid=0 iter=19 part=0 rateGBps=0 at t=26293365
Node 0 chan 0: RDMA send to 1 totalBytes=2097152 over 1 lane(s) bid=5 sid=0 iter=19 part=1 rateGBps=0 at t=26293365
Node 0 chan 0: RDMA send to 3 totalBytes=2097152 over 1 lane(s) bid=8 sid=0 iter=19 part=0 rateGBps=0 at t=26293365
Node 0 chan 1: RDMA send to 3 totalBytes=2097152 over 1 lane(s) bid=9 sid=0 iter=19 part=0 rateGBps=0 at t=26293365
GPU 0 TB=5 arrived at iteration barrier (1/10) leaving iter=19 t=26293365
GPU 0 TB=8 arrived at iteration barrier (2/10) leaving iter=19 t=26293365
GPU 0 TB=9 arrived at iteration barrier (3/10) leaving iter=19 t=26293365
Node 2 chan 0: RDMA send to 0 physically drained (sender side) bid=5 sid=0 iter=18 nElems=524288 at t=26297171
Node 2 chan 1: RDMA send to 0 physically drained (sender side) bid=6 sid=0 iter=18 nElems=524288 at t=26297180
Node 3 chan 1: transfer complete from peer 1 dst=(1,3) totalBytes=2097152 at t=26654724
GPU 3 TB=3 arrived at iteration barrier (9/10) leaving iter=18 t=26654724
Node 3 chan 0: transfer complete from peer 1 dst=(1,2) totalBytes=2097152 at t=26655720
GPU 3 TB=2 arrived at iteration barrier (10/10) leaving iter=18 t=26655720
GPU 3: iteration barrier releasing 10 threadblock(s) at t=26655720
GPU 3 TB=0 sid=0 DISPATCHING RunStep t=26655720
GPU 3 TB=1 sid=0 DISPATCHING RunStep t=26655720
GPU 3 TB=2 sid=0 DISPATCHING RunStep t=26655720
GPU 3 TB=3 sid=0 DISPATCHING RunStep t=26655720
GPU 3 TB=4 sid=0 DISPATCHING RunStep t=26655720
GPU 3 TB=5 sid=0 DISPATCHING RunStep t=26655720
GPU 3 TB=6 sid=0 DISPATCHING RunStep t=26655720
GPU 3 TB=7 sid=0 BLOCKED on network completion of TB=5 step=0 needFlag=19456 netFlag=18432 t=26655720
GPU 3 TB=8 sid=0 BLOCKED on network completion of TB=5 step=0 needFlag=19456 netFlag=18432 t=26655720
GPU 3 TB=9 sid=0 DISPATCHING RunStep t=26655720
Node 3 chan 0: RDMA send to 0 totalBytes=2097152 over 1 lane(s) bid=5 sid=0 iter=19 part=0 rateGBps=0 at t=26655720
Node 3 chan 1: RDMA send to 0 totalBytes=2097152 over 1 lane(s) bid=6 sid=0 iter=19 part=0 rateGBps=0 at t=26655720
Node 3 chan 0: RDMA send to 2 totalBytes=2097152 over 1 lane(s) bid=9 sid=0 iter=19 part=0 rateGBps=0 at t=26655720
Node 3 chan 0: RDMA send to 2 totalBytes=2097152 over 1 lane(s) bid=9 sid=0 iter=19 part=1 rateGBps=0 at t=26655720
GPU 3 TB=5 arrived at iteration barrier (1/10) leaving iter=19 t=26655720
GPU 3 TB=6 arrived at iteration barrier (2/10) leaving iter=19 t=26655720
GPU 3 TB=9 arrived at iteration barrier (3/10) leaving iter=19 t=26655720
Node 1 chan 1: RDMA send to 3 physically drained (sender side) bid=9 sid=0 iter=18 nElems=524288 at t=26658804
Node 1 chan 0: RDMA send to 3 physically drained (sender side) bid=8 sid=0 iter=18 nElems=524288 at t=26659472
Node 1 chan 1: transfer complete from peer 3 dst=(1,7) totalBytes=2097152 at t=26665448
GPU 1 TB=4 arrived at iteration barrier (9/10) leaving iter=18 t=26665448
Node 1 chan 0: transfer complete from peer 3 dst=(1,6) totalBytes=2097152 at t=26667108
GPU 1 TB=3 arrived at iteration barrier (10/10) leaving iter=18 t=26667108
GPU 1: iteration barrier releasing 10 threadblock(s) at t=26667108
GPU 1 TB=0 sid=0 DISPATCHING RunStep t=26667108
GPU 1 TB=1 sid=0 DISPATCHING RunStep t=26667108
GPU 1 TB=2 sid=0 DISPATCHING RunStep t=26667108
GPU 1 TB=3 sid=0 DISPATCHING RunStep t=26667108
GPU 1 TB=4 sid=0 DISPATCHING RunStep t=26667108
GPU 1 TB=5 sid=0 DISPATCHING RunStep t=26667108
GPU 1 TB=6 sid=0 DISPATCHING RunStep t=26667108
GPU 1 TB=7 sid=0 DISPATCHING RunStep t=26667108
GPU 1 TB=8 sid=0 BLOCKED on network completion of TB=5 step=0 needFlag=19456 netFlag=18432 t=26667108
GPU 1 TB=9 sid=0 BLOCKED on network completion of TB=5 step=0 needFlag=19456 netFlag=18432 t=26667108
Node 1 chan 0: RDMA send to 0 totalBytes=2097152 over 1 lane(s) bid=5 sid=0 iter=19 part=0 rateGBps=0 at t=26667108
Node 1 chan 0: RDMA send to 0 totalBytes=2097152 over 1 lane(s) bid=5 sid=0 iter=19 part=1 rateGBps=0 at t=26667108
Node 1 chan 0: RDMA send to 2 totalBytes=2097152 over 1 lane(s) bid=6 sid=0 iter=19 part=0 rateGBps=0 at t=26667108
Node 1 chan 1: RDMA send to 2 totalBytes=2097152 over 1 lane(s) bid=7 sid=0 iter=19 part=0 rateGBps=0 at t=26667108
GPU 1 TB=5 arrived at iteration barrier (1/10) leaving iter=19 t=26667108
GPU 1 TB=6 arrived at iteration barrier (2/10) leaving iter=19 t=26667108
GPU 1 TB=7 arrived at iteration barrier (3/10) leaving iter=19 t=26667108
Node 3 chan 1: RDMA send to 1 physically drained (sender side) bid=8 sid=0 iter=18 nElems=524288 at t=26668352
Node 3 chan 0: RDMA send to 1 physically drained (sender side) bid=7 sid=0 iter=18 nElems=524288 at t=26670348
Node 3 chan 0: transfer complete from peer 2 dst=(1,4) totalBytes=2097152 at t=26812988
Node 2 chan 0: RDMA send to 3 physically drained (sender side) bid=9 sid=0 iter=19 nElems=524288 at t=26814748
Node 1 chan 0: transfer complete from peer 0 dst=(1,0) totalBytes=2097152 at t=26847964
Node 0 chan 0: RDMA send to 1 physically drained (sender side) bid=5 sid=0 iter=19 nElems=524288 at t=26849740
Node 2 chan 0: transfer complete from peer 3 dst=(1,6) totalBytes=2097152 at t=27029572
Node 3 chan 0: RDMA send to 2 physically drained (sender side) bid=9 sid=0 iter=19 nElems=524288 at t=27031120
Node 0 chan 0: transfer complete from peer 1 dst=(1,2) totalBytes=2097152 at t=27038612
Node 1 chan 0: RDMA send to 0 physically drained (sender side) bid=5 sid=0 iter=19 nElems=524288 at t=27040492
Node 1 chan 1: transfer complete from peer 2 dst=(1,5) totalBytes=2097152 at t=27042820
GPU 1 TB=2 arrived at iteration barrier (4/10) leaving iter=19 t=27042820
Node 1 chan 0: transfer complete from peer 2 dst=(1,4) totalBytes=2097152 at t=27043816
GPU 1 TB=1 arrived at iteration barrier (5/10) leaving iter=19 t=27043816
Node 2 chan 1: RDMA send to 1 physically drained (sender side) bid=8 sid=0 iter=19 nElems=524288 at t=27046532
Node 2 chan 0: RDMA send to 1 physically drained (sender side) bid=7 sid=0 iter=19 nElems=524288 at t=27047868
GPU 2 TB=6 sid=0 DISPATCHING RunStep t=27047868
GPU 2 TB=5 sid=0 DISPATCHING RunStep t=27047868
Node 2 chan 1: RDMA send to 0 totalBytes=2097152 over 1 lane(s) bid=6 sid=0 iter=19 part=0 rateGBps=0 at t=27047868
Node 2 chan 0: RDMA send to 0 totalBytes=2097152 over 1 lane(s) bid=5 sid=0 iter=19 part=0 rateGBps=0 at t=27047868
GPU 2 TB=6 arrived at iteration barrier (4/10) leaving iter=19 t=27047868
GPU 2 TB=5 arrived at iteration barrier (5/10) leaving iter=19 t=27047868
Node 3 chan 0: transfer complete from peer 0 dst=(1,0) totalBytes=2097152 at t=27068696
GPU 3 TB=0 arrived at iteration barrier (4/10) leaving iter=19 t=27068696
Node 3 chan 1: transfer complete from peer 0 dst=(1,1) totalBytes=2097152 at t=27072348
GPU 3 TB=1 arrived at iteration barrier (5/10) leaving iter=19 t=27072348
Node 0 chan 0: RDMA send to 3 physically drained (sender side) bid=8 sid=0 iter=19 nElems=524288 at t=27072548
Node 0 chan 1: RDMA send to 3 physically drained (sender side) bid=9 sid=0 iter=19 nElems=524288 at t=27076544
Node 1 chan 0: transfer complete from peer 0 dst=(1,1) totalBytes=2097152 at t=27115828
GPU 1 TB=0 arrived at iteration barrier (6/10) leaving iter=19 t=27115828
Node 0 chan 0: RDMA send to 1 physically drained (sender side) bid=5 sid=0 iter=19 nElems=524288 at t=27117444
GPU 0 TB=7 sid=0 DISPATCHING RunStep t=27117444
GPU 0 TB=6 sid=0 DISPATCHING RunStep t=27117444
Node 0 chan 1: RDMA send to 2 totalBytes=2097152 over 1 lane(s) bid=7 sid=0 iter=19 part=0 rateGBps=0 at t=27117444
Node 0 chan 0: RDMA send to 2 totalBytes=2097152 over 1 lane(s) bid=6 sid=0 iter=19 part=0 rateGBps=0 at t=27117444
GPU 0 TB=7 arrived at iteration barrier (4/10) leaving iter=19 t=27117444
GPU 0 TB=6 arrived at iteration barrier (5/10) leaving iter=19 t=27117444
Node 3 chan 0: transfer complete from peer 2 dst=(1,5) totalBytes=2097152 at t=27129744
GPU 3 TB=4 arrived at iteration barrier (6/10) leaving iter=19 t=27129744
Node 2 chan 0: RDMA send to 3 physically drained (sender side) bid=9 sid=0 iter=19 nElems=524288 at t=27131652
Node 2 chan 1: transfer complete from peer 1 dst=(1,3) totalBytes=2097152 at t=27375488
GPU 2 TB=3 arrived at iteration barrier (6/10) leaving iter=19 t=27375488
Node 1 chan 1: RDMA send to 2 physically drained (sender side) bid=7 sid=0 iter=19 nElems=524288 at t=27378314
Node 0 chan 1: transfer complete from peer 3 dst=(1,7) totalBytes=2097152 at t=27385184
GPU 0 TB=4 arrived at iteration barrier (6/10) leaving iter=19 t=27385184
Node 2 chan 0: transfer complete from peer 1 dst=(1,2) totalBytes=2097152 at t=27386784
GPU 2 TB=2 arrived at iteration barrier (7/10) leaving iter=19 t=27386784
Node 3 chan 1: RDMA send to 0 physically drained (sender side) bid=6 sid=0 iter=19 nElems=524288 at t=27388010
Node 0 chan 0: transfer complete from peer 3 dst=(1,6) totalBytes=2097152 at t=27388180
GPU 0 TB=3 arrived at iteration barrier (7/10) leaving iter=19 t=27388180
Node 1 chan 0: RDMA send to 2 physically drained (sender side) bid=6 sid=0 iter=19 nElems=524288 at t=27390593
Node 3 chan 0: RDMA send to 0 physically drained (sender side) bid=5 sid=0 iter=19 nElems=524288 at t=27391985
GPU 3 TB=8 sid=0 DISPATCHING RunStep t=27391985
GPU 3 TB=7 sid=0 DISPATCHING RunStep t=27391985
Node 3 chan 1: RDMA send to 1 totalBytes=2097152 over 1 lane(s) bid=8 sid=0 iter=19 part=0 rateGBps=0 at t=27391985
Node 3 chan 0: RDMA send to 1 totalBytes=2097152 over 1 lane(s) bid=7 sid=0 iter=19 part=0 rateGBps=0 at t=27391985
GPU 3 TB=8 arrived at iteration barrier (7/10) leaving iter=19 t=27391985
GPU 3 TB=7 arrived at iteration barrier (8/10) leaving iter=19 t=27391985
Node 0 chan 0: transfer complete from peer 1 dst=(1,3) totalBytes=2097152 at t=27565976
GPU 0 TB=0 arrived at iteration barrier (8/10) leaving iter=19 t=27565976
Node 1 chan 0: RDMA send to 0 physically drained (sender side) bid=5 sid=0 iter=19 nElems=524288 at t=27567429
GPU 1 TB=9 sid=0 DISPATCHING RunStep t=27567429
GPU 1 TB=8 sid=0 DISPATCHING RunStep t=27567429
Node 1 chan 1: RDMA send to 3 totalBytes=2097152 over 1 lane(s) bid=9 sid=0 iter=19 part=0 rateGBps=0 at t=27567429
Node 1 chan 0: RDMA send to 3 totalBytes=2097152 over 1 lane(s) bid=8 sid=0 iter=19 part=0 rateGBps=0 at t=27567429
GPU 1 TB=9 arrived at iteration barrier (7/10) leaving iter=19 t=27567429
GPU 1 TB=8 arrived at iteration barrier (8/10) leaving iter=19 t=27567429
Node 2 chan 0: transfer complete from peer 3 dst=(1,7) totalBytes=2097152 at t=27577832
GPU 2 TB=4 arrived at iteration barrier (8/10) leaving iter=19 t=27577832
Node 3 chan 0: RDMA send to 2 physically drained (sender side) bid=9 sid=0 iter=19 nElems=524288 at t=27579547
Node 2 chan 1: transfer complete from peer 0 dst=(1,1) totalBytes=2097152 at t=27800378
GPU 2 TB=1 arrived at iteration barrier (9/10) leaving iter=19 t=27800378
Node 0 chan 1: RDMA send to 2 physically drained (sender side) bid=7 sid=0 iter=19 nElems=524288 at t=27804299
Node 0 chan 1: transfer complete from peer 2 dst=(1,5) totalBytes=2097152 at t=27808279
GPU 0 TB=2 arrived at iteration barrier (9/10) leaving iter=19 t=27808279
Node 0 chan 0: transfer complete from peer 2 dst=(1,4) totalBytes=2097152 at t=27811940
GPU 0 TB=1 arrived at iteration barrier (10/10) leaving iter=19 t=27811940
GPU 0: iteration barrier releasing 10 threadblock(s) at t=27811940
GPU 0 TB=0 sid=0 DISPATCHING RunStep t=27811940
GPU 0 TB=1 sid=0 DISPATCHING RunStep t=27811940
GPU 0 TB=2 sid=0 DISPATCHING RunStep t=27811940
GPU 0 TB=3 sid=0 DISPATCHING RunStep t=27811940
GPU 0 TB=4 sid=0 DISPATCHING RunStep t=27811940
GPU 0 TB=5 sid=0 DISPATCHING RunStep t=27811940
GPU 0 TB=6 sid=0 BLOCKED on network completion of TB=5 step=0 needFlag=20480 netFlag=19456 t=27811940
GPU 0 TB=7 sid=0 BLOCKED on network completion of TB=5 step=0 needFlag=20480 netFlag=19456 t=27811940
GPU 0 TB=8 sid=0 DISPATCHING RunStep t=27811940
GPU 0 TB=9 sid=0 DISPATCHING RunStep t=27811940
Node 0 chan 0: RDMA send to 1 totalBytes=2097152 over 1 lane(s) bid=5 sid=0 iter=20 part=0 rateGBps=0 at t=27811940
Node 0 chan 0: RDMA send to 1 totalBytes=2097152 over 1 lane(s) bid=5 sid=0 iter=20 part=1 rateGBps=0 at t=27811940
Node 0 chan 0: RDMA send to 3 totalBytes=2097152 over 1 lane(s) bid=8 sid=0 iter=20 part=0 rateGBps=0 at t=27811940
Node 0 chan 1: RDMA send to 3 totalBytes=2097152 over 1 lane(s) bid=9 sid=0 iter=20 part=0 rateGBps=0 at t=27811940
GPU 0 TB=5 arrived at iteration barrier (1/10) leaving iter=20 t=27811940
GPU 0 TB=8 arrived at iteration barrier (2/10) leaving iter=20 t=27811940
GPU 0 TB=9 arrived at iteration barrier (3/10) leaving iter=20 t=27811940
Node 2 chan 1: RDMA send to 0 physically drained (sender side) bid=6 sid=0 iter=19 nElems=524288 at t=27812240
Node 2 chan 0: transfer complete from peer 0 dst=(1,0) totalBytes=2097152 at t=27812914
GPU 2 TB=0 arrived at iteration barrier (10/10) leaving iter=19 t=27812914
GPU 2: iteration barrier releasing 10 threadblock(s) at t=27812914
GPU 2 TB=0 sid=0 DISPATCHING RunStep t=27812914
GPU 2 TB=1 sid=0 DISPATCHING RunStep t=27812914
GPU 2 TB=2 sid=0 DISPATCHING RunStep t=27812914
GPU 2 TB=3 sid=0 DISPATCHING RunStep t=27812914
GPU 2 TB=4 sid=0 DISPATCHING RunStep t=27812914
GPU 2 TB=5 sid=0 BLOCKED on network completion of TB=7 step=0 needFlag=20480 netFlag=19456 t=27812914
GPU 2 TB=6 sid=0 BLOCKED on network completion of TB=7 step=0 needFlag=20480 netFlag=19456 t=27812914
GPU 2 TB=7 sid=0 DISPATCHING RunStep t=27812914
GPU 2 TB=8 sid=0 DISPATCHING RunStep t=27812914
GPU 2 TB=9 sid=0 DISPATCHING RunStep t=27812914
Node 2 chan 0: RDMA send to 1 totalBytes=2097152 over 1 lane(s) bid=7 sid=0 iter=20 part=0 rateGBps=0 at t=27812914
Node 2 chan 1: RDMA send to 1 totalBytes=2097152 over 1 lane(s) bid=8 sid=0 iter=20 part=0 rateGBps=0 at t=27812914
Node 2 chan 0: RDMA send to 3 totalBytes=2097152 over 1 lane(s) bid=9 sid=0 iter=20 part=0 rateGBps=0 at t=27812914
Node 2 chan 0: RDMA send to 3 totalBytes=2097152 over 1 lane(s) bid=9 sid=0 iter=20 part=1 rateGBps=0 at t=27812914
GPU 2 TB=7 arrived at iteration barrier (1/10) leaving iter=20 t=27812914
GPU 2 TB=8 arrived at iteration barrier (2/10) leaving iter=20 t=27812914
GPU 2 TB=9 arrived at iteration barrier (3/10) leaving iter=20 t=27812914
Node 2 chan 0: RDMA send to 0 physically drained (sender side) bid=5 sid=0 iter=19 nElems=524288 at t=27815915
Node 0 chan 0: RDMA send to 2 physically drained (sender side) bid=6 sid=0 iter=19 nElems=524288 at t=27816942
Node 1 chan 1: transfer complete from peer 3 dst=(1,7) totalBytes=2097152 at t=28103961
GPU 1 TB=4 arrived at iteration barrier (9/10) leaving iter=19 t=28103961
Node 3 chan 1: RDMA send to 1 physically drained (sender side) bid=8 sid=0 iter=19 nElems=524288 at t=28107922
Node 1 chan 0: transfer complete from peer 3 dst=(1,6) totalBytes=2097152 at t=28119909
GPU 1 TB=3 arrived at iteration barrier (10/10) leaving iter=19 t=28119909
GPU 1: iteration barrier releasing 10 threadblock(s) at t=28119909
GPU 1 TB=0 sid=0 DISPATCHING RunStep t=28119909
GPU 1 TB=1 sid=0 DISPATCHING RunStep t=28119909
GPU 1 TB=2 sid=0 DISPATCHING RunStep t=28119909
GPU 1 TB=3 sid=0 DISPATCHING RunStep t=28119909
GPU 1 TB=4 sid=0 DISPATCHING RunStep t=28119909
GPU 1 TB=5 sid=0 DISPATCHING RunStep t=28119909
GPU 1 TB=6 sid=0 DISPATCHING RunStep t=28119909
GPU 1 TB=7 sid=0 DISPATCHING RunStep t=28119909
GPU 1 TB=8 sid=0 BLOCKED on network completion of TB=5 step=0 needFlag=20480 netFlag=19456 t=28119909
GPU 1 TB=9 sid=0 BLOCKED on network completion of TB=5 step=0 needFlag=20480 netFlag=19456 t=28119909
Node 1 chan 0: RDMA send to 0 totalBytes=2097152 over 1 lane(s) bid=5 sid=0 iter=20 part=0 rateGBps=0 at t=28119909
Node 1 chan 0: RDMA send to 0 totalBytes=2097152 over 1 lane(s) bid=5 sid=0 iter=20 part=1 rateGBps=0 at t=28119909
Node 1 chan 0: RDMA send to 2 totalBytes=2097152 over 1 lane(s) bid=6 sid=0 iter=20 part=0 rateGBps=0 at t=28119909
Node 1 chan 1: RDMA send to 2 totalBytes=2097152 over 1 lane(s) bid=7 sid=0 iter=20 part=0 rateGBps=0 at t=28119909
GPU 1 TB=5 arrived at iteration barrier (1/10) leaving iter=20 t=28119909
GPU 1 TB=6 arrived at iteration barrier (2/10) leaving iter=20 t=28119909
GPU 1 TB=7 arrived at iteration barrier (3/10) leaving iter=20 t=28119909
Node 3 chan 0: RDMA send to 1 physically drained (sender side) bid=7 sid=0 iter=19 nElems=524288 at t=28122870
Node 1 chan 0: transfer complete from peer 0 dst=(1,0) totalBytes=2097152 at t=28378253
Node 0 chan 0: RDMA send to 1 physically drained (sender side) bid=5 sid=0 iter=20 nElems=524288 at t=28379701
Node 3 chan 1: transfer complete from peer 1 dst=(1,3) totalBytes=2097152 at t=28392122
GPU 3 TB=3 arrived at iteration barrier (9/10) leaving iter=19 t=28392122
Node 1 chan 1: RDMA send to 3 physically drained (sender side) bid=9 sid=0 iter=19 nElems=524288 at t=28395221
Node 2 chan 0: RDMA send to 3 physically drained (sender side) bid=9 sid=0 iter=20 nElems=524288 at t=28413532
Node 3 chan 0: transfer complete from peer 1 dst=(1,2) totalBytes=2097152 at t=28419014
GPU 3 TB=2 arrived at iteration barrier (10/10) leaving iter=19 t=28419014
GPU 3: iteration barrier releasing 10 threadblock(s) at t=28419014
GPU 3 TB=0 sid=0 DISPATCHING RunStep t=28419014
GPU 3 TB=1 sid=0 DISPATCHING RunStep t=28419014
GPU 3 TB=2 sid=0 DISPATCHING RunStep t=28419014
GPU 3 TB=3 sid=0 DISPATCHING RunStep t=28419014
GPU 3 TB=4 sid=0 DISPATCHING RunStep t=28419014
GPU 3 TB=5 sid=0 DISPATCHING RunStep t=28419014
GPU 3 TB=6 sid=0 DISPATCHING RunStep t=28419014
GPU 3 TB=7 sid=0 BLOCKED on network completion of TB=5 step=0 needFlag=20480 netFlag=19456 t=28419014
GPU 3 TB=8 sid=0 BLOCKED on network completion of TB=5 step=0 needFlag=20480 netFlag=19456 t=28419014
GPU 3 TB=9 sid=0 DISPATCHING RunStep t=28419014
Node 3 chan 0: RDMA send to 0 totalBytes=2097152 over 1 lane(s) bid=5 sid=0 iter=20 part=0 rateGBps=0 at t=28419014
Node 3 chan 1: RDMA send to 0 totalBytes=2097152 over 1 lane(s) bid=6 sid=0 iter=20 part=0 rateGBps=0 at t=28419014
Node 3 chan 0: RDMA send to 2 totalBytes=2097152 over 1 lane(s) bid=9 sid=0 iter=20 part=0 rateGBps=0 at t=28419014
Node 3 chan 0: RDMA send to 2 totalBytes=2097152 over 1 lane(s) bid=9 sid=0 iter=20 part=1 rateGBps=0 at t=28419014
GPU 3 TB=5 arrived at iteration barrier (1/10) leaving iter=20 t=28419014
GPU 3 TB=6 arrived at iteration barrier (2/10) leaving iter=20 t=28419014
GPU 3 TB=9 arrived at iteration barrier (3/10) leaving iter=20 t=28419014
Node 1 chan 0: RDMA send to 3 physically drained (sender side) bid=8 sid=0 iter=19 nElems=524288 at t=28422497
Node 1 chan 1: transfer complete from peer 2 dst=(1,5) totalBytes=2097152 at t=28497641
GPU 1 TB=2 arrived at iteration barrier (4/10) leaving iter=20 t=28497641
Node 2 chan 1: RDMA send to 1 physically drained (sender side) bid=8 sid=0 iter=20 nElems=524288 at t=28501993
Node 1 chan 0: transfer complete from peer 2 dst=(1,4) totalBytes=2097152 at t=28502961
GPU 1 TB=1 arrived at iteration barrier (5/10) leaving iter=20 t=28502961
Node 2 chan 0: RDMA send to 1 physically drained (sender side) bid=7 sid=0 iter=20 nElems=524288 at t=28507210
GPU 2 TB=6 sid=0 DISPATCHING RunStep t=28507210
GPU 2 TB=5 sid=0 DISPATCHING RunStep t=28507210
Node 2 chan 1: RDMA send to 0 totalBytes=2097152 over 1 lane(s) bid=6 sid=0 iter=20 part=0 rateGBps=0 at t=28507210
Node 2 chan 0: RDMA send to 0 totalBytes=2097152 over 1 lane(s) bid=5 sid=0 iter=20 part=0 rateGBps=0 at t=28507210
GPU 2 TB=6 arrived at iteration barrier (4/10) leaving iter=20 t=28507210
GPU 2 TB=5 arrived at iteration barrier (5/10) leaving iter=20 t=28507210
Node 0 chan 0: transfer complete from peer 1 dst=(1,2) totalBytes=2097152 at t=28642706
Node 1 chan 0: RDMA send to 0 physically drained (sender side) bid=5 sid=0 iter=20 nElems=524288 at t=28644114
Node 3 chan 1: transfer complete from peer 0 dst=(1,1) totalBytes=2097152 at t=28664706
GPU 3 TB=1 arrived at iteration barrier (4/10) leaving iter=20 t=28664706
Node 3 chan 0: transfer complete from peer 0 dst=(1,0) totalBytes=2097152 at t=28668358
GPU 3 TB=0 arrived at iteration barrier (5/10) leaving iter=20 t=28668358
Node 0 chan 1: RDMA send to 3 physically drained (sender side) bid=9 sid=0 iter=20 nElems=524288 at t=28668990
Node 0 chan 0: RDMA send to 3 physically drained (sender side) bid=8 sid=0 iter=20 nElems=524288 at t=28672318
Node 1 chan 0: transfer complete from peer 0 dst=(1,1) totalBytes=2097152 at t=28684686
GPU 1 TB=0 arrived at iteration barrier (6/10) leaving iter=20 t=28684686
Node 0 chan 0: RDMA send to 1 physically drained (sender side) bid=5 sid=0 iter=20 nElems=524288 at t=28686618
GPU 0 TB=7 sid=0 DISPATCHING RunStep t=28686618
GPU 0 TB=6 sid=0 DISPATCHING RunStep t=28686618
Node 0 chan 1: RDMA send to 2 totalBytes=2097152 over 1 lane(s) bid=7 sid=0 iter=20 part=0 rateGBps=0 at t=28686618
Node 0 chan 0: RDMA send to 2 totalBytes=2097152 over 1 lane(s) bid=6 sid=0 iter=20 part=0 rateGBps=0 at t=28686618
GPU 0 TB=7 arrived at iteration barrier (4/10) leaving iter=20 t=28686618
GPU 0 TB=6 arrived at iteration barrier (5/10) leaving iter=20 t=28686618
Node 3 chan 0: transfer complete from peer 2 dst=(1,5) totalBytes=2097152 at t=28728058
GPU 3 TB=4 arrived at iteration barrier (6/10) leaving iter=20 t=28728058
Node 2 chan 0: RDMA send to 3 physically drained (sender side) bid=9 sid=0 iter=20 nElems=524288 at t=28729650
Node 2 chan 0: transfer complete from peer 3 dst=(1,6) totalBytes=2097152 at t=28891098
Node 3 chan 0: RDMA send to 2 physically drained (sender side) bid=9 sid=0 iter=20 nElems=524288 at t=28892506
Node 2 chan 1: transfer complete from peer 1 dst=(1,3) totalBytes=2097152 at t=28897746
GPU 2 TB=3 arrived at iteration barrier (6/10) leaving iter=20 t=28897746
Node 1 chan 1: RDMA send to 2 physically drained (sender side) bid=7 sid=0 iter=20 nElems=524288 at t=28901892
Node 2 chan 0: transfer complete from peer 1 dst=(1,2) totalBytes=2097152 at t=28908378
GPU 2 TB=2 arrived at iteration barrier (7/10) leaving iter=20 t=28908378
Node 1 chan 0: RDMA send to 2 physically drained (sender side) bid=6 sid=0 iter=20 nElems=524288 at t=28912519
Node 0 chan 1: transfer complete from peer 3 dst=(1,7) totalBytes=2097152 at t=29260446
GPU 0 TB=4 arrived at iteration barrier (6/10) leaving iter=20 t=29260446
Node 3 chan 1: RDMA send to 0 physically drained (sender side) bid=6 sid=0 iter=20 nElems=524288 at t=29263932
Node 0 chan 0: transfer complete from peer 3 dst=(1,6) totalBytes=2097152 at t=29266426
GPU 0 TB=3 arrived at iteration barrier (7/10) leaving iter=20 t=29266426
Node 3 chan 0: RDMA send to 0 physically drained (sender side) bid=5 sid=0 iter=20 nElems=524288 at t=29269252
GPU 3 TB=8 sid=0 DISPATCHING RunStep t=29269252
GPU 3 TB=7 sid=0 DISPATCHING RunStep t=29269252
Node 3 chan 1: RDMA send to 1 totalBytes=2097152 over 1 lane(s) bid=8 sid=0 iter=20 part=0 rateGBps=0 at t=29269252
Node 3 chan 0: RDMA send to 1 totalBytes=2097152 over 1 lane(s) bid=7 sid=0 iter=20 part=0 rateGBps=0 at t=29269252
GPU 3 TB=8 arrived at iteration barrier (7/10) leaving iter=20 t=29269252
GPU 3 TB=7 arrived at iteration barrier (8/10) leaving iter=20 t=29269252
Node 2 chan 1: transfer complete from peer 0 dst=(1,1) totalBytes=2097152 at t=29320326
GPU 2 TB=1 arrived at iteration barrier (8/10) leaving iter=20 t=29320326
Node 2 chan 0: transfer complete from peer 0 dst=(1,0) totalBytes=2097152 at t=29321322
GPU 2 TB=0 arrived at iteration barrier (9/10) leaving iter=20 t=29321322
Node 0 chan 1: RDMA send to 2 physically drained (sender side) bid=7 sid=0 iter=20 nElems=524288 at t=29324258
Node 0 chan 0: RDMA send to 2 physically drained (sender side) bid=6 sid=0 iter=20 nElems=524288 at t=29324926
Node 0 chan 0: transfer complete from peer 1 dst=(1,3) totalBytes=2097152 at t=29338870
GPU 0 TB=0 arrived at iteration barrier (8/10) leaving iter=20 t=29338870
Node 1 chan 0: RDMA send to 0 physically drained (sender side) bid=5 sid=0 iter=20 nElems=524288 at t=29340476
GPU 1 TB=9 sid=0 DISPATCHING RunStep t=29340476
GPU 1 TB=8 sid=0 DISPATCHING RunStep t=29340476
Node 1 chan 1: RDMA send to 3 totalBytes=2097152 over 1 lane(s) bid=9 sid=0 iter=20 part=0 rateGBps=0 at t=29340476
Node 1 chan 0: RDMA send to 3 totalBytes=2097152 over 1 lane(s) bid=8 sid=0 iter=20 part=0 rateGBps=0 at t=29340476
GPU 1 TB=9 arrived at iteration barrier (7/10) leaving iter=20 t=29340476
GPU 1 TB=8 arrived at iteration barrier (8/10) leaving iter=20 t=29340476
Node 2 chan 0: transfer complete from peer 3 dst=(1,7) totalBytes=2097152 at t=29342062
GPU 2 TB=4 arrived at iteration barrier (10/10) leaving iter=20 t=29342062
GPU 2: iteration barrier releasing 10 threadblock(s) at t=29342062
GPU 2 TB=0 sid=0 DISPATCHING RunStep t=29342062
GPU 2 TB=1 sid=0 DISPATCHING RunStep t=29342062
GPU 2 TB=2 sid=0 DISPATCHING RunStep t=29342062
GPU 2 TB=3 sid=0 DISPATCHING RunStep t=29342062
GPU 2 TB=4 sid=0 DISPATCHING RunStep t=29342062
GPU 2 TB=5 sid=0 BLOCKED on network completion of TB=7 step=0 needFlag=21504 netFlag=20480 t=29342062
GPU 2 TB=6 sid=0 BLOCKED on network completion of TB=7 step=0 needFlag=21504 netFlag=20480 t=29342062
GPU 2 TB=7 sid=0 DISPATCHING RunStep t=29342062
GPU 2 TB=8 sid=0 DISPATCHING RunStep t=29342062
GPU 2 TB=9 sid=0 DISPATCHING RunStep t=29342062
Node 2 chan 0: RDMA send to 1 totalBytes=2097152 over 1 lane(s) bid=7 sid=0 iter=21 part=0 rateGBps=0 at t=29342062
Node 2 chan 1: RDMA send to 1 totalBytes=2097152 over 1 lane(s) bid=8 sid=0 iter=21 part=0 rateGBps=0 at t=29342062
Node 2 chan 0: RDMA send to 3 totalBytes=2097152 over 1 lane(s) bid=9 sid=0 iter=21 part=0 rateGBps=0 at t=29342062
Node 2 chan 0: RDMA send to 3 totalBytes=2097152 over 1 lane(s) bid=9 sid=0 iter=21 part=1 rateGBps=0 at t=29342062
GPU 2 TB=7 arrived at iteration barrier (1/10) leaving iter=21 t=29342062
GPU 2 TB=8 arrived at iteration barrier (2/10) leaving iter=21 t=29342062
GPU 2 TB=9 arrived at iteration barrier (3/10) leaving iter=21 t=29342062
Node 3 chan 0: RDMA send to 2 physically drained (sender side) bid=9 sid=0 iter=20 nElems=524288 at t=29343470
Node 0 chan 1: transfer complete from peer 2 dst=(1,5) totalBytes=2097152 at t=29352756
GPU 0 TB=2 arrived at iteration barrier (9/10) leaving iter=20 t=29352756
Node 0 chan 0: transfer complete from peer 2 dst=(1,4) totalBytes=2097152 at t=29355744
GPU 0 TB=1 arrived at iteration barrier (10/10) leaving iter=20 t=29355744
GPU 0: iteration barrier releasing 10 threadblock(s) at t=29355744
GPU 0 TB=0 sid=0 DISPATCHING RunStep t=29355744
GPU 0 TB=1 sid=0 DISPATCHING RunStep t=29355744
GPU 0 TB=2 sid=0 DISPATCHING RunStep t=29355744
GPU 0 TB=3 sid=0 DISPATCHING RunStep t=29355744
GPU 0 TB=4 sid=0 DISPATCHING RunStep t=29355744
GPU 0 TB=5 sid=0 DISPATCHING RunStep t=29355744
GPU 0 TB=6 sid=0 BLOCKED on network completion of TB=5 step=0 needFlag=21504 netFlag=20480 t=29355744
GPU 0 TB=7 sid=0 BLOCKED on network completion of TB=5 step=0 needFlag=21504 netFlag=20480 t=29355744
GPU 0 TB=8 sid=0 DISPATCHING RunStep t=29355744
GPU 0 TB=9 sid=0 DISPATCHING RunStep t=29355744
Node 0 chan 0: RDMA send to 1 totalBytes=2097152 over 1 lane(s) bid=5 sid=0 iter=21 part=0 rateGBps=0 at t=29355744
Node 0 chan 0: RDMA send to 1 totalBytes=2097152 over 1 lane(s) bid=5 sid=0 iter=21 part=1 rateGBps=0 at t=29355744
Node 0 chan 0: RDMA send to 3 totalBytes=2097152 over 1 lane(s) bid=8 sid=0 iter=21 part=0 rateGBps=0 at t=29355744
Node 0 chan 1: RDMA send to 3 totalBytes=2097152 over 1 lane(s) bid=9 sid=0 iter=21 part=0 rateGBps=0 at t=29355744
GPU 0 TB=5 arrived at iteration barrier (1/10) leaving iter=21 t=29355744
GPU 0 TB=8 arrived at iteration barrier (2/10) leaving iter=21 t=29355744
GPU 0 TB=9 arrived at iteration barrier (3/10) leaving iter=21 t=29355744
Node 2 chan 1: RDMA send to 0 physically drained (sender side) bid=6 sid=0 iter=20 nElems=524288 at t=29356587
Node 2 chan 0: RDMA send to 0 physically drained (sender side) bid=5 sid=0 iter=20 nElems=524288 at t=29359252
Node 1 chan 0: transfer complete from peer 3 dst=(1,6) totalBytes=2097152 at t=30105545
GPU 1 TB=3 arrived at iteration barrier (9/10) leaving iter=20 t=30105545
Node 1 chan 1: transfer complete from peer 3 dst=(1,7) totalBytes=2097152 at t=30106873
GPU 1 TB=4 arrived at iteration barrier (10/10) leaving iter=20 t=30106873
GPU 1: iteration barrier releasing 10 threadblock(s) at t=30106873
GPU 1 TB=0 sid=0 DISPATCHING RunStep t=30106873
GPU 1 TB=1 sid=0 DISPATCHING RunStep t=30106873
GPU 1 TB=2 sid=0 DISPATCHING RunStep t=30106873
GPU 1 TB=3 sid=0 DISPATCHING RunStep t=30106873
GPU 1 TB=4 sid=0 DISPATCHING RunStep t=30106873
GPU 1 TB=5 sid=0 DISPATCHING RunStep t=30106873
GPU 1 TB=6 sid=0 DISPATCHING RunStep t=30106873
GPU 1 TB=7 sid=0 DISPATCHING RunStep t=30106873
GPU 1 TB=8 sid=0 BLOCKED on network completion of TB=5 step=0 needFlag=21504 netFlag=20480 t=30106873
GPU 1 TB=9 sid=0 BLOCKED on network completion of TB=5 step=0 needFlag=21504 netFlag=20480 t=30106873
Node 1 chan 0: RDMA send to 0 totalBytes=2097152 over 1 lane(s) bid=5 sid=0 iter=21 part=0 rateGBps=0 at t=30106873
Node 1 chan 0: RDMA send to 0 totalBytes=2097152 over 1 lane(s) bid=5 sid=0 iter=21 part=1 rateGBps=0 at t=30106873
Node 1 chan 0: RDMA send to 2 totalBytes=2097152 over 1 lane(s) bid=6 sid=0 iter=21 part=0 rateGBps=0 at t=30106873
Node 1 chan 1: RDMA send to 2 totalBytes=2097152 over 1 lane(s) bid=7 sid=0 iter=21 part=0 rateGBps=0 at t=30106873
GPU 1 TB=5 arrived at iteration barrier (1/10) leaving iter=21 t=30106873
GPU 1 TB=6 arrived at iteration barrier (2/10) leaving iter=21 t=30106873
GPU 1 TB=7 arrived at iteration barrier (3/10) leaving iter=21 t=30106873
Node 3 chan 0: RDMA send to 1 physically drained (sender side) bid=7 sid=0 iter=20 nElems=524288 at t=30108680
Node 3 chan 1: RDMA send to 1 physically drained (sender side) bid=8 sid=0 iter=20 nElems=524288 at t=30110012
Node 1 chan 0: transfer complete from peer 0 dst=(1,0) totalBytes=2097152 at t=30120497
Node 0 chan 0: RDMA send to 1 physically drained (sender side) bid=5 sid=0 iter=21 nElems=524288 at t=30121913
Node 2 chan 0: RDMA send to 3 physically drained (sender side) bid=9 sid=0 iter=21 nElems=524288 at t=30131672
Node 1 chan 0: transfer complete from peer 2 dst=(1,4) totalBytes=2097152 at t=30183665
GPU 1 TB=1 arrived at iteration barrier (4/10) leaving iter=21 t=30183665
Node 1 chan 1: transfer complete from peer 2 dst=(1,5) totalBytes=2097152 at t=30186997
GPU 1 TB=2 arrived at iteration barrier (5/10) leaving iter=21 t=30186997
Node 2 chan 0: RDMA send to 1 physically drained (sender side) bid=7 sid=0 iter=21 nElems=524288 at t=30188118
GPU 2 TB=6 sid=0 DISPATCHING RunStep t=30188118
GPU 2 TB=5 sid=0 DISPATCHING RunStep t=30188118
Node 2 chan 1: RDMA send to 0 totalBytes=2097152 over 1 lane(s) bid=6 sid=0 iter=21 part=0 rateGBps=0 at t=30188118
Node 2 chan 0: RDMA send to 0 totalBytes=2097152 over 1 lane(s) bid=5 sid=0 iter=21 part=0 rateGBps=0 at t=30188118
GPU 2 TB=6 arrived at iteration barrier (4/10) leaving iter=21 t=30188118
GPU 2 TB=5 arrived at iteration barrier (5/10) leaving iter=21 t=30188118
Node 2 chan 1: RDMA send to 1 physically drained (sender side) bid=8 sid=0 iter=21 nElems=524288 at t=30191442
Node 3 chan 0: transfer complete from peer 1 dst=(1,2) totalBytes=2097152 at t=30195336
GPU 3 TB=2 arrived at iteration barrier (9/10) leaving iter=20 t=30195336
Node 1 chan 0: RDMA send to 3 physically drained (sender side) bid=8 sid=0 iter=20 nElems=524288 at t=30199469
Node 3 chan 1: transfer complete from peer 1 dst=(1,3) totalBytes=2097152 at t=30203304
GPU 3 TB=3 arrived at iteration barrier (10/10) leaving iter=20 t=30203304
GPU 3: iteration barrier releasing 10 threadblock(s) at t=30203304
GPU 3 TB=0 sid=0 DISPATCHING RunStep t=30203304
GPU 3 TB=1 sid=0 DISPATCHING RunStep t=30203304
GPU 3 TB=2 sid=0 DISPATCHING RunStep t=30203304
GPU 3 TB=3 sid=0 DISPATCHING RunStep t=30203304
GPU 3 TB=4 sid=0 DISPATCHING RunStep t=30203304
GPU 3 TB=5 sid=0 DISPATCHING RunStep t=30203304
GPU 3 TB=6 sid=0 DISPATCHING RunStep t=30203304
GPU 3 TB=7 sid=0 BLOCKED on network completion of TB=5 step=0 needFlag=21504 netFlag=20480 t=30203304
GPU 3 TB=8 sid=0 BLOCKED on network completion of TB=5 step=0 needFlag=21504 netFlag=20480 t=30203304
GPU 3 TB=9 sid=0 DISPATCHING RunStep t=30203304
Node 3 chan 0: RDMA send to 0 totalBytes=2097152 over 1 lane(s) bid=5 sid=0 iter=21 part=0 rateGBps=0 at t=30203304
Node 3 chan 1: RDMA send to 0 totalBytes=2097152 over 1 lane(s) bid=6 sid=0 iter=21 part=0 rateGBps=0 at t=30203304
Node 3 chan 0: RDMA send to 2 totalBytes=2097152 over 1 lane(s) bid=9 sid=0 iter=21 part=0 rateGBps=0 at t=30203304
Node 3 chan 0: RDMA send to 2 totalBytes=2097152 over 1 lane(s) bid=9 sid=0 iter=21 part=1 rateGBps=0 at t=30203304
GPU 3 TB=5 arrived at iteration barrier (1/10) leaving iter=21 t=30203304
GPU 3 TB=6 arrived at iteration barrier (2/10) leaving iter=21 t=30203304
GPU 3 TB=9 arrived at iteration barrier (3/10) leaving iter=21 t=30203304
Node 1 chan 1: RDMA send to 3 physically drained (sender side) bid=9 sid=0 iter=20 nElems=524288 at t=30206785
Node 3 chan 0: transfer complete from peer 0 dst=(1,0) totalBytes=2097152 at t=30220572
GPU 3 TB=0 arrived at iteration barrier (4/10) leaving iter=21 t=30220572
Node 0 chan 0: RDMA send to 3 physically drained (sender side) bid=8 sid=0 iter=21 nElems=524288 at t=30224693
Node 3 chan 1: transfer complete from peer 0 dst=(1,1) totalBytes=2097152 at t=30225556
GPU 3 TB=1 arrived at iteration barrier (5/10) leaving iter=21 t=30225556
Node 0 chan 1: RDMA send to 3 physically drained (sender side) bid=9 sid=0 iter=21 nElems=524288 at t=30229353
Node 1 chan 0: transfer complete from peer 0 dst=(1,1) totalBytes=2097152 at t=30334469
GPU 1 TB=0 arrived at iteration barrier (6/10) leaving iter=21 t=30334469
Node 0 chan 0: RDMA send to 1 physically drained (sender side) bid=5 sid=0 iter=21 nElems=524288 at t=30336421
GPU 0 TB=7 sid=0 DISPATCHING RunStep t=30336421
GPU 0 TB=6 sid=0 DISPATCHING RunStep t=30336421
Node 0 chan 1: RDMA send to 2 totalBytes=2097152 over 1 lane(s) bid=7 sid=0 iter=21 part=0 rateGBps=0 at t=30336421
Node 0 chan 0: RDMA send to 2 totalBytes=2097152 over 1 lane(s) bid=6 sid=0 iter=21 part=0 rateGBps=0 at t=30336421
GPU 0 TB=7 arrived at iteration barrier (4/10) leaving iter=21 t=30336421
GPU 0 TB=6 arrived at iteration barrier (5/10) leaving iter=21 t=30336421
Node 3 chan 0: transfer complete from peer 2 dst=(1,5) totalBytes=2097152 at t=30451206
GPU 3 TB=4 arrived at iteration barrier (6/10) leaving iter=21 t=30451206
Node 2 chan 0: RDMA send to 3 physically drained (sender side) bid=9 sid=0 iter=21 nElems=524288 at t=30452767
Node 0 chan 0: transfer complete from peer 1 dst=(1,2) totalBytes=2097152 at t=30838365
Node 1 chan 0: RDMA send to 0 physically drained (sender side) bid=5 sid=0 iter=21 nElems=524288 at t=30839773
Node 2 chan 0: transfer complete from peer 1 dst=(1,2) totalBytes=2097152 at t=30884303
GPU 2 TB=2 arrived at iteration barrier (6/10) leaving iter=21 t=30884303
Node 1 chan 0: RDMA send to 2 physically drained (sender side) bid=6 sid=0 iter=21 nElems=524288 at t=30888108
Node 2 chan 0: transfer complete from peer 3 dst=(1,6) totalBytes=2097152 at t=30891275
Node 2 chan 1: transfer complete from peer 1 dst=(1,3) totalBytes=2097152 at t=30891939
GPU 2 TB=3 arrived at iteration barrier (7/10) leaving iter=21 t=30891939
Node 3 chan 0: RDMA send to 2 physically drained (sender side) bid=9 sid=0 iter=21 nElems=524288 at t=30892683
Node 1 chan 1: RDMA send to 2 physically drained (sender side) bid=7 sid=0 iter=21 nElems=524288 at t=30894815
Node 0 chan 1: transfer complete from peer 2 dst=(1,5) totalBytes=2097152 at t=31061677
GPU 0 TB=2 arrived at iteration barrier (6/10) leaving iter=21 t=31061677
Node 0 chan 0: transfer complete from peer 2 dst=(1,4) totalBytes=2097152 at t=31063669
GPU 0 TB=1 arrived at iteration barrier (7/10) leaving iter=21 t=31063669
Node 2 chan 1: RDMA send to 0 physically drained (sender side) bid=6 sid=0 iter=21 nElems=524288 at t=31065683
Node 2 chan 0: RDMA send to 0 physically drained (sender side) bid=5 sid=0 iter=21 nElems=524288 at t=31066683
Node 0 chan 1: transfer complete from peer 3 dst=(1,7) totalBytes=2097152 at t=31076301
GPU 0 TB=4 arrived at iteration barrier (8/10) leaving iter=21 t=31076301
Node 3 chan 1: RDMA send to 0 physically drained (sender side) bid=6 sid=0 iter=21 nElems=524288 at t=31079127
Node 0 chan 0: transfer complete from peer 3 dst=(1,6) totalBytes=2097152 at t=31079289
GPU 0 TB=3 arrived at iteration barrier (9/10) leaving iter=21 t=31079289
Node 3 chan 0: RDMA send to 0 physically drained (sender side) bid=5 sid=0 iter=21 nElems=524288 at t=31082115
GPU 3 TB=8 sid=0 DISPATCHING RunStep t=31082115
GPU 3 TB=7 sid=0 DISPATCHING RunStep t=31082115
Node 3 chan 1: RDMA send to 1 totalBytes=2097152 over 1 lane(s) bid=8 sid=0 iter=21 part=0 rateGBps=0 at t=31082115
Node 3 chan 0: RDMA send to 1 totalBytes=2097152 over 1 lane(s) bid=7 sid=0 iter=21 part=0 rateGBps=0 at t=31082115
GPU 3 TB=8 arrived at iteration barrier (7/10) leaving iter=21 t=31082115
GPU 3 TB=7 arrived at iteration barrier (8/10) leaving iter=21 t=31082115
Node 2 chan 0: transfer complete from peer 0 dst=(1,0) totalBytes=2097152 at t=31087267
GPU 2 TB=0 arrived at iteration barrier (8/10) leaving iter=21 t=31087267
Node 2 chan 1: transfer complete from peer 0 dst=(1,1) totalBytes=2097152 at t=31090587
GPU 2 TB=1 arrived at iteration barrier (9/10) leaving iter=21 t=31090587
Node 0 chan 0: RDMA send to 2 physically drained (sender side) bid=6 sid=0 iter=21 nElems=524288 at t=31091257
Node 0 chan 1: RDMA send to 2 physically drained (sender side) bid=7 sid=0 iter=21 nElems=524288 at t=31094249
Node 0 chan 0: transfer complete from peer 1 dst=(1,3) totalBytes=2097152 at t=31192189
GPU 0 TB=0 arrived at iteration barrier (10/10) leaving iter=21 t=31192189
GPU 0: iteration barrier releasing 10 threadblock(s) at t=31192189
GPU 0 TB=0 sid=0 DISPATCHING RunStep t=31192189
GPU 0 TB=1 sid=0 DISPATCHING RunStep t=31192189
GPU 0 TB=2 sid=0 DISPATCHING RunStep t=31192189
GPU 0 TB=3 sid=0 DISPATCHING RunStep t=31192189
GPU 0 TB=4 sid=0 DISPATCHING RunStep t=31192189
GPU 0 TB=5 sid=0 DISPATCHING RunStep t=31192189
GPU 0 TB=6 sid=0 BLOCKED on network completion of TB=5 step=0 needFlag=22528 netFlag=21504 t=31192189
GPU 0 TB=7 sid=0 BLOCKED on network completion of TB=5 step=0 needFlag=22528 netFlag=21504 t=31192189
GPU 0 TB=8 sid=0 DISPATCHING RunStep t=31192189
GPU 0 TB=9 sid=0 DISPATCHING RunStep t=31192189
Node 0 chan 0: RDMA send to 1 totalBytes=2097152 over 1 lane(s) bid=5 sid=0 iter=22 part=0 rateGBps=0 at t=31192189
Node 0 chan 0: RDMA send to 1 totalBytes=2097152 over 1 lane(s) bid=5 sid=0 iter=22 part=1 rateGBps=0 at t=31192189
Node 0 chan 0: RDMA send to 3 totalBytes=2097152 over 1 lane(s) bid=8 sid=0 iter=22 part=0 rateGBps=0 at t=31192189
Node 0 chan 1: RDMA send to 3 totalBytes=2097152 over 1 lane(s) bid=9 sid=0 iter=22 part=0 rateGBps=0 at t=31192189
GPU 0 TB=5 arrived at iteration barrier (1/10) leaving iter=22 t=31192189
GPU 0 TB=8 arrived at iteration barrier (2/10) leaving iter=22 t=31192189
GPU 0 TB=9 arrived at iteration barrier (3/10) leaving iter=22 t=31192189
Node 1 chan 0: RDMA send to 0 physically drained (sender side) bid=5 sid=0 iter=21 nElems=524288 at t=31193735
GPU 1 TB=9 sid=0 DISPATCHING RunStep t=31193735
GPU 1 TB=8 sid=0 DISPATCHING RunStep t=31193735
Node 1 chan 1: RDMA send to 3 totalBytes=2097152 over 1 lane(s) bid=9 sid=0 iter=21 part=0 rateGBps=0 at t=31193735
Node 1 chan 0: RDMA send to 3 totalBytes=2097152 over 1 lane(s) bid=8 sid=0 iter=21 part=0 rateGBps=0 at t=31193735
GPU 1 TB=9 arrived at iteration barrier (7/10) leaving iter=21 t=31193735
GPU 1 TB=8 arrived at iteration barrier (8/10) leaving iter=21 t=31193735
Node 2 chan 0: transfer complete from peer 3 dst=(1,7) totalBytes=2097152 at t=31359567
GPU 2 TB=4 arrived at iteration barrier (10/10) leaving iter=21 t=31359567
GPU 2: iteration barrier releasing 10 threadblock(s) at t=31359567
GPU 2 TB=0 sid=0 DISPATCHING RunStep t=31359567
GPU 2 TB=1 sid=0 DISPATCHING RunStep t=31359567
GPU 2 TB=2 sid=0 DISPATCHING RunStep t=31359567
GPU 2 TB=3 sid=0 DISPATCHING RunStep t=31359567
GPU 2 TB=4 sid=0 DISPATCHING RunStep t=31359567
GPU 2 TB=5 sid=0 BLOCKED on network completion of TB=7 step=0 needFlag=22528 netFlag=21504 t=31359567
GPU 2 TB=6 sid=0 BLOCKED on network completion of TB=7 step=0 needFlag=22528 netFlag=21504 t=31359567
GPU 2 TB=7 sid=0 DISPATCHING RunStep t=31359567
GPU 2 TB=8 sid=0 DISPATCHING RunStep t=31359567
GPU 2 TB=9 sid=0 DISPATCHING RunStep t=31359567
Node 2 chan 0: RDMA send to 1 totalBytes=2097152 over 1 lane(s) bid=7 sid=0 iter=22 part=0 rateGBps=0 at t=31359567
Node 2 chan 1: RDMA send to 1 totalBytes=2097152 over 1 lane(s) bid=8 sid=0 iter=22 part=0 rateGBps=0 at t=31359567
Node 2 chan 0: RDMA send to 3 totalBytes=2097152 over 1 lane(s) bid=9 sid=0 iter=22 part=0 rateGBps=0 at t=31359567
Node 2 chan 0: RDMA send to 3 totalBytes=2097152 over 1 lane(s) bid=9 sid=0 iter=22 part=1 rateGBps=0 at t=31359567
GPU 2 TB=7 arrived at iteration barrier (1/10) leaving iter=22 t=31359567
GPU 2 TB=8 arrived at iteration barrier (2/10) leaving iter=22 t=31359567
GPU 2 TB=9 arrived at iteration barrier (3/10) leaving iter=22 t=31359567
Node 3 chan 0: RDMA send to 2 physically drained (sender side) bid=9 sid=0 iter=21 nElems=524288 at t=31361237
Node 1 chan 1: transfer complete from peer 3 dst=(1,7) totalBytes=2097152 at t=31772317
GPU 1 TB=4 arrived at iteration barrier (9/10) leaving iter=21 t=31772317
Node 3 chan 1: RDMA send to 1 physically drained (sender side) bid=8 sid=0 iter=21 nElems=524288 at t=31775509
Node 1 chan 0: transfer complete from peer 3 dst=(1,6) totalBytes=2097152 at t=31777965
GPU 1 TB=3 arrived at iteration barrier (10/10) leaving iter=21 t=31777965
GPU 1: iteration barrier releasing 10 threadblock(s) at t=31777965
GPU 1 TB=0 sid=0 DISPATCHING RunStep t=31777965
GPU 1 TB=1 sid=0 DISPATCHING RunStep t=31777965
GPU 1 TB=2 sid=0 DISPATCHING RunStep t=31777965
GPU 1 TB=3 sid=0 DISPATCHING RunStep t=31777965
GPU 1 TB=4 sid=0 DISPATCHING RunStep t=31777965
GPU 1 TB=5 sid=0 DISPATCHING RunStep t=31777965
GPU 1 TB=6 sid=0 DISPATCHING RunStep t=31777965
GPU 1 TB=7 sid=0 DISPATCHING RunStep t=31777965
GPU 1 TB=8 sid=0 BLOCKED on network completion of TB=5 step=0 needFlag=22528 netFlag=21504 t=31777965
GPU 1 TB=9 sid=0 BLOCKED on network completion of TB=5 step=0 needFlag=22528 netFlag=21504 t=31777965
Node 1 chan 0: RDMA send to 0 totalBytes=2097152 over 1 lane(s) bid=5 sid=0 iter=22 part=0 rateGBps=0 at t=31777965
Node 1 chan 0: RDMA send to 0 totalBytes=2097152 over 1 lane(s) bid=5 sid=0 iter=22 part=1 rateGBps=0 at t=31777965
Node 1 chan 0: RDMA send to 2 totalBytes=2097152 over 1 lane(s) bid=6 sid=0 iter=22 part=0 rateGBps=0 at t=31777965
Node 1 chan 1: RDMA send to 2 totalBytes=2097152 over 1 lane(s) bid=7 sid=0 iter=22 part=0 rateGBps=0 at t=31777965
GPU 1 TB=5 arrived at iteration barrier (1/10) leaving iter=22 t=31777965
GPU 1 TB=6 arrived at iteration barrier (2/10) leaving iter=22 t=31777965
GPU 1 TB=7 arrived at iteration barrier (3/10) leaving iter=22 t=31777965
Node 3 chan 0: RDMA send to 1 physically drained (sender side) bid=7 sid=0 iter=21 nElems=524288 at t=31781489
Node 1 chan 0: transfer complete from peer 0 dst=(1,0) totalBytes=2097152 at t=31811541
Node 0 chan 0: RDMA send to 1 physically drained (sender side) bid=5 sid=0 iter=22 nElems=524288 at t=31812957
Node 2 chan 0: RDMA send to 3 physically drained (sender side) bid=9 sid=0 iter=22 nElems=524288 at t=32015629
Node 0 chan 0: RDMA send to 3 physically drained (sender side) bid=8 sid=0 iter=22 nElems=524288 at t=32060771
Node 0 chan 1: RDMA send to 3 physically drained (sender side) bid=9 sid=0 iter=22 nElems=524288 at t=32063859
Node 3 chan 0: transfer complete from peer 1 dst=(1,2) totalBytes=2097152 at t=32065681
GPU 3 TB=2 arrived at iteration barrier (9/10) leaving iter=21 t=32065681
Node 3 chan 1: transfer complete from peer 1 dst=(1,3) totalBytes=2097152 at t=32066677
GPU 3 TB=3 arrived at iteration barrier (10/10) leaving iter=21 t=32066677
GPU 3: iteration barrier releasing 10 threadblock(s) at t=32066677
GPU 3 TB=0 sid=0 DISPATCHING RunStep t=32066677
GPU 3 TB=1 sid=0 DISPATCHING RunStep t=32066677
GPU 3 TB=2 sid=0 DISPATCHING RunStep t=32066677
GPU 3 TB=3 sid=0 DISPATCHING RunStep t=32066677
GPU 3 TB=4 sid=0 DISPATCHING RunStep t=32066677
GPU 3 TB=5 sid=0 DISPATCHING RunStep t=32066677
GPU 3 TB=6 sid=0 DISPATCHING RunStep t=32066677
GPU 3 TB=7 sid=0 BLOCKED on network completion of TB=5 step=0 needFlag=22528 netFlag=21504 t=32066677
GPU 3 TB=8 sid=0 BLOCKED on network completion of TB=5 step=0 needFlag=22528 netFlag=21504 t=32066677
GPU 3 TB=9 sid=0 DISPATCHING RunStep t=32066677
Node 3 chan 0: RDMA send to 0 totalBytes=2097152 over 1 lane(s) bid=5 sid=0 iter=22 part=0 rateGBps=0 at t=32066677
Node 3 chan 1: RDMA send to 0 totalBytes=2097152 over 1 lane(s) bid=6 sid=0 iter=22 part=0 rateGBps=0 at t=32066677
Node 3 chan 0: RDMA send to 2 totalBytes=2097152 over 1 lane(s) bid=9 sid=0 iter=22 part=0 rateGBps=0 at t=32066677
Node 3 chan 0: RDMA send to 2 totalBytes=2097152 over 1 lane(s) bid=9 sid=0 iter=22 part=1 rateGBps=0 at t=32066677
GPU 3 TB=0 arrived at iteration barrier (1/10) leaving iter=22 t=32066677
GPU 3 TB=1 arrived at iteration barrier (2/10) leaving iter=22 t=32066677
GPU 3 TB=5 arrived at iteration barrier (3/10) leaving iter=22 t=32066677
GPU 3 TB=6 arrived at iteration barrier (4/10) leaving iter=22 t=32066677
GPU 3 TB=9 arrived at iteration barrier (5/10) leaving iter=22 t=32066677
Node 1 chan 0: RDMA send to 3 physically drained (sender side) bid=8 sid=0 iter=21 nElems=524288 at t=32068581
Node 1 chan 1: RDMA send to 3 physically drained (sender side) bid=9 sid=0 iter=21 nElems=524288 at t=32069585
Node 1 chan 0: transfer complete from peer 2 dst=(1,4) totalBytes=2097152 at t=32073573
GPU 1 TB=1 arrived at iteration barrier (4/10) leaving iter=22 t=32073573
Node 2 chan 0: RDMA send to 1 physically drained (sender side) bid=7 sid=0 iter=22 nElems=524288 at t=32077256
GPU 2 TB=6 sid=0 DISPATCHING RunStep t=32077256
GPU 2 TB=5 sid=0 DISPATCHING RunStep t=32077256
Node 2 chan 1: RDMA send to 0 totalBytes=2097152 over 1 lane(s) bid=6 sid=0 iter=22 part=0 rateGBps=0 at t=32077256
Node 2 chan 0: RDMA send to 0 totalBytes=2097152 over 1 lane(s) bid=5 sid=0 iter=22 part=0 rateGBps=0 at t=32077256
GPU 2 TB=6 arrived at iteration barrier (4/10) leaving iter=22 t=32077256
GPU 2 TB=5 arrived at iteration barrier (5/10) leaving iter=22 t=32077256
Node 1 chan 1: transfer complete from peer 2 dst=(1,5) totalBytes=2097152 at t=32077565
GPU 1 TB=2 arrived at iteration barrier (5/10) leaving iter=22 t=32077565
Node 2 chan 1: RDMA send to 1 physically drained (sender side) bid=8 sid=0 iter=22 nElems=524288 at t=32081588
Node 1 chan 0: transfer complete from peer 0 dst=(1,1) totalBytes=2097152 at t=32143389
GPU 1 TB=0 arrived at iteration barrier (6/10) leaving iter=22 t=32143389
Node 0 chan 0: RDMA send to 1 physically drained (sender side) bid=5 sid=0 iter=22 nElems=524288 at t=32144977
GPU 0 TB=7 sid=0 DISPATCHING RunStep t=32144977
GPU 0 TB=6 sid=0 DISPATCHING RunStep t=32144977
Node 0 chan 1: RDMA send to 2 totalBytes=2097152 over 1 lane(s) bid=7 sid=0 iter=22 part=0 rateGBps=0 at t=32144977
Node 0 chan 0: RDMA send to 2 totalBytes=2097152 over 1 lane(s) bid=6 sid=0 iter=22 part=0 rateGBps=0 at t=32144977
GPU 0 TB=7 arrived at iteration barrier (4/10) leaving iter=22 t=32144977
GPU 0 TB=6 arrived at iteration barrier (5/10) leaving iter=22 t=32144977
Node 3 chan 0: transfer complete from peer 2 dst=(1,5) totalBytes=2097152 at t=32315412
GPU 3 TB=4 arrived at iteration barrier (6/10) leaving iter=22 t=32315412
Node 2 chan 0: RDMA send to 3 physically drained (sender side) bid=9 sid=0 iter=22 nElems=524288 at t=32316992
Node 0 chan 0: transfer complete from peer 1 dst=(1,2) totalBytes=2097152 at t=32421357
Node 1 chan 0: RDMA send to 0 physically drained (sender side) bid=5 sid=0 iter=22 nElems=524288 at t=32422765
Node 2 chan 0: transfer complete from peer 1 dst=(1,2) totalBytes=2097152 at t=32589068
GPU 2 TB=2 arrived at iteration barrier (6/10) leaving iter=22 t=32589068
Node 1 chan 0: RDMA send to 2 physically drained (sender side) bid=6 sid=0 iter=22 nElems=524288 at t=32592209
Node 2 chan 1: transfer complete from peer 1 dst=(1,3) totalBytes=2097152 at t=32594056
GPU 2 TB=3 arrived at iteration barrier (7/10) leaving iter=22 t=32594056
Node 1 chan 1: RDMA send to 2 physically drained (sender side) bid=7 sid=0 iter=22 nElems=524288 at t=32597740
Node 2 chan 0: transfer complete from peer 3 dst=(1,6) totalBytes=2097152 at t=32699360
Node 3 chan 0: RDMA send to 2 physically drained (sender side) bid=9 sid=0 iter=22 nElems=524288 at t=32700772
Node 2 chan 0: transfer complete from peer 0 dst=(1,0) totalBytes=2097152 at t=32863468
GPU 2 TB=0 arrived at iteration barrier (8/10) leaving iter=22 t=32863468
Node 0 chan 0: RDMA send to 2 physically drained (sender side) bid=6 sid=0 iter=22 nElems=524288 at t=32867277
Node 2 chan 1: transfer complete from peer 0 dst=(1,1) totalBytes=2097152 at t=32870780
GPU 2 TB=1 arrived at iteration barrier (9/10) leaving iter=22 t=32870780
Node 0 chan 1: RDMA send to 2 physically drained (sender side) bid=7 sid=0 iter=22 nElems=524288 at t=32874585
Node 0 chan 0: transfer complete from peer 2 dst=(1,4) totalBytes=2097152 at t=32943641
GPU 0 TB=1 arrived at iteration barrier (6/10) leaving iter=22 t=32943641
Node 0 chan 1: transfer complete from peer 3 dst=(1,7) totalBytes=2097152 at t=32946297
GPU 0 TB=4 arrived at iteration barrier (7/10) leaving iter=22 t=32946297
Node 2 chan 0: RDMA send to 0 physically drained (sender side) bid=5 sid=0 iter=22 nElems=524288 at t=32946555
Node 3 chan 1: RDMA send to 0 physically drained (sender side) bid=6 sid=0 iter=22 nElems=524288 at t=32949123
Node 0 chan 1: transfer complete from peer 2 dst=(1,5) totalBytes=2097152 at t=32950613
GPU 0 TB=2 arrived at iteration barrier (8/10) leaving iter=22 t=32950613
Node 0 chan 0: transfer complete from peer 3 dst=(1,6) totalBytes=2097152 at t=32952273
GPU 0 TB=3 arrived at iteration barrier (9/10) leaving iter=22 t=32952273
Node 2 chan 1: RDMA send to 0 physically drained (sender side) bid=6 sid=0 iter=22 nElems=524288 at t=32953531
Node 3 chan 0: RDMA send to 0 physically drained (sender side) bid=5 sid=0 iter=22 nElems=524288 at t=32955099
GPU 3 TB=8 sid=0 DISPATCHING RunStep t=32955099
GPU 3 TB=7 sid=0 DISPATCHING RunStep t=32955099
Node 3 chan 1: RDMA send to 1 totalBytes=2097152 over 1 lane(s) bid=8 sid=0 iter=22 part=0 rateGBps=0 at t=32955099
Node 3 chan 0: RDMA send to 1 totalBytes=2097152 over 1 lane(s) bid=7 sid=0 iter=22 part=0 rateGBps=0 at t=32955099
GPU 3 TB=8 arrived at iteration barrier (7/10) leaving iter=22 t=32955099
GPU 3 TB=7 arrived at iteration barrier (8/10) leaving iter=22 t=32955099
Node 0 chan 0: transfer complete from peer 1 dst=(1,3) totalBytes=2097152 at t=33003069
GPU 0 TB=0 arrived at iteration barrier (10/10) leaving iter=22 t=33003069
GPU 0: iteration barrier releasing 10 threadblock(s) at t=33003069
GPU 0 TB=0 sid=0 DISPATCHING RunStep t=33003069
GPU 0 TB=1 sid=0 DISPATCHING RunStep t=33003069
GPU 0 TB=2 sid=0 DISPATCHING RunStep t=33003069
GPU 0 TB=3 sid=0 DISPATCHING RunStep t=33003069
GPU 0 TB=4 sid=0 DISPATCHING RunStep t=33003069
GPU 0 TB=5 sid=0 DISPATCHING RunStep t=33003069
GPU 0 TB=6 sid=0 BLOCKED on network completion of TB=5 step=0 needFlag=23552 netFlag=22528 t=33003069
GPU 0 TB=7 sid=0 BLOCKED on network completion of TB=5 step=0 needFlag=23552 netFlag=22528 t=33003069
GPU 0 TB=8 sid=0 DISPATCHING RunStep t=33003069
GPU 0 TB=9 sid=0 DISPATCHING RunStep t=33003069
Node 0 chan 0: RDMA send to 1 totalBytes=2097152 over 1 lane(s) bid=5 sid=0 iter=23 part=0 rateGBps=0 at t=33003069
Node 0 chan 0: RDMA send to 1 totalBytes=2097152 over 1 lane(s) bid=5 sid=0 iter=23 part=1 rateGBps=0 at t=33003069
Node 0 chan 0: RDMA send to 3 totalBytes=2097152 over 1 lane(s) bid=8 sid=0 iter=23 part=0 rateGBps=0 at t=33003069
Node 0 chan 1: RDMA send to 3 totalBytes=2097152 over 1 lane(s) bid=9 sid=0 iter=23 part=0 rateGBps=0 at t=33003069
GPU 0 TB=5 arrived at iteration barrier (1/10) leaving iter=23 t=33003069
GPU 0 TB=8 arrived at iteration barrier (2/10) leaving iter=23 t=33003069
GPU 0 TB=9 arrived at iteration barrier (3/10) leaving iter=23 t=33003069
Node 1 chan 0: RDMA send to 0 physically drained (sender side) bid=5 sid=0 iter=22 nElems=524288 at t=33004477
GPU 1 TB=9 sid=0 DISPATCHING RunStep t=33004477
GPU 1 TB=8 sid=0 DISPATCHING RunStep t=33004477
Node 1 chan 1: RDMA send to 3 totalBytes=2097152 over 1 lane(s) bid=9 sid=0 iter=22 part=0 rateGBps=0 at t=33004477
Node 1 chan 0: RDMA send to 3 totalBytes=2097152 over 1 lane(s) bid=8 sid=0 iter=22 part=0 rateGBps=0 at t=33004477
GPU 1 TB=9 arrived at iteration barrier (7/10) leaving iter=22 t=33004477
GPU 1 TB=8 arrived at iteration barrier (8/10) leaving iter=22 t=33004477
Node 2 chan 0: transfer complete from peer 3 dst=(1,7) totalBytes=2097152 at t=33052831
GPU 2 TB=4 arrived at iteration barrier (10/10) leaving iter=22 t=33052831
GPU 2: iteration barrier releasing 10 threadblock(s) at t=33052831
GPU 2 TB=0 sid=0 DISPATCHING RunStep t=33052831
GPU 2 TB=1 sid=0 DISPATCHING RunStep t=33052831
GPU 2 TB=2 sid=0 DISPATCHING RunStep t=33052831
GPU 2 TB=3 sid=0 DISPATCHING RunStep t=33052831
GPU 2 TB=4 sid=0 DISPATCHING RunStep t=33052831
GPU 2 TB=5 sid=0 BLOCKED on network completion of TB=7 step=0 needFlag=23552 netFlag=22528 t=33052831
GPU 2 TB=6 sid=0 BLOCKED on network completion of TB=7 step=0 needFlag=23552 netFlag=22528 t=33052831
GPU 2 TB=7 sid=0 DISPATCHING RunStep t=33052831
GPU 2 TB=8 sid=0 DISPATCHING RunStep t=33052831
GPU 2 TB=9 sid=0 DISPATCHING RunStep t=33052831
Node 2 chan 0: RDMA send to 1 totalBytes=2097152 over 1 lane(s) bid=7 sid=0 iter=23 part=0 rateGBps=0 at t=33052831
Node 2 chan 1: RDMA send to 1 totalBytes=2097152 over 1 lane(s) bid=8 sid=0 iter=23 part=0 rateGBps=0 at t=33052831
Node 2 chan 0: RDMA send to 3 totalBytes=2097152 over 1 lane(s) bid=9 sid=0 iter=23 part=0 rateGBps=0 at t=33052831
Node 2 chan 0: RDMA send to 3 totalBytes=2097152 over 1 lane(s) bid=9 sid=0 iter=23 part=1 rateGBps=0 at t=33052831
GPU 2 TB=7 arrived at iteration barrier (1/10) leaving iter=23 t=33052831
GPU 2 TB=8 arrived at iteration barrier (2/10) leaving iter=23 t=33052831
GPU 2 TB=9 arrived at iteration barrier (3/10) leaving iter=23 t=33052831
Node 3 chan 0: RDMA send to 2 physically drained (sender side) bid=9 sid=0 iter=22 nElems=524288 at t=33054417
Node 0 chan 0: RDMA send to 1 physically drained (sender side) bid=5 sid=0 iter=23 nElems=524288 at t=33737315
Node 1 chan 0: transfer complete from peer 3 dst=(1,6) totalBytes=2097152 at t=33761483
GPU 1 TB=3 arrived at iteration barrier (9/10) leaving iter=22 t=33761483
Node 3 chan 0: RDMA send to 1 physically drained (sender side) bid=7 sid=0 iter=22 nElems=524288 at t=33765341
Node 1 chan 1: transfer complete from peer 3 dst=(1,7) totalBytes=2097152 at t=33767131
GPU 1 TB=4 arrived at iteration barrier (10/10) leaving iter=22 t=33767131
GPU 1: iteration barrier releasing 10 threadblock(s) at t=33767131
GPU 1 TB=0 sid=0 DISPATCHING RunStep t=33767131
GPU 1 TB=1 sid=0 DISPATCHING RunStep t=33767131
GPU 1 TB=2 sid=0 DISPATCHING RunStep t=33767131
GPU 1 TB=3 sid=0 DISPATCHING RunStep t=33767131
GPU 1 TB=4 sid=0 DISPATCHING RunStep t=33767131
GPU 1 TB=5 sid=0 DISPATCHING RunStep t=33767131
GPU 1 TB=6 sid=0 DISPATCHING RunStep t=33767131
GPU 1 TB=7 sid=0 DISPATCHING RunStep t=33767131
GPU 1 TB=8 sid=0 BLOCKED on network completion of TB=5 step=0 needFlag=23552 netFlag=22528 t=33767131
GPU 1 TB=9 sid=0 BLOCKED on network completion of TB=5 step=0 needFlag=23552 netFlag=22528 t=33767131
Node 1 chan 0: RDMA send to 0 totalBytes=2097152 over 1 lane(s) bid=5 sid=0 iter=23 part=0 rateGBps=0 at t=33767131
Node 1 chan 0: RDMA send to 0 totalBytes=2097152 over 1 lane(s) bid=5 sid=0 iter=23 part=1 rateGBps=0 at t=33767131
Node 1 chan 0: RDMA send to 2 totalBytes=2097152 over 1 lane(s) bid=6 sid=0 iter=23 part=0 rateGBps=0 at t=33767131
Node 1 chan 1: RDMA send to 2 totalBytes=2097152 over 1 lane(s) bid=7 sid=0 iter=23 part=0 rateGBps=0 at t=33767131
GPU 1 TB=5 arrived at iteration barrier (1/10) leaving iter=23 t=33767131
GPU 1 TB=6 arrived at iteration barrier (2/10) leaving iter=23 t=33767131
GPU 1 TB=7 arrived at iteration barrier (3/10) leaving iter=23 t=33767131
Node 3 chan 1: RDMA send to 1 physically drained (sender side) bid=8 sid=0 iter=22 nElems=524288 at t=33770989
Node 2 chan 0: RDMA send to 3 physically drained (sender side) bid=9 sid=0 iter=23 nElems=524288 at t=33825517
Node 3 chan 1: transfer complete from peer 1 dst=(1,3) totalBytes=2097152 at t=33865277
GPU 3 TB=3 arrived at iteration barrier (9/10) leaving iter=22 t=33865277
Node 1 chan 1: RDMA send to 3 physically drained (sender side) bid=9 sid=0 iter=22 nElems=524288 at t=33868211
Node 1 chan 0: transfer complete from peer 2 dst=(1,4) totalBytes=2097152 at t=33869871
GPU 1 TB=1 arrived at iteration barrier (4/10) leaving iter=23 t=33869871
Node 3 chan 0: transfer complete from peer 1 dst=(1,2) totalBytes=2097152 at t=33870257
GPU 3 TB=2 arrived at iteration barrier (10/10) leaving iter=22 t=33870257
GPU 3: iteration barrier releasing 10 threadblock(s) at t=33870257
GPU 3 TB=0 sid=0 DISPATCHING RunStep t=33870257
GPU 3 TB=1 sid=0 DISPATCHING RunStep t=33870257
GPU 3 TB=2 sid=0 DISPATCHING RunStep t=33870257
GPU 3 TB=3 sid=0 DISPATCHING RunStep t=33870257
GPU 3 TB=4 sid=0 DISPATCHING RunStep t=33870257
GPU 3 TB=5 sid=0 DISPATCHING RunStep t=33870257
GPU 3 TB=6 sid=0 DISPATCHING RunStep t=33870257
GPU 3 TB=7 sid=0 BLOCKED on network completion of TB=5 step=0 needFlag=23552 netFlag=22528 t=33870257
GPU 3 TB=8 sid=0 BLOCKED on network completion of TB=5 step=0 needFlag=23552 netFlag=22528 t=33870257
GPU 3 TB=9 sid=0 DISPATCHING RunStep t=33870257
Node 3 chan 0: RDMA send to 0 totalBytes=2097152 over 1 lane(s) bid=5 sid=0 iter=23 part=0 rateGBps=0 at t=33870257
Node 3 chan 1: RDMA send to 0 totalBytes=2097152 over 1 lane(s) bid=6 sid=0 iter=23 part=0 rateGBps=0 at t=33870257
Node 3 chan 0: RDMA send to 2 totalBytes=2097152 over 1 lane(s) bid=9 sid=0 iter=23 part=0 rateGBps=0 at t=33870257
Node 3 chan 0: RDMA send to 2 totalBytes=2097152 over 1 lane(s) bid=9 sid=0 iter=23 part=1 rateGBps=0 at t=33870257
GPU 3 TB=5 arrived at iteration barrier (1/10) leaving iter=23 t=33870257
GPU 3 TB=6 arrived at iteration barrier (2/10) leaving iter=23 t=33870257
GPU 3 TB=9 arrived at iteration barrier (3/10) leaving iter=23 t=33870257
Node 3 chan 1: transfer complete from peer 0 dst=(1,1) totalBytes=2097152 at t=33870921
GPU 3 TB=1 arrived at iteration barrier (4/10) leaving iter=23 t=33870921
Node 1 chan 0: RDMA send to 3 physically drained (sender side) bid=8 sid=0 iter=22 nElems=524288 at t=33873207
Node 2 chan 0: RDMA send to 1 physically drained (sender side) bid=7 sid=0 iter=23 nElems=524288 at t=33873721
GPU 2 TB=6 sid=0 DISPATCHING RunStep t=33873721
GPU 2 TB=5 sid=0 DISPATCHING RunStep t=33873721
Node 2 chan 1: RDMA send to 0 totalBytes=2097152 over 1 lane(s) bid=6 sid=0 iter=23 part=0 rateGBps=0 at t=33873721
Node 2 chan 0: RDMA send to 0 totalBytes=2097152 over 1 lane(s) bid=5 sid=0 iter=23 part=0 rateGBps=0 at t=33873721
GPU 2 TB=6 arrived at iteration barrier (4/10) leaving iter=23 t=33873721
GPU 2 TB=5 arrived at iteration barrier (5/10) leaving iter=23 t=33873721
Node 3 chan 0: transfer complete from peer 0 dst=(1,0) totalBytes=2097152 at t=33873909
GPU 3 TB=0 arrived at iteration barrier (5/10) leaving iter=23 t=33873909
Node 1 chan 1: transfer complete from peer 2 dst=(1,5) totalBytes=2097152 at t=33874535
GPU 1 TB=2 arrived at iteration barrier (5/10) leaving iter=23 t=33874535
Node 0 chan 1: RDMA send to 3 physically drained (sender side) bid=9 sid=0 iter=23 nElems=524288 at t=33874955
Node 2 chan 1: RDMA send to 1 physically drained (sender side) bid=8 sid=0 iter=23 nElems=524288 at t=33878045
Node 0 chan 0: RDMA send to 3 physically drained (sender side) bid=8 sid=0 iter=23 nElems=524288 at t=33878053
Node 1 chan 0: transfer complete from peer 0 dst=(1,1) totalBytes=2097152 at t=33995551
GPU 1 TB=0 arrived at iteration barrier (6/10) leaving iter=23 t=33995551
Node 0 chan 0: RDMA send to 1 physically drained (sender side) bid=5 sid=0 iter=23 nElems=524288 at t=33997449
GPU 0 TB=7 sid=0 DISPATCHING RunStep t=33997449
GPU 0 TB=6 sid=0 DISPATCHING RunStep t=33997449
Node 0 chan 1: RDMA send to 2 totalBytes=2097152 over 1 lane(s) bid=7 sid=0 iter=23 part=0 rateGBps=0 at t=33997449
Node 0 chan 0: RDMA send to 2 totalBytes=2097152 over 1 lane(s) bid=6 sid=0 iter=23 part=0 rateGBps=0 at t=33997449
GPU 0 TB=7 arrived at iteration barrier (4/10) leaving iter=23 t=33997449
GPU 0 TB=6 arrived at iteration barrier (5/10) leaving iter=23 t=33997449
Node 3 chan 0: transfer complete from peer 2 dst=(1,5) totalBytes=2097152 at t=34133825
GPU 3 TB=4 arrived at iteration barrier (6/10) leaving iter=23 t=34133825
Node 2 chan 0: RDMA send to 3 physically drained (sender side) bid=9 sid=0 iter=23 nElems=524288 at t=34135401
Node 0 chan 0: transfer complete from peer 1 dst=(1,2) totalBytes=2097152 at t=34504049
Node 1 chan 0: RDMA send to 0 physically drained (sender side) bid=5 sid=0 iter=23 nElems=524288 at t=34505457
Node 2 chan 1: transfer complete from peer 1 dst=(1,3) totalBytes=2097152 at t=34545337
GPU 2 TB=3 arrived at iteration barrier (6/10) leaving iter=23 t=34545337
Node 1 chan 1: RDMA send to 2 physically drained (sender side) bid=7 sid=0 iter=23 nElems=524288 at t=34549164
Node 2 chan 0: transfer complete from peer 1 dst=(1,2) totalBytes=2097152 at t=34550653
GPU 2 TB=2 arrived at iteration barrier (7/10) leaving iter=23 t=34550653
Node 1 chan 0: RDMA send to 2 physically drained (sender side) bid=6 sid=0 iter=23 nElems=524288 at t=34554183
Node 2 chan 0: transfer complete from peer 3 dst=(1,6) totalBytes=2097152 at t=34554305
Node 3 chan 0: RDMA send to 2 physically drained (sender side) bid=9 sid=0 iter=23 nElems=524288 at t=34555713
Node 0 chan 1: transfer complete from peer 3 dst=(1,7) totalBytes=2097152 at t=34735329
GPU 0 TB=4 arrived at iteration barrier (6/10) leaving iter=23 t=34735329
Node 0 chan 0: transfer complete from peer 3 dst=(1,6) totalBytes=2097152 at t=34736993
GPU 0 TB=3 arrived at iteration barrier (7/10) leaving iter=23 t=34736993
Node 3 chan 1: RDMA send to 0 physically drained (sender side) bid=6 sid=0 iter=23 nElems=524288 at t=34738155
Node 3 chan 0: RDMA send to 0 physically drained (sender side) bid=5 sid=0 iter=23 nElems=524288 at t=34739819
GPU 3 TB=8 sid=0 DISPATCHING RunStep t=34739819
GPU 3 TB=7 sid=0 DISPATCHING RunStep t=34739819
Node 3 chan 1: RDMA send to 1 totalBytes=2097152 over 1 lane(s) bid=8 sid=0 iter=23 part=0 rateGBps=0 at t=34739819
Node 3 chan 0: RDMA send to 1 totalBytes=2097152 over 1 lane(s) bid=7 sid=0 iter=23 part=0 rateGBps=0 at t=34739819
GPU 3 TB=8 arrived at iteration barrier (7/10) leaving iter=23 t=34739819
GPU 3 TB=7 arrived at iteration barrier (8/10) leaving iter=23 t=34739819
Node 0 chan 1: transfer complete from peer 2 dst=(1,5) totalBytes=2097152 at t=34743305
GPU 0 TB=2 arrived at iteration barrier (8/10) leaving iter=23 t=34743305
Node 2 chan 1: RDMA send to 0 physically drained (sender side) bid=6 sid=0 iter=23 nElems=524288 at t=34746325
Node 0 chan 0: transfer complete from peer 2 dst=(1,4) totalBytes=2097152 at t=34748293
GPU 0 TB=1 arrived at iteration barrier (9/10) leaving iter=23 t=34748293
Node 2 chan 1: transfer complete from peer 0 dst=(1,1) totalBytes=2097152 at t=34749317
GPU 2 TB=1 arrived at iteration barrier (8/10) leaving iter=23 t=34749317
Node 2 chan 0: RDMA send to 0 physically drained (sender side) bid=5 sid=0 iter=23 nElems=524288 at t=34751313
Node 0 chan 1: RDMA send to 2 physically drained (sender side) bid=7 sid=0 iter=23 nElems=524288 at t=34752949
Node 2 chan 0: transfer complete from peer 0 dst=(1,0) totalBytes=2097152 at t=34753969
GPU 2 TB=0 arrived at iteration barrier (9/10) leaving iter=23 t=34753969
Node 0 chan 0: RDMA send to 2 physically drained (sender side) bid=6 sid=0 iter=23 nElems=524288 at t=34757933
Node 0 chan 0: transfer complete from peer 1 dst=(1,3) totalBytes=2097152 at t=34864505
GPU 0 TB=0 arrived at iteration barrier (10/10) leaving iter=23 t=34864505
GPU 0: iteration barrier releasing 10 threadblock(s) at t=34864505
GPU 0 TB=0 sid=0 DISPATCHING RunStep t=34864505
GPU 0 TB=1 sid=0 DISPATCHING RunStep t=34864505
GPU 0 TB=2 sid=0 DISPATCHING RunStep t=34864505
GPU 0 TB=3 sid=0 DISPATCHING RunStep t=34864505
GPU 0 TB=4 sid=0 DISPATCHING RunStep t=34864505
GPU 0 TB=5 sid=0 DISPATCHING RunStep t=34864505
GPU 0 TB=6 sid=0 BLOCKED on network completion of TB=5 step=0 needFlag=24576 netFlag=23552 t=34864505
GPU 0 TB=7 sid=0 BLOCKED on network completion of TB=5 step=0 needFlag=24576 netFlag=23552 t=34864505
GPU 0 TB=8 sid=0 DISPATCHING RunStep t=34864505
GPU 0 TB=9 sid=0 DISPATCHING RunStep t=34864505
Node 0 chan 0: RDMA send to 1 totalBytes=2097152 over 1 lane(s) bid=5 sid=0 iter=24 part=0 rateGBps=0 at t=34864505
Node 0 chan 0: RDMA send to 1 totalBytes=2097152 over 1 lane(s) bid=5 sid=0 iter=24 part=1 rateGBps=0 at t=34864505
Node 0 chan 0: RDMA send to 3 totalBytes=2097152 over 1 lane(s) bid=8 sid=0 iter=24 part=0 rateGBps=0 at t=34864505
Node 0 chan 1: RDMA send to 3 totalBytes=2097152 over 1 lane(s) bid=9 sid=0 iter=24 part=0 rateGBps=0 at t=34864505
GPU 0 TB=5 arrived at iteration barrier (1/10) leaving iter=24 t=34864505
GPU 0 TB=8 arrived at iteration barrier (2/10) leaving iter=24 t=34864505
GPU 0 TB=9 arrived at iteration barrier (3/10) leaving iter=24 t=34864505
Node 1 chan 0: RDMA send to 0 physically drained (sender side) bid=5 sid=0 iter=23 nElems=524288 at t=34865913
GPU 1 TB=9 sid=0 DISPATCHING RunStep t=34865913
GPU 1 TB=8 sid=0 DISPATCHING RunStep t=34865913
Node 1 chan 1: RDMA send to 3 totalBytes=2097152 over 1 lane(s) bid=9 sid=0 iter=23 part=0 rateGBps=0 at t=34865913
Node 1 chan 0: RDMA send to 3 totalBytes=2097152 over 1 lane(s) bid=8 sid=0 iter=23 part=0 rateGBps=0 at t=34865913
GPU 1 TB=9 arrived at iteration barrier (7/10) leaving iter=23 t=34865913
GPU 1 TB=8 arrived at iteration barrier (8/10) leaving iter=23 t=34865913
Node 2 chan 0: transfer complete from peer 3 dst=(1,7) totalBytes=2097152 at t=35013675
GPU 2 TB=4 arrived at iteration barrier (10/10) leaving iter=23 t=35013675
GPU 2: iteration barrier releasing 10 threadblock(s) at t=35013675
GPU 2 TB=0 sid=0 DISPATCHING RunStep t=35013675
GPU 2 TB=1 sid=0 DISPATCHING RunStep t=35013675
GPU 2 TB=2 sid=0 DISPATCHING RunStep t=35013675
GPU 2 TB=3 sid=0 DISPATCHING RunStep t=35013675
GPU 2 TB=4 sid=0 DISPATCHING RunStep t=35013675
GPU 2 TB=5 sid=0 BLOCKED on network completion of TB=7 step=0 needFlag=24576 netFlag=23552 t=35013675
GPU 2 TB=6 sid=0 BLOCKED on network completion of TB=7 step=0 needFlag=24576 netFlag=23552 t=35013675
GPU 2 TB=7 sid=0 DISPATCHING RunStep t=35013675
GPU 2 TB=8 sid=0 DISPATCHING RunStep t=35013675
GPU 2 TB=9 sid=0 DISPATCHING RunStep t=35013675
Node 2 chan 0: RDMA send to 1 totalBytes=2097152 over 1 lane(s) bid=7 sid=0 iter=24 part=0 rateGBps=0 at t=35013675
Node 2 chan 1: RDMA send to 1 totalBytes=2097152 over 1 lane(s) bid=8 sid=0 iter=24 part=0 rateGBps=0 at t=35013675
Node 2 chan 0: RDMA send to 3 totalBytes=2097152 over 1 lane(s) bid=9 sid=0 iter=24 part=0 rateGBps=0 at t=35013675
Node 2 chan 0: RDMA send to 3 totalBytes=2097152 over 1 lane(s) bid=9 sid=0 iter=24 part=1 rateGBps=0 at t=35013675
GPU 2 TB=7 arrived at iteration barrier (1/10) leaving iter=24 t=35013675
GPU 2 TB=8 arrived at iteration barrier (2/10) leaving iter=24 t=35013675
GPU 2 TB=9 arrived at iteration barrier (3/10) leaving iter=24 t=35013675
Node 3 chan 0: RDMA send to 2 physically drained (sender side) bid=9 sid=0 iter=23 nElems=524288 at t=35015359
Node 1 chan 1: transfer complete from peer 3 dst=(1,7) totalBytes=2097152 at t=35435993
GPU 1 TB=4 arrived at iteration barrier (9/10) leaving iter=23 t=35435993
Node 1 chan 0: transfer complete from peer 3 dst=(1,6) totalBytes=2097152 at t=35436657
GPU 1 TB=3 arrived at iteration barrier (10/10) leaving iter=23 t=35436657
GPU 1: iteration barrier releasing 10 threadblock(s) at t=35436657
GPU 1 TB=0 sid=0 DISPATCHING RunStep t=35436657
GPU 1 TB=1 sid=0 DISPATCHING RunStep t=35436657
GPU 1 TB=2 sid=0 DISPATCHING RunStep t=35436657
GPU 1 TB=3 sid=0 DISPATCHING RunStep t=35436657
GPU 1 TB=4 sid=0 DISPATCHING RunStep t=35436657
GPU 1 TB=5 sid=0 DISPATCHING RunStep t=35436657
GPU 1 TB=6 sid=0 DISPATCHING RunStep t=35436657
GPU 1 TB=7 sid=0 DISPATCHING RunStep t=35436657
GPU 1 TB=8 sid=0 BLOCKED on network completion of TB=5 step=0 needFlag=24576 netFlag=23552 t=35436657
GPU 1 TB=9 sid=0 BLOCKED on network completion of TB=5 step=0 needFlag=24576 netFlag=23552 t=35436657
Node 1 chan 0: RDMA send to 0 totalBytes=2097152 over 1 lane(s) bid=5 sid=0 iter=24 part=0 rateGBps=0 at t=35436657
Node 1 chan 0: RDMA send to 0 totalBytes=2097152 over 1 lane(s) bid=5 sid=0 iter=24 part=1 rateGBps=0 at t=35436657
Node 1 chan 0: RDMA send to 2 totalBytes=2097152 over 1 lane(s) bid=6 sid=0 iter=24 part=0 rateGBps=0 at t=35436657
Node 1 chan 1: RDMA send to 2 totalBytes=2097152 over 1 lane(s) bid=7 sid=0 iter=24 part=0 rateGBps=0 at t=35436657
GPU 1 TB=5 arrived at iteration barrier (1/10) leaving iter=24 t=35436657
GPU 1 TB=6 arrived at iteration barrier (2/10) leaving iter=24 t=35436657
GPU 1 TB=7 arrived at iteration barrier (3/10) leaving iter=24 t=35436657
Node 3 chan 1: RDMA send to 1 physically drained (sender side) bid=8 sid=0 iter=23 nElems=524288 at t=35439591
Node 3 chan 0: RDMA send to 1 physically drained (sender side) bid=7 sid=0 iter=23 nElems=524288 at t=35440259
Node 1 chan 0: transfer complete from peer 0 dst=(1,0) totalBytes=2097152 at t=35480533
Node 0 chan 0: RDMA send to 1 physically drained (sender side) bid=5 sid=0 iter=24 nElems=524288 at t=35481957
Node 2 chan 0: RDMA send to 3 physically drained (sender side) bid=9 sid=0 iter=24 nElems=524288 at t=35664107
Node 1 chan 0: transfer complete from peer 2 dst=(1,4) totalBytes=2097152 at t=35732245
GPU 1 TB=1 arrived at iteration barrier (4/10) leaving iter=24 t=35732245
Node 1 chan 1: transfer complete from peer 2 dst=(1,5) totalBytes=2097152 at t=35734241
GPU 1 TB=2 arrived at iteration barrier (5/10) leaving iter=24 t=35734241
Node 2 chan 0: RDMA send to 1 physically drained (sender side) bid=7 sid=0 iter=24 nElems=524288 at t=35736283
GPU 2 TB=6 sid=0 DISPATCHING RunStep t=35736283
GPU 2 TB=5 sid=0 DISPATCHING RunStep t=35736283
Node 2 chan 1: RDMA send to 0 totalBytes=2097152 over 1 lane(s) bid=6 sid=0 iter=24 part=0 rateGBps=0 at t=35736283
Node 2 chan 0: RDMA send to 0 totalBytes=2097152 over 1 lane(s) bid=5 sid=0 iter=24 part=0 rateGBps=0 at t=35736283
GPU 2 TB=6 arrived at iteration barrier (4/10) leaving iter=24 t=35736283
GPU 2 TB=5 arrived at iteration barrier (5/10) leaving iter=24 t=35736283
Node 2 chan 1: RDMA send to 1 physically drained (sender side) bid=8 sid=0 iter=24 nElems=524288 at t=35738275
Node 3 chan 0: transfer complete from peer 1 dst=(1,2) totalBytes=2097152 at t=35747691
GPU 3 TB=2 arrived at iteration barrier (9/10) leaving iter=23 t=35747691
Node 1 chan 0: RDMA send to 3 physically drained (sender side) bid=8 sid=0 iter=23 nElems=524288 at t=35751209
Node 3 chan 1: transfer complete from peer 1 dst=(1,3) totalBytes=2097152 at t=35755991
GPU 3 TB=3 arrived at iteration barrier (10/10) leaving iter=23 t=35755991
GPU 3: iteration barrier releasing 10 threadblock(s) at t=35755991
GPU 3 TB=0 sid=0 DISPATCHING RunStep t=35755991
GPU 3 TB=1 sid=0 DISPATCHING RunStep t=35755991
GPU 3 TB=2 sid=0 DISPATCHING RunStep t=35755991
GPU 3 TB=3 sid=0 DISPATCHING RunStep t=35755991
GPU 3 TB=4 sid=0 DISPATCHING RunStep t=35755991
GPU 3 TB=5 sid=0 DISPATCHING RunStep t=35755991
GPU 3 TB=6 sid=0 DISPATCHING RunStep t=35755991
GPU 3 TB=7 sid=0 BLOCKED on network completion of TB=5 step=0 needFlag=24576 netFlag=23552 t=35755991
GPU 3 TB=8 sid=0 BLOCKED on network completion of TB=5 step=0 needFlag=24576 netFlag=23552 t=35755991
GPU 3 TB=9 sid=0 DISPATCHING RunStep t=35755991
Node 3 chan 0: RDMA send to 0 totalBytes=2097152 over 1 lane(s) bid=5 sid=0 iter=24 part=0 rateGBps=0 at t=35755991
Node 3 chan 1: RDMA send to 0 totalBytes=2097152 over 1 lane(s) bid=6 sid=0 iter=24 part=0 rateGBps=0 at t=35755991
Node 3 chan 0: RDMA send to 2 totalBytes=2097152 over 1 lane(s) bid=9 sid=0 iter=24 part=0 rateGBps=0 at t=35755991
Node 3 chan 0: RDMA send to 2 totalBytes=2097152 over 1 lane(s) bid=9 sid=0 iter=24 part=1 rateGBps=0 at t=35755991
GPU 3 TB=0 arrived at iteration barrier (1/10) leaving iter=24 t=35755991
GPU 3 TB=1 arrived at iteration barrier (2/10) leaving iter=24 t=35755991
GPU 3 TB=5 arrived at iteration barrier (3/10) leaving iter=24 t=35755991
GPU 3 TB=6 arrived at iteration barrier (4/10) leaving iter=24 t=35755991
GPU 3 TB=9 arrived at iteration barrier (5/10) leaving iter=24 t=35755991
Node 0 chan 1: RDMA send to 3 physically drained (sender side) bid=9 sid=0 iter=24 nElems=524288 at t=35756321
Node 0 chan 0: RDMA send to 3 physically drained (sender side) bid=8 sid=0 iter=24 nElems=524288 at t=35756325
Node 1 chan 1: RDMA send to 3 physically drained (sender side) bid=9 sid=0 iter=23 nElems=524288 at t=35759861
Node 1 chan 0: transfer complete from peer 0 dst=(1,1) totalBytes=2097152 at t=35805405
GPU 1 TB=0 arrived at iteration barrier (6/10) leaving iter=24 t=35805405
Node 0 chan 0: RDMA send to 1 physically drained (sender side) bid=5 sid=0 iter=24 nElems=524288 at t=35806877
GPU 0 TB=7 sid=0 DISPATCHING RunStep t=35806877
GPU 0 TB=6 sid=0 DISPATCHING RunStep t=35806877
Node 0 chan 1: RDMA send to 2 totalBytes=2097152 over 1 lane(s) bid=7 sid=0 iter=24 part=0 rateGBps=0 at t=35806877
Node 0 chan 0: RDMA send to 2 totalBytes=2097152 over 1 lane(s) bid=6 sid=0 iter=24 part=0 rateGBps=0 at t=35806877
GPU 0 TB=7 arrived at iteration barrier (4/10) leaving iter=24 t=35806877
GPU 0 TB=6 arrived at iteration barrier (5/10) leaving iter=24 t=35806877
Node 3 chan 0: transfer complete from peer 2 dst=(1,5) totalBytes=2097152 at t=35982419
GPU 3 TB=4 arrived at iteration barrier (6/10) leaving iter=24 t=35982419
Node 2 chan 0: RDMA send to 3 physically drained (sender side) bid=9 sid=0 iter=24 nElems=524288 at t=35984316
Node 0 chan 0: transfer complete from peer 1 dst=(1,2) totalBytes=2097152 at t=36075621
Node 1 chan 0: RDMA send to 0 physically drained (sender side) bid=5 sid=0 iter=24 nElems=524288 at t=36077029
Node 2 chan 1: transfer complete from peer 1 dst=(1,3) totalBytes=2097152 at t=36272340
GPU 2 TB=3 arrived at iteration barrier (6/10) leaving iter=24 t=36272340
Node 2 chan 0: transfer complete from peer 1 dst=(1,2) totalBytes=2097152 at t=36273336
GPU 2 TB=2 arrived at iteration barrier (7/10) leaving iter=24 t=36273336
Node 1 chan 1: RDMA send to 2 physically drained (sender side) bid=7 sid=0 iter=24 nElems=524288 at t=36276163
Node 1 chan 0: RDMA send to 2 physically drained (sender side) bid=6 sid=0 iter=24 nElems=524288 at t=36277489
Node 2 chan 0: transfer complete from peer 3 dst=(1,6) totalBytes=2097152 at t=36400236
Node 3 chan 0: RDMA send to 2 physically drained (sender side) bid=9 sid=0 iter=24 nElems=524288 at t=36401644
Node 2 chan 1: transfer complete from peer 0 dst=(1,1) totalBytes=2097152 at t=36526808
GPU 2 TB=1 arrived at iteration barrier (8/10) leaving iter=24 t=36526808
Node 2 chan 0: transfer complete from peer 0 dst=(1,0) totalBytes=2097152 at t=36528800
GPU 2 TB=0 arrived at iteration barrier (9/10) leaving iter=24 t=36528800
Node 0 chan 1: RDMA send to 2 physically drained (sender side) bid=7 sid=0 iter=24 nElems=524288 at t=36530837
Node 0 chan 0: RDMA send to 2 physically drained (sender side) bid=6 sid=0 iter=24 nElems=524288 at t=36532169
Node 0 chan 1: transfer complete from peer 2 dst=(1,5) totalBytes=2097152 at t=36597905
GPU 0 TB=2 arrived at iteration barrier (6/10) leaving iter=24 t=36597905
Node 0 chan 0: transfer complete from peer 2 dst=(1,4) totalBytes=2097152 at t=36600893
GPU 0 TB=1 arrived at iteration barrier (7/10) leaving iter=24 t=36600893
Node 2 chan 1: RDMA send to 0 physically drained (sender side) bid=6 sid=0 iter=24 nElems=524288 at t=36601008
Node 2 chan 0: RDMA send to 0 physically drained (sender side) bid=5 sid=0 iter=24 nElems=524288 at t=36603719
Node 0 chan 0: transfer complete from peer 3 dst=(1,6) totalBytes=2097152 at t=36622141
GPU 0 TB=3 arrived at iteration barrier (8/10) leaving iter=24 t=36622141
Node 3 chan 0: RDMA send to 0 physically drained (sender side) bid=5 sid=0 iter=24 nElems=524288 at t=36624967
GPU 3 TB=8 sid=0 DISPATCHING RunStep t=36624967
GPU 3 TB=7 sid=0 DISPATCHING RunStep t=36624967
Node 3 chan 1: RDMA send to 1 totalBytes=2097152 over 1 lane(s) bid=8 sid=0 iter=24 part=0 rateGBps=0 at t=36624967
Node 3 chan 0: RDMA send to 1 totalBytes=2097152 over 1 lane(s) bid=7 sid=0 iter=24 part=0 rateGBps=0 at t=36624967
GPU 3 TB=8 arrived at iteration barrier (7/10) leaving iter=24 t=36624967
GPU 3 TB=7 arrived at iteration barrier (8/10) leaving iter=24 t=36624967
Node 0 chan 1: transfer complete from peer 3 dst=(1,7) totalBytes=2097152 at t=36626457
GPU 0 TB=4 arrived at iteration barrier (9/10) leaving iter=24 t=36626457
Node 3 chan 1: RDMA send to 0 physically drained (sender side) bid=6 sid=0 iter=24 nElems=524288 at t=36629283
Node 0 chan 0: transfer complete from peer 1 dst=(1,3) totalBytes=2097152 at t=36670945
GPU 0 TB=0 arrived at iteration barrier (10/10) leaving iter=24 t=36670945
GPU 0: iteration barrier releasing 10 threadblock(s) at t=36670945
GPU 0 TB=0 sid=0 DISPATCHING RunStep t=36670945
GPU 0 TB=1 sid=0 DISPATCHING RunStep t=36670945
GPU 0 TB=2 sid=0 DISPATCHING RunStep t=36670945
GPU 0 TB=3 sid=0 DISPATCHING RunStep t=36670945
GPU 0 TB=4 sid=0 DISPATCHING RunStep t=36670945
GPU 0 TB=5 sid=0 DISPATCHING RunStep t=36670945
GPU 0 TB=6 sid=0 BLOCKED on network completion of TB=5 step=0 needFlag=25600 netFlag=24576 t=36670945
GPU 0 TB=7 sid=0 BLOCKED on network completion of TB=5 step=0 needFlag=25600 netFlag=24576 t=36670945
GPU 0 TB=8 sid=0 DISPATCHING RunStep t=36670945
GPU 0 TB=9 sid=0 DISPATCHING RunStep t=36670945
Node 0 chan 0: RDMA send to 1 totalBytes=2097152 over 1 lane(s) bid=5 sid=0 iter=25 part=0 rateGBps=0 at t=36670945
Node 0 chan 0: RDMA send to 1 totalBytes=2097152 over 1 lane(s) bid=5 sid=0 iter=25 part=1 rateGBps=0 at t=36670945
Node 0 chan 0: RDMA send to 3 totalBytes=2097152 over 1 lane(s) bid=8 sid=0 iter=25 part=0 rateGBps=0 at t=36670945
Node 0 chan 1: RDMA send to 3 totalBytes=2097152 over 1 lane(s) bid=9 sid=0 iter=25 part=0 rateGBps=0 at t=36670945
GPU 0 TB=5 arrived at iteration barrier (1/10) leaving iter=25 t=36670945
GPU 0 TB=8 arrived at iteration barrier (2/10) leaving iter=25 t=36670945
GPU 0 TB=9 arrived at iteration barrier (3/10) leaving iter=25 t=36670945
Node 1 chan 0: RDMA send to 0 physically drained (sender side) bid=5 sid=0 iter=24 nElems=524288 at t=36672353
GPU 1 TB=9 sid=0 DISPATCHING RunStep t=36672353
GPU 1 TB=8 sid=0 DISPATCHING RunStep t=36672353
Node 1 chan 1: RDMA send to 3 totalBytes=2097152 over 1 lane(s) bid=9 sid=0 iter=24 part=0 rateGBps=0 at t=36672353
Node 1 chan 0: RDMA send to 3 totalBytes=2097152 over 1 lane(s) bid=8 sid=0 iter=24 part=0 rateGBps=0 at t=36672353
GPU 1 TB=9 arrived at iteration barrier (7/10) leaving iter=24 t=36672353
GPU 1 TB=8 arrived at iteration barrier (8/10) leaving iter=24 t=36672353
Node 2 chan 0: transfer complete from peer 3 dst=(1,7) totalBytes=2097152 at t=36778444
GPU 2 TB=4 arrived at iteration barrier (10/10) leaving iter=24 t=36778444
GPU 2: iteration barrier releasing 10 threadblock(s) at t=36778444
GPU 2 TB=0 sid=0 DISPATCHING RunStep t=36778444
GPU 2 TB=1 sid=0 DISPATCHING RunStep t=36778444
GPU 2 TB=2 sid=0 DISPATCHING RunStep t=36778444
GPU 2 TB=3 sid=0 DISPATCHING RunStep t=36778444
GPU 2 TB=4 sid=0 DISPATCHING RunStep t=36778444
GPU 2 TB=5 sid=0 BLOCKED on network completion of TB=7 step=0 needFlag=25600 netFlag=24576 t=36778444
GPU 2 TB=6 sid=0 BLOCKED on network completion of TB=7 step=0 needFlag=25600 netFlag=24576 t=36778444
GPU 2 TB=7 sid=0 DISPATCHING RunStep t=36778444
GPU 2 TB=8 sid=0 DISPATCHING RunStep t=36778444
GPU 2 TB=9 sid=0 DISPATCHING RunStep t=36778444
Node 2 chan 0: RDMA send to 1 totalBytes=2097152 over 1 lane(s) bid=7 sid=0 iter=25 part=0 rateGBps=0 at t=36778444
Node 2 chan 1: RDMA send to 1 totalBytes=2097152 over 1 lane(s) bid=8 sid=0 iter=25 part=0 rateGBps=0 at t=36778444
Node 2 chan 0: RDMA send to 3 totalBytes=2097152 over 1 lane(s) bid=9 sid=0 iter=25 part=0 rateGBps=0 at t=36778444
Node 2 chan 0: RDMA send to 3 totalBytes=2097152 over 1 lane(s) bid=9 sid=0 iter=25 part=1 rateGBps=0 at t=36778444
GPU 2 TB=7 arrived at iteration barrier (1/10) leaving iter=25 t=36778444
GPU 2 TB=8 arrived at iteration barrier (2/10) leaving iter=25 t=36778444
GPU 2 TB=9 arrived at iteration barrier (3/10) leaving iter=25 t=36778444
Node 3 chan 0: RDMA send to 2 physically drained (sender side) bid=9 sid=0 iter=24 nElems=524288 at t=36779885
Node 0 chan 0: RDMA send to 1 physically drained (sender side) bid=5 sid=0 iter=25 nElems=524288 at t=37351801
Node 1 chan 1: transfer complete from peer 3 dst=(1,7) totalBytes=2097152 at t=37397901
GPU 1 TB=4 arrived at iteration barrier (9/10) leaving iter=24 t=37397901
Node 3 chan 1: RDMA send to 1 physically drained (sender side) bid=8 sid=0 iter=24 nElems=524288 at t=37401781
Node 1 chan 0: transfer complete from peer 3 dst=(1,6) totalBytes=2097152 at t=37403877
GPU 1 TB=3 arrived at iteration barrier (10/10) leaving iter=24 t=37403877
GPU 1: iteration barrier releasing 10 threadblock(s) at t=37403877
GPU 1 TB=0 sid=0 DISPATCHING RunStep t=37403877
GPU 1 TB=1 sid=0 DISPATCHING RunStep t=37403877
GPU 1 TB=2 sid=0 DISPATCHING RunStep t=37403877
GPU 1 TB=3 sid=0 DISPATCHING RunStep t=37403877
GPU 1 TB=4 sid=0 DISPATCHING RunStep t=37403877
GPU 1 TB=5 sid=0 DISPATCHING RunStep t=37403877
GPU 1 TB=6 sid=0 DISPATCHING RunStep t=37403877
GPU 1 TB=7 sid=0 DISPATCHING RunStep t=37403877
GPU 1 TB=8 sid=0 BLOCKED on network completion of TB=5 step=0 needFlag=25600 netFlag=24576 t=37403877
GPU 1 TB=9 sid=0 BLOCKED on network completion of TB=5 step=0 needFlag=25600 netFlag=24576 t=37403877
Node 1 chan 0: RDMA send to 0 totalBytes=2097152 over 1 lane(s) bid=5 sid=0 iter=25 part=0 rateGBps=0 at t=37403877
Node 1 chan 0: RDMA send to 0 totalBytes=2097152 over 1 lane(s) bid=5 sid=0 iter=25 part=1 rateGBps=0 at t=37403877
Node 1 chan 0: RDMA send to 2 totalBytes=2097152 over 1 lane(s) bid=6 sid=0 iter=25 part=0 rateGBps=0 at t=37403877
Node 1 chan 1: RDMA send to 2 totalBytes=2097152 over 1 lane(s) bid=7 sid=0 iter=25 part=0 rateGBps=0 at t=37403877
GPU 1 TB=5 arrived at iteration barrier (1/10) leaving iter=25 t=37403877
GPU 1 TB=6 arrived at iteration barrier (2/10) leaving iter=25 t=37403877
GPU 1 TB=7 arrived at iteration barrier (3/10) leaving iter=25 t=37403877
Node 3 chan 0: RDMA send to 1 physically drained (sender side) bid=7 sid=0 iter=24 nElems=524288 at t=37407765
Node 3 chan 1: transfer complete from peer 1 dst=(1,3) totalBytes=2097152 at t=37522637
GPU 3 TB=3 arrived at iteration barrier (9/10) leaving iter=24 t=37522637
Node 3 chan 0: transfer complete from peer 1 dst=(1,2) totalBytes=2097152 at t=37523633
GPU 3 TB=2 arrived at iteration barrier (10/10) leaving iter=24 t=37523633
GPU 3: iteration barrier releasing 10 threadblock(s) at t=37523633
GPU 3 TB=0 sid=0 DISPATCHING RunStep t=37523633
GPU 3 TB=1 sid=0 DISPATCHING RunStep t=37523633
GPU 3 TB=2 sid=0 DISPATCHING RunStep t=37523633
GPU 3 TB=3 sid=0 DISPATCHING RunStep t=37523633
GPU 3 TB=4 sid=0 DISPATCHING RunStep t=37523633
GPU 3 TB=5 sid=0 DISPATCHING RunStep t=37523633
GPU 3 TB=6 sid=0 DISPATCHING RunStep t=37523633
GPU 3 TB=7 sid=0 BLOCKED on network completion of TB=5 step=0 needFlag=25600 netFlag=24576 t=37523633
GPU 3 TB=8 sid=0 BLOCKED on network completion of TB=5 step=0 needFlag=25600 netFlag=24576 t=37523633
GPU 3 TB=9 sid=0 DISPATCHING RunStep t=37523633
Node 3 chan 0: RDMA send to 0 totalBytes=2097152 over 1 lane(s) bid=5 sid=0 iter=25 part=0 rateGBps=0 at t=37523633
Node 3 chan 1: RDMA send to 0 totalBytes=2097152 over 1 lane(s) bid=6 sid=0 iter=25 part=0 rateGBps=0 at t=37523633
Node 3 chan 0: RDMA send to 2 totalBytes=2097152 over 1 lane(s) bid=9 sid=0 iter=25 part=0 rateGBps=0 at t=37523633
Node 3 chan 0: RDMA send to 2 totalBytes=2097152 over 1 lane(s) bid=9 sid=0 iter=25 part=1 rateGBps=0 at t=37523633
GPU 3 TB=5 arrived at iteration barrier (1/10) leaving iter=25 t=37523633
GPU 3 TB=6 arrived at iteration barrier (2/10) leaving iter=25 t=37523633
GPU 3 TB=9 arrived at iteration barrier (3/10) leaving iter=25 t=37523633
Node 2 chan 0: RDMA send to 3 physically drained (sender side) bid=9 sid=0 iter=25 nElems=524288 at t=37524007
Node 1 chan 1: RDMA send to 3 physically drained (sender side) bid=9 sid=0 iter=24 nElems=524288 at t=37525905
Node 1 chan 0: RDMA send to 3 physically drained (sender side) bid=8 sid=0 iter=24 nElems=524288 at t=37527577
Node 3 chan 0: transfer complete from peer 0 dst=(1,0) totalBytes=2097152 at t=37528613
GPU 3 TB=0 arrived at iteration barrier (4/10) leaving iter=25 t=37528613
Node 3 chan 1: transfer complete from peer 0 dst=(1,1) totalBytes=2097152 at t=37528945
GPU 3 TB=1 arrived at iteration barrier (5/10) leaving iter=25 t=37528945
Node 0 chan 0: RDMA send to 3 physically drained (sender side) bid=8 sid=0 iter=25 nElems=524288 at t=37532309
Node 0 chan 1: RDMA send to 3 physically drained (sender side) bid=9 sid=0 iter=25 nElems=524288 at t=37533145
Node 1 chan 0: transfer complete from peer 2 dst=(1,4) totalBytes=2097152 at t=37574129
GPU 1 TB=1 arrived at iteration barrier (4/10) leaving iter=25 t=37574129
Node 1 chan 1: transfer complete from peer 2 dst=(1,5) totalBytes=2097152 at t=37576121
GPU 1 TB=2 arrived at iteration barrier (5/10) leaving iter=25 t=37576121
Node 2 chan 0: RDMA send to 1 physically drained (sender side) bid=7 sid=0 iter=25 nElems=524288 at t=37578559
GPU 2 TB=6 sid=0 DISPATCHING RunStep t=37578559
GPU 2 TB=5 sid=0 DISPATCHING RunStep t=37578559
Node 2 chan 1: RDMA send to 0 totalBytes=2097152 over 1 lane(s) bid=6 sid=0 iter=25 part=0 rateGBps=0 at t=37578559
Node 2 chan 0: RDMA send to 0 totalBytes=2097152 over 1 lane(s) bid=5 sid=0 iter=25 part=0 rateGBps=0 at t=37578559
GPU 2 TB=6 arrived at iteration barrier (4/10) leaving iter=25 t=37578559
GPU 2 TB=5 arrived at iteration barrier (5/10) leaving iter=25 t=37578559
Node 2 chan 1: RDMA send to 1 physically drained (sender side) bid=8 sid=0 iter=25 nElems=524288 at t=37579895
Node 1 chan 0: transfer complete from peer 0 dst=(1,1) totalBytes=2097152 at t=37664881
GPU 1 TB=0 arrived at iteration barrier (6/10) leaving iter=25 t=37664881
Node 0 chan 0: RDMA send to 1 physically drained (sender side) bid=5 sid=0 iter=25 nElems=524288 at t=37666321
GPU 0 TB=7 sid=0 DISPATCHING RunStep t=37666321
GPU 0 TB=6 sid=0 DISPATCHING RunStep t=37666321
Node 0 chan 1: RDMA send to 2 totalBytes=2097152 over 1 lane(s) bid=7 sid=0 iter=25 part=0 rateGBps=0 at t=37666321
Node 0 chan 0: RDMA send to 2 totalBytes=2097152 over 1 lane(s) bid=6 sid=0 iter=25 part=0 rateGBps=0 at t=37666321
GPU 0 TB=7 arrived at iteration barrier (4/10) leaving iter=25 t=37666321
GPU 0 TB=6 arrived at iteration barrier (5/10) leaving iter=25 t=37666321
Node 3 chan 0: transfer complete from peer 2 dst=(1,5) totalBytes=2097152 at t=37797414
GPU 3 TB=4 arrived at iteration barrier (6/10) leaving iter=25 t=37797414
Node 2 chan 0: RDMA send to 3 physically drained (sender side) bid=9 sid=0 iter=25 nElems=524288 at t=37799003
Node 0 chan 0: transfer complete from peer 1 dst=(1,2) totalBytes=2097152 at t=38108473
Node 1 chan 0: RDMA send to 0 physically drained (sender side) bid=5 sid=0 iter=25 nElems=524288 at t=38109885
Node 2 chan 1: transfer complete from peer 1 dst=(1,3) totalBytes=2097152 at t=38167091
GPU 2 TB=3 arrived at iteration barrier (6/10) leaving iter=25 t=38167091
Node 2 chan 0: transfer complete from peer 1 dst=(1,2) totalBytes=2097152 at t=38169083
GPU 2 TB=2 arrived at iteration barrier (7/10) leaving iter=25 t=38169083
Node 1 chan 1: RDMA send to 2 physically drained (sender side) bid=7 sid=0 iter=25 nElems=524288 at t=38170910
Node 1 chan 0: RDMA send to 2 physically drained (sender side) bid=6 sid=0 iter=25 nElems=524288 at t=38172888
Node 2 chan 0: transfer complete from peer 3 dst=(1,6) totalBytes=2097152 at t=38187019
Node 3 chan 0: RDMA send to 2 physically drained (sender side) bid=9 sid=0 iter=25 nElems=524288 at t=38188427
Node 0 chan 1: transfer complete from peer 3 dst=(1,7) totalBytes=2097152 at t=38364005
GPU 0 TB=4 arrived at iteration barrier (6/10) leaving iter=25 t=38364005
Node 0 chan 0: transfer complete from peer 3 dst=(1,6) totalBytes=2097152 at t=38365997
GPU 0 TB=3 arrived at iteration barrier (7/10) leaving iter=25 t=38365997
Node 3 chan 1: RDMA send to 0 physically drained (sender side) bid=6 sid=0 iter=25 nElems=524288 at t=38366835
Node 3 chan 0: RDMA send to 0 physically drained (sender side) bid=5 sid=0 iter=25 nElems=524288 at t=38369806
GPU 3 TB=8 sid=0 DISPATCHING RunStep t=38369806
GPU 3 TB=7 sid=0 DISPATCHING RunStep t=38369806
Node 3 chan 1: RDMA send to 1 totalBytes=2097152 over 1 lane(s) bid=8 sid=0 iter=25 part=0 rateGBps=0 at t=38369806
Node 3 chan 0: RDMA send to 1 totalBytes=2097152 over 1 lane(s) bid=7 sid=0 iter=25 part=0 rateGBps=0 at t=38369806
GPU 3 TB=8 arrived at iteration barrier (7/10) leaving iter=25 t=38369806
GPU 3 TB=7 arrived at iteration barrier (8/10) leaving iter=25 t=38369806
Node 2 chan 1: transfer complete from peer 0 dst=(1,1) totalBytes=2097152 at t=38404291
GPU 2 TB=1 arrived at iteration barrier (8/10) leaving iter=25 t=38404291
Node 2 chan 0: transfer complete from peer 0 dst=(1,0) totalBytes=2097152 at t=38407611
GPU 2 TB=0 arrived at iteration barrier (9/10) leaving iter=25 t=38407611
Node 0 chan 1: RDMA send to 2 physically drained (sender side) bid=7 sid=0 iter=25 nElems=524288 at t=38408209
Node 0 chan 0: RDMA send to 2 physically drained (sender side) bid=6 sid=0 iter=25 nElems=524288 at t=38411533
Node 0 chan 0: transfer complete from peer 2 dst=(1,4) totalBytes=2097152 at t=38432781
GPU 0 TB=1 arrived at iteration barrier (8/10) leaving iter=25 t=38432781
Node 0 chan 1: transfer complete from peer 2 dst=(1,5) totalBytes=2097152 at t=38434773
GPU 0 TB=2 arrived at iteration barrier (9/10) leaving iter=25 t=38434773
Node 2 chan 0: RDMA send to 0 physically drained (sender side) bid=5 sid=0 iter=25 nElems=524288 at t=38435618
Node 2 chan 1: RDMA send to 0 physically drained (sender side) bid=6 sid=0 iter=25 nElems=524288 at t=38437599
Node 0 chan 0: transfer complete from peer 1 dst=(1,3) totalBytes=2097152 at t=38517109
GPU 0 TB=0 arrived at iteration barrier (10/10) leaving iter=25 t=38517109
GPU 0: iteration barrier releasing 10 threadblock(s) at t=38517109
GPU 0 TB=0 sid=0 DISPATCHING RunStep t=38517109
GPU 0 TB=1 sid=0 DISPATCHING RunStep t=38517109
GPU 0 TB=2 sid=0 DISPATCHING RunStep t=38517109
GPU 0 TB=3 sid=0 DISPATCHING RunStep t=38517109
GPU 0 TB=4 sid=0 DISPATCHING RunStep t=38517109
GPU 0 TB=5 sid=0 DISPATCHING RunStep t=38517109
GPU 0 TB=6 sid=0 BLOCKED on network completion of TB=5 step=0 needFlag=26624 netFlag=25600 t=38517109
GPU 0 TB=7 sid=0 BLOCKED on network completion of TB=5 step=0 needFlag=26624 netFlag=25600 t=38517109
GPU 0 TB=8 sid=0 DISPATCHING RunStep t=38517109
GPU 0 TB=9 sid=0 DISPATCHING RunStep t=38517109
Node 0 chan 0: RDMA send to 1 totalBytes=2097152 over 1 lane(s) bid=5 sid=0 iter=26 part=0 rateGBps=0 at t=38517109
Node 0 chan 0: RDMA send to 1 totalBytes=2097152 over 1 lane(s) bid=5 sid=0 iter=26 part=1 rateGBps=0 at t=38517109
Node 0 chan 0: RDMA send to 3 totalBytes=2097152 over 1 lane(s) bid=8 sid=0 iter=26 part=0 rateGBps=0 at t=38517109
Node 0 chan 1: RDMA send to 3 totalBytes=2097152 over 1 lane(s) bid=9 sid=0 iter=26 part=0 rateGBps=0 at t=38517109
GPU 0 TB=5 arrived at iteration barrier (1/10) leaving iter=26 t=38517109
GPU 0 TB=8 arrived at iteration barrier (2/10) leaving iter=26 t=38517109
GPU 0 TB=9 arrived at iteration barrier (3/10) leaving iter=26 t=38517109
Node 1 chan 0: RDMA send to 0 physically drained (sender side) bid=5 sid=0 iter=25 nElems=524288 at t=38518517
GPU 1 TB=9 sid=0 DISPATCHING RunStep t=38518517
GPU 1 TB=8 sid=0 DISPATCHING RunStep t=38518517
Node 1 chan 1: RDMA send to 3 totalBytes=2097152 over 1 lane(s) bid=9 sid=0 iter=25 part=0 rateGBps=0 at t=38518517
Node 1 chan 0: RDMA send to 3 totalBytes=2097152 over 1 lane(s) bid=8 sid=0 iter=25 part=0 rateGBps=0 at t=38518517
GPU 1 TB=9 arrived at iteration barrier (7/10) leaving iter=25 t=38518517
GPU 1 TB=8 arrived at iteration barrier (8/10) leaving iter=25 t=38518517
Node 2 chan 0: transfer complete from peer 3 dst=(1,7) totalBytes=2097152 at t=38652942
GPU 2 TB=4 arrived at iteration barrier (10/10) leaving iter=25 t=38652942
GPU 2: iteration barrier releasing 10 threadblock(s) at t=38652942
GPU 2 TB=0 sid=0 DISPATCHING RunStep t=38652942
GPU 2 TB=1 sid=0 DISPATCHING RunStep t=38652942
GPU 2 TB=2 sid=0 DISPATCHING RunStep t=38652942
GPU 2 TB=3 sid=0 DISPATCHING RunStep t=38652942
GPU 2 TB=4 sid=0 DISPATCHING RunStep t=38652942
GPU 2 TB=5 sid=0 BLOCKED on network completion of TB=7 step=0 needFlag=26624 netFlag=25600 t=38652942
GPU 2 TB=6 sid=0 BLOCKED on network completion of TB=7 step=0 needFlag=26624 netFlag=25600 t=38652942
GPU 2 TB=7 sid=0 DISPATCHING RunStep t=38652942
GPU 2 TB=8 sid=0 DISPATCHING RunStep t=38652942
GPU 2 TB=9 sid=0 DISPATCHING RunStep t=38652942
Node 2 chan 0: RDMA send to 1 totalBytes=2097152 over 1 lane(s) bid=7 sid=0 iter=26 part=0 rateGBps=0 at t=38652942
Node 2 chan 1: RDMA send to 1 totalBytes=2097152 over 1 lane(s) bid=8 sid=0 iter=26 part=0 rateGBps=0 at t=38652942
Node 2 chan 0: RDMA send to 3 totalBytes=2097152 over 1 lane(s) bid=9 sid=0 iter=26 part=0 rateGBps=0 at t=38652942
Node 2 chan 0: RDMA send to 3 totalBytes=2097152 over 1 lane(s) bid=9 sid=0 iter=26 part=1 rateGBps=0 at t=38652942
GPU 2 TB=7 arrived at iteration barrier (1/10) leaving iter=26 t=38652942
GPU 2 TB=8 arrived at iteration barrier (2/10) leaving iter=26 t=38652942
GPU 2 TB=9 arrived at iteration barrier (3/10) leaving iter=26 t=38652942
Node 3 chan 0: RDMA send to 2 physically drained (sender side) bid=9 sid=0 iter=25 nElems=524288 at t=38654647
Node 1 chan 0: transfer complete from peer 3 dst=(1,6) totalBytes=2097152 at t=39053381
GPU 1 TB=3 arrived at iteration barrier (9/10) leaving iter=25 t=39053381
Node 3 chan 0: RDMA send to 1 physically drained (sender side) bid=7 sid=0 iter=25 nElems=524288 at t=39057619
Node 1 chan 1: transfer complete from peer 3 dst=(1,7) totalBytes=2097152 at t=39060689
GPU 1 TB=4 arrived at iteration barrier (10/10) leaving iter=25 t=39060689
GPU 1: iteration barrier releasing 10 threadblock(s) at t=39060689
GPU 1 TB=0 sid=0 DISPATCHING RunStep t=39060689
GPU 1 TB=1 sid=0 DISPATCHING RunStep t=39060689
GPU 1 TB=2 sid=0 DISPATCHING RunStep t=39060689
GPU 1 TB=3 sid=0 DISPATCHING RunStep t=39060689
GPU 1 TB=4 sid=0 DISPATCHING RunStep t=39060689
GPU 1 TB=5 sid=0 DISPATCHING RunStep t=39060689
GPU 1 TB=6 sid=0 DISPATCHING RunStep t=39060689
GPU 1 TB=7 sid=0 DISPATCHING RunStep t=39060689
GPU 1 TB=8 sid=0 BLOCKED on network completion of TB=5 step=0 needFlag=26624 netFlag=25600 t=39060689
GPU 1 TB=9 sid=0 BLOCKED on network completion of TB=5 step=0 needFlag=26624 netFlag=25600 t=39060689
Node 1 chan 0: RDMA send to 0 totalBytes=2097152 over 1 lane(s) bid=5 sid=0 iter=26 part=0 rateGBps=0 at t=39060689
Node 1 chan 0: RDMA send to 0 totalBytes=2097152 over 1 lane(s) bid=5 sid=0 iter=26 part=1 rateGBps=0 at t=39060689
Node 1 chan 0: RDMA send to 2 totalBytes=2097152 over 1 lane(s) bid=6 sid=0 iter=26 part=0 rateGBps=0 at t=39060689
Node 1 chan 1: RDMA send to 2 totalBytes=2097152 over 1 lane(s) bid=7 sid=0 iter=26 part=0 rateGBps=0 at t=39060689
GPU 1 TB=5 arrived at iteration barrier (1/10) leaving iter=26 t=39060689
GPU 1 TB=6 arrived at iteration barrier (2/10) leaving iter=26 t=39060689
GPU 1 TB=7 arrived at iteration barrier (3/10) leaving iter=26 t=39060689
Node 3 chan 1: RDMA send to 1 physically drained (sender side) bid=8 sid=0 iter=25 nElems=524288 at t=39064267
Node 1 chan 0: transfer complete from peer 0 dst=(1,0) totalBytes=2097152 at t=39127177
Node 0 chan 0: RDMA send to 1 physically drained (sender side) bid=5 sid=0 iter=26 nElems=524288 at t=39128933
Node 2 chan 0: RDMA send to 3 physically drained (sender side) bid=9 sid=0 iter=26 nElems=524288 at t=39306043
Node 1 chan 1: transfer complete from peer 2 dst=(1,5) totalBytes=2097152 at t=39363585
GPU 1 TB=2 arrived at iteration barrier (4/10) leaving iter=26 t=39363585
Node 1 chan 0: transfer complete from peer 2 dst=(1,4) totalBytes=2097152 at t=39366241
GPU 1 TB=1 arrived at iteration barrier (5/10) leaving iter=26 t=39366241
Node 2 chan 1: RDMA send to 1 physically drained (sender side) bid=8 sid=0 iter=26 nElems=524288 at t=39367297
Node 2 chan 0: RDMA send to 1 physically drained (sender side) bid=7 sid=0 iter=26 nElems=524288 at t=39370262
GPU 2 TB=6 sid=0 DISPATCHING RunStep t=39370262
GPU 2 TB=5 sid=0 DISPATCHING RunStep t=39370262
Node 2 chan 1: RDMA send to 0 totalBytes=2097152 over 1 lane(s) bid=6 sid=0 iter=26 part=0 rateGBps=0 at t=39370262
Node 2 chan 0: RDMA send to 0 totalBytes=2097152 over 1 lane(s) bid=5 sid=0 iter=26 part=0 rateGBps=0 at t=39370262
GPU 2 TB=6 arrived at iteration barrier (4/10) leaving iter=26 t=39370262
GPU 2 TB=5 arrived at iteration barrier (5/10) leaving iter=26 t=39370262
Node 0 chan 1: RDMA send to 3 physically drained (sender side) bid=9 sid=0 iter=26 nElems=524288 at t=39402207
Node 3 chan 1: transfer complete from peer 1 dst=(1,3) totalBytes=2097152 at t=39408883
GPU 3 TB=3 arrived at iteration barrier (9/10) leaving iter=25 t=39408883
Node 0 chan 0: RDMA send to 3 physically drained (sender side) bid=8 sid=0 iter=26 nElems=524288 at t=39410191
Node 1 chan 1: RDMA send to 3 physically drained (sender side) bid=9 sid=0 iter=25 nElems=524288 at t=39412813
Node 3 chan 0: transfer complete from peer 1 dst=(1,2) totalBytes=2097152 at t=39413531
GPU 3 TB=2 arrived at iteration barrier (10/10) leaving iter=25 t=39413531
GPU 3: iteration barrier releasing 10 threadblock(s) at t=39413531
GPU 3 TB=0 sid=0 DISPATCHING RunStep t=39413531
GPU 3 TB=1 sid=0 DISPATCHING RunStep t=39413531
GPU 3 TB=2 sid=0 DISPATCHING RunStep t=39413531
GPU 3 TB=3 sid=0 DISPATCHING RunStep t=39413531
GPU 3 TB=4 sid=0 DISPATCHING RunStep t=39413531
GPU 3 TB=5 sid=0 DISPATCHING RunStep t=39413531
GPU 3 TB=6 sid=0 DISPATCHING RunStep t=39413531
GPU 3 TB=7 sid=0 BLOCKED on network completion of TB=5 step=0 needFlag=26624 netFlag=25600 t=39413531
GPU 3 TB=8 sid=0 BLOCKED on network completion of TB=5 step=0 needFlag=26624 netFlag=25600 t=39413531
GPU 3 TB=9 sid=0 DISPATCHING RunStep t=39413531
Node 3 chan 0: RDMA send to 0 totalBytes=2097152 over 1 lane(s) bid=5 sid=0 iter=26 part=0 rateGBps=0 at t=39413531
Node 3 chan 1: RDMA send to 0 totalBytes=2097152 over 1 lane(s) bid=6 sid=0 iter=26 part=0 rateGBps=0 at t=39413531
Node 3 chan 0: RDMA send to 2 totalBytes=2097152 over 1 lane(s) bid=9 sid=0 iter=26 part=0 rateGBps=0 at t=39413531
Node 3 chan 0: RDMA send to 2 totalBytes=2097152 over 1 lane(s) bid=9 sid=0 iter=26 part=1 rateGBps=0 at t=39413531
GPU 3 TB=0 arrived at iteration barrier (1/10) leaving iter=26 t=39413531
GPU 3 TB=1 arrived at iteration barrier (2/10) leaving iter=26 t=39413531
GPU 3 TB=5 arrived at iteration barrier (3/10) leaving iter=26 t=39413531
GPU 3 TB=6 arrived at iteration barrier (4/10) leaving iter=26 t=39413531
GPU 3 TB=9 arrived at iteration barrier (5/10) leaving iter=26 t=39413531
Node 1 chan 0: RDMA send to 3 physically drained (sender side) bid=8 sid=0 iter=25 nElems=524288 at t=39417149
Node 1 chan 0: transfer complete from peer 0 dst=(1,1) totalBytes=2097152 at t=39444409
GPU 1 TB=0 arrived at iteration barrier (6/10) leaving iter=26 t=39444409
Node 0 chan 0: RDMA send to 1 physically drained (sender side) bid=5 sid=0 iter=26 nElems=524288 at t=39446443
GPU 0 TB=7 sid=0 DISPATCHING RunStep t=39446443
GPU 0 TB=6 sid=0 DISPATCHING RunStep t=39446443
Node 0 chan 1: RDMA send to 2 totalBytes=2097152 over 1 lane(s) bid=7 sid=0 iter=26 part=0 rateGBps=0 at t=39446443
Node 0 chan 0: RDMA send to 2 totalBytes=2097152 over 1 lane(s) bid=6 sid=0 iter=26 part=0 rateGBps=0 at t=39446443
GPU 0 TB=7 arrived at iteration barrier (4/10) leaving iter=26 t=39446443
GPU 0 TB=6 arrived at iteration barrier (5/10) leaving iter=26 t=39446443
Node 3 chan 0: transfer complete from peer 2 dst=(1,5) totalBytes=2097152 at t=39630855
GPU 3 TB=4 arrived at iteration barrier (6/10) leaving iter=26 t=39630855
Node 2 chan 0: RDMA send to 3 physically drained (sender side) bid=9 sid=0 iter=26 nElems=524288 at t=39632573
Node 0 chan 0: transfer complete from peer 1 dst=(1,2) totalBytes=2097152 at t=39706215
Node 1 chan 0: RDMA send to 0 physically drained (sender side) bid=5 sid=0 iter=26 nElems=524288 at t=39707623
Node 2 chan 1: transfer complete from peer 1 dst=(1,3) totalBytes=2097152 at t=39895009
GPU 2 TB=3 arrived at iteration barrier (6/10) leaving iter=26 t=39895009
Node 1 chan 1: RDMA send to 2 physically drained (sender side) bid=7 sid=0 iter=26 nElems=524288 at t=39897845
Node 2 chan 0: transfer complete from peer 1 dst=(1,2) totalBytes=2097152 at t=39913285
GPU 2 TB=2 arrived at iteration barrier (7/10) leaving iter=26 t=39913285
Node 1 chan 0: RDMA send to 2 physically drained (sender side) bid=6 sid=0 iter=26 nElems=524288 at t=39916822
Node 2 chan 0: transfer complete from peer 3 dst=(1,6) totalBytes=2097152 at t=40051477
Node 3 chan 0: RDMA send to 2 physically drained (sender side) bid=9 sid=0 iter=26 nElems=524288 at t=40052885
Node 2 chan 1: transfer complete from peer 0 dst=(1,1) totalBytes=2097152 at t=40164097
GPU 2 TB=1 arrived at iteration barrier (8/10) leaving iter=26 t=40164097
Node 0 chan 1: RDMA send to 2 physically drained (sender side) bid=7 sid=0 iter=26 nElems=524288 at t=40168079
Node 2 chan 0: transfer complete from peer 0 dst=(1,0) totalBytes=2097152 at t=40170073
GPU 2 TB=0 arrived at iteration barrier (9/10) leaving iter=26 t=40170073
Node 0 chan 0: RDMA send to 2 physically drained (sender side) bid=6 sid=0 iter=26 nElems=524288 at t=40174059
Node 0 chan 1: transfer complete from peer 2 dst=(1,5) totalBytes=2097152 at t=40211575
GPU 0 TB=2 arrived at iteration barrier (6/10) leaving iter=26 t=40211575
Node 2 chan 1: RDMA send to 0 physically drained (sender side) bid=6 sid=0 iter=26 nElems=524288 at t=40214461
Node 0 chan 0: transfer complete from peer 2 dst=(1,4) totalBytes=2097152 at t=40229835
GPU 0 TB=1 arrived at iteration barrier (7/10) leaving iter=26 t=40229835
Node 2 chan 0: RDMA send to 0 physically drained (sender side) bid=5 sid=0 iter=26 nElems=524288 at t=40232661
Node 0 chan 0: transfer complete from peer 3 dst=(1,6) totalBytes=2097152 at t=40270339
GPU 0 TB=3 arrived at iteration barrier (8/10) leaving iter=26 t=40270339
Node 0 chan 1: transfer complete from peer 3 dst=(1,7) totalBytes=2097152 at t=40271003
GPU 0 TB=4 arrived at iteration barrier (9/10) leaving iter=26 t=40271003
Node 3 chan 0: RDMA send to 0 physically drained (sender side) bid=5 sid=0 iter=26 nElems=524288 at t=40273165
GPU 3 TB=8 sid=0 DISPATCHING RunStep t=40273165
GPU 3 TB=7 sid=0 DISPATCHING RunStep t=40273165
Node 3 chan 1: RDMA send to 1 totalBytes=2097152 over 1 lane(s) bid=8 sid=0 iter=26 part=0 rateGBps=0 at t=40273165
Node 3 chan 0: RDMA send to 1 totalBytes=2097152 over 1 lane(s) bid=7 sid=0 iter=26 part=0 rateGBps=0 at t=40273165
GPU 3 TB=8 arrived at iteration barrier (7/10) leaving iter=26 t=40273165
GPU 3 TB=7 arrived at iteration barrier (8/10) leaving iter=26 t=40273165
Node 3 chan 1: RDMA send to 0 physically drained (sender side) bid=6 sid=0 iter=26 nElems=524288 at t=40273829
Node 0 chan 0: transfer complete from peer 1 dst=(1,3) totalBytes=2097152 at t=40308187
GPU 0 TB=0 arrived at iteration barrier (10/10) leaving iter=26 t=40308187
GPU 0: iteration barrier releasing 10 threadblock(s) at t=40308187
GPU 0 TB=0 sid=0 DISPATCHING RunStep t=40308187
GPU 0 TB=1 sid=0 DISPATCHING RunStep t=40308187
GPU 0 TB=2 sid=0 DISPATCHING RunStep t=40308187
GPU 0 TB=3 sid=0 DISPATCHING RunStep t=40308187
GPU 0 TB=4 sid=0 DISPATCHING RunStep t=40308187
GPU 0 TB=5 sid=0 DISPATCHING RunStep t=40308187
GPU 0 TB=6 sid=0 BLOCKED on network completion of TB=5 step=0 needFlag=27648 netFlag=26624 t=40308187
GPU 0 TB=7 sid=0 BLOCKED on network completion of TB=5 step=0 needFlag=27648 netFlag=26624 t=40308187
GPU 0 TB=8 sid=0 DISPATCHING RunStep t=40308187
GPU 0 TB=9 sid=0 DISPATCHING RunStep t=40308187
Node 0 chan 0: RDMA send to 1 totalBytes=2097152 over 1 lane(s) bid=5 sid=0 iter=27 part=0 rateGBps=0 at t=40308187
Node 0 chan 0: RDMA send to 1 totalBytes=2097152 over 1 lane(s) bid=5 sid=0 iter=27 part=1 rateGBps=0 at t=40308187
Node 0 chan 0: RDMA send to 3 totalBytes=2097152 over 1 lane(s) bid=8 sid=0 iter=27 part=0 rateGBps=0 at t=40308187
Node 0 chan 1: RDMA send to 3 totalBytes=2097152 over 1 lane(s) bid=9 sid=0 iter=27 part=0 rateGBps=0 at t=40308187
GPU 0 TB=5 arrived at iteration barrier (1/10) leaving iter=27 t=40308187
GPU 0 TB=8 arrived at iteration barrier (2/10) leaving iter=27 t=40308187
GPU 0 TB=9 arrived at iteration barrier (3/10) leaving iter=27 t=40308187
Node 1 chan 0: RDMA send to 0 physically drained (sender side) bid=5 sid=0 iter=26 nElems=524288 at t=40309595
GPU 1 TB=9 sid=0 DISPATCHING RunStep t=40309595
GPU 1 TB=8 sid=0 DISPATCHING RunStep t=40309595
Node 1 chan 1: RDMA send to 3 totalBytes=2097152 over 1 lane(s) bid=9 sid=0 iter=26 part=0 rateGBps=0 at t=40309595
Node 1 chan 0: RDMA send to 3 totalBytes=2097152 over 1 lane(s) bid=8 sid=0 iter=26 part=0 rateGBps=0 at t=40309595
GPU 1 TB=9 arrived at iteration barrier (7/10) leaving iter=26 t=40309595
GPU 1 TB=8 arrived at iteration barrier (8/10) leaving iter=26 t=40309595
Node 2 chan 0: transfer complete from peer 3 dst=(1,7) totalBytes=2097152 at t=40433761
GPU 2 TB=4 arrived at iteration barrier (10/10) leaving iter=26 t=40433761
GPU 2: iteration barrier releasing 10 threadblock(s) at t=40433761
GPU 2 TB=0 sid=0 DISPATCHING RunStep t=40433761
GPU 2 TB=1 sid=0 DISPATCHING RunStep t=40433761
GPU 2 TB=2 sid=0 DISPATCHING RunStep t=40433761
GPU 2 TB=3 sid=0 DISPATCHING RunStep t=40433761
GPU 2 TB=4 sid=0 DISPATCHING RunStep t=40433761
GPU 2 TB=5 sid=0 BLOCKED on network completion of TB=7 step=0 needFlag=27648 netFlag=26624 t=40433761
GPU 2 TB=6 sid=0 BLOCKED on network completion of TB=7 step=0 needFlag=27648 netFlag=26624 t=40433761
GPU 2 TB=7 sid=0 DISPATCHING RunStep t=40433761
GPU 2 TB=8 sid=0 DISPATCHING RunStep t=40433761
GPU 2 TB=9 sid=0 DISPATCHING RunStep t=40433761
Node 2 chan 0: RDMA send to 1 totalBytes=2097152 over 1 lane(s) bid=7 sid=0 iter=27 part=0 rateGBps=0 at t=40433761
Node 2 chan 1: RDMA send to 1 totalBytes=2097152 over 1 lane(s) bid=8 sid=0 iter=27 part=0 rateGBps=0 at t=40433761
Node 2 chan 0: RDMA send to 3 totalBytes=2097152 over 1 lane(s) bid=9 sid=0 iter=27 part=0 rateGBps=0 at t=40433761
Node 2 chan 0: RDMA send to 3 totalBytes=2097152 over 1 lane(s) bid=9 sid=0 iter=27 part=1 rateGBps=0 at t=40433761
GPU 2 TB=7 arrived at iteration barrier (1/10) leaving iter=27 t=40433761
GPU 2 TB=8 arrived at iteration barrier (2/10) leaving iter=27 t=40433761
GPU 2 TB=9 arrived at iteration barrier (3/10) leaving iter=27 t=40433761
Node 3 chan 0: RDMA send to 2 physically drained (sender side) bid=9 sid=0 iter=26 nElems=524288 at t=40435415
Node 0 chan 0: RDMA send to 1 physically drained (sender side) bid=5 sid=0 iter=27 nElems=524288 at t=40981075
Node 1 chan 0: transfer complete from peer 3 dst=(1,6) totalBytes=2097152 at t=41044775
GPU 1 TB=3 arrived at iteration barrier (9/10) leaving iter=26 t=41044775
Node 1 chan 1: transfer complete from peer 3 dst=(1,7) totalBytes=2097152 at t=41047763
GPU 1 TB=4 arrived at iteration barrier (10/10) leaving iter=26 t=41047763
GPU 1: iteration barrier releasing 10 threadblock(s) at t=41047763
GPU 1 TB=0 sid=0 DISPATCHING RunStep t=41047763
GPU 1 TB=1 sid=0 DISPATCHING RunStep t=41047763
GPU 1 TB=2 sid=0 DISPATCHING RunStep t=41047763
GPU 1 TB=3 sid=0 DISPATCHING RunStep t=41047763
GPU 1 TB=4 sid=0 DISPATCHING RunStep t=41047763
GPU 1 TB=5 sid=0 DISPATCHING RunStep t=41047763
GPU 1 TB=6 sid=0 DISPATCHING RunStep t=41047763
GPU 1 TB=7 sid=0 DISPATCHING RunStep t=41047763
GPU 1 TB=8 sid=0 BLOCKED on network completion of TB=5 step=0 needFlag=27648 netFlag=26624 t=41047763
GPU 1 TB=9 sid=0 BLOCKED on network completion of TB=5 step=0 needFlag=27648 netFlag=26624 t=41047763
Node 1 chan 0: RDMA send to 0 totalBytes=2097152 over 1 lane(s) bid=5 sid=0 iter=27 part=0 rateGBps=0 at t=41047763
Node 1 chan 0: RDMA send to 0 totalBytes=2097152 over 1 lane(s) bid=5 sid=0 iter=27 part=1 rateGBps=0 at t=41047763
Node 1 chan 0: RDMA send to 2 totalBytes=2097152 over 1 lane(s) bid=6 sid=0 iter=27 part=0 rateGBps=0 at t=41047763
Node 1 chan 1: RDMA send to 2 totalBytes=2097152 over 1 lane(s) bid=7 sid=0 iter=27 part=0 rateGBps=0 at t=41047763
GPU 1 TB=5 arrived at iteration barrier (1/10) leaving iter=27 t=41047763
GPU 1 TB=6 arrived at iteration barrier (2/10) leaving iter=27 t=41047763
GPU 1 TB=7 arrived at iteration barrier (3/10) leaving iter=27 t=41047763
Node 3 chan 0: RDMA send to 1 physically drained (sender side) bid=7 sid=0 iter=26 nElems=524288 at t=41048675
Node 3 chan 1: RDMA send to 1 physically drained (sender side) bid=8 sid=0 iter=26 nElems=524288 at t=41050671
Node 2 chan 0: RDMA send to 3 physically drained (sender side) bid=9 sid=0 iter=27 nElems=524288 at t=41158589
Node 3 chan 0: transfer complete from peer 1 dst=(1,2) totalBytes=2097152 at t=41163551
GPU 3 TB=2 arrived at iteration barrier (9/10) leaving iter=26 t=41163551
Node 0 chan 0: RDMA send to 3 physically drained (sender side) bid=8 sid=0 iter=27 nElems=524288 at t=41164405
Node 3 chan 1: transfer complete from peer 1 dst=(1,3) totalBytes=2097152 at t=41165211
GPU 3 TB=3 arrived at iteration barrier (10/10) leaving iter=26 t=41165211
GPU 3: iteration barrier releasing 10 threadblock(s) at t=41165211
GPU 3 TB=0 sid=0 DISPATCHING RunStep t=41165211
GPU 3 TB=1 sid=0 DISPATCHING RunStep t=41165211
GPU 3 TB=2 sid=0 DISPATCHING RunStep t=41165211
GPU 3 TB=3 sid=0 DISPATCHING RunStep t=41165211
GPU 3 TB=4 sid=0 DISPATCHING RunStep t=41165211
GPU 3 TB=5 sid=0 DISPATCHING RunStep t=41165211
GPU 3 TB=6 sid=0 DISPATCHING RunStep t=41165211
GPU 3 TB=7 sid=0 BLOCKED on network completion of TB=5 step=0 needFlag=27648 netFlag=26624 t=41165211
GPU 3 TB=8 sid=0 BLOCKED on network completion of TB=5 step=0 needFlag=27648 netFlag=26624 t=41165211
GPU 3 TB=9 sid=0 DISPATCHING RunStep t=41165211
Node 3 chan 0: RDMA send to 0 totalBytes=2097152 over 1 lane(s) bid=5 sid=0 iter=27 part=0 rateGBps=0 at t=41165211
Node 3 chan 1: RDMA send to 0 totalBytes=2097152 over 1 lane(s) bid=6 sid=0 iter=27 part=0 rateGBps=0 at t=41165211
Node 3 chan 0: RDMA send to 2 totalBytes=2097152 over 1 lane(s) bid=9 sid=0 iter=27 part=0 rateGBps=0 at t=41165211
Node 3 chan 0: RDMA send to 2 totalBytes=2097152 over 1 lane(s) bid=9 sid=0 iter=27 part=1 rateGBps=0 at t=41165211
GPU 3 TB=0 arrived at iteration barrier (1/10) leaving iter=27 t=41165211
GPU 3 TB=5 arrived at iteration barrier (2/10) leaving iter=27 t=41165211
GPU 3 TB=6 arrived at iteration barrier (3/10) leaving iter=27 t=41165211
GPU 3 TB=9 arrived at iteration barrier (4/10) leaving iter=27 t=41165211
Node 1 chan 0: RDMA send to 3 physically drained (sender side) bid=8 sid=0 iter=26 nElems=524288 at t=41167135
Node 3 chan 1: transfer complete from peer 0 dst=(1,1) totalBytes=2097152 at t=41167535
GPU 3 TB=1 arrived at iteration barrier (5/10) leaving iter=27 t=41167535
Node 1 chan 1: RDMA send to 3 physically drained (sender side) bid=9 sid=0 iter=26 nElems=524288 at t=41168471
Node 0 chan 1: RDMA send to 3 physically drained (sender side) bid=9 sid=0 iter=27 nElems=524288 at t=41171395
Node 1 chan 0: transfer complete from peer 2 dst=(1,4) totalBytes=2097152 at t=41227655
GPU 1 TB=1 arrived at iteration barrier (4/10) leaving iter=27 t=41227655
Node 2 chan 0: RDMA send to 1 physically drained (sender side) bid=7 sid=0 iter=27 nElems=524288 at t=41231426
GPU 2 TB=6 sid=0 DISPATCHING RunStep t=41231426
GPU 2 TB=5 sid=0 DISPATCHING RunStep t=41231426
Node 2 chan 1: RDMA send to 0 totalBytes=2097152 over 1 lane(s) bid=6 sid=0 iter=27 part=0 rateGBps=0 at t=41231426
Node 2 chan 0: RDMA send to 0 totalBytes=2097152 over 1 lane(s) bid=5 sid=0 iter=27 part=0 rateGBps=0 at t=41231426
GPU 2 TB=6 arrived at iteration barrier (4/10) leaving iter=27 t=41231426
GPU 2 TB=5 arrived at iteration barrier (5/10) leaving iter=27 t=41231426
Node 1 chan 1: transfer complete from peer 2 dst=(1,5) totalBytes=2097152 at t=41232979
GPU 1 TB=2 arrived at iteration barrier (5/10) leaving iter=27 t=41232979
Node 2 chan 1: RDMA send to 1 physically drained (sender side) bid=8 sid=0 iter=27 nElems=524288 at t=41236746
Node 1 chan 0: transfer complete from peer 0 dst=(1,1) totalBytes=2097152 at t=41309439
GPU 1 TB=0 arrived at iteration barrier (6/10) leaving iter=27 t=41309439
Node 0 chan 0: RDMA send to 1 physically drained (sender side) bid=5 sid=0 iter=27 nElems=524288 at t=41311309
GPU 0 TB=7 sid=0 DISPATCHING RunStep t=41311309
GPU 0 TB=6 sid=0 DISPATCHING RunStep t=41311309
Node 0 chan 1: RDMA send to 2 totalBytes=2097152 over 1 lane(s) bid=7 sid=0 iter=27 part=0 rateGBps=0 at t=41311309
Node 0 chan 0: RDMA send to 2 totalBytes=2097152 over 1 lane(s) bid=6 sid=0 iter=27 part=0 rateGBps=0 at t=41311309
GPU 0 TB=7 arrived at iteration barrier (4/10) leaving iter=27 t=41311309
GPU 0 TB=6 arrived at iteration barrier (5/10) leaving iter=27 t=41311309
Node 3 chan 0: transfer complete from peer 2 dst=(1,5) totalBytes=2097152 at t=41441966
GPU 3 TB=4 arrived at iteration barrier (6/10) leaving iter=27 t=41441966
Node 2 chan 0: RDMA send to 3 physically drained (sender side) bid=9 sid=0 iter=27 nElems=524288 at t=41443554
Node 0 chan 0: transfer complete from peer 1 dst=(1,2) totalBytes=2097152 at t=41747481
Node 1 chan 0: RDMA send to 0 physically drained (sender side) bid=5 sid=0 iter=27 nElems=524288 at t=41748893
Node 2 chan 0: transfer complete from peer 1 dst=(1,2) totalBytes=2097152 at t=41799014
GPU 2 TB=2 arrived at iteration barrier (6/10) leaving iter=27 t=41799014
Node 1 chan 0: RDMA send to 2 physically drained (sender side) bid=6 sid=0 iter=27 nElems=524288 at t=41802572
Node 2 chan 1: transfer complete from peer 1 dst=(1,3) totalBytes=2097152 at t=41812966
GPU 2 TB=3 arrived at iteration barrier (7/10) leaving iter=27 t=41812966
Node 1 chan 1: RDMA send to 2 physically drained (sender side) bid=7 sid=0 iter=27 nElems=524288 at t=41816896
Node 2 chan 0: transfer complete from peer 3 dst=(1,6) totalBytes=2097152 at t=41824926
Node 3 chan 0: RDMA send to 2 physically drained (sender side) bid=9 sid=0 iter=27 nElems=524288 at t=41826338
Node 0 chan 0: transfer complete from peer 3 dst=(1,6) totalBytes=2097152 at t=41998025
GPU 0 TB=3 arrived at iteration barrier (6/10) leaving iter=27 t=41998025
Node 3 chan 0: RDMA send to 0 physically drained (sender side) bid=5 sid=0 iter=27 nElems=524288 at t=42001834
GPU 3 TB=8 sid=0 DISPATCHING RunStep t=42001834
GPU 3 TB=7 sid=0 DISPATCHING RunStep t=42001834
Node 3 chan 1: RDMA send to 1 totalBytes=2097152 over 1 lane(s) bid=8 sid=0 iter=27 part=0 rateGBps=0 at t=42001834
Node 3 chan 0: RDMA send to 1 totalBytes=2097152 over 1 lane(s) bid=7 sid=0 iter=27 part=0 rateGBps=0 at t=42001834
GPU 3 TB=8 arrived at iteration barrier (7/10) leaving iter=27 t=42001834
GPU 3 TB=7 arrived at iteration barrier (8/10) leaving iter=27 t=42001834
Node 0 chan 1: transfer complete from peer 3 dst=(1,7) totalBytes=2097152 at t=42013313
GPU 0 TB=4 arrived at iteration barrier (7/10) leaving iter=27 t=42013313
Node 3 chan 1: RDMA send to 0 physically drained (sender side) bid=6 sid=0 iter=27 nElems=524288 at t=42016139
Node 2 chan 0: transfer complete from peer 0 dst=(1,0) totalBytes=2097152 at t=42048178
GPU 2 TB=0 arrived at iteration barrier (8/10) leaving iter=27 t=42048178
Node 2 chan 1: transfer complete from peer 0 dst=(1,1) totalBytes=2097152 at t=42050502
GPU 2 TB=1 arrived at iteration barrier (9/10) leaving iter=27 t=42050502
Node 0 chan 0: RDMA send to 2 physically drained (sender side) bid=6 sid=0 iter=27 nElems=524288 at t=42052201
Node 0 chan 1: RDMA send to 2 physically drained (sender side) bid=7 sid=0 iter=27 nElems=524288 at t=42054197
Node 0 chan 0: transfer complete from peer 2 dst=(1,4) totalBytes=2097152 at t=42081089
GPU 0 TB=1 arrived at iteration barrier (8/10) leaving iter=27 t=42081089
Node 2 chan 0: RDMA send to 0 physically drained (sender side) bid=5 sid=0 iter=27 nElems=524288 at t=42083915
Node 0 chan 1: transfer complete from peer 2 dst=(1,5) totalBytes=2097152 at t=42087397
GPU 0 TB=2 arrived at iteration barrier (9/10) leaving iter=27 t=42087397
Node 2 chan 1: RDMA send to 0 physically drained (sender side) bid=6 sid=0 iter=27 nElems=524288 at t=42090458
Node 0 chan 0: transfer complete from peer 1 dst=(1,3) totalBytes=2097152 at t=42161433
GPU 0 TB=0 arrived at iteration barrier (10/10) leaving iter=27 t=42161433
GPU 0: iteration barrier releasing 10 threadblock(s) at t=42161433
GPU 0 TB=0 sid=0 DISPATCHING RunStep t=42161433
GPU 0 TB=1 sid=0 DISPATCHING RunStep t=42161433
GPU 0 TB=2 sid=0 DISPATCHING RunStep t=42161433
GPU 0 TB=3 sid=0 DISPATCHING RunStep t=42161433
GPU 0 TB=4 sid=0 DISPATCHING RunStep t=42161433
GPU 0 TB=5 sid=0 DISPATCHING RunStep t=42161433
GPU 0 TB=6 sid=0 BLOCKED on network completion of TB=5 step=0 needFlag=28672 netFlag=27648 t=42161433
GPU 0 TB=7 sid=0 BLOCKED on network completion of TB=5 step=0 needFlag=28672 netFlag=27648 t=42161433
GPU 0 TB=8 sid=0 DISPATCHING RunStep t=42161433
GPU 0 TB=9 sid=0 DISPATCHING RunStep t=42161433
Node 0 chan 0: RDMA send to 1 totalBytes=2097152 over 1 lane(s) bid=5 sid=0 iter=28 part=0 rateGBps=0 at t=42161433
Node 0 chan 0: RDMA send to 1 totalBytes=2097152 over 1 lane(s) bid=5 sid=0 iter=28 part=1 rateGBps=0 at t=42161433
Node 0 chan 0: RDMA send to 3 totalBytes=2097152 over 1 lane(s) bid=8 sid=0 iter=28 part=0 rateGBps=0 at t=42161433
Node 0 chan 1: RDMA send to 3 totalBytes=2097152 over 1 lane(s) bid=9 sid=0 iter=28 part=0 rateGBps=0 at t=42161433
GPU 0 TB=5 arrived at iteration barrier (1/10) leaving iter=28 t=42161433
GPU 0 TB=8 arrived at iteration barrier (2/10) leaving iter=28 t=42161433
GPU 0 TB=9 arrived at iteration barrier (3/10) leaving iter=28 t=42161433
Node 1 chan 0: RDMA send to 0 physically drained (sender side) bid=5 sid=0 iter=27 nElems=524288 at t=42162841
GPU 1 TB=9 sid=0 DISPATCHING RunStep t=42162841
GPU 1 TB=8 sid=0 DISPATCHING RunStep t=42162841
Node 1 chan 1: RDMA send to 3 totalBytes=2097152 over 1 lane(s) bid=9 sid=0 iter=27 part=0 rateGBps=0 at t=42162841
Node 1 chan 0: RDMA send to 3 totalBytes=2097152 over 1 lane(s) bid=8 sid=0 iter=27 part=0 rateGBps=0 at t=42162841
GPU 1 TB=9 arrived at iteration barrier (7/10) leaving iter=27 t=42162841
GPU 1 TB=8 arrived at iteration barrier (8/10) leaving iter=27 t=42162841
Node 2 chan 0: transfer complete from peer 3 dst=(1,7) totalBytes=2097152 at t=42286182
GPU 2 TB=4 arrived at iteration barrier (10/10) leaving iter=27 t=42286182
GPU 2: iteration barrier releasing 10 threadblock(s) at t=42286182
GPU 2 TB=0 sid=0 DISPATCHING RunStep t=42286182
GPU 2 TB=1 sid=0 DISPATCHING RunStep t=42286182
GPU 2 TB=2 sid=0 DISPATCHING RunStep t=42286182
GPU 2 TB=3 sid=0 DISPATCHING RunStep t=42286182
GPU 2 TB=4 sid=0 DISPATCHING RunStep t=42286182
GPU 2 TB=5 sid=0 BLOCKED on network completion of TB=7 step=0 needFlag=28672 netFlag=27648 t=42286182
GPU 2 TB=6 sid=0 BLOCKED on network completion of TB=7 step=0 needFlag=28672 netFlag=27648 t=42286182
GPU 2 TB=7 sid=0 DISPATCHING RunStep t=42286182
GPU 2 TB=8 sid=0 DISPATCHING RunStep t=42286182
GPU 2 TB=9 sid=0 DISPATCHING RunStep t=42286182
Node 2 chan 0: RDMA send to 1 totalBytes=2097152 over 1 lane(s) bid=7 sid=0 iter=28 part=0 rateGBps=0 at t=42286182
Node 2 chan 1: RDMA send to 1 totalBytes=2097152 over 1 lane(s) bid=8 sid=0 iter=28 part=0 rateGBps=0 at t=42286182
Node 2 chan 0: RDMA send to 3 totalBytes=2097152 over 1 lane(s) bid=9 sid=0 iter=28 part=0 rateGBps=0 at t=42286182
Node 2 chan 0: RDMA send to 3 totalBytes=2097152 over 1 lane(s) bid=9 sid=0 iter=28 part=1 rateGBps=0 at t=42286182
GPU 2 TB=7 arrived at iteration barrier (1/10) leaving iter=28 t=42286182
GPU 2 TB=8 arrived at iteration barrier (2/10) leaving iter=28 t=42286182
GPU 2 TB=9 arrived at iteration barrier (3/10) leaving iter=28 t=42286182
Node 3 chan 0: RDMA send to 2 physically drained (sender side) bid=9 sid=0 iter=27 nElems=524288 at t=42287917
Node 1 chan 1: transfer complete from peer 3 dst=(1,7) totalBytes=2097152 at t=42691798
GPU 1 TB=4 arrived at iteration barrier (9/10) leaving iter=27 t=42691798
Node 1 chan 0: transfer complete from peer 3 dst=(1,6) totalBytes=2097152 at t=42694786
GPU 1 TB=3 arrived at iteration barrier (10/10) leaving iter=27 t=42694786
GPU 1: iteration barrier releasing 10 threadblock(s) at t=42694786
GPU 1 TB=0 sid=0 DISPATCHING RunStep t=42694786
GPU 1 TB=1 sid=0 DISPATCHING RunStep t=42694786
GPU 1 TB=2 sid=0 DISPATCHING RunStep t=42694786
GPU 1 TB=3 sid=0 DISPATCHING RunStep t=42694786
GPU 1 TB=4 sid=0 DISPATCHING RunStep t=42694786
GPU 1 TB=5 sid=0 DISPATCHING RunStep t=42694786
GPU 1 TB=6 sid=0 DISPATCHING RunStep t=42694786
GPU 1 TB=7 sid=0 DISPATCHING RunStep t=42694786
GPU 1 TB=8 sid=0 BLOCKED on network completion of TB=5 step=0 needFlag=28672 netFlag=27648 t=42694786
GPU 1 TB=9 sid=0 BLOCKED on network completion of TB=5 step=0 needFlag=28672 netFlag=27648 t=42694786
Node 1 chan 0: RDMA send to 0 totalBytes=2097152 over 1 lane(s) bid=5 sid=0 iter=28 part=0 rateGBps=0 at t=42694786
Node 1 chan 0: RDMA send to 0 totalBytes=2097152 over 1 lane(s) bid=5 sid=0 iter=28 part=1 rateGBps=0 at t=42694786
Node 1 chan 0: RDMA send to 2 totalBytes=2097152 over 1 lane(s) bid=6 sid=0 iter=28 part=0 rateGBps=0 at t=42694786
Node 1 chan 1: RDMA send to 2 totalBytes=2097152 over 1 lane(s) bid=7 sid=0 iter=28 part=0 rateGBps=0 at t=42694786
GPU 1 TB=5 arrived at iteration barrier (1/10) leaving iter=28 t=42694786
GPU 1 TB=6 arrived at iteration barrier (2/10) leaving iter=28 t=42694786
GPU 1 TB=7 arrived at iteration barrier (3/10) leaving iter=28 t=42694786
Node 3 chan 1: RDMA send to 1 physically drained (sender side) bid=8 sid=0 iter=27 nElems=524288 at t=42695541
Node 3 chan 0: RDMA send to 1 physically drained (sender side) bid=7 sid=0 iter=27 nElems=524288 at t=42698865
Node 1 chan 0: transfer complete from peer 0 dst=(1,0) totalBytes=2097152 at t=42776234
Node 0 chan 0: RDMA send to 1 physically drained (sender side) bid=5 sid=0 iter=28 nElems=524288 at t=42777662
Node 2 chan 0: RDMA send to 3 physically drained (sender side) bid=9 sid=0 iter=28 nElems=524288 at t=42939218
Node 1 chan 1: transfer complete from peer 2 dst=(1,5) totalBytes=2097152 at t=42998014
GPU 1 TB=2 arrived at iteration barrier (4/10) leaving iter=28 t=42998014
Node 2 chan 1: RDMA send to 1 physically drained (sender side) bid=8 sid=0 iter=28 nElems=524288 at t=43002033
Node 1 chan 0: transfer complete from peer 2 dst=(1,4) totalBytes=2097152 at t=43002670
GPU 1 TB=1 arrived at iteration barrier (5/10) leaving iter=28 t=43002670
Node 2 chan 0: RDMA send to 1 physically drained (sender side) bid=7 sid=0 iter=28 nElems=524288 at t=43006686
GPU 2 TB=6 sid=0 DISPATCHING RunStep t=43006686
GPU 2 TB=5 sid=0 DISPATCHING RunStep t=43006686
Node 2 chan 1: RDMA send to 0 totalBytes=2097152 over 1 lane(s) bid=6 sid=0 iter=28 part=0 rateGBps=0 at t=43006686
Node 2 chan 0: RDMA send to 0 totalBytes=2097152 over 1 lane(s) bid=5 sid=0 iter=28 part=0 rateGBps=0 at t=43006686
GPU 2 TB=6 arrived at iteration barrier (4/10) leaving iter=28 t=43006686
GPU 2 TB=5 arrived at iteration barrier (5/10) leaving iter=28 t=43006686
Node 0 chan 1: RDMA send to 3 physically drained (sender side) bid=9 sid=0 iter=28 nElems=524288 at t=43050066
Node 0 chan 0: RDMA send to 3 physically drained (sender side) bid=8 sid=0 iter=28 nElems=524288 at t=43059046
Node 3 chan 1: transfer complete from peer 1 dst=(1,3) totalBytes=2097152 at t=43059749
GPU 3 TB=3 arrived at iteration barrier (9/10) leaving iter=27 t=43059749
Node 1 chan 1: RDMA send to 3 physically drained (sender side) bid=9 sid=0 iter=27 nElems=524288 at t=43063730
Node 3 chan 0: transfer complete from peer 1 dst=(1,2) totalBytes=2097152 at t=43064729
GPU 3 TB=2 arrived at iteration barrier (10/10) leaving iter=27 t=43064729
GPU 3: iteration barrier releasing 10 threadblock(s) at t=43064729
GPU 3 TB=0 sid=0 DISPATCHING RunStep t=43064729
GPU 3 TB=1 sid=0 DISPATCHING RunStep t=43064729
GPU 3 TB=2 sid=0 DISPATCHING RunStep t=43064729
GPU 3 TB=3 sid=0 DISPATCHING RunStep t=43064729
GPU 3 TB=4 sid=0 DISPATCHING RunStep t=43064729
GPU 3 TB=5 sid=0 DISPATCHING RunStep t=43064729
GPU 3 TB=6 sid=0 DISPATCHING RunStep t=43064729
GPU 3 TB=7 sid=0 BLOCKED on network completion of TB=5 step=0 needFlag=28672 netFlag=27648 t=43064729
GPU 3 TB=8 sid=0 BLOCKED on network completion of TB=5 step=0 needFlag=28672 netFlag=27648 t=43064729
GPU 3 TB=9 sid=0 DISPATCHING RunStep t=43064729
Node 3 chan 0: RDMA send to 0 totalBytes=2097152 over 1 lane(s) bid=5 sid=0 iter=28 part=0 rateGBps=0 at t=43064729
Node 3 chan 1: RDMA send to 0 totalBytes=2097152 over 1 lane(s) bid=6 sid=0 iter=28 part=0 rateGBps=0 at t=43064729
Node 3 chan 0: RDMA send to 2 totalBytes=2097152 over 1 lane(s) bid=9 sid=0 iter=28 part=0 rateGBps=0 at t=43064729
Node 3 chan 0: RDMA send to 2 totalBytes=2097152 over 1 lane(s) bid=9 sid=0 iter=28 part=1 rateGBps=0 at t=43064729
GPU 3 TB=0 arrived at iteration barrier (1/10) leaving iter=28 t=43064729
GPU 3 TB=1 arrived at iteration barrier (2/10) leaving iter=28 t=43064729
GPU 3 TB=5 arrived at iteration barrier (3/10) leaving iter=28 t=43064729
GPU 3 TB=6 arrived at iteration barrier (4/10) leaving iter=28 t=43064729
GPU 3 TB=9 arrived at iteration barrier (5/10) leaving iter=28 t=43064729
Node 1 chan 0: RDMA send to 3 physically drained (sender side) bid=8 sid=0 iter=27 nElems=524288 at t=43068058
Node 1 chan 0: transfer complete from peer 0 dst=(1,1) totalBytes=2097152 at t=43084686
GPU 1 TB=0 arrived at iteration barrier (6/10) leaving iter=28 t=43084686
Node 0 chan 0: RDMA send to 1 physically drained (sender side) bid=5 sid=0 iter=28 nElems=524288 at t=43086318
GPU 0 TB=7 sid=0 DISPATCHING RunStep t=43086318
GPU 0 TB=6 sid=0 DISPATCHING RunStep t=43086318
Node 0 chan 1: RDMA send to 2 totalBytes=2097152 over 1 lane(s) bid=7 sid=0 iter=28 part=0 rateGBps=0 at t=43086318
Node 0 chan 0: RDMA send to 2 totalBytes=2097152 over 1 lane(s) bid=6 sid=0 iter=28 part=0 rateGBps=0 at t=43086318
GPU 0 TB=7 arrived at iteration barrier (4/10) leaving iter=28 t=43086318
GPU 0 TB=6 arrived at iteration barrier (5/10) leaving iter=28 t=43086318
Node 3 chan 0: transfer complete from peer 2 dst=(1,5) totalBytes=2097152 at t=43268402
GPU 3 TB=4 arrived at iteration barrier (6/10) leaving iter=28 t=43268402
Node 2 chan 0: RDMA send to 3 physically drained (sender side) bid=9 sid=0 iter=28 nElems=524288 at t=43270021
Node 0 chan 0: transfer complete from peer 1 dst=(1,2) totalBytes=2097152 at t=43314198
Node 1 chan 0: RDMA send to 0 physically drained (sender side) bid=5 sid=0 iter=28 nElems=524288 at t=43315606
Node 2 chan 1: transfer complete from peer 1 dst=(1,3) totalBytes=2097152 at t=43546081
GPU 2 TB=3 arrived at iteration barrier (6/10) leaving iter=28 t=43546081
Node 1 chan 1: RDMA send to 2 physically drained (sender side) bid=7 sid=0 iter=28 nElems=524288 at t=43549979
Node 2 chan 0: transfer complete from peer 1 dst=(1,2) totalBytes=2097152 at t=43557049
GPU 2 TB=2 arrived at iteration barrier (7/10) leaving iter=28 t=43557049
Node 1 chan 0: RDMA send to 2 physically drained (sender side) bid=6 sid=0 iter=28 nElems=524288 at t=43561190
Node 2 chan 0: transfer complete from peer 3 dst=(1,6) totalBytes=2097152 at t=43706205
Node 3 chan 0: RDMA send to 2 physically drained (sender side) bid=9 sid=0 iter=28 nElems=524288 at t=43707613
Node 2 chan 0: transfer complete from peer 0 dst=(1,0) totalBytes=2097152 at t=43808197
GPU 2 TB=0 arrived at iteration barrier (8/10) leaving iter=28 t=43808197
Node 2 chan 1: transfer complete from peer 0 dst=(1,1) totalBytes=2097152 at t=43808861
GPU 2 TB=1 arrived at iteration barrier (9/10) leaving iter=28 t=43808861
Node 0 chan 0: RDMA send to 2 physically drained (sender side) bid=6 sid=0 iter=28 nElems=524288 at t=43811938
Node 0 chan 1: RDMA send to 2 physically drained (sender side) bid=7 sid=0 iter=28 nElems=524288 at t=43812606
Node 0 chan 1: transfer complete from peer 2 dst=(1,5) totalBytes=2097152 at t=43840494
GPU 0 TB=2 arrived at iteration barrier (6/10) leaving iter=28 t=43840494
Node 2 chan 1: RDMA send to 0 physically drained (sender side) bid=6 sid=0 iter=28 nElems=524288 at t=43843545
Node 0 chan 0: transfer complete from peer 2 dst=(1,4) totalBytes=2097152 at t=43857426
GPU 0 TB=1 arrived at iteration barrier (7/10) leaving iter=28 t=43857426
Node 2 chan 0: RDMA send to 0 physically drained (sender side) bid=5 sid=0 iter=28 nElems=524288 at t=43860477
Node 0 chan 1: transfer complete from peer 3 dst=(1,7) totalBytes=2097152 at t=43905566
GPU 0 TB=4 arrived at iteration barrier (8/10) leaving iter=28 t=43905566
Node 3 chan 1: RDMA send to 0 physically drained (sender side) bid=6 sid=0 iter=28 nElems=524288 at t=43908392
Node 0 chan 0: transfer complete from peer 3 dst=(1,6) totalBytes=2097152 at t=43915526
GPU 0 TB=3 arrived at iteration barrier (9/10) leaving iter=28 t=43915526
Node 3 chan 0: RDMA send to 0 physically drained (sender side) bid=5 sid=0 iter=28 nElems=524288 at t=43918352
GPU 3 TB=8 sid=0 DISPATCHING RunStep t=43918352
GPU 3 TB=7 sid=0 DISPATCHING RunStep t=43918352
Node 3 chan 1: RDMA send to 1 totalBytes=2097152 over 1 lane(s) bid=8 sid=0 iter=28 part=0 rateGBps=0 at t=43918352
Node 3 chan 0: RDMA send to 1 totalBytes=2097152 over 1 lane(s) bid=7 sid=0 iter=28 part=0 rateGBps=0 at t=43918352
GPU 3 TB=8 arrived at iteration barrier (7/10) leaving iter=28 t=43918352
GPU 3 TB=7 arrived at iteration barrier (8/10) leaving iter=28 t=43918352
Node 0 chan 0: transfer complete from peer 1 dst=(1,3) totalBytes=2097152 at t=43942086
GPU 0 TB=0 arrived at iteration barrier (10/10) leaving iter=28 t=43942086
GPU 0: iteration barrier releasing 10 threadblock(s) at t=43942086
GPU 0 TB=0 sid=0 DISPATCHING RunStep t=43942086
GPU 0 TB=1 sid=0 DISPATCHING RunStep t=43942086
GPU 0 TB=2 sid=0 DISPATCHING RunStep t=43942086
GPU 0 TB=3 sid=0 DISPATCHING RunStep t=43942086
GPU 0 TB=4 sid=0 DISPATCHING RunStep t=43942086
GPU 0 TB=5 sid=0 DISPATCHING RunStep t=43942086
GPU 0 TB=6 sid=0 BLOCKED on network completion of TB=5 step=0 needFlag=29696 netFlag=28672 t=43942086
GPU 0 TB=7 sid=0 BLOCKED on network completion of TB=5 step=0 needFlag=29696 netFlag=28672 t=43942086
GPU 0 TB=8 sid=0 DISPATCHING RunStep t=43942086
GPU 0 TB=9 sid=0 DISPATCHING RunStep t=43942086
Node 0 chan 0: RDMA send to 1 totalBytes=2097152 over 1 lane(s) bid=5 sid=0 iter=29 part=0 rateGBps=0 at t=43942086
Node 0 chan 0: RDMA send to 1 totalBytes=2097152 over 1 lane(s) bid=5 sid=0 iter=29 part=1 rateGBps=0 at t=43942086
Node 0 chan 0: RDMA send to 3 totalBytes=2097152 over 1 lane(s) bid=8 sid=0 iter=29 part=0 rateGBps=0 at t=43942086
Node 0 chan 1: RDMA send to 3 totalBytes=2097152 over 1 lane(s) bid=9 sid=0 iter=29 part=0 rateGBps=0 at t=43942086
GPU 0 TB=5 arrived at iteration barrier (1/10) leaving iter=29 t=43942086
GPU 0 TB=8 arrived at iteration barrier (2/10) leaving iter=29 t=43942086
GPU 0 TB=9 arrived at iteration barrier (3/10) leaving iter=29 t=43942086
Node 1 chan 0: RDMA send to 0 physically drained (sender side) bid=5 sid=0 iter=28 nElems=524288 at t=43943549
GPU 1 TB=9 sid=0 DISPATCHING RunStep t=43943549
GPU 1 TB=8 sid=0 DISPATCHING RunStep t=43943549
Node 1 chan 1: RDMA send to 3 totalBytes=2097152 over 1 lane(s) bid=9 sid=0 iter=28 part=0 rateGBps=0 at t=43943549
Node 1 chan 0: RDMA send to 3 totalBytes=2097152 over 1 lane(s) bid=8 sid=0 iter=28 part=0 rateGBps=0 at t=43943549
GPU 1 TB=9 arrived at iteration barrier (7/10) leaving iter=28 t=43943549
GPU 1 TB=8 arrived at iteration barrier (8/10) leaving iter=28 t=43943549
Node 2 chan 0: transfer complete from peer 3 dst=(1,7) totalBytes=2097152 at t=44094425
GPU 2 TB=4 arrived at iteration barrier (10/10) leaving iter=28 t=44094425
GPU 2: iteration barrier releasing 10 threadblock(s) at t=44094425
GPU 2 TB=0 sid=0 DISPATCHING RunStep t=44094425
GPU 2 TB=1 sid=0 DISPATCHING RunStep t=44094425
GPU 2 TB=2 sid=0 DISPATCHING RunStep t=44094425
GPU 2 TB=3 sid=0 DISPATCHING RunStep t=44094425
GPU 2 TB=4 sid=0 DISPATCHING RunStep t=44094425
GPU 2 TB=5 sid=0 BLOCKED on network completion of TB=7 step=0 needFlag=29696 netFlag=28672 t=44094425
GPU 2 TB=6 sid=0 BLOCKED on network completion of TB=7 step=0 needFlag=29696 netFlag=28672 t=44094425
GPU 2 TB=7 sid=0 DISPATCHING RunStep t=44094425
GPU 2 TB=8 sid=0 DISPATCHING RunStep t=44094425
GPU 2 TB=9 sid=0 DISPATCHING RunStep t=44094425
Node 2 chan 0: RDMA send to 1 totalBytes=2097152 over 1 lane(s) bid=7 sid=0 iter=29 part=0 rateGBps=0 at t=44094425
Node 2 chan 1: RDMA send to 1 totalBytes=2097152 over 1 lane(s) bid=8 sid=0 iter=29 part=0 rateGBps=0 at t=44094425
Node 2 chan 0: RDMA send to 3 totalBytes=2097152 over 1 lane(s) bid=9 sid=0 iter=29 part=0 rateGBps=0 at t=44094425
Node 2 chan 0: RDMA send to 3 totalBytes=2097152 over 1 lane(s) bid=9 sid=0 iter=29 part=1 rateGBps=0 at t=44094425
GPU 2 TB=7 arrived at iteration barrier (1/10) leaving iter=29 t=44094425
GPU 2 TB=8 arrived at iteration barrier (2/10) leaving iter=29 t=44094425
GPU 2 TB=9 arrived at iteration barrier (3/10) leaving iter=29 t=44094425
Node 3 chan 0: RDMA send to 2 physically drained (sender side) bid=9 sid=0 iter=28 nElems=524288 at t=44095838
Node 0 chan 0: RDMA send to 1 physically drained (sender side) bid=5 sid=0 iter=29 nElems=524288 at t=44577169
Node 1 chan 0: transfer complete from peer 3 dst=(1,6) totalBytes=2097152 at t=44689705
GPU 1 TB=3 arrived at iteration barrier (9/10) leaving iter=28 t=44689705
Node 1 chan 1: transfer complete from peer 3 dst=(1,7) totalBytes=2097152 at t=44693693
GPU 1 TB=4 arrived at iteration barrier (10/10) leaving iter=28 t=44693693
GPU 1: iteration barrier releasing 10 threadblock(s) at t=44693693
GPU 1 TB=0 sid=0 DISPATCHING RunStep t=44693693
GPU 1 TB=1 sid=0 DISPATCHING RunStep t=44693693
GPU 1 TB=2 sid=0 DISPATCHING RunStep t=44693693
GPU 1 TB=3 sid=0 DISPATCHING RunStep t=44693693
GPU 1 TB=4 sid=0 DISPATCHING RunStep t=44693693
GPU 1 TB=5 sid=0 DISPATCHING RunStep t=44693693
GPU 1 TB=6 sid=0 DISPATCHING RunStep t=44693693
GPU 1 TB=7 sid=0 DISPATCHING RunStep t=44693693
GPU 1 TB=8 sid=0 BLOCKED on network completion of TB=5 step=0 needFlag=29696 netFlag=28672 t=44693693
GPU 1 TB=9 sid=0 BLOCKED on network completion of TB=5 step=0 needFlag=29696 netFlag=28672 t=44693693
Node 1 chan 0: RDMA send to 0 totalBytes=2097152 over 1 lane(s) bid=5 sid=0 iter=29 part=0 rateGBps=0 at t=44693693
Node 1 chan 0: RDMA send to 0 totalBytes=2097152 over 1 lane(s) bid=5 sid=0 iter=29 part=1 rateGBps=0 at t=44693693
Node 1 chan 0: RDMA send to 2 totalBytes=2097152 over 1 lane(s) bid=6 sid=0 iter=29 part=0 rateGBps=0 at t=44693693
Node 1 chan 1: RDMA send to 2 totalBytes=2097152 over 1 lane(s) bid=7 sid=0 iter=29 part=0 rateGBps=0 at t=44693693
GPU 1 TB=5 arrived at iteration barrier (1/10) leaving iter=29 t=44693693
GPU 1 TB=6 arrived at iteration barrier (2/10) leaving iter=29 t=44693693
GPU 1 TB=7 arrived at iteration barrier (3/10) leaving iter=29 t=44693693
Node 3 chan 0: RDMA send to 1 physically drained (sender side) bid=7 sid=0 iter=28 nElems=524288 at t=44693818
Node 3 chan 1: RDMA send to 1 physically drained (sender side) bid=8 sid=0 iter=28 nElems=524288 at t=44696810
Node 3 chan 0: transfer complete from peer 1 dst=(1,2) totalBytes=2097152 at t=44770846
GPU 3 TB=2 arrived at iteration barrier (9/10) leaving iter=28 t=44770846
Node 3 chan 1: transfer complete from peer 1 dst=(1,3) totalBytes=2097152 at t=44771510
GPU 3 TB=3 arrived at iteration barrier (10/10) leaving iter=28 t=44771510
GPU 3: iteration barrier releasing 10 threadblock(s) at t=44771510
GPU 3 TB=0 sid=0 DISPATCHING RunStep t=44771510
GPU 3 TB=1 sid=0 DISPATCHING RunStep t=44771510
GPU 3 TB=2 sid=0 DISPATCHING RunStep t=44771510
GPU 3 TB=3 sid=0 DISPATCHING RunStep t=44771510
GPU 3 TB=4 sid=0 DISPATCHING RunStep t=44771510
GPU 3 TB=5 sid=0 DISPATCHING RunStep t=44771510
GPU 3 TB=6 sid=0 DISPATCHING RunStep t=44771510
GPU 3 TB=7 sid=0 BLOCKED on network completion of TB=5 step=0 needFlag=29696 netFlag=28672 t=44771510
GPU 3 TB=8 sid=0 BLOCKED on network completion of TB=5 step=0 needFlag=29696 netFlag=28672 t=44771510
GPU 3 TB=9 sid=0 DISPATCHING RunStep t=44771510
Node 3 chan 0: RDMA send to 0 totalBytes=2097152 over 1 lane(s) bid=5 sid=0 iter=29 part=0 rateGBps=0 at t=44771510
Node 3 chan 1: RDMA send to 0 totalBytes=2097152 over 1 lane(s) bid=6 sid=0 iter=29 part=0 rateGBps=0 at t=44771510
Node 3 chan 0: RDMA send to 2 totalBytes=2097152 over 1 lane(s) bid=9 sid=0 iter=29 part=0 rateGBps=0 at t=44771510
Node 3 chan 0: RDMA send to 2 totalBytes=2097152 over 1 lane(s) bid=9 sid=0 iter=29 part=1 rateGBps=0 at t=44771510
GPU 3 TB=5 arrived at iteration barrier (1/10) leaving iter=29 t=44771510
GPU 3 TB=6 arrived at iteration barrier (2/10) leaving iter=29 t=44771510
GPU 3 TB=9 arrived at iteration barrier (3/10) leaving iter=29 t=44771510
Node 1 chan 1: RDMA send to 3 physically drained (sender side) bid=9 sid=0 iter=28 nElems=524288 at t=44774497
Node 1 chan 0: RDMA send to 3 physically drained (sender side) bid=8 sid=0 iter=28 nElems=524288 at t=44774833
Node 3 chan 0: transfer complete from peer 0 dst=(1,0) totalBytes=2097152 at t=44777818
GPU 3 TB=0 arrived at iteration barrier (4/10) leaving iter=29 t=44777818
Node 0 chan 0: RDMA send to 3 physically drained (sender side) bid=8 sid=0 iter=29 nElems=524288 at t=44781718
Node 3 chan 1: transfer complete from peer 0 dst=(1,1) totalBytes=2097152 at t=44782134
GPU 3 TB=1 arrived at iteration barrier (5/10) leaving iter=29 t=44782134
Node 0 chan 1: RDMA send to 3 physically drained (sender side) bid=9 sid=0 iter=29 nElems=524288 at t=44786393
Node 3 chan 0: transfer complete from peer 2 dst=(1,4) totalBytes=2097152 at t=44810242
Node 2 chan 0: RDMA send to 3 physically drained (sender side) bid=9 sid=0 iter=29 nElems=524288 at t=44811842
Node 1 chan 1: transfer complete from peer 2 dst=(1,5) totalBytes=2097152 at t=44901845
GPU 1 TB=2 arrived at iteration barrier (4/10) leaving iter=29 t=44901845
Node 2 chan 1: RDMA send to 1 physically drained (sender side) bid=8 sid=0 iter=29 nElems=524288 at t=44905958
Node 1 chan 0: transfer complete from peer 2 dst=(1,4) totalBytes=2097152 at t=44906501
GPU 1 TB=1 arrived at iteration barrier (5/10) leaving iter=29 t=44906501
Node 2 chan 0: RDMA send to 1 physically drained (sender side) bid=7 sid=0 iter=29 nElems=524288 at t=44910614
GPU 2 TB=6 sid=0 DISPATCHING RunStep t=44910614
GPU 2 TB=5 sid=0 DISPATCHING RunStep t=44910614
Node 2 chan 1: RDMA send to 0 totalBytes=2097152 over 1 lane(s) bid=6 sid=0 iter=29 part=0 rateGBps=0 at t=44910614
Node 2 chan 0: RDMA send to 0 totalBytes=2097152 over 1 lane(s) bid=5 sid=0 iter=29 part=0 rateGBps=0 at t=44910614
GPU 2 TB=6 arrived at iteration barrier (4/10) leaving iter=29 t=44910614
GPU 2 TB=5 arrived at iteration barrier (5/10) leaving iter=29 t=44910614
Node 1 chan 0: transfer complete from peer 0 dst=(1,1) totalBytes=2097152 at t=44950717
GPU 1 TB=0 arrived at iteration barrier (6/10) leaving iter=29 t=44950717
Node 0 chan 0: RDMA send to 1 physically drained (sender side) bid=5 sid=0 iter=29 nElems=524288 at t=44952275
GPU 0 TB=7 sid=0 DISPATCHING RunStep t=44952275
GPU 0 TB=6 sid=0 DISPATCHING RunStep t=44952275
Node 0 chan 1: RDMA send to 2 totalBytes=2097152 over 1 lane(s) bid=7 sid=0 iter=29 part=0 rateGBps=0 at t=44952275
Node 0 chan 0: RDMA send to 2 totalBytes=2097152 over 1 lane(s) bid=6 sid=0 iter=29 part=0 rateGBps=0 at t=44952275
GPU 0 TB=7 arrived at iteration barrier (4/10) leaving iter=29 t=44952275
GPU 0 TB=6 arrived at iteration barrier (5/10) leaving iter=29 t=44952275
Node 3 chan 0: transfer complete from peer 2 dst=(1,5) totalBytes=2097152 at t=45090570
GPU 3 TB=4 arrived at iteration barrier (6/10) leaving iter=29 t=45090570
Node 2 chan 0: RDMA send to 3 physically drained (sender side) bid=9 sid=0 iter=29 nElems=524288 at t=45092150
Node 0 chan 0: transfer complete from peer 1 dst=(1,2) totalBytes=2097152 at t=45358883
Node 1 chan 0: RDMA send to 0 physically drained (sender side) bid=5 sid=0 iter=29 nElems=524288 at t=45360291
Node 2 chan 0: transfer complete from peer 3 dst=(1,6) totalBytes=2097152 at t=45428334
Node 3 chan 0: RDMA send to 2 physically drained (sender side) bid=9 sid=0 iter=29 nElems=524288 at t=45429742
Node 2 chan 0: transfer complete from peer 1 dst=(1,2) totalBytes=2097152 at t=45430326
GPU 2 TB=2 arrived at iteration barrier (6/10) leaving iter=29 t=45430326
Node 1 chan 0: RDMA send to 2 physically drained (sender side) bid=6 sid=0 iter=29 nElems=524288 at t=45433943
Node 2 chan 1: transfer complete from peer 1 dst=(1,3) totalBytes=2097152 at t=45434982
GPU 2 TB=3 arrived at iteration barrier (7/10) leaving iter=29 t=45434982
Node 1 chan 1: RDMA send to 2 physically drained (sender side) bid=7 sid=0 iter=29 nElems=524288 at t=45438872
Node 0 chan 0: transfer complete from peer 3 dst=(1,6) totalBytes=2097152 at t=45580847
GPU 0 TB=3 arrived at iteration barrier (6/10) leaving iter=29 t=45580847
Node 0 chan 1: transfer complete from peer 3 dst=(1,7) totalBytes=2097152 at t=45581179
GPU 0 TB=4 arrived at iteration barrier (7/10) leaving iter=29 t=45581179
Node 3 chan 0: RDMA send to 0 physically drained (sender side) bid=5 sid=0 iter=29 nElems=524288 at t=45583673
GPU 3 TB=8 sid=0 DISPATCHING RunStep t=45583673
GPU 3 TB=7 sid=0 DISPATCHING RunStep t=45583673
Node 3 chan 1: RDMA send to 1 totalBytes=2097152 over 1 lane(s) bid=8 sid=0 iter=29 part=0 rateGBps=0 at t=45583673
Node 3 chan 0: RDMA send to 1 totalBytes=2097152 over 1 lane(s) bid=7 sid=0 iter=29 part=0 rateGBps=0 at t=45583673
GPU 3 TB=8 arrived at iteration barrier (7/10) leaving iter=29 t=45583673
GPU 3 TB=7 arrived at iteration barrier (8/10) leaving iter=29 t=45583673
Node 3 chan 1: RDMA send to 0 physically drained (sender side) bid=6 sid=0 iter=29 nElems=524288 at t=45584988
Node 2 chan 0: transfer complete from peer 0 dst=(1,0) totalBytes=2097152 at t=45675178
GPU 2 TB=0 arrived at iteration barrier (8/10) leaving iter=29 t=45675178
Node 2 chan 1: transfer complete from peer 0 dst=(1,1) totalBytes=2097152 at t=45678170
GPU 2 TB=1 arrived at iteration barrier (9/10) leaving iter=29 t=45678170
Node 0 chan 0: RDMA send to 2 physically drained (sender side) bid=6 sid=0 iter=29 nElems=524288 at t=45679555
Node 0 chan 1: RDMA send to 2 physically drained (sender side) bid=7 sid=0 iter=29 nElems=524288 at t=45682215
Node 0 chan 1: transfer complete from peer 2 dst=(1,5) totalBytes=2097152 at t=45751603
GPU 0 TB=2 arrived at iteration barrier (8/10) leaving iter=29 t=45751603
Node 2 chan 1: RDMA send to 0 physically drained (sender side) bid=6 sid=0 iter=29 nElems=524288 at t=45754429
Node 0 chan 0: transfer complete from peer 2 dst=(1,4) totalBytes=2097152 at t=45758575
GPU 0 TB=1 arrived at iteration barrier (9/10) leaving iter=29 t=45758575
Node 2 chan 0: RDMA send to 0 physically drained (sender side) bid=5 sid=0 iter=29 nElems=524288 at t=45761540
Node 0 chan 0: transfer complete from peer 1 dst=(1,3) totalBytes=2097152 at t=45788123
GPU 0 TB=0 arrived at iteration barrier (10/10) leaving iter=29 t=45788123
GPU 0: iteration barrier releasing 10 threadblock(s) at t=45788123
GPU 0 TB=0 sid=0 DISPATCHING RunStep t=45788123
GPU 0 TB=1 sid=0 DISPATCHING RunStep t=45788123
GPU 0 TB=2 sid=0 DISPATCHING RunStep t=45788123
GPU 0 TB=3 sid=0 DISPATCHING RunStep t=45788123
GPU 0 TB=4 sid=0 DISPATCHING RunStep t=45788123
GPU 0 TB=5 sid=0 DISPATCHING RunStep t=45788123
GPU 0 TB=6 sid=0 BLOCKED on network completion of TB=5 step=0 needFlag=30720 netFlag=29696 t=45788123
GPU 0 TB=7 sid=0 BLOCKED on network completion of TB=5 step=0 needFlag=30720 netFlag=29696 t=45788123
GPU 0 TB=8 sid=0 DISPATCHING RunStep t=45788123
GPU 0 TB=9 sid=0 DISPATCHING RunStep t=45788123
Node 0 chan 0: RDMA send to 1 totalBytes=2097152 over 1 lane(s) bid=5 sid=0 iter=30 part=0 rateGBps=0 at t=45788123
Node 0 chan 0: RDMA send to 1 totalBytes=2097152 over 1 lane(s) bid=5 sid=0 iter=30 part=1 rateGBps=0 at t=45788123
Node 0 chan 0: RDMA send to 3 totalBytes=2097152 over 1 lane(s) bid=8 sid=0 iter=30 part=0 rateGBps=0 at t=45788123
Node 0 chan 1: RDMA send to 3 totalBytes=2097152 over 1 lane(s) bid=9 sid=0 iter=30 part=0 rateGBps=0 at t=45788123
GPU 0 TB=5 arrived at iteration barrier (1/10) leaving iter=30 t=45788123
GPU 0 TB=8 arrived at iteration barrier (2/10) leaving iter=30 t=45788123
GPU 0 TB=9 arrived at iteration barrier (3/10) leaving iter=30 t=45788123
Node 1 chan 0: RDMA send to 0 physically drained (sender side) bid=5 sid=0 iter=29 nElems=524288 at t=45789531
GPU 1 TB=9 sid=0 DISPATCHING RunStep t=45789531
GPU 1 TB=8 sid=0 DISPATCHING RunStep t=45789531
Node 1 chan 1: RDMA send to 3 totalBytes=2097152 over 1 lane(s) bid=9 sid=0 iter=29 part=0 rateGBps=0 at t=45789531
Node 1 chan 0: RDMA send to 3 totalBytes=2097152 over 1 lane(s) bid=8 sid=0 iter=29 part=0 rateGBps=0 at t=45789531
GPU 1 TB=9 arrived at iteration barrier (7/10) leaving iter=29 t=45789531
GPU 1 TB=8 arrived at iteration barrier (8/10) leaving iter=29 t=45789531
Node 2 chan 0: transfer complete from peer 3 dst=(1,7) totalBytes=2097152 at t=45881516
GPU 2 TB=4 arrived at iteration barrier (10/10) leaving iter=29 t=45881516
GPU 2: iteration barrier releasing 10 threadblock(s) at t=45881516
GPU 2 TB=0 sid=0 DISPATCHING RunStep t=45881516
GPU 2 TB=1 sid=0 DISPATCHING RunStep t=45881516
GPU 2 TB=2 sid=0 DISPATCHING RunStep t=45881516
GPU 2 TB=3 sid=0 DISPATCHING RunStep t=45881516
GPU 2 TB=4 sid=0 DISPATCHING RunStep t=45881516
GPU 2 TB=5 sid=0 BLOCKED on network completion of TB=7 step=0 needFlag=30720 netFlag=29696 t=45881516
GPU 2 TB=6 sid=0 BLOCKED on network completion of TB=7 step=0 needFlag=30720 netFlag=29696 t=45881516
GPU 2 TB=7 sid=0 DISPATCHING RunStep t=45881516
GPU 2 TB=8 sid=0 DISPATCHING RunStep t=45881516
GPU 2 TB=9 sid=0 DISPATCHING RunStep t=45881516
Node 2 chan 0: RDMA send to 1 totalBytes=2097152 over 1 lane(s) bid=7 sid=0 iter=30 part=0 rateGBps=0 at t=45881516
Node 2 chan 1: RDMA send to 1 totalBytes=2097152 over 1 lane(s) bid=8 sid=0 iter=30 part=0 rateGBps=0 at t=45881516
Node 2 chan 0: RDMA send to 3 totalBytes=2097152 over 1 lane(s) bid=9 sid=0 iter=30 part=0 rateGBps=0 at t=45881516
Node 2 chan 0: RDMA send to 3 totalBytes=2097152 over 1 lane(s) bid=9 sid=0 iter=30 part=1 rateGBps=0 at t=45881516
GPU 2 TB=7 arrived at iteration barrier (1/10) leaving iter=30 t=45881516
GPU 2 TB=8 arrived at iteration barrier (2/10) leaving iter=30 t=45881516
GPU 2 TB=9 arrived at iteration barrier (3/10) leaving iter=30 t=45881516
Node 3 chan 0: RDMA send to 2 physically drained (sender side) bid=9 sid=0 iter=29 nElems=524288 at t=45883019
Node 1 chan 1: transfer complete from peer 3 dst=(1,7) totalBytes=2097152 at t=46283168
GPU 1 TB=4 arrived at iteration barrier (9/10) leaving iter=29 t=46283168
Node 3 chan 1: RDMA send to 1 physically drained (sender side) bid=8 sid=0 iter=29 nElems=524288 at t=46286991
Node 1 chan 0: transfer complete from peer 3 dst=(1,6) totalBytes=2097152 at t=46294796
GPU 1 TB=3 arrived at iteration barrier (10/10) leaving iter=29 t=46294796
GPU 1: iteration barrier releasing 10 threadblock(s) at t=46294796
GPU 1 TB=0 sid=0 DISPATCHING RunStep t=46294796
GPU 1 TB=1 sid=0 DISPATCHING RunStep t=46294796
GPU 1 TB=2 sid=0 DISPATCHING RunStep t=46294796
GPU 1 TB=3 sid=0 DISPATCHING RunStep t=46294796
GPU 1 TB=4 sid=0 DISPATCHING RunStep t=46294796
GPU 1 TB=5 sid=0 DISPATCHING RunStep t=46294796
GPU 1 TB=6 sid=0 DISPATCHING RunStep t=46294796
GPU 1 TB=7 sid=0 DISPATCHING RunStep t=46294796
GPU 1 TB=8 sid=0 BLOCKED on network completion of TB=5 step=0 needFlag=30720 netFlag=29696 t=46294796
GPU 1 TB=9 sid=0 BLOCKED on network completion of TB=5 step=0 needFlag=30720 netFlag=29696 t=46294796
Node 1 chan 0: RDMA send to 0 totalBytes=2097152 over 1 lane(s) bid=5 sid=0 iter=30 part=0 rateGBps=0 at t=46294796
Node 1 chan 0: RDMA send to 0 totalBytes=2097152 over 1 lane(s) bid=5 sid=0 iter=30 part=1 rateGBps=0 at t=46294796
Node 1 chan 0: RDMA send to 2 totalBytes=2097152 over 1 lane(s) bid=6 sid=0 iter=30 part=0 rateGBps=0 at t=46294796
Node 1 chan 1: RDMA send to 2 totalBytes=2097152 over 1 lane(s) bid=7 sid=0 iter=30 part=0 rateGBps=0 at t=46294796
GPU 1 TB=5 arrived at iteration barrier (1/10) leaving iter=30 t=46294796
GPU 1 TB=6 arrived at iteration barrier (2/10) leaving iter=30 t=46294796
GPU 1 TB=7 arrived at iteration barrier (3/10) leaving iter=30 t=46294796
Node 3 chan 0: RDMA send to 1 physically drained (sender side) bid=7 sid=0 iter=29 nElems=524288 at t=46298619
Node 1 chan 0: transfer complete from peer 0 dst=(1,0) totalBytes=2097152 at t=46403836
Node 0 chan 0: RDMA send to 1 physically drained (sender side) bid=5 sid=0 iter=30 nElems=524288 at t=46405604
Node 2 chan 0: RDMA send to 3 physically drained (sender side) bid=9 sid=0 iter=30 nElems=524288 at t=46536215
Node 1 chan 0: transfer complete from peer 2 dst=(1,4) totalBytes=2097152 at t=46590372
GPU 1 TB=1 arrived at iteration barrier (4/10) leaving iter=30 t=46590372
Node 2 chan 0: RDMA send to 1 physically drained (sender side) bid=7 sid=0 iter=30 nElems=524288 at t=46594387
GPU 2 TB=6 sid=0 DISPATCHING RunStep t=46594387
GPU 2 TB=5 sid=0 DISPATCHING RunStep t=46594387
Node 2 chan 1: RDMA send to 0 totalBytes=2097152 over 1 lane(s) bid=6 sid=0 iter=30 part=0 rateGBps=0 at t=46594387
Node 2 chan 0: RDMA send to 0 totalBytes=2097152 over 1 lane(s) bid=5 sid=0 iter=30 part=0 rateGBps=0 at t=46594387
GPU 2 TB=6 arrived at iteration barrier (4/10) leaving iter=30 t=46594387
GPU 2 TB=5 arrived at iteration barrier (5/10) leaving iter=30 t=46594387
Node 1 chan 1: transfer complete from peer 2 dst=(1,5) totalBytes=2097152 at t=46594700
GPU 1 TB=2 arrived at iteration barrier (5/10) leaving iter=30 t=46594700
Node 2 chan 1: RDMA send to 1 physically drained (sender side) bid=8 sid=0 iter=30 nElems=524288 at t=46598712
Node 0 chan 1: RDMA send to 3 physically drained (sender side) bid=9 sid=0 iter=30 nElems=524288 at t=46686227
Node 0 chan 0: RDMA send to 3 physically drained (sender side) bid=8 sid=0 iter=30 nElems=524288 at t=46694875
Node 3 chan 0: transfer complete from peer 1 dst=(1,2) totalBytes=2097152 at t=46705983
GPU 3 TB=2 arrived at iteration barrier (9/10) leaving iter=29 t=46705983
Node 3 chan 1: transfer complete from peer 1 dst=(1,3) totalBytes=2097152 at t=46706315
GPU 3 TB=3 arrived at iteration barrier (10/10) leaving iter=29 t=46706315
GPU 3: iteration barrier releasing 10 threadblock(s) at t=46706315
GPU 3 TB=0 sid=0 DISPATCHING RunStep t=46706315
GPU 3 TB=1 sid=0 DISPATCHING RunStep t=46706315
GPU 3 TB=2 sid=0 DISPATCHING RunStep t=46706315
GPU 3 TB=3 sid=0 DISPATCHING RunStep t=46706315
GPU 3 TB=4 sid=0 DISPATCHING RunStep t=46706315
GPU 3 TB=5 sid=0 DISPATCHING RunStep t=46706315
GPU 3 TB=6 sid=0 DISPATCHING RunStep t=46706315
GPU 3 TB=7 sid=0 BLOCKED on network completion of TB=5 step=0 needFlag=30720 netFlag=29696 t=46706315
GPU 3 TB=8 sid=0 BLOCKED on network completion of TB=5 step=0 needFlag=30720 netFlag=29696 t=46706315
GPU 3 TB=9 sid=0 DISPATCHING RunStep t=46706315
Node 3 chan 0: RDMA send to 0 totalBytes=2097152 over 1 lane(s) bid=5 sid=0 iter=30 part=0 rateGBps=0 at t=46706315
Node 3 chan 1: RDMA send to 0 totalBytes=2097152 over 1 lane(s) bid=6 sid=0 iter=30 part=0 rateGBps=0 at t=46706315
Node 3 chan 0: RDMA send to 2 totalBytes=2097152 over 1 lane(s) bid=9 sid=0 iter=30 part=0 rateGBps=0 at t=46706315
Node 3 chan 0: RDMA send to 2 totalBytes=2097152 over 1 lane(s) bid=9 sid=0 iter=30 part=1 rateGBps=0 at t=46706315
GPU 3 TB=0 arrived at iteration barrier (1/10) leaving iter=30 t=46706315
GPU 3 TB=1 arrived at iteration barrier (2/10) leaving iter=30 t=46706315
GPU 3 TB=5 arrived at iteration barrier (3/10) leaving iter=30 t=46706315
GPU 3 TB=6 arrived at iteration barrier (4/10) leaving iter=30 t=46706315
GPU 3 TB=9 arrived at iteration barrier (5/10) leaving iter=30 t=46706315
Node 1 chan 0: transfer complete from peer 0 dst=(1,1) totalBytes=2097152 at t=46708628
GPU 1 TB=0 arrived at iteration barrier (6/10) leaving iter=30 t=46708628
Node 1 chan 1: RDMA send to 3 physically drained (sender side) bid=9 sid=0 iter=29 nElems=524288 at t=46709484
Node 1 chan 0: RDMA send to 3 physically drained (sender side) bid=8 sid=0 iter=29 nElems=524288 at t=46709816
Node 0 chan 0: RDMA send to 1 physically drained (sender side) bid=5 sid=0 iter=30 nElems=524288 at t=46710507
GPU 0 TB=7 sid=0 DISPATCHING RunStep t=46710507
GPU 0 TB=6 sid=0 DISPATCHING RunStep t=46710507
Node 0 chan 1: RDMA send to 2 totalBytes=2097152 over 1 lane(s) bid=7 sid=0 iter=30 part=0 rateGBps=0 at t=46710507
Node 0 chan 0: RDMA send to 2 totalBytes=2097152 over 1 lane(s) bid=6 sid=0 iter=30 part=0 rateGBps=0 at t=46710507
GPU 0 TB=7 arrived at iteration barrier (4/10) leaving iter=30 t=46710507
GPU 0 TB=6 arrived at iteration barrier (5/10) leaving iter=30 t=46710507
Node 3 chan 0: transfer complete from peer 2 dst=(1,5) totalBytes=2097152 at t=46889299
GPU 3 TB=4 arrived at iteration barrier (6/10) leaving iter=30 t=46889299
Node 2 chan 0: RDMA send to 3 physically drained (sender side) bid=9 sid=0 iter=30 nElems=524288 at t=46891019
Node 0 chan 0: transfer complete from peer 1 dst=(1,2) totalBytes=2097152 at t=46900847
Node 1 chan 0: RDMA send to 0 physically drained (sender side) bid=5 sid=0 iter=30 nElems=524288 at t=46902255
Node 2 chan 0: transfer complete from peer 1 dst=(1,2) totalBytes=2097152 at t=47164095
GPU 2 TB=2 arrived at iteration barrier (6/10) leaving iter=30 t=47164095
Node 2 chan 1: transfer complete from peer 1 dst=(1,3) totalBytes=2097152 at t=47166423
GPU 2 TB=3 arrived at iteration barrier (7/10) leaving iter=30 t=47166423
Node 1 chan 0: RDMA send to 2 physically drained (sender side) bid=6 sid=0 iter=30 nElems=524288 at t=47166921
Node 1 chan 1: RDMA send to 2 physically drained (sender side) bid=7 sid=0 iter=30 nElems=524288 at t=47170232
Node 2 chan 0: transfer complete from peer 3 dst=(1,6) totalBytes=2097152 at t=47349799
Node 3 chan 0: RDMA send to 2 physically drained (sender side) bid=9 sid=0 iter=30 nElems=524288 at t=47351207
Node 0 chan 1: transfer complete from peer 2 dst=(1,5) totalBytes=2097152 at t=47402227
GPU 0 TB=2 arrived at iteration barrier (6/10) leaving iter=30 t=47402227
Node 0 chan 0: transfer complete from peer 2 dst=(1,4) totalBytes=2097152 at t=47403559
GPU 0 TB=1 arrived at iteration barrier (7/10) leaving iter=30 t=47403559
Node 2 chan 1: RDMA send to 0 physically drained (sender side) bid=6 sid=0 iter=30 nElems=524288 at t=47405279
Node 2 chan 0: RDMA send to 0 physically drained (sender side) bid=5 sid=0 iter=30 nElems=524288 at t=47407939
Node 2 chan 0: transfer complete from peer 0 dst=(1,0) totalBytes=2097152 at t=47429851
GPU 2 TB=0 arrived at iteration barrier (8/10) leaving iter=30 t=47429851
Node 2 chan 1: transfer complete from peer 0 dst=(1,1) totalBytes=2097152 at t=47430183
GPU 2 TB=1 arrived at iteration barrier (9/10) leaving iter=30 t=47430183
Node 0 chan 0: RDMA send to 2 physically drained (sender side) bid=6 sid=0 iter=30 nElems=524288 at t=47432807
Node 0 chan 1: RDMA send to 2 physically drained (sender side) bid=7 sid=0 iter=30 nElems=524288 at t=47433143
Node 0 chan 0: transfer complete from peer 3 dst=(1,6) totalBytes=2097152 at t=47518135
GPU 0 TB=3 arrived at iteration barrier (8/10) leaving iter=30 t=47518135
Node 0 chan 1: transfer complete from peer 3 dst=(1,7) totalBytes=2097152 at t=47520791
GPU 0 TB=4 arrived at iteration barrier (9/10) leaving iter=30 t=47520791
Node 3 chan 0: RDMA send to 0 physically drained (sender side) bid=5 sid=0 iter=30 nElems=524288 at t=47520961
GPU 3 TB=8 sid=0 DISPATCHING RunStep t=47520961
GPU 3 TB=7 sid=0 DISPATCHING RunStep t=47520961
Node 3 chan 1: RDMA send to 1 totalBytes=2097152 over 1 lane(s) bid=8 sid=0 iter=30 part=0 rateGBps=0 at t=47520961
Node 3 chan 0: RDMA send to 1 totalBytes=2097152 over 1 lane(s) bid=7 sid=0 iter=30 part=0 rateGBps=0 at t=47520961
GPU 3 TB=8 arrived at iteration barrier (7/10) leaving iter=30 t=47520961
GPU 3 TB=7 arrived at iteration barrier (8/10) leaving iter=30 t=47520961
Node 3 chan 1: RDMA send to 0 physically drained (sender side) bid=6 sid=0 iter=30 nElems=524288 at t=47523617
Node 0 chan 0: transfer complete from peer 1 dst=(1,3) totalBytes=2097152 at t=47535067
GPU 0 TB=0 arrived at iteration barrier (10/10) leaving iter=30 t=47535067
GPU 0: iteration barrier releasing 10 threadblock(s) at t=47535067
GPU 0 TB=0 sid=0 DISPATCHING RunStep t=47535067
GPU 0 TB=1 sid=0 DISPATCHING RunStep t=47535067
GPU 0 TB=2 sid=0 DISPATCHING RunStep t=47535067
GPU 0 TB=3 sid=0 DISPATCHING RunStep t=47535067
GPU 0 TB=4 sid=0 DISPATCHING RunStep t=47535067
GPU 0 TB=5 sid=0 DISPATCHING RunStep t=47535067
GPU 0 TB=6 sid=0 BLOCKED on network completion of TB=5 step=0 needFlag=31744 netFlag=30720 t=47535067
GPU 0 TB=7 sid=0 BLOCKED on network completion of TB=5 step=0 needFlag=31744 netFlag=30720 t=47535067
GPU 0 TB=8 sid=0 DISPATCHING RunStep t=47535067
GPU 0 TB=9 sid=0 DISPATCHING RunStep t=47535067
Node 0 chan 0: RDMA send to 1 totalBytes=2097152 over 1 lane(s) bid=5 sid=0 iter=31 part=0 rateGBps=0 at t=47535067
Node 0 chan 0: RDMA send to 1 totalBytes=2097152 over 1 lane(s) bid=5 sid=0 iter=31 part=1 rateGBps=0 at t=47535067
Node 0 chan 0: RDMA send to 3 totalBytes=2097152 over 1 lane(s) bid=8 sid=0 iter=31 part=0 rateGBps=0 at t=47535067
Node 0 chan 1: RDMA send to 3 totalBytes=2097152 over 1 lane(s) bid=9 sid=0 iter=31 part=0 rateGBps=0 at t=47535067
GPU 0 TB=5 arrived at iteration barrier (1/10) leaving iter=31 t=47535067
GPU 0 TB=8 arrived at iteration barrier (2/10) leaving iter=31 t=47535067
GPU 0 TB=9 arrived at iteration barrier (3/10) leaving iter=31 t=47535067
Node 1 chan 0: RDMA send to 0 physically drained (sender side) bid=5 sid=0 iter=30 nElems=524288 at t=47536475
GPU 1 TB=9 sid=0 DISPATCHING RunStep t=47536475
GPU 1 TB=8 sid=0 DISPATCHING RunStep t=47536475
Node 1 chan 1: RDMA send to 3 totalBytes=2097152 over 1 lane(s) bid=9 sid=0 iter=30 part=0 rateGBps=0 at t=47536475
Node 1 chan 0: RDMA send to 3 totalBytes=2097152 over 1 lane(s) bid=8 sid=0 iter=30 part=0 rateGBps=0 at t=47536475
GPU 1 TB=9 arrived at iteration barrier (7/10) leaving iter=30 t=47536475
GPU 1 TB=8 arrived at iteration barrier (8/10) leaving iter=30 t=47536475
Node 2 chan 0: transfer complete from peer 3 dst=(1,7) totalBytes=2097152 at t=47763011
GPU 2 TB=4 arrived at iteration barrier (10/10) leaving iter=30 t=47763011
GPU 2: iteration barrier releasing 10 threadblock(s) at t=47763011
GPU 2 TB=0 sid=0 DISPATCHING RunStep t=47763011
GPU 2 TB=1 sid=0 DISPATCHING RunStep t=47763011
GPU 2 TB=2 sid=0 DISPATCHING RunStep t=47763011
GPU 2 TB=3 sid=0 DISPATCHING RunStep t=47763011
GPU 2 TB=4 sid=0 DISPATCHING RunStep t=47763011
GPU 2 TB=5 sid=0 BLOCKED on network completion of TB=7 step=0 needFlag=31744 netFlag=30720 t=47763011
GPU 2 TB=6 sid=0 BLOCKED on network completion of TB=7 step=0 needFlag=31744 netFlag=30720 t=47763011
GPU 2 TB=7 sid=0 DISPATCHING RunStep t=47763011
GPU 2 TB=8 sid=0 DISPATCHING RunStep t=47763011
GPU 2 TB=9 sid=0 DISPATCHING RunStep t=47763011
Node 2 chan 0: RDMA send to 1 totalBytes=2097152 over 1 lane(s) bid=7 sid=0 iter=31 part=0 rateGBps=0 at t=47763011
Node 2 chan 1: RDMA send to 1 totalBytes=2097152 over 1 lane(s) bid=8 sid=0 iter=31 part=0 rateGBps=0 at t=47763011
Node 2 chan 0: RDMA send to 3 totalBytes=2097152 over 1 lane(s) bid=9 sid=0 iter=31 part=0 rateGBps=0 at t=47763011
Node 2 chan 0: RDMA send to 3 totalBytes=2097152 over 1 lane(s) bid=9 sid=0 iter=31 part=1 rateGBps=0 at t=47763011
GPU 2 TB=7 arrived at iteration barrier (1/10) leaving iter=31 t=47763011
GPU 2 TB=8 arrived at iteration barrier (2/10) leaving iter=31 t=47763011
GPU 2 TB=9 arrived at iteration barrier (3/10) leaving iter=31 t=47763011
Node 3 chan 0: RDMA send to 2 physically drained (sender side) bid=9 sid=0 iter=30 nElems=524288 at t=47764631
Node 0 chan 0: RDMA send to 1 physically drained (sender side) bid=5 sid=0 iter=31 nElems=524288 at t=48118131
Node 1 chan 1: transfer complete from peer 3 dst=(1,7) totalBytes=2097152 at t=48247939
GPU 1 TB=4 arrived at iteration barrier (9/10) leaving iter=30 t=48247939
Node 3 chan 1: RDMA send to 1 physically drained (sender side) bid=8 sid=0 iter=30 nElems=524288 at t=48252323
Node 1 chan 0: transfer complete from peer 3 dst=(1,6) totalBytes=2097152 at t=48259899
GPU 1 TB=3 arrived at iteration barrier (10/10) leaving iter=30 t=48259899
GPU 1: iteration barrier releasing 10 threadblock(s) at t=48259899
GPU 1 TB=0 sid=0 DISPATCHING RunStep t=48259899
GPU 1 TB=1 sid=0 DISPATCHING RunStep t=48259899
GPU 1 TB=2 sid=0 DISPATCHING RunStep t=48259899
GPU 1 TB=3 sid=0 DISPATCHING RunStep t=48259899
GPU 1 TB=4 sid=0 DISPATCHING RunStep t=48259899
GPU 1 TB=5 sid=0 DISPATCHING RunStep t=48259899
GPU 1 TB=6 sid=0 DISPATCHING RunStep t=48259899
GPU 1 TB=7 sid=0 DISPATCHING RunStep t=48259899
GPU 1 TB=8 sid=0 BLOCKED on network completion of TB=5 step=0 needFlag=31744 netFlag=30720 t=48259899
GPU 1 TB=9 sid=0 BLOCKED on network completion of TB=5 step=0 needFlag=31744 netFlag=30720 t=48259899
Node 1 chan 0: RDMA send to 0 totalBytes=2097152 over 1 lane(s) bid=5 sid=0 iter=31 part=0 rateGBps=0 at t=48259899
Node 1 chan 0: RDMA send to 0 totalBytes=2097152 over 1 lane(s) bid=5 sid=0 iter=31 part=1 rateGBps=0 at t=48259899
Node 1 chan 0: RDMA send to 2 totalBytes=2097152 over 1 lane(s) bid=6 sid=0 iter=31 part=0 rateGBps=0 at t=48259899
Node 1 chan 1: RDMA send to 2 totalBytes=2097152 over 1 lane(s) bid=7 sid=0 iter=31 part=0 rateGBps=0 at t=48259899
GPU 1 TB=5 arrived at iteration barrier (1/10) leaving iter=31 t=48259899
GPU 1 TB=6 arrived at iteration barrier (2/10) leaving iter=31 t=48259899
GPU 1 TB=7 arrived at iteration barrier (3/10) leaving iter=31 t=48259899
Node 3 chan 0: RDMA send to 1 physically drained (sender side) bid=7 sid=0 iter=30 nElems=524288 at t=48263947
Node 3 chan 1: transfer complete from peer 1 dst=(1,3) totalBytes=2097152 at t=48340307
GPU 3 TB=3 arrived at iteration barrier (9/10) leaving iter=30 t=48340307
Node 1 chan 1: RDMA send to 3 physically drained (sender side) bid=9 sid=0 iter=30 nElems=524288 at t=48344351
Node 3 chan 0: transfer complete from peer 1 dst=(1,2) totalBytes=2097152 at t=48350931
GPU 3 TB=2 arrived at iteration barrier (10/10) leaving iter=30 t=48350931
GPU 3: iteration barrier releasing 10 threadblock(s) at t=48350931
GPU 3 TB=0 sid=0 DISPATCHING RunStep t=48350931
GPU 3 TB=1 sid=0 DISPATCHING RunStep t=48350931
GPU 3 TB=2 sid=0 DISPATCHING RunStep t=48350931
GPU 3 TB=3 sid=0 DISPATCHING RunStep t=48350931
GPU 3 TB=4 sid=0 DISPATCHING RunStep t=48350931
GPU 3 TB=5 sid=0 DISPATCHING RunStep t=48350931
GPU 3 TB=6 sid=0 DISPATCHING RunStep t=48350931
GPU 3 TB=7 sid=0 BLOCKED on network completion of TB=5 step=0 needFlag=31744 netFlag=30720 t=48350931
GPU 3 TB=8 sid=0 BLOCKED on network completion of TB=5 step=0 needFlag=31744 netFlag=30720 t=48350931
GPU 3 TB=9 sid=0 DISPATCHING RunStep t=48350931
Node 3 chan 0: RDMA send to 0 totalBytes=2097152 over 1 lane(s) bid=5 sid=0 iter=31 part=0 rateGBps=0 at t=48350931
Node 3 chan 1: RDMA send to 0 totalBytes=2097152 over 1 lane(s) bid=6 sid=0 iter=31 part=0 rateGBps=0 at t=48350931
Node 3 chan 0: RDMA send to 2 totalBytes=2097152 over 1 lane(s) bid=9 sid=0 iter=31 part=0 rateGBps=0 at t=48350931
Node 3 chan 0: RDMA send to 2 totalBytes=2097152 over 1 lane(s) bid=9 sid=0 iter=31 part=1 rateGBps=0 at t=48350931
GPU 3 TB=5 arrived at iteration barrier (1/10) leaving iter=31 t=48350931
GPU 3 TB=6 arrived at iteration barrier (2/10) leaving iter=31 t=48350931
GPU 3 TB=9 arrived at iteration barrier (3/10) leaving iter=31 t=48350931
Node 3 chan 1: transfer complete from peer 0 dst=(1,1) totalBytes=2097152 at t=48352591
GPU 3 TB=1 arrived at iteration barrier (4/10) leaving iter=31 t=48352591
Node 1 chan 0: RDMA send to 3 physically drained (sender side) bid=8 sid=0 iter=30 nElems=524288 at t=48354007
Node 3 chan 0: transfer complete from peer 0 dst=(1,0) totalBytes=2097152 at t=48356243
GPU 3 TB=0 arrived at iteration barrier (5/10) leaving iter=31 t=48356243
Node 0 chan 1: RDMA send to 3 physically drained (sender side) bid=9 sid=0 iter=31 nElems=524288 at t=48356395
Node 0 chan 0: RDMA send to 3 physically drained (sender side) bid=8 sid=0 iter=31 nElems=524288 at t=48360392
Node 3 chan 0: transfer complete from peer 2 dst=(1,4) totalBytes=2097152 at t=48420417
Node 2 chan 0: RDMA send to 3 physically drained (sender side) bid=9 sid=0 iter=31 nElems=524288 at t=48422357
Node 1 chan 0: transfer complete from peer 0 dst=(1,1) totalBytes=2097152 at t=48547187
GPU 1 TB=0 arrived at iteration barrier (4/10) leaving iter=31 t=48547187
Node 1 chan 0: transfer complete from peer 2 dst=(1,4) totalBytes=2097152 at t=48548515
GPU 1 TB=1 arrived at iteration barrier (5/10) leaving iter=31 t=48548515
Node 0 chan 0: RDMA send to 1 physically drained (sender side) bid=5 sid=0 iter=31 nElems=524288 at t=48548837
GPU 0 TB=7 sid=0 DISPATCHING RunStep t=48548837
GPU 0 TB=6 sid=0 DISPATCHING RunStep t=48548837
Node 0 chan 1: RDMA send to 2 totalBytes=2097152 over 1 lane(s) bid=7 sid=0 iter=31 part=0 rateGBps=0 at t=48548837
Node 0 chan 0: RDMA send to 2 totalBytes=2097152 over 1 lane(s) bid=6 sid=0 iter=31 part=0 rateGBps=0 at t=48548837
GPU 0 TB=7 arrived at iteration barrier (4/10) leaving iter=31 t=48548837
GPU 0 TB=6 arrived at iteration barrier (5/10) leaving iter=31 t=48548837
Node 1 chan 1: transfer complete from peer 2 dst=(1,5) totalBytes=2097152 at t=48550179
GPU 1 TB=2 arrived at iteration barrier (6/10) leaving iter=31 t=48550179
Node 2 chan 0: RDMA send to 1 physically drained (sender side) bid=7 sid=0 iter=31 nElems=524288 at t=48552717
GPU 2 TB=6 sid=0 DISPATCHING RunStep t=48552717
GPU 2 TB=5 sid=0 DISPATCHING RunStep t=48552717
Node 2 chan 1: RDMA send to 0 totalBytes=2097152 over 1 lane(s) bid=6 sid=0 iter=31 part=0 rateGBps=0 at t=48552717
Node 2 chan 0: RDMA send to 0 totalBytes=2097152 over 1 lane(s) bid=5 sid=0 iter=31 part=0 rateGBps=0 at t=48552717
GPU 2 TB=6 arrived at iteration barrier (4/10) leaving iter=31 t=48552717
GPU 2 TB=5 arrived at iteration barrier (5/10) leaving iter=31 t=48552717
Node 2 chan 1: RDMA send to 1 physically drained (sender side) bid=8 sid=0 iter=31 nElems=524288 at t=48554049
Node 3 chan 0: transfer complete from peer 2 dst=(1,5) totalBytes=2097152 at t=48701745
GPU 3 TB=4 arrived at iteration barrier (6/10) leaving iter=31 t=48701745
Node 2 chan 0: RDMA send to 3 physically drained (sender side) bid=9 sid=0 iter=31 nElems=524288 at t=48703329
Node 0 chan 0: transfer complete from peer 1 dst=(1,2) totalBytes=2097152 at t=48861101
Node 1 chan 0: RDMA send to 0 physically drained (sender side) bid=5 sid=0 iter=31 nElems=524288 at t=48862513
Node 2 chan 0: transfer complete from peer 1 dst=(1,2) totalBytes=2097152 at t=48988693
GPU 2 TB=2 arrived at iteration barrier (6/10) leaving iter=31 t=48988693
Node 2 chan 0: transfer complete from peer 3 dst=(1,6) totalBytes=2097152 at t=48990353
Node 3 chan 0: RDMA send to 2 physically drained (sender side) bid=9 sid=0 iter=31 nElems=524288 at t=48991761
Node 1 chan 0: RDMA send to 2 physically drained (sender side) bid=6 sid=0 iter=31 nElems=524288 at t=48992179
Node 2 chan 1: transfer complete from peer 1 dst=(1,3) totalBytes=2097152 at t=48996665
GPU 2 TB=3 arrived at iteration barrier (7/10) leaving iter=31 t=48996665
Node 1 chan 1: RDMA send to 2 physically drained (sender side) bid=7 sid=0 iter=31 nElems=524288 at t=48999491
Node 0 chan 0: transfer complete from peer 3 dst=(1,6) totalBytes=2097152 at t=49133889
GPU 0 TB=3 arrived at iteration barrier (6/10) leaving iter=31 t=49133889
Node 0 chan 1: transfer complete from peer 3 dst=(1,7) totalBytes=2097152 at t=49134553
GPU 0 TB=4 arrived at iteration barrier (7/10) leaving iter=31 t=49134553
Node 3 chan 0: RDMA send to 0 physically drained (sender side) bid=5 sid=0 iter=31 nElems=524288 at t=49136715
GPU 3 TB=8 sid=0 DISPATCHING RunStep t=49136715
GPU 3 TB=7 sid=0 DISPATCHING RunStep t=49136715
Node 3 chan 1: RDMA send to 1 totalBytes=2097152 over 1 lane(s) bid=8 sid=0 iter=31 part=0 rateGBps=0 at t=49136715
Node 3 chan 0: RDMA send to 1 totalBytes=2097152 over 1 lane(s) bid=7 sid=0 iter=31 part=0 rateGBps=0 at t=49136715
GPU 3 TB=8 arrived at iteration barrier (7/10) leaving iter=31 t=49136715
GPU 3 TB=7 arrived at iteration barrier (8/10) leaving iter=31 t=49136715
Node 3 chan 1: RDMA send to 0 physically drained (sender side) bid=6 sid=0 iter=31 nElems=524288 at t=49138362
Node 2 chan 1: transfer complete from peer 0 dst=(1,1) totalBytes=2097152 at t=49257801
GPU 2 TB=1 arrived at iteration barrier (8/10) leaving iter=31 t=49257801
Node 0 chan 1: RDMA send to 2 physically drained (sender side) bid=7 sid=0 iter=31 nElems=524288 at t=49261509
Node 2 chan 0: transfer complete from peer 0 dst=(1,0) totalBytes=2097152 at t=49262781
GPU 2 TB=0 arrived at iteration barrier (9/10) leaving iter=31 t=49262781
Node 0 chan 0: RDMA send to 2 physically drained (sender side) bid=6 sid=0 iter=31 nElems=524288 at t=49266825
Node 0 chan 0: transfer complete from peer 1 dst=(1,3) totalBytes=2097152 at t=49353145
GPU 0 TB=0 arrived at iteration barrier (8/10) leaving iter=31 t=49353145
Node 1 chan 0: RDMA send to 0 physically drained (sender side) bid=5 sid=0 iter=31 nElems=524288 at t=49354602
GPU 1 TB=9 sid=0 DISPATCHING RunStep t=49354602
GPU 1 TB=8 sid=0 DISPATCHING RunStep t=49354602
Node 1 chan 1: RDMA send to 3 totalBytes=2097152 over 1 lane(s) bid=9 sid=0 iter=31 part=0 rateGBps=0 at t=49354602
Node 1 chan 0: RDMA send to 3 totalBytes=2097152 over 1 lane(s) bid=8 sid=0 iter=31 part=0 rateGBps=0 at t=49354602
GPU 1 TB=9 arrived at iteration barrier (7/10) leaving iter=31 t=49354602
GPU 1 TB=8 arrived at iteration barrier (8/10) leaving iter=31 t=49354602
Node 0 chan 1: transfer complete from peer 2 dst=(1,5) totalBytes=2097152 at t=49375532
GPU 0 TB=2 arrived at iteration barrier (9/10) leaving iter=31 t=49375532
Node 0 chan 0: transfer complete from peer 2 dst=(1,4) totalBytes=2097152 at t=49376528
GPU 0 TB=1 arrived at iteration barrier (10/10) leaving iter=31 t=49376528
GPU 0: iteration barrier releasing 10 threadblock(s) at t=49376528
GPU 0 TB=0 sid=0 DISPATCHING RunStep t=49376528
GPU 0 TB=1 sid=0 DISPATCHING RunStep t=49376528
GPU 0 TB=2 sid=0 DISPATCHING RunStep t=49376528
GPU 0 TB=3 sid=0 DISPATCHING RunStep t=49376528
GPU 0 TB=4 sid=0 DISPATCHING RunStep t=49376528
GPU 0 TB=5 sid=0 DISPATCHING RunStep t=49376528
GPU 0 TB=6 sid=0 BLOCKED on network completion of TB=5 step=0 needFlag=32768 netFlag=31744 t=49376528
GPU 0 TB=7 sid=0 BLOCKED on network completion of TB=5 step=0 needFlag=32768 netFlag=31744 t=49376528
GPU 0 TB=8 sid=0 DISPATCHING RunStep t=49376528
GPU 0 TB=9 sid=0 DISPATCHING RunStep t=49376528
Node 0 chan 0: RDMA send to 1 totalBytes=2097152 over 1 lane(s) bid=5 sid=0 iter=32 part=0 rateGBps=0 at t=49376528
Node 0 chan 0: RDMA send to 1 totalBytes=2097152 over 1 lane(s) bid=5 sid=0 iter=32 part=1 rateGBps=0 at t=49376528
Node 0 chan 0: RDMA send to 3 totalBytes=2097152 over 1 lane(s) bid=8 sid=0 iter=32 part=0 rateGBps=0 at t=49376528
Node 0 chan 1: RDMA send to 3 totalBytes=2097152 over 1 lane(s) bid=9 sid=0 iter=32 part=0 rateGBps=0 at t=49376528
GPU 0 TB=5 arrived at iteration barrier (1/10) leaving iter=32 t=49376528
GPU 0 TB=8 arrived at iteration barrier (2/10) leaving iter=32 t=49376528
GPU 0 TB=9 arrived at iteration barrier (3/10) leaving iter=32 t=49376528
Node 2 chan 1: RDMA send to 0 physically drained (sender side) bid=6 sid=0 iter=31 nElems=524288 at t=49379367
Node 2 chan 0: RDMA send to 0 physically drained (sender side) bid=5 sid=0 iter=31 nElems=524288 at t=49380153
Node 2 chan 0: transfer complete from peer 3 dst=(1,7) totalBytes=2097152 at t=49416721
GPU 2 TB=4 arrived at iteration barrier (10/10) leaving iter=31 t=49416721
GPU 2: iteration barrier releasing 10 threadblock(s) at t=49416721
GPU 2 TB=0 sid=0 DISPATCHING RunStep t=49416721
GPU 2 TB=1 sid=0 DISPATCHING RunStep t=49416721
GPU 2 TB=2 sid=0 DISPATCHING RunStep t=49416721
GPU 2 TB=3 sid=0 DISPATCHING RunStep t=49416721
GPU 2 TB=4 sid=0 DISPATCHING RunStep t=49416721
GPU 2 TB=5 sid=0 BLOCKED on network completion of TB=7 step=0 needFlag=32768 netFlag=31744 t=49416721
GPU 2 TB=6 sid=0 BLOCKED on network completion of TB=7 step=0 needFlag=32768 netFlag=31744 t=49416721
GPU 2 TB=7 sid=0 DISPATCHING RunStep t=49416721
GPU 2 TB=8 sid=0 DISPATCHING RunStep t=49416721
GPU 2 TB=9 sid=0 DISPATCHING RunStep t=49416721
Node 2 chan 0: RDMA send to 1 totalBytes=2097152 over 1 lane(s) bid=7 sid=0 iter=32 part=0 rateGBps=0 at t=49416721
Node 2 chan 1: RDMA send to 1 totalBytes=2097152 over 1 lane(s) bid=8 sid=0 iter=32 part=0 rateGBps=0 at t=49416721
Node 2 chan 0: RDMA send to 3 totalBytes=2097152 over 1 lane(s) bid=9 sid=0 iter=32 part=0 rateGBps=0 at t=49416721
Node 2 chan 0: RDMA send to 3 totalBytes=2097152 over 1 lane(s) bid=9 sid=0 iter=32 part=1 rateGBps=0 at t=49416721
GPU 2 TB=7 arrived at iteration barrier (1/10) leaving iter=32 t=49416721
GPU 2 TB=8 arrived at iteration barrier (2/10) leaving iter=32 t=49416721
GPU 2 TB=9 arrived at iteration barrier (3/10) leaving iter=32 t=49416721
Node 3 chan 0: RDMA send to 2 physically drained (sender side) bid=9 sid=0 iter=31 nElems=524288 at t=49418306
Node 1 chan 1: transfer complete from peer 3 dst=(1,7) totalBytes=2097152 at t=49870872
GPU 1 TB=4 arrived at iteration barrier (9/10) leaving iter=31 t=49870872
Node 3 chan 1: RDMA send to 1 physically drained (sender side) bid=8 sid=0 iter=31 nElems=524288 at t=49874766
Node 1 chan 0: transfer complete from peer 3 dst=(1,6) totalBytes=2097152 at t=49878176
GPU 1 TB=3 arrived at iteration barrier (10/10) leaving iter=31 t=49878176
GPU 1: iteration barrier releasing 10 threadblock(s) at t=49878176
GPU 1 TB=0 sid=0 DISPATCHING RunStep t=49878176
GPU 1 TB=1 sid=0 DISPATCHING RunStep t=49878176
GPU 1 TB=2 sid=0 DISPATCHING RunStep t=49878176
GPU 1 TB=3 sid=0 DISPATCHING RunStep t=49878176
GPU 1 TB=4 sid=0 DISPATCHING RunStep t=49878176
GPU 1 TB=5 sid=0 DISPATCHING RunStep t=49878176
GPU 1 TB=6 sid=0 DISPATCHING RunStep t=49878176
GPU 1 TB=7 sid=0 DISPATCHING RunStep t=49878176
GPU 1 TB=8 sid=0 BLOCKED on network completion of TB=5 step=0 needFlag=32768 netFlag=31744 t=49878176
GPU 1 TB=9 sid=0 BLOCKED on network completion of TB=5 step=0 needFlag=32768 netFlag=31744 t=49878176
Node 1 chan 0: RDMA send to 0 totalBytes=2097152 over 1 lane(s) bid=5 sid=0 iter=32 part=0 rateGBps=0 at t=49878176
Node 1 chan 0: RDMA send to 0 totalBytes=2097152 over 1 lane(s) bid=5 sid=0 iter=32 part=1 rateGBps=0 at t=49878176
Node 1 chan 0: RDMA send to 2 totalBytes=2097152 over 1 lane(s) bid=6 sid=0 iter=32 part=0 rateGBps=0 at t=49878176
Node 1 chan 1: RDMA send to 2 totalBytes=2097152 over 1 lane(s) bid=7 sid=0 iter=32 part=0 rateGBps=0 at t=49878176
GPU 1 TB=5 arrived at iteration barrier (1/10) leaving iter=32 t=49878176
GPU 1 TB=6 arrived at iteration barrier (2/10) leaving iter=32 t=49878176
GPU 1 TB=7 arrived at iteration barrier (3/10) leaving iter=32 t=49878176
Node 3 chan 0: RDMA send to 1 physically drained (sender side) bid=7 sid=0 iter=31 nElems=524288 at t=49881742
Node 1 chan 0: transfer complete from peer 0 dst=(1,0) totalBytes=2097152 at t=50024788
Node 0 chan 0: RDMA send to 1 physically drained (sender side) bid=5 sid=0 iter=32 nElems=524288 at t=50026232
Node 2 chan 0: RDMA send to 3 physically drained (sender side) bid=9 sid=0 iter=32 nElems=524288 at t=50093034
Node 1 chan 1: transfer complete from peer 2 dst=(1,5) totalBytes=2097152 at t=50142164
GPU 1 TB=2 arrived at iteration barrier (4/10) leaving iter=32 t=50142164
Node 1 chan 0: transfer complete from peer 2 dst=(1,4) totalBytes=2097152 at t=50144828
GPU 1 TB=1 arrived at iteration barrier (5/10) leaving iter=32 t=50144828
Node 2 chan 1: RDMA send to 1 physically drained (sender side) bid=8 sid=0 iter=32 nElems=524288 at t=50146625
Node 2 chan 0: RDMA send to 1 physically drained (sender side) bid=7 sid=0 iter=32 nElems=524288 at t=50148626
GPU 2 TB=6 sid=0 DISPATCHING RunStep t=50148626
GPU 2 TB=5 sid=0 DISPATCHING RunStep t=50148626
Node 2 chan 1: RDMA send to 0 totalBytes=2097152 over 1 lane(s) bid=6 sid=0 iter=32 part=0 rateGBps=0 at t=50148626
Node 2 chan 0: RDMA send to 0 totalBytes=2097152 over 1 lane(s) bid=5 sid=0 iter=32 part=0 rateGBps=0 at t=50148626
GPU 2 TB=6 arrived at iteration barrier (4/10) leaving iter=32 t=50148626
GPU 2 TB=5 arrived at iteration barrier (5/10) leaving iter=32 t=50148626
Node 3 chan 1: transfer complete from peer 1 dst=(1,3) totalBytes=2097152 at t=50245946
GPU 3 TB=3 arrived at iteration barrier (9/10) leaving iter=31 t=50245946
Node 3 chan 0: transfer complete from peer 1 dst=(1,2) totalBytes=2097152 at t=50246942
GPU 3 TB=2 arrived at iteration barrier (10/10) leaving iter=31 t=50246942
GPU 3: iteration barrier releasing 10 threadblock(s) at t=50246942
GPU 3 TB=0 sid=0 DISPATCHING RunStep t=50246942
GPU 3 TB=1 sid=0 DISPATCHING RunStep t=50246942
GPU 3 TB=2 sid=0 DISPATCHING RunStep t=50246942
GPU 3 TB=3 sid=0 DISPATCHING RunStep t=50246942
GPU 3 TB=4 sid=0 DISPATCHING RunStep t=50246942
GPU 3 TB=5 sid=0 DISPATCHING RunStep t=50246942
GPU 3 TB=6 sid=0 DISPATCHING RunStep t=50246942
GPU 3 TB=7 sid=0 BLOCKED on network completion of TB=5 step=0 needFlag=32768 netFlag=31744 t=50246942
GPU 3 TB=8 sid=0 BLOCKED on network completion of TB=5 step=0 needFlag=32768 netFlag=31744 t=50246942
GPU 3 TB=9 sid=0 DISPATCHING RunStep t=50246942
Node 3 chan 0: RDMA send to 0 totalBytes=2097152 over 1 lane(s) bid=5 sid=0 iter=32 part=0 rateGBps=0 at t=50246942
Node 3 chan 1: RDMA send to 0 totalBytes=2097152 over 1 lane(s) bid=6 sid=0 iter=32 part=0 rateGBps=0 at t=50246942
Node 3 chan 0: RDMA send to 2 totalBytes=2097152 over 1 lane(s) bid=9 sid=0 iter=32 part=0 rateGBps=0 at t=50246942
Node 3 chan 0: RDMA send to 2 totalBytes=2097152 over 1 lane(s) bid=9 sid=0 iter=32 part=1 rateGBps=0 at t=50246942
GPU 3 TB=5 arrived at iteration barrier (1/10) leaving iter=32 t=50246942
GPU 3 TB=6 arrived at iteration barrier (2/10) leaving iter=32 t=50246942
GPU 3 TB=9 arrived at iteration barrier (3/10) leaving iter=32 t=50246942
Node 1 chan 1: RDMA send to 3 physically drained (sender side) bid=9 sid=0 iter=31 nElems=524288 at t=50249107
Node 1 chan 0: RDMA send to 3 physically drained (sender side) bid=8 sid=0 iter=31 nElems=524288 at t=50250435
Node 3 chan 0: transfer complete from peer 0 dst=(1,0) totalBytes=2097152 at t=50280830
GPU 3 TB=0 arrived at iteration barrier (4/10) leaving iter=32 t=50280830
Node 3 chan 1: transfer complete from peer 0 dst=(1,1) totalBytes=2097152 at t=50284486
GPU 3 TB=1 arrived at iteration barrier (5/10) leaving iter=32 t=50284486
Node 0 chan 0: RDMA send to 3 physically drained (sender side) bid=8 sid=0 iter=32 nElems=524288 at t=50284778
Node 0 chan 1: RDMA send to 3 physically drained (sender side) bid=9 sid=0 iter=32 nElems=524288 at t=50288110
Node 1 chan 0: transfer complete from peer 0 dst=(1,1) totalBytes=2097152 at t=50307628
GPU 1 TB=0 arrived at iteration barrier (6/10) leaving iter=32 t=50307628
Node 0 chan 0: RDMA send to 1 physically drained (sender side) bid=5 sid=0 iter=32 nElems=524288 at t=50309062
GPU 0 TB=7 sid=0 DISPATCHING RunStep t=50309062
GPU 0 TB=6 sid=0 DISPATCHING RunStep t=50309062
Node 0 chan 1: RDMA send to 2 totalBytes=2097152 over 1 lane(s) bid=7 sid=0 iter=32 part=0 rateGBps=0 at t=50309062
Node 0 chan 0: RDMA send to 2 totalBytes=2097152 over 1 lane(s) bid=6 sid=0 iter=32 part=0 rateGBps=0 at t=50309062
GPU 0 TB=7 arrived at iteration barrier (4/10) leaving iter=32 t=50309062
GPU 0 TB=6 arrived at iteration barrier (5/10) leaving iter=32 t=50309062
Node 3 chan 0: transfer complete from peer 2 dst=(1,5) totalBytes=2097152 at t=50437562
GPU 3 TB=4 arrived at iteration barrier (6/10) leaving iter=32 t=50437562
Node 2 chan 0: RDMA send to 3 physically drained (sender side) bid=9 sid=0 iter=32 nElems=524288 at t=50439199
Node 0 chan 0: transfer complete from peer 1 dst=(1,2) totalBytes=2097152 at t=50504718
Node 1 chan 0: RDMA send to 0 physically drained (sender side) bid=5 sid=0 iter=32 nElems=524288 at t=50506126
Node 2 chan 1: transfer complete from peer 1 dst=(1,3) totalBytes=2097152 at t=50725895
GPU 2 TB=3 arrived at iteration barrier (6/10) leaving iter=32 t=50725895
Node 1 chan 1: RDMA send to 2 physically drained (sender side) bid=7 sid=0 iter=32 nElems=524288 at t=50729704
Node 2 chan 0: transfer complete from peer 1 dst=(1,2) totalBytes=2097152 at t=50734863
GPU 2 TB=2 arrived at iteration barrier (7/10) leaving iter=32 t=50734863
Node 1 chan 0: RDMA send to 2 physically drained (sender side) bid=6 sid=0 iter=32 nElems=524288 at t=50739004
Node 2 chan 0: transfer complete from peer 3 dst=(1,6) totalBytes=2097152 at t=50870067
Node 3 chan 0: RDMA send to 2 physically drained (sender side) bid=9 sid=0 iter=32 nElems=524288 at t=50871475
Node 0 chan 1: transfer complete from peer 2 dst=(1,5) totalBytes=2097152 at t=50959586
GPU 0 TB=2 arrived at iteration barrier (6/10) leaving iter=32 t=50959586
Node 0 chan 0: transfer complete from peer 2 dst=(1,4) totalBytes=2097152 at t=50963242
GPU 0 TB=1 arrived at iteration barrier (7/10) leaving iter=32 t=50963242
Node 2 chan 1: RDMA send to 0 physically drained (sender side) bid=6 sid=0 iter=32 nElems=524288 at t=50963423
Node 2 chan 0: RDMA send to 0 physically drained (sender side) bid=5 sid=0 iter=32 nElems=524288 at t=50966083
Node 2 chan 0: transfer complete from peer 0 dst=(1,0) totalBytes=2097152 at t=51014887
GPU 2 TB=0 arrived at iteration barrier (8/10) leaving iter=32 t=51014887
Node 2 chan 1: transfer complete from peer 0 dst=(1,1) totalBytes=2097152 at t=51016879
GPU 2 TB=1 arrived at iteration barrier (9/10) leaving iter=32 t=51016879
Node 0 chan 0: RDMA send to 2 physically drained (sender side) bid=6 sid=0 iter=32 nElems=524288 at t=51017750
Node 0 chan 1: RDMA send to 2 physically drained (sender side) bid=7 sid=0 iter=32 nElems=524288 at t=51019746
Node 0 chan 1: transfer complete from peer 3 dst=(1,7) totalBytes=2097152 at t=51068218
GPU 0 TB=4 arrived at iteration barrier (8/10) leaving iter=32 t=51068218
Node 0 chan 0: transfer complete from peer 3 dst=(1,6) totalBytes=2097152 at t=51069214
GPU 0 TB=3 arrived at iteration barrier (9/10) leaving iter=32 t=51069214
Node 3 chan 1: RDMA send to 0 physically drained (sender side) bid=6 sid=0 iter=32 nElems=524288 at t=51071044
Node 3 chan 0: RDMA send to 0 physically drained (sender side) bid=5 sid=0 iter=32 nElems=524288 at t=51072040
GPU 3 TB=8 sid=0 DISPATCHING RunStep t=51072040
GPU 3 TB=7 sid=0 DISPATCHING RunStep t=51072040
Node 3 chan 1: RDMA send to 1 totalBytes=2097152 over 1 lane(s) bid=8 sid=0 iter=32 part=0 rateGBps=0 at t=51072040
Node 3 chan 0: RDMA send to 1 totalBytes=2097152 over 1 lane(s) bid=7 sid=0 iter=32 part=0 rateGBps=0 at t=51072040
GPU 3 TB=8 arrived at iteration barrier (7/10) leaving iter=32 t=51072040
GPU 3 TB=7 arrived at iteration barrier (8/10) leaving iter=32 t=51072040
Node 0 chan 0: transfer complete from peer 1 dst=(1,3) totalBytes=2097152 at t=51099094
GPU 0 TB=0 arrived at iteration barrier (10/10) leaving iter=32 t=51099094
GPU 0: iteration barrier releasing 10 threadblock(s) at t=51099094
GPU 0 TB=0 sid=0 DISPATCHING RunStep t=51099094
GPU 0 TB=1 sid=0 DISPATCHING RunStep t=51099094
GPU 0 TB=2 sid=0 DISPATCHING RunStep t=51099094
GPU 0 TB=3 sid=0 DISPATCHING RunStep t=51099094
GPU 0 TB=4 sid=0 DISPATCHING RunStep t=51099094
GPU 0 TB=5 sid=0 DISPATCHING RunStep t=51099094
GPU 0 TB=6 sid=0 BLOCKED on network completion of TB=5 step=0 needFlag=33792 netFlag=32768 t=51099094
GPU 0 TB=7 sid=0 BLOCKED on network completion of TB=5 step=0 needFlag=33792 netFlag=32768 t=51099094
GPU 0 TB=8 sid=0 DISPATCHING RunStep t=51099094
GPU 0 TB=9 sid=0 DISPATCHING RunStep t=51099094
Node 0 chan 0: RDMA send to 1 totalBytes=2097152 over 1 lane(s) bid=5 sid=0 iter=33 part=0 rateGBps=0 at t=51099094
Node 0 chan 0: RDMA send to 1 totalBytes=2097152 over 1 lane(s) bid=5 sid=0 iter=33 part=1 rateGBps=0 at t=51099094
Node 0 chan 0: RDMA send to 3 totalBytes=2097152 over 1 lane(s) bid=8 sid=0 iter=33 part=0 rateGBps=0 at t=51099094
Node 0 chan 1: RDMA send to 3 totalBytes=2097152 over 1 lane(s) bid=9 sid=0 iter=33 part=0 rateGBps=0 at t=51099094
GPU 0 TB=5 arrived at iteration barrier (1/10) leaving iter=33 t=51099094
GPU 0 TB=8 arrived at iteration barrier (2/10) leaving iter=33 t=51099094
GPU 0 TB=9 arrived at iteration barrier (3/10) leaving iter=33 t=51099094
Node 1 chan 0: RDMA send to 0 physically drained (sender side) bid=5 sid=0 iter=32 nElems=524288 at t=51100502
GPU 1 TB=9 sid=0 DISPATCHING RunStep t=51100502
GPU 1 TB=8 sid=0 DISPATCHING RunStep t=51100502
Node 1 chan 1: RDMA send to 3 totalBytes=2097152 over 1 lane(s) bid=9 sid=0 iter=32 part=0 rateGBps=0 at t=51100502
Node 1 chan 0: RDMA send to 3 totalBytes=2097152 over 1 lane(s) bid=8 sid=0 iter=32 part=0 rateGBps=0 at t=51100502
GPU 1 TB=9 arrived at iteration barrier (7/10) leaving iter=32 t=51100502
GPU 1 TB=8 arrived at iteration barrier (8/10) leaving iter=32 t=51100502
Node 2 chan 0: transfer complete from peer 3 dst=(1,7) totalBytes=2097152 at t=51287819
GPU 2 TB=4 arrived at iteration barrier (10/10) leaving iter=32 t=51287819
GPU 2: iteration barrier releasing 10 threadblock(s) at t=51287819
GPU 2 TB=0 sid=0 DISPATCHING RunStep t=51287819
GPU 2 TB=1 sid=0 DISPATCHING RunStep t=51287819
GPU 2 TB=2 sid=0 DISPATCHING RunStep t=51287819
GPU 2 TB=3 sid=0 DISPATCHING RunStep t=51287819
GPU 2 TB=4 sid=0 DISPATCHING RunStep t=51287819
GPU 2 TB=5 sid=0 BLOCKED on network completion of TB=7 step=0 needFlag=33792 netFlag=32768 t=51287819
GPU 2 TB=6 sid=0 BLOCKED on network completion of TB=7 step=0 needFlag=33792 netFlag=32768 t=51287819
GPU 2 TB=7 sid=0 DISPATCHING RunStep t=51287819
GPU 2 TB=8 sid=0 DISPATCHING RunStep t=51287819
GPU 2 TB=9 sid=0 DISPATCHING RunStep t=51287819
Node 2 chan 0: RDMA send to 1 totalBytes=2097152 over 1 lane(s) bid=7 sid=0 iter=33 part=0 rateGBps=0 at t=51287819
Node 2 chan 1: RDMA send to 1 totalBytes=2097152 over 1 lane(s) bid=8 sid=0 iter=33 part=0 rateGBps=0 at t=51287819
Node 2 chan 0: RDMA send to 3 totalBytes=2097152 over 1 lane(s) bid=9 sid=0 iter=33 part=0 rateGBps=0 at t=51287819
Node 2 chan 0: RDMA send to 3 totalBytes=2097152 over 1 lane(s) bid=9 sid=0 iter=33 part=1 rateGBps=0 at t=51287819
GPU 2 TB=7 arrived at iteration barrier (1/10) leaving iter=33 t=51287819
GPU 2 TB=8 arrived at iteration barrier (2/10) leaving iter=33 t=51287819
GPU 2 TB=9 arrived at iteration barrier (3/10) leaving iter=33 t=51287819
Node 3 chan 0: RDMA send to 2 physically drained (sender side) bid=9 sid=0 iter=32 nElems=524288 at t=51289418
Node 0 chan 0: RDMA send to 1 physically drained (sender side) bid=5 sid=0 iter=33 nElems=524288 at t=51715063
Node 1 chan 1: transfer complete from peer 3 dst=(1,7) totalBytes=2097152 at t=51813647
GPU 1 TB=4 arrived at iteration barrier (9/10) leaving iter=32 t=51813647
Node 1 chan 0: transfer complete from peer 3 dst=(1,6) totalBytes=2097152 at t=51814975
GPU 1 TB=3 arrived at iteration barrier (10/10) leaving iter=32 t=51814975
GPU 1: iteration barrier releasing 10 threadblock(s) at t=51814975
GPU 1 TB=0 sid=0 DISPATCHING RunStep t=51814975
GPU 1 TB=1 sid=0 DISPATCHING RunStep t=51814975
GPU 1 TB=2 sid=0 DISPATCHING RunStep t=51814975
GPU 1 TB=3 sid=0 DISPATCHING RunStep t=51814975
GPU 1 TB=4 sid=0 DISPATCHING RunStep t=51814975
GPU 1 TB=5 sid=0 DISPATCHING RunStep t=51814975
GPU 1 TB=6 sid=0 DISPATCHING RunStep t=51814975
GPU 1 TB=7 sid=0 DISPATCHING RunStep t=51814975
GPU 1 TB=8 sid=0 BLOCKED on network completion of TB=5 step=0 needFlag=33792 netFlag=32768 t=51814975
GPU 1 TB=9 sid=0 BLOCKED on network completion of TB=5 step=0 needFlag=33792 netFlag=32768 t=51814975
Node 1 chan 0: RDMA send to 0 totalBytes=2097152 over 1 lane(s) bid=5 sid=0 iter=33 part=0 rateGBps=0 at t=51814975
Node 1 chan 0: RDMA send to 0 totalBytes=2097152 over 1 lane(s) bid=5 sid=0 iter=33 part=1 rateGBps=0 at t=51814975
Node 1 chan 0: RDMA send to 2 totalBytes=2097152 over 1 lane(s) bid=6 sid=0 iter=33 part=0 rateGBps=0 at t=51814975
Node 1 chan 1: RDMA send to 2 totalBytes=2097152 over 1 lane(s) bid=7 sid=0 iter=33 part=0 rateGBps=0 at t=51814975
GPU 1 TB=5 arrived at iteration barrier (1/10) leaving iter=33 t=51814975
GPU 1 TB=6 arrived at iteration barrier (2/10) leaving iter=33 t=51814975
GPU 1 TB=7 arrived at iteration barrier (3/10) leaving iter=33 t=51814975
Node 3 chan 1: RDMA send to 1 physically drained (sender side) bid=8 sid=0 iter=32 nElems=524288 at t=51817306
Node 3 chan 0: RDMA send to 1 physically drained (sender side) bid=7 sid=0 iter=32 nElems=524288 at t=51818638
Node 3 chan 0: transfer complete from peer 1 dst=(1,2) totalBytes=2097152 at t=51923550
GPU 3 TB=2 arrived at iteration barrier (9/10) leaving iter=32 t=51923550
Node 1 chan 0: RDMA send to 3 physically drained (sender side) bid=8 sid=0 iter=32 nElems=524288 at t=51927691
Node 0 chan 0: RDMA send to 3 physically drained (sender side) bid=8 sid=0 iter=33 nElems=524288 at t=51930288
Node 3 chan 1: transfer complete from peer 1 dst=(1,3) totalBytes=2097152 at t=51930522
GPU 3 TB=3 arrived at iteration barrier (10/10) leaving iter=32 t=51930522
GPU 3: iteration barrier releasing 10 threadblock(s) at t=51930522
GPU 3 TB=0 sid=0 DISPATCHING RunStep t=51930522
GPU 3 TB=1 sid=0 DISPATCHING RunStep t=51930522
GPU 3 TB=2 sid=0 DISPATCHING RunStep t=51930522
GPU 3 TB=3 sid=0 DISPATCHING RunStep t=51930522
GPU 3 TB=4 sid=0 DISPATCHING RunStep t=51930522
GPU 3 TB=5 sid=0 DISPATCHING RunStep t=51930522
GPU 3 TB=6 sid=0 DISPATCHING RunStep t=51930522
GPU 3 TB=7 sid=0 BLOCKED on network completion of TB=5 step=0 needFlag=33792 netFlag=32768 t=51930522
GPU 3 TB=8 sid=0 BLOCKED on network completion of TB=5 step=0 needFlag=33792 netFlag=32768 t=51930522
GPU 3 TB=9 sid=0 DISPATCHING RunStep t=51930522
Node 3 chan 0: RDMA send to 0 totalBytes=2097152 over 1 lane(s) bid=5 sid=0 iter=33 part=0 rateGBps=0 at t=51930522
Node 3 chan 1: RDMA send to 0 totalBytes=2097152 over 1 lane(s) bid=6 sid=0 iter=33 part=0 rateGBps=0 at t=51930522
Node 3 chan 0: RDMA send to 2 totalBytes=2097152 over 1 lane(s) bid=9 sid=0 iter=33 part=0 rateGBps=0 at t=51930522
Node 3 chan 0: RDMA send to 2 totalBytes=2097152 over 1 lane(s) bid=9 sid=0 iter=33 part=1 rateGBps=0 at t=51930522
GPU 3 TB=0 arrived at iteration barrier (1/10) leaving iter=33 t=51930522
GPU 3 TB=5 arrived at iteration barrier (2/10) leaving iter=33 t=51930522
GPU 3 TB=6 arrived at iteration barrier (3/10) leaving iter=33 t=51930522
GPU 3 TB=9 arrived at iteration barrier (4/10) leaving iter=33 t=51930522
Node 3 chan 1: transfer complete from peer 0 dst=(1,1) totalBytes=2097152 at t=51932846
GPU 3 TB=1 arrived at iteration barrier (5/10) leaving iter=33 t=51932846
Node 1 chan 1: RDMA send to 3 physically drained (sender side) bid=9 sid=0 iter=32 nElems=524288 at t=51934687
Node 0 chan 1: RDMA send to 3 physically drained (sender side) bid=9 sid=0 iter=33 nElems=524288 at t=51936759
Node 3 chan 0: transfer complete from peer 2 dst=(1,4) totalBytes=2097152 at t=51972740
Node 2 chan 0: RDMA send to 3 physically drained (sender side) bid=9 sid=0 iter=33 nElems=524288 at t=51974688
Node 1 chan 0: transfer complete from peer 2 dst=(1,4) totalBytes=2097152 at t=52073999
GPU 1 TB=1 arrived at iteration barrier (4/10) leaving iter=33 t=52073999
Node 1 chan 1: transfer complete from peer 2 dst=(1,5) totalBytes=2097152 at t=52076327
GPU 1 TB=2 arrived at iteration barrier (5/10) leaving iter=33 t=52076327
Node 2 chan 0: RDMA send to 1 physically drained (sender side) bid=7 sid=0 iter=33 nElems=524288 at t=52078112
GPU 2 TB=6 sid=0 DISPATCHING RunStep t=52078112
GPU 2 TB=5 sid=0 DISPATCHING RunStep t=52078112
Node 2 chan 1: RDMA send to 0 totalBytes=2097152 over 1 lane(s) bid=6 sid=0 iter=33 part=0 rateGBps=0 at t=52078112
Node 2 chan 0: RDMA send to 0 totalBytes=2097152 over 1 lane(s) bid=5 sid=0 iter=33 part=0 rateGBps=0 at t=52078112
GPU 2 TB=6 arrived at iteration barrier (4/10) leaving iter=33 t=52078112
GPU 2 TB=5 arrived at iteration barrier (5/10) leaving iter=33 t=52078112
Node 2 chan 1: RDMA send to 1 physically drained (sender side) bid=8 sid=0 iter=33 nElems=524288 at t=52080444
Node 1 chan 0: transfer complete from peer 0 dst=(1,1) totalBytes=2097152 at t=52105583
GPU 1 TB=0 arrived at iteration barrier (6/10) leaving iter=33 t=52105583
Node 0 chan 0: RDMA send to 1 physically drained (sender side) bid=5 sid=0 iter=33 nElems=524288 at t=52107092
GPU 0 TB=7 sid=0 DISPATCHING RunStep t=52107092
GPU 0 TB=6 sid=0 DISPATCHING RunStep t=52107092
Node 0 chan 1: RDMA send to 2 totalBytes=2097152 over 1 lane(s) bid=7 sid=0 iter=33 part=0 rateGBps=0 at t=52107092
Node 0 chan 0: RDMA send to 2 totalBytes=2097152 over 1 lane(s) bid=6 sid=0 iter=33 part=0 rateGBps=0 at t=52107092
GPU 0 TB=7 arrived at iteration barrier (4/10) leaving iter=33 t=52107092
GPU 0 TB=6 arrived at iteration barrier (5/10) leaving iter=33 t=52107092
Node 3 chan 0: transfer complete from peer 2 dst=(1,5) totalBytes=2097152 at t=52254064
GPU 3 TB=4 arrived at iteration barrier (6/10) leaving iter=33 t=52254064
Node 2 chan 0: RDMA send to 3 physically drained (sender side) bid=9 sid=0 iter=33 nElems=524288 at t=52255656
Node 0 chan 0: transfer complete from peer 1 dst=(1,2) totalBytes=2097152 at t=52459880
Node 1 chan 0: RDMA send to 0 physically drained (sender side) bid=5 sid=0 iter=33 nElems=524288 at t=52461288
Node 2 chan 1: transfer complete from peer 1 dst=(1,3) totalBytes=2097152 at t=52549992
GPU 2 TB=3 arrived at iteration barrier (6/10) leaving iter=33 t=52549992
Node 1 chan 1: RDMA send to 2 physically drained (sender side) bid=7 sid=0 iter=33 nElems=524288 at t=52553829
Node 2 chan 0: transfer complete from peer 1 dst=(1,2) totalBytes=2097152 at t=52557964
GPU 2 TB=2 arrived at iteration barrier (7/10) leaving iter=33 t=52557964
Node 1 chan 0: RDMA send to 2 physically drained (sender side) bid=6 sid=0 iter=33 nElems=524288 at t=52561857
Node 2 chan 0: transfer complete from peer 3 dst=(1,6) totalBytes=2097152 at t=52575240
Node 3 chan 0: RDMA send to 2 physically drained (sender side) bid=9 sid=0 iter=33 nElems=524288 at t=52576648
Node 0 chan 0: transfer complete from peer 3 dst=(1,6) totalBytes=2097152 at t=52728032
GPU 0 TB=3 arrived at iteration barrier (6/10) leaving iter=33 t=52728032
Node 3 chan 0: RDMA send to 0 physically drained (sender side) bid=5 sid=0 iter=33 nElems=524288 at t=52731501
GPU 3 TB=8 sid=0 DISPATCHING RunStep t=52731501
GPU 3 TB=7 sid=0 DISPATCHING RunStep t=52731501
Node 3 chan 1: RDMA send to 1 totalBytes=2097152 over 1 lane(s) bid=8 sid=0 iter=33 part=0 rateGBps=0 at t=52731501
Node 3 chan 0: RDMA send to 1 totalBytes=2097152 over 1 lane(s) bid=7 sid=0 iter=33 part=0 rateGBps=0 at t=52731501
GPU 3 TB=8 arrived at iteration barrier (7/10) leaving iter=33 t=52731501
GPU 3 TB=7 arrived at iteration barrier (8/10) leaving iter=33 t=52731501
Node 0 chan 1: transfer complete from peer 3 dst=(1,7) totalBytes=2097152 at t=52740660
GPU 0 TB=4 arrived at iteration barrier (7/10) leaving iter=33 t=52740660
Node 3 chan 1: RDMA send to 0 physically drained (sender side) bid=6 sid=0 iter=33 nElems=524288 at t=52744797
Node 2 chan 1: transfer complete from peer 0 dst=(1,1) totalBytes=2097152 at t=52819428
GPU 2 TB=1 arrived at iteration barrier (8/10) leaving iter=33 t=52819428
Node 0 chan 1: RDMA send to 2 physically drained (sender side) bid=7 sid=0 iter=33 nElems=524288 at t=52823416
Node 2 chan 0: transfer complete from peer 0 dst=(1,0) totalBytes=2097152 at t=52824076
GPU 2 TB=0 arrived at iteration barrier (9/10) leaving iter=33 t=52824076
Node 0 chan 0: RDMA send to 2 physically drained (sender side) bid=6 sid=0 iter=33 nElems=524288 at t=52828068
Node 0 chan 0: transfer complete from peer 2 dst=(1,4) totalBytes=2097152 at t=52912064
GPU 0 TB=1 arrived at iteration barrier (8/10) leaving iter=33 t=52912064
Node 2 chan 0: RDMA send to 0 physically drained (sender side) bid=5 sid=0 iter=33 nElems=524288 at t=52914967
Node 0 chan 1: transfer complete from peer 2 dst=(1,5) totalBytes=2097152 at t=52916712
GPU 0 TB=2 arrived at iteration barrier (9/10) leaving iter=33 t=52916712
Node 2 chan 1: RDMA send to 0 physically drained (sender side) bid=6 sid=0 iter=33 nElems=524288 at t=52919615
Node 0 chan 0: transfer complete from peer 1 dst=(1,3) totalBytes=2097152 at t=52936300
GPU 0 TB=0 arrived at iteration barrier (10/10) leaving iter=33 t=52936300
GPU 0: iteration barrier releasing 10 threadblock(s) at t=52936300
GPU 0 TB=0 sid=0 DISPATCHING RunStep t=52936300
GPU 0 TB=1 sid=0 DISPATCHING RunStep t=52936300
GPU 0 TB=2 sid=0 DISPATCHING RunStep t=52936300
GPU 0 TB=3 sid=0 DISPATCHING RunStep t=52936300
GPU 0 TB=4 sid=0 DISPATCHING RunStep t=52936300
GPU 0 TB=5 sid=0 DISPATCHING RunStep t=52936300
GPU 0 TB=6 sid=0 BLOCKED on network completion of TB=5 step=0 needFlag=34816 netFlag=33792 t=52936300
GPU 0 TB=7 sid=0 BLOCKED on network completion of TB=5 step=0 needFlag=34816 netFlag=33792 t=52936300
GPU 0 TB=8 sid=0 DISPATCHING RunStep t=52936300
GPU 0 TB=9 sid=0 DISPATCHING RunStep t=52936300
Node 0 chan 0: RDMA send to 1 totalBytes=2097152 over 1 lane(s) bid=5 sid=0 iter=34 part=0 rateGBps=0 at t=52936300
Node 0 chan 0: RDMA send to 1 totalBytes=2097152 over 1 lane(s) bid=5 sid=0 iter=34 part=1 rateGBps=0 at t=52936300
Node 0 chan 0: RDMA send to 3 totalBytes=2097152 over 1 lane(s) bid=8 sid=0 iter=34 part=0 rateGBps=0 at t=52936300
Node 0 chan 1: RDMA send to 3 totalBytes=2097152 over 1 lane(s) bid=9 sid=0 iter=34 part=0 rateGBps=0 at t=52936300
GPU 0 TB=5 arrived at iteration barrier (1/10) leaving iter=34 t=52936300
GPU 0 TB=8 arrived at iteration barrier (2/10) leaving iter=34 t=52936300
GPU 0 TB=9 arrived at iteration barrier (3/10) leaving iter=34 t=52936300
Node 1 chan 0: RDMA send to 0 physically drained (sender side) bid=5 sid=0 iter=33 nElems=524288 at t=52937708
GPU 1 TB=9 sid=0 DISPATCHING RunStep t=52937708
GPU 1 TB=8 sid=0 DISPATCHING RunStep t=52937708
Node 1 chan 1: RDMA send to 3 totalBytes=2097152 over 1 lane(s) bid=9 sid=0 iter=33 part=0 rateGBps=0 at t=52937708
Node 1 chan 0: RDMA send to 3 totalBytes=2097152 over 1 lane(s) bid=8 sid=0 iter=33 part=0 rateGBps=0 at t=52937708
GPU 1 TB=9 arrived at iteration barrier (7/10) leaving iter=33 t=52937708
GPU 1 TB=8 arrived at iteration barrier (8/10) leaving iter=33 t=52937708
Node 2 chan 0: transfer complete from peer 3 dst=(1,7) totalBytes=2097152 at t=53011015
GPU 2 TB=4 arrived at iteration barrier (10/10) leaving iter=33 t=53011015
GPU 2: iteration barrier releasing 10 threadblock(s) at t=53011015
GPU 2 TB=0 sid=0 DISPATCHING RunStep t=53011015
GPU 2 TB=1 sid=0 DISPATCHING RunStep t=53011015
GPU 2 TB=2 sid=0 DISPATCHING RunStep t=53011015
GPU 2 TB=3 sid=0 DISPATCHING RunStep t=53011015
GPU 2 TB=4 sid=0 DISPATCHING RunStep t=53011015
GPU 2 TB=5 sid=0 BLOCKED on network completion of TB=7 step=0 needFlag=34816 netFlag=33792 t=53011015
GPU 2 TB=6 sid=0 BLOCKED on network completion of TB=7 step=0 needFlag=34816 netFlag=33792 t=53011015
GPU 2 TB=7 sid=0 DISPATCHING RunStep t=53011015
GPU 2 TB=8 sid=0 DISPATCHING RunStep t=53011015
GPU 2 TB=9 sid=0 DISPATCHING RunStep t=53011015
Node 2 chan 0: RDMA send to 1 totalBytes=2097152 over 1 lane(s) bid=7 sid=0 iter=34 part=0 rateGBps=0 at t=53011015
Node 2 chan 1: RDMA send to 1 totalBytes=2097152 over 1 lane(s) bid=8 sid=0 iter=34 part=0 rateGBps=0 at t=53011015
Node 2 chan 0: RDMA send to 3 totalBytes=2097152 over 1 lane(s) bid=9 sid=0 iter=34 part=0 rateGBps=0 at t=53011015
Node 2 chan 0: RDMA send to 3 totalBytes=2097152 over 1 lane(s) bid=9 sid=0 iter=34 part=1 rateGBps=0 at t=53011015
GPU 2 TB=7 arrived at iteration barrier (1/10) leaving iter=34 t=53011015
GPU 2 TB=8 arrived at iteration barrier (2/10) leaving iter=34 t=53011015
GPU 2 TB=9 arrived at iteration barrier (3/10) leaving iter=34 t=53011015
Node 3 chan 0: RDMA send to 2 physically drained (sender side) bid=9 sid=0 iter=33 nElems=524288 at t=53012652
Node 1 chan 0: transfer complete from peer 3 dst=(1,6) totalBytes=2097152 at t=53448976
GPU 1 TB=3 arrived at iteration barrier (9/10) leaving iter=33 t=53448976
Node 3 chan 0: RDMA send to 1 physically drained (sender side) bid=7 sid=0 iter=33 nElems=524288 at t=53452836
Node 1 chan 1: transfer complete from peer 3 dst=(1,7) totalBytes=2097152 at t=53455288
GPU 1 TB=4 arrived at iteration barrier (10/10) leaving iter=33 t=53455288
GPU 1: iteration barrier releasing 10 threadblock(s) at t=53455288
GPU 1 TB=0 sid=0 DISPATCHING RunStep t=53455288
GPU 1 TB=1 sid=0 DISPATCHING RunStep t=53455288
GPU 1 TB=2 sid=0 DISPATCHING RunStep t=53455288
GPU 1 TB=3 sid=0 DISPATCHING RunStep t=53455288
GPU 1 TB=4 sid=0 DISPATCHING RunStep t=53455288
GPU 1 TB=5 sid=0 DISPATCHING RunStep t=53455288
GPU 1 TB=6 sid=0 DISPATCHING RunStep t=53455288
GPU 1 TB=7 sid=0 DISPATCHING RunStep t=53455288
GPU 1 TB=8 sid=0 BLOCKED on network completion of TB=5 step=0 needFlag=34816 netFlag=33792 t=53455288
GPU 1 TB=9 sid=0 BLOCKED on network completion of TB=5 step=0 needFlag=34816 netFlag=33792 t=53455288
Node 1 chan 0: RDMA send to 0 totalBytes=2097152 over 1 lane(s) bid=5 sid=0 iter=34 part=0 rateGBps=0 at t=53455288
Node 1 chan 0: RDMA send to 0 totalBytes=2097152 over 1 lane(s) bid=5 sid=0 iter=34 part=1 rateGBps=0 at t=53455288
Node 1 chan 0: RDMA send to 2 totalBytes=2097152 over 1 lane(s) bid=6 sid=0 iter=34 part=0 rateGBps=0 at t=53455288
Node 1 chan 1: RDMA send to 2 totalBytes=2097152 over 1 lane(s) bid=7 sid=0 iter=34 part=0 rateGBps=0 at t=53455288
GPU 1 TB=5 arrived at iteration barrier (1/10) leaving iter=34 t=53455288
GPU 1 TB=6 arrived at iteration barrier (2/10) leaving iter=34 t=53455288
GPU 1 TB=7 arrived at iteration barrier (3/10) leaving iter=34 t=53455288
Node 3 chan 1: RDMA send to 1 physically drained (sender side) bid=8 sid=0 iter=33 nElems=524288 at t=53459480
Node 1 chan 0: transfer complete from peer 0 dst=(1,0) totalBytes=2097152 at t=53564664
Node 0 chan 0: RDMA send to 1 physically drained (sender side) bid=5 sid=0 iter=34 nElems=524288 at t=53566104
Node 2 chan 0: RDMA send to 3 physically drained (sender side) bid=9 sid=0 iter=34 nElems=524288 at t=53680340
Node 1 chan 0: transfer complete from peer 2 dst=(1,4) totalBytes=2097152 at t=53738900
GPU 1 TB=1 arrived at iteration barrier (4/10) leaving iter=34 t=53738900
Node 1 chan 1: transfer complete from peer 2 dst=(1,5) totalBytes=2097152 at t=53739564
GPU 1 TB=2 arrived at iteration barrier (5/10) leaving iter=34 t=53739564
Node 2 chan 0: RDMA send to 1 physically drained (sender side) bid=7 sid=0 iter=34 nElems=524288 at t=53742633
GPU 2 TB=6 sid=0 DISPATCHING RunStep t=53742633
GPU 2 TB=5 sid=0 DISPATCHING RunStep t=53742633
Node 2 chan 1: RDMA send to 0 totalBytes=2097152 over 1 lane(s) bid=6 sid=0 iter=34 part=0 rateGBps=0 at t=53742633
Node 2 chan 0: RDMA send to 0 totalBytes=2097152 over 1 lane(s) bid=5 sid=0 iter=34 part=0 rateGBps=0 at t=53742633
GPU 2 TB=6 arrived at iteration barrier (4/10) leaving iter=34 t=53742633
GPU 2 TB=5 arrived at iteration barrier (5/10) leaving iter=34 t=53742633
Node 2 chan 1: RDMA send to 1 physically drained (sender side) bid=8 sid=0 iter=34 nElems=524288 at t=53743629
Node 0 chan 1: RDMA send to 3 physically drained (sender side) bid=9 sid=0 iter=34 nElems=524288 at t=53843264
Node 0 chan 0: RDMA send to 3 physically drained (sender side) bid=8 sid=0 iter=34 nElems=524288 at t=53852252
Node 3 chan 0: transfer complete from peer 1 dst=(1,2) totalBytes=2097152 at t=53854228
GPU 3 TB=2 arrived at iteration barrier (9/10) leaving iter=33 t=53854228
Node 3 chan 1: transfer complete from peer 1 dst=(1,3) totalBytes=2097152 at t=53855556
GPU 3 TB=3 arrived at iteration barrier (10/10) leaving iter=33 t=53855556
GPU 3: iteration barrier releasing 10 threadblock(s) at t=53855556
GPU 3 TB=0 sid=0 DISPATCHING RunStep t=53855556
GPU 3 TB=1 sid=0 DISPATCHING RunStep t=53855556
GPU 3 TB=2 sid=0 DISPATCHING RunStep t=53855556
GPU 3 TB=3 sid=0 DISPATCHING RunStep t=53855556
GPU 3 TB=4 sid=0 DISPATCHING RunStep t=53855556
GPU 3 TB=5 sid=0 DISPATCHING RunStep t=53855556
GPU 3 TB=6 sid=0 DISPATCHING RunStep t=53855556
GPU 3 TB=7 sid=0 BLOCKED on network completion of TB=5 step=0 needFlag=34816 netFlag=33792 t=53855556
GPU 3 TB=8 sid=0 BLOCKED on network completion of TB=5 step=0 needFlag=34816 netFlag=33792 t=53855556
GPU 3 TB=9 sid=0 DISPATCHING RunStep t=53855556
Node 3 chan 0: RDMA send to 0 totalBytes=2097152 over 1 lane(s) bid=5 sid=0 iter=34 part=0 rateGBps=0 at t=53855556
Node 3 chan 1: RDMA send to 0 totalBytes=2097152 over 1 lane(s) bid=6 sid=0 iter=34 part=0 rateGBps=0 at t=53855556
Node 3 chan 0: RDMA send to 2 totalBytes=2097152 over 1 lane(s) bid=9 sid=0 iter=34 part=0 rateGBps=0 at t=53855556
Node 3 chan 0: RDMA send to 2 totalBytes=2097152 over 1 lane(s) bid=9 sid=0 iter=34 part=1 rateGBps=0 at t=53855556
GPU 3 TB=0 arrived at iteration barrier (1/10) leaving iter=34 t=53855556
GPU 3 TB=1 arrived at iteration barrier (2/10) leaving iter=34 t=53855556
GPU 3 TB=5 arrived at iteration barrier (3/10) leaving iter=34 t=53855556
GPU 3 TB=6 arrived at iteration barrier (4/10) leaving iter=34 t=53855556
GPU 3 TB=9 arrived at iteration barrier (5/10) leaving iter=34 t=53855556
Node 1 chan 0: RDMA send to 3 physically drained (sender side) bid=8 sid=0 iter=33 nElems=524288 at t=53858472
Node 1 chan 1: RDMA send to 3 physically drained (sender side) bid=9 sid=0 iter=33 nElems=524288 at t=53859140
Node 1 chan 0: transfer complete from peer 0 dst=(1,1) totalBytes=2097152 at t=53861136
GPU 1 TB=0 arrived at iteration barrier (6/10) leaving iter=34 t=53861136
Node 0 chan 0: RDMA send to 1 physically drained (sender side) bid=5 sid=0 iter=34 nElems=524288 at t=53862896
GPU 0 TB=7 sid=0 DISPATCHING RunStep t=53862896
GPU 0 TB=6 sid=0 DISPATCHING RunStep t=53862896
Node 0 chan 1: RDMA send to 2 totalBytes=2097152 over 1 lane(s) bid=7 sid=0 iter=34 part=0 rateGBps=0 at t=53862896
Node 0 chan 0: RDMA send to 2 totalBytes=2097152 over 1 lane(s) bid=6 sid=0 iter=34 part=0 rateGBps=0 at t=53862896
GPU 0 TB=7 arrived at iteration barrier (4/10) leaving iter=34 t=53862896
GPU 0 TB=6 arrived at iteration barrier (5/10) leaving iter=34 t=53862896
Node 3 chan 0: transfer complete from peer 2 dst=(1,5) totalBytes=2097152 at t=54036672
GPU 3 TB=4 arrived at iteration barrier (6/10) leaving iter=34 t=54036672
Node 2 chan 0: RDMA send to 3 physically drained (sender side) bid=9 sid=0 iter=34 nElems=524288 at t=54038273
Node 0 chan 0: transfer complete from peer 1 dst=(1,2) totalBytes=2097152 at t=54069852
Node 1 chan 0: RDMA send to 0 physically drained (sender side) bid=5 sid=0 iter=34 nElems=524288 at t=54071260
Node 2 chan 1: transfer complete from peer 1 dst=(1,3) totalBytes=2097152 at t=54331941
GPU 2 TB=3 arrived at iteration barrier (6/10) leaving iter=34 t=54331941
Node 2 chan 0: transfer complete from peer 1 dst=(1,2) totalBytes=2097152 at t=54332273
GPU 2 TB=2 arrived at iteration barrier (7/10) leaving iter=34 t=54332273
Node 1 chan 1: RDMA send to 2 physically drained (sender side) bid=7 sid=0 iter=34 nElems=524288 at t=54335777
Node 1 chan 0: RDMA send to 2 physically drained (sender side) bid=6 sid=0 iter=34 nElems=524288 at t=54336056
Node 2 chan 0: transfer complete from peer 3 dst=(1,6) totalBytes=2097152 at t=54501369
Node 3 chan 0: RDMA send to 2 physically drained (sender side) bid=9 sid=0 iter=34 nElems=524288 at t=54502781
Node 0 chan 1: transfer complete from peer 2 dst=(1,5) totalBytes=2097152 at t=54541320
GPU 0 TB=2 arrived at iteration barrier (6/10) leaving iter=34 t=54541320
Node 0 chan 0: transfer complete from peer 2 dst=(1,4) totalBytes=2097152 at t=54542980
GPU 0 TB=1 arrived at iteration barrier (7/10) leaving iter=34 t=54542980
Node 2 chan 1: RDMA send to 0 physically drained (sender side) bid=6 sid=0 iter=34 nElems=524288 at t=54544229
Node 2 chan 0: RDMA send to 0 physically drained (sender side) bid=5 sid=0 iter=34 nElems=524288 at t=54545893
Node 2 chan 0: transfer complete from peer 0 dst=(1,0) totalBytes=2097152 at t=54585733
GPU 2 TB=0 arrived at iteration barrier (8/10) leaving iter=34 t=54585733
Node 2 chan 1: transfer complete from peer 0 dst=(1,1) totalBytes=2097152 at t=54586065
GPU 2 TB=1 arrived at iteration barrier (9/10) leaving iter=34 t=54586065
Node 0 chan 0: RDMA send to 2 physically drained (sender side) bid=6 sid=0 iter=34 nElems=524288 at t=54589844
Node 0 chan 1: RDMA send to 2 physically drained (sender side) bid=7 sid=0 iter=34 nElems=524288 at t=54589848
Node 0 chan 0: transfer complete from peer 3 dst=(1,6) totalBytes=2097152 at t=54670524
GPU 0 TB=3 arrived at iteration barrier (8/10) leaving iter=34 t=54670524
Node 0 chan 1: transfer complete from peer 3 dst=(1,7) totalBytes=2097152 at t=54672516
GPU 0 TB=4 arrived at iteration barrier (9/10) leaving iter=34 t=54672516
Node 3 chan 0: RDMA send to 0 physically drained (sender side) bid=5 sid=0 iter=34 nElems=524288 at t=54673350
GPU 3 TB=8 sid=0 DISPATCHING RunStep t=54673350
GPU 3 TB=7 sid=0 DISPATCHING RunStep t=54673350
Node 3 chan 1: RDMA send to 1 totalBytes=2097152 over 1 lane(s) bid=8 sid=0 iter=34 part=0 rateGBps=0 at t=54673350
Node 3 chan 0: RDMA send to 1 totalBytes=2097152 over 1 lane(s) bid=7 sid=0 iter=34 part=0 rateGBps=0 at t=54673350
GPU 3 TB=8 arrived at iteration barrier (7/10) leaving iter=34 t=54673350
GPU 3 TB=7 arrived at iteration barrier (8/10) leaving iter=34 t=54673350
Node 3 chan 1: RDMA send to 0 physically drained (sender side) bid=6 sid=0 iter=34 nElems=524288 at t=54675342
Node 0 chan 0: transfer complete from peer 1 dst=(1,3) totalBytes=2097152 at t=54688784
GPU 0 TB=0 arrived at iteration barrier (10/10) leaving iter=34 t=54688784
GPU 0: iteration barrier releasing 10 threadblock(s) at t=54688784
GPU 0 TB=0 sid=0 DISPATCHING RunStep t=54688784
GPU 0 TB=1 sid=0 DISPATCHING RunStep t=54688784
GPU 0 TB=2 sid=0 DISPATCHING RunStep t=54688784
GPU 0 TB=3 sid=0 DISPATCHING RunStep t=54688784
GPU 0 TB=4 sid=0 DISPATCHING RunStep t=54688784
GPU 0 TB=5 sid=0 DISPATCHING RunStep t=54688784
GPU 0 TB=6 sid=0 BLOCKED on network completion of TB=5 step=0 needFlag=35840 netFlag=34816 t=54688784
GPU 0 TB=7 sid=0 BLOCKED on network completion of TB=5 step=0 needFlag=35840 netFlag=34816 t=54688784
GPU 0 TB=8 sid=0 DISPATCHING RunStep t=54688784
GPU 0 TB=9 sid=0 DISPATCHING RunStep t=54688784
Node 0 chan 0: RDMA send to 1 totalBytes=2097152 over 1 lane(s) bid=5 sid=0 iter=35 part=0 rateGBps=0 at t=54688784
Node 0 chan 0: RDMA send to 1 totalBytes=2097152 over 1 lane(s) bid=5 sid=0 iter=35 part=1 rateGBps=0 at t=54688784
Node 0 chan 0: RDMA send to 3 totalBytes=2097152 over 1 lane(s) bid=8 sid=0 iter=35 part=0 rateGBps=0 at t=54688784
Node 0 chan 1: RDMA send to 3 totalBytes=2097152 over 1 lane(s) bid=9 sid=0 iter=35 part=0 rateGBps=0 at t=54688784
GPU 0 TB=5 arrived at iteration barrier (1/10) leaving iter=35 t=54688784
GPU 0 TB=8 arrived at iteration barrier (2/10) leaving iter=35 t=54688784
GPU 0 TB=9 arrived at iteration barrier (3/10) leaving iter=35 t=54688784
Node 1 chan 0: RDMA send to 0 physically drained (sender side) bid=5 sid=0 iter=34 nElems=524288 at t=54690209
GPU 1 TB=9 sid=0 DISPATCHING RunStep t=54690209
GPU 1 TB=8 sid=0 DISPATCHING RunStep t=54690209
Node 1 chan 1: RDMA send to 3 totalBytes=2097152 over 1 lane(s) bid=9 sid=0 iter=34 part=0 rateGBps=0 at t=54690209
Node 1 chan 0: RDMA send to 3 totalBytes=2097152 over 1 lane(s) bid=8 sid=0 iter=34 part=0 rateGBps=0 at t=54690209
GPU 1 TB=9 arrived at iteration barrier (7/10) leaving iter=34 t=54690209
GPU 1 TB=8 arrived at iteration barrier (8/10) leaving iter=34 t=54690209
Node 2 chan 0: transfer complete from peer 3 dst=(1,7) totalBytes=2097152 at t=54908253
GPU 2 TB=4 arrived at iteration barrier (10/10) leaving iter=34 t=54908253
GPU 2: iteration barrier releasing 10 threadblock(s) at t=54908253
GPU 2 TB=0 sid=0 DISPATCHING RunStep t=54908253
GPU 2 TB=1 sid=0 DISPATCHING RunStep t=54908253
GPU 2 TB=2 sid=0 DISPATCHING RunStep t=54908253
GPU 2 TB=3 sid=0 DISPATCHING RunStep t=54908253
GPU 2 TB=4 sid=0 DISPATCHING RunStep t=54908253
GPU 2 TB=5 sid=0 BLOCKED on network completion of TB=7 step=0 needFlag=35840 netFlag=34816 t=54908253
GPU 2 TB=6 sid=0 BLOCKED on network completion of TB=7 step=0 needFlag=35840 netFlag=34816 t=54908253
GPU 2 TB=7 sid=0 DISPATCHING RunStep t=54908253
GPU 2 TB=8 sid=0 DISPATCHING RunStep t=54908253
GPU 2 TB=9 sid=0 DISPATCHING RunStep t=54908253
Node 2 chan 0: RDMA send to 1 totalBytes=2097152 over 1 lane(s) bid=7 sid=0 iter=35 part=0 rateGBps=0 at t=54908253
Node 2 chan 1: RDMA send to 1 totalBytes=2097152 over 1 lane(s) bid=8 sid=0 iter=35 part=0 rateGBps=0 at t=54908253
Node 2 chan 0: RDMA send to 3 totalBytes=2097152 over 1 lane(s) bid=9 sid=0 iter=35 part=0 rateGBps=0 at t=54908253
Node 2 chan 0: RDMA send to 3 totalBytes=2097152 over 1 lane(s) bid=9 sid=0 iter=35 part=1 rateGBps=0 at t=54908253
GPU 2 TB=7 arrived at iteration barrier (1/10) leaving iter=35 t=54908253
GPU 2 TB=8 arrived at iteration barrier (2/10) leaving iter=35 t=54908253
GPU 2 TB=9 arrived at iteration barrier (3/10) leaving iter=35 t=54908253
Node 3 chan 0: RDMA send to 2 physically drained (sender side) bid=9 sid=0 iter=34 nElems=524288 at t=54909704
Node 0 chan 0: RDMA send to 1 physically drained (sender side) bid=5 sid=0 iter=35 nElems=524288 at t=55269340
Node 1 chan 1: transfer complete from peer 3 dst=(1,7) totalBytes=2097152 at t=55403796
GPU 1 TB=4 arrived at iteration barrier (9/10) leaving iter=34 t=55403796
Node 1 chan 0: transfer complete from peer 3 dst=(1,6) totalBytes=2097152 at t=55407452
GPU 1 TB=3 arrived at iteration barrier (10/10) leaving iter=34 t=55407452
GPU 1: iteration barrier releasing 10 threadblock(s) at t=55407452
GPU 1 TB=0 sid=0 DISPATCHING RunStep t=55407452
GPU 1 TB=1 sid=0 DISPATCHING RunStep t=55407452
GPU 1 TB=2 sid=0 DISPATCHING RunStep t=55407452
GPU 1 TB=3 sid=0 DISPATCHING RunStep t=55407452
GPU 1 TB=4 sid=0 DISPATCHING RunStep t=55407452
GPU 1 TB=5 sid=0 DISPATCHING RunStep t=55407452
GPU 1 TB=6 sid=0 DISPATCHING RunStep t=55407452
GPU 1 TB=7 sid=0 DISPATCHING RunStep t=55407452
GPU 1 TB=8 sid=0 BLOCKED on network completion of TB=5 step=0 needFlag=35840 netFlag=34816 t=55407452
GPU 1 TB=9 sid=0 BLOCKED on network completion of TB=5 step=0 needFlag=35840 netFlag=34816 t=55407452
Node 1 chan 0: RDMA send to 0 totalBytes=2097152 over 1 lane(s) bid=5 sid=0 iter=35 part=0 rateGBps=0 at t=55407452
Node 1 chan 0: RDMA send to 0 totalBytes=2097152 over 1 lane(s) bid=5 sid=0 iter=35 part=1 rateGBps=0 at t=55407452
Node 1 chan 0: RDMA send to 2 totalBytes=2097152 over 1 lane(s) bid=6 sid=0 iter=35 part=0 rateGBps=0 at t=55407452
Node 1 chan 1: RDMA send to 2 totalBytes=2097152 over 1 lane(s) bid=7 sid=0 iter=35 part=0 rateGBps=0 at t=55407452
GPU 1 TB=5 arrived at iteration barrier (1/10) leaving iter=35 t=55407452
GPU 1 TB=6 arrived at iteration barrier (2/10) leaving iter=35 t=55407452
GPU 1 TB=7 arrived at iteration barrier (3/10) leaving iter=35 t=55407452
Node 3 chan 1: RDMA send to 1 physically drained (sender side) bid=8 sid=0 iter=34 nElems=524288 at t=55407696
Node 3 chan 0: RDMA send to 1 physically drained (sender side) bid=7 sid=0 iter=34 nElems=524288 at t=55411020
Node 3 chan 0: transfer complete from peer 1 dst=(1,2) totalBytes=2097152 at t=55495016
GPU 3 TB=2 arrived at iteration barrier (9/10) leaving iter=34 t=55495016
Node 1 chan 0: RDMA send to 3 physically drained (sender side) bid=8 sid=0 iter=34 nElems=524288 at t=55497892
Node 3 chan 1: transfer complete from peer 1 dst=(1,3) totalBytes=2097152 at t=55509956
GPU 3 TB=3 arrived at iteration barrier (10/10) leaving iter=34 t=55509956
GPU 3: iteration barrier releasing 10 threadblock(s) at t=55509956
GPU 3 TB=0 sid=0 DISPATCHING RunStep t=55509956
GPU 3 TB=1 sid=0 DISPATCHING RunStep t=55509956
GPU 3 TB=2 sid=0 DISPATCHING RunStep t=55509956
GPU 3 TB=3 sid=0 DISPATCHING RunStep t=55509956
GPU 3 TB=4 sid=0 DISPATCHING RunStep t=55509956
GPU 3 TB=5 sid=0 DISPATCHING RunStep t=55509956
GPU 3 TB=6 sid=0 DISPATCHING RunStep t=55509956
GPU 3 TB=7 sid=0 BLOCKED on network completion of TB=5 step=0 needFlag=35840 netFlag=34816 t=55509956
GPU 3 TB=8 sid=0 BLOCKED on network completion of TB=5 step=0 needFlag=35840 netFlag=34816 t=55509956
GPU 3 TB=9 sid=0 DISPATCHING RunStep t=55509956
Node 3 chan 0: RDMA send to 0 totalBytes=2097152 over 1 lane(s) bid=5 sid=0 iter=35 part=0 rateGBps=0 at t=55509956
Node 3 chan 1: RDMA send to 0 totalBytes=2097152 over 1 lane(s) bid=6 sid=0 iter=35 part=0 rateGBps=0 at t=55509956
Node 3 chan 0: RDMA send to 2 totalBytes=2097152 over 1 lane(s) bid=9 sid=0 iter=35 part=0 rateGBps=0 at t=55509956
Node 3 chan 0: RDMA send to 2 totalBytes=2097152 over 1 lane(s) bid=9 sid=0 iter=35 part=1 rateGBps=0 at t=55509956
GPU 3 TB=5 arrived at iteration barrier (1/10) leaving iter=35 t=55509956
GPU 3 TB=6 arrived at iteration barrier (2/10) leaving iter=35 t=55509956
GPU 3 TB=9 arrived at iteration barrier (3/10) leaving iter=35 t=55509956
Node 3 chan 0: transfer complete from peer 0 dst=(1,0) totalBytes=2097152 at t=55510288
GPU 3 TB=0 arrived at iteration barrier (4/10) leaving iter=35 t=55510288
Node 3 chan 1: transfer complete from peer 0 dst=(1,1) totalBytes=2097152 at t=55512612
GPU 3 TB=1 arrived at iteration barrier (5/10) leaving iter=35 t=55512612
Node 1 chan 1: RDMA send to 3 physically drained (sender side) bid=9 sid=0 iter=34 nElems=524288 at t=55513196
Node 0 chan 0: RDMA send to 3 physically drained (sender side) bid=8 sid=0 iter=35 nElems=524288 at t=55513276
Node 0 chan 1: RDMA send to 3 physically drained (sender side) bid=9 sid=0 iter=35 nElems=524288 at t=55516424
Node 3 chan 0: transfer complete from peer 2 dst=(1,4) totalBytes=2097152 at t=55571295
Node 2 chan 0: RDMA send to 3 physically drained (sender side) bid=9 sid=0 iter=35 nElems=524288 at t=55572903
Node 1 chan 0: transfer complete from peer 2 dst=(1,4) totalBytes=2097152 at t=55701060
GPU 1 TB=1 arrived at iteration barrier (4/10) leaving iter=35 t=55701060
Node 1 chan 1: transfer complete from peer 2 dst=(1,5) totalBytes=2097152 at t=55702720
GPU 1 TB=2 arrived at iteration barrier (5/10) leaving iter=35 t=55702720
Node 1 chan 0: transfer complete from peer 0 dst=(1,1) totalBytes=2097152 at t=55703052
GPU 1 TB=0 arrived at iteration barrier (6/10) leaving iter=35 t=55703052
Node 2 chan 0: RDMA send to 1 physically drained (sender side) bid=7 sid=0 iter=35 nElems=524288 at t=55704587
GPU 2 TB=6 sid=0 DISPATCHING RunStep t=55704587
GPU 2 TB=5 sid=0 DISPATCHING RunStep t=55704587
Node 2 chan 1: RDMA send to 0 totalBytes=2097152 over 1 lane(s) bid=6 sid=0 iter=35 part=0 rateGBps=0 at t=55704587
Node 2 chan 0: RDMA send to 0 totalBytes=2097152 over 1 lane(s) bid=5 sid=0 iter=35 part=0 rateGBps=0 at t=55704587
GPU 2 TB=6 arrived at iteration barrier (4/10) leaving iter=35 t=55704587
GPU 2 TB=5 arrived at iteration barrier (5/10) leaving iter=35 t=55704587
Node 0 chan 0: RDMA send to 1 physically drained (sender side) bid=5 sid=0 iter=35 nElems=524288 at t=55704611
GPU 0 TB=7 sid=0 DISPATCHING RunStep t=55704611
GPU 0 TB=6 sid=0 DISPATCHING RunStep t=55704611
Node 0 chan 1: RDMA send to 2 totalBytes=2097152 over 1 lane(s) bid=7 sid=0 iter=35 part=0 rateGBps=0 at t=55704611
Node 0 chan 0: RDMA send to 2 totalBytes=2097152 over 1 lane(s) bid=6 sid=0 iter=35 part=0 rateGBps=0 at t=55704611
GPU 0 TB=7 arrived at iteration barrier (4/10) leaving iter=35 t=55704611
GPU 0 TB=6 arrived at iteration barrier (5/10) leaving iter=35 t=55704611
Node 2 chan 1: RDMA send to 1 physically drained (sender side) bid=8 sid=0 iter=35 nElems=524288 at t=55706587
Node 3 chan 0: transfer complete from peer 2 dst=(1,5) totalBytes=2097152 at t=55852619
GPU 3 TB=4 arrived at iteration barrier (6/10) leaving iter=35 t=55852619
Node 2 chan 0: RDMA send to 3 physically drained (sender side) bid=9 sid=0 iter=35 nElems=524288 at t=55854203
Node 0 chan 0: transfer complete from peer 1 dst=(1,2) totalBytes=2097152 at t=56017539
Node 1 chan 0: RDMA send to 0 physically drained (sender side) bid=5 sid=0 iter=35 nElems=524288 at t=56018951
Node 2 chan 1: transfer complete from peer 1 dst=(1,3) totalBytes=2097152 at t=56141895
GPU 2 TB=3 arrived at iteration barrier (6/10) leaving iter=35 t=56141895
Node 1 chan 1: RDMA send to 2 physically drained (sender side) bid=7 sid=0 iter=35 nElems=524288 at t=56145436
Node 2 chan 0: transfer complete from peer 3 dst=(1,6) totalBytes=2097152 at t=56146215
Node 2 chan 0: transfer complete from peer 1 dst=(1,2) totalBytes=2097152 at t=56147211
GPU 2 TB=2 arrived at iteration barrier (7/10) leaving iter=35 t=56147211
Node 3 chan 0: RDMA send to 2 physically drained (sender side) bid=9 sid=0 iter=35 nElems=524288 at t=56147623
Node 1 chan 0: RDMA send to 2 physically drained (sender side) bid=6 sid=0 iter=35 nElems=524288 at t=56151345
Node 0 chan 0: transfer complete from peer 3 dst=(1,6) totalBytes=2097152 at t=56294651
GPU 0 TB=3 arrived at iteration barrier (6/10) leaving iter=35 t=56294651
Node 3 chan 0: RDMA send to 0 physically drained (sender side) bid=5 sid=0 iter=35 nElems=524288 at t=56298464
GPU 3 TB=8 sid=0 DISPATCHING RunStep t=56298464
GPU 3 TB=7 sid=0 DISPATCHING RunStep t=56298464
Node 3 chan 1: RDMA send to 1 totalBytes=2097152 over 1 lane(s) bid=8 sid=0 iter=35 part=0 rateGBps=0 at t=56298464
Node 3 chan 0: RDMA send to 1 totalBytes=2097152 over 1 lane(s) bid=7 sid=0 iter=35 part=0 rateGBps=0 at t=56298464
GPU 3 TB=8 arrived at iteration barrier (7/10) leaving iter=35 t=56298464
GPU 3 TB=7 arrived at iteration barrier (8/10) leaving iter=35 t=56298464
Node 0 chan 1: transfer complete from peer 3 dst=(1,7) totalBytes=2097152 at t=56299631
GPU 0 TB=4 arrived at iteration barrier (7/10) leaving iter=35 t=56299631
Node 3 chan 1: RDMA send to 0 physically drained (sender side) bid=6 sid=0 iter=35 nElems=524288 at t=56302457
Node 2 chan 0: transfer complete from peer 0 dst=(1,0) totalBytes=2097152 at t=56413659
GPU 2 TB=0 arrived at iteration barrier (8/10) leaving iter=35 t=56413659
Node 2 chan 1: transfer complete from peer 0 dst=(1,1) totalBytes=2097152 at t=56414655
GPU 2 TB=1 arrived at iteration barrier (9/10) leaving iter=35 t=56414655
Node 0 chan 0: RDMA send to 2 physically drained (sender side) bid=6 sid=0 iter=35 nElems=524288 at t=56417947
Node 0 chan 1: RDMA send to 2 physically drained (sender side) bid=7 sid=0 iter=35 nElems=524288 at t=56418615
Node 0 chan 0: transfer complete from peer 1 dst=(1,3) totalBytes=2097152 at t=56511243
GPU 0 TB=0 arrived at iteration barrier (8/10) leaving iter=35 t=56511243
Node 1 chan 0: RDMA send to 0 physically drained (sender side) bid=5 sid=0 iter=35 nElems=524288 at t=56512939
GPU 1 TB=9 sid=0 DISPATCHING RunStep t=56512939
GPU 1 TB=8 sid=0 DISPATCHING RunStep t=56512939
Node 1 chan 1: RDMA send to 3 totalBytes=2097152 over 1 lane(s) bid=9 sid=0 iter=35 part=0 rateGBps=0 at t=56512939
Node 1 chan 0: RDMA send to 3 totalBytes=2097152 over 1 lane(s) bid=8 sid=0 iter=35 part=0 rateGBps=0 at t=56512939
GPU 1 TB=9 arrived at iteration barrier (7/10) leaving iter=35 t=56512939
GPU 1 TB=8 arrived at iteration barrier (8/10) leaving iter=35 t=56512939
Node 0 chan 1: transfer complete from peer 2 dst=(1,5) totalBytes=2097152 at t=56522563
GPU 0 TB=2 arrived at iteration barrier (9/10) leaving iter=35 t=56522563
Node 2 chan 1: RDMA send to 0 physically drained (sender side) bid=6 sid=0 iter=35 nElems=524288 at t=56526509
Node 0 chan 0: transfer complete from peer 2 dst=(1,4) totalBytes=2097152 at t=56527552
GPU 0 TB=1 arrived at iteration barrier (10/10) leaving iter=35 t=56527552
GPU 0: iteration barrier releasing 10 threadblock(s) at t=56527552
GPU 0 TB=0 sid=0 DISPATCHING RunStep t=56527552
GPU 0 TB=1 sid=0 DISPATCHING RunStep t=56527552
GPU 0 TB=2 sid=0 DISPATCHING RunStep t=56527552
GPU 0 TB=3 sid=0 DISPATCHING RunStep t=56527552
GPU 0 TB=4 sid=0 DISPATCHING RunStep t=56527552
GPU 0 TB=5 sid=0 DISPATCHING RunStep t=56527552
GPU 0 TB=6 sid=0 BLOCKED on network completion of TB=5 step=0 needFlag=36864 netFlag=35840 t=56527552
GPU 0 TB=7 sid=0 BLOCKED on network completion of TB=5 step=0 needFlag=36864 netFlag=35840 t=56527552
GPU 0 TB=8 sid=0 DISPATCHING RunStep t=56527552
GPU 0 TB=9 sid=0 DISPATCHING RunStep t=56527552
Node 0 chan 0: RDMA send to 1 totalBytes=2097152 over 1 lane(s) bid=5 sid=0 iter=36 part=0 rateGBps=0 at t=56527552
Node 0 chan 0: RDMA send to 1 totalBytes=2097152 over 1 lane(s) bid=5 sid=0 iter=36 part=1 rateGBps=0 at t=56527552
Node 0 chan 0: RDMA send to 3 totalBytes=2097152 over 1 lane(s) bid=8 sid=0 iter=36 part=0 rateGBps=0 at t=56527552
Node 0 chan 1: RDMA send to 3 totalBytes=2097152 over 1 lane(s) bid=9 sid=0 iter=36 part=0 rateGBps=0 at t=56527552
GPU 0 TB=5 arrived at iteration barrier (1/10) leaving iter=36 t=56527552
GPU 0 TB=8 arrived at iteration barrier (2/10) leaving iter=36 t=56527552
GPU 0 TB=9 arrived at iteration barrier (3/10) leaving iter=36 t=56527552
Node 2 chan 0: RDMA send to 0 physically drained (sender side) bid=5 sid=0 iter=35 nElems=524288 at t=56531051
Node 2 chan 0: transfer complete from peer 3 dst=(1,7) totalBytes=2097152 at t=56571721
GPU 2 TB=4 arrived at iteration barrier (10/10) leaving iter=35 t=56571721
GPU 2: iteration barrier releasing 10 threadblock(s) at t=56571721
GPU 2 TB=0 sid=0 DISPATCHING RunStep t=56571721
GPU 2 TB=1 sid=0 DISPATCHING RunStep t=56571721
GPU 2 TB=2 sid=0 DISPATCHING RunStep t=56571721
GPU 2 TB=3 sid=0 DISPATCHING RunStep t=56571721
GPU 2 TB=4 sid=0 DISPATCHING RunStep t=56571721
GPU 2 TB=5 sid=0 BLOCKED on network completion of TB=7 step=0 needFlag=36864 netFlag=35840 t=56571721
GPU 2 TB=6 sid=0 BLOCKED on network completion of TB=7 step=0 needFlag=36864 netFlag=35840 t=56571721
GPU 2 TB=7 sid=0 DISPATCHING RunStep t=56571721
GPU 2 TB=8 sid=0 DISPATCHING RunStep t=56571721
GPU 2 TB=9 sid=0 DISPATCHING RunStep t=56571721
Node 2 chan 0: RDMA send to 1 totalBytes=2097152 over 1 lane(s) bid=7 sid=0 iter=36 part=0 rateGBps=0 at t=56571721
Node 2 chan 1: RDMA send to 1 totalBytes=2097152 over 1 lane(s) bid=8 sid=0 iter=36 part=0 rateGBps=0 at t=56571721
Node 2 chan 0: RDMA send to 3 totalBytes=2097152 over 1 lane(s) bid=9 sid=0 iter=36 part=0 rateGBps=0 at t=56571721
Node 2 chan 0: RDMA send to 3 totalBytes=2097152 over 1 lane(s) bid=9 sid=0 iter=36 part=1 rateGBps=0 at t=56571721
GPU 2 TB=7 arrived at iteration barrier (1/10) leaving iter=36 t=56571721
GPU 2 TB=8 arrived at iteration barrier (2/10) leaving iter=36 t=56571721
GPU 2 TB=9 arrived at iteration barrier (3/10) leaving iter=36 t=56571721
Node 3 chan 0: RDMA send to 2 physically drained (sender side) bid=9 sid=0 iter=35 nElems=524288 at t=56573305
Node 1 chan 1: transfer complete from peer 3 dst=(1,7) totalBytes=2097152 at t=57037172
GPU 1 TB=4 arrived at iteration barrier (9/10) leaving iter=35 t=57037172
Node 3 chan 1: RDMA send to 1 physically drained (sender side) bid=8 sid=0 iter=35 nElems=524288 at t=57041061
Node 1 chan 0: transfer complete from peer 3 dst=(1,6) totalBytes=2097152 at t=57045808
GPU 1 TB=3 arrived at iteration barrier (10/10) leaving iter=35 t=57045808
GPU 1: iteration barrier releasing 10 threadblock(s) at t=57045808
GPU 1 TB=0 sid=0 DISPATCHING RunStep t=57045808
GPU 1 TB=1 sid=0 DISPATCHING RunStep t=57045808
GPU 1 TB=2 sid=0 DISPATCHING RunStep t=57045808
GPU 1 TB=3 sid=0 DISPATCHING RunStep t=57045808
GPU 1 TB=4 sid=0 DISPATCHING RunStep t=57045808
GPU 1 TB=5 sid=0 DISPATCHING RunStep t=57045808
GPU 1 TB=6 sid=0 DISPATCHING RunStep t=57045808
GPU 1 TB=7 sid=0 DISPATCHING RunStep t=57045808
GPU 1 TB=8 sid=0 BLOCKED on network completion of TB=5 step=0 needFlag=36864 netFlag=35840 t=57045808
GPU 1 TB=9 sid=0 BLOCKED on network completion of TB=5 step=0 needFlag=36864 netFlag=35840 t=57045808
Node 1 chan 0: RDMA send to 0 totalBytes=2097152 over 1 lane(s) bid=5 sid=0 iter=36 part=0 rateGBps=0 at t=57045808
Node 1 chan 0: RDMA send to 0 totalBytes=2097152 over 1 lane(s) bid=5 sid=0 iter=36 part=1 rateGBps=0 at t=57045808
Node 1 chan 0: RDMA send to 2 totalBytes=2097152 over 1 lane(s) bid=6 sid=0 iter=36 part=0 rateGBps=0 at t=57045808
Node 1 chan 1: RDMA send to 2 totalBytes=2097152 over 1 lane(s) bid=7 sid=0 iter=36 part=0 rateGBps=0 at t=57045808
GPU 1 TB=5 arrived at iteration barrier (1/10) leaving iter=36 t=57045808
GPU 1 TB=6 arrived at iteration barrier (2/10) leaving iter=36 t=57045808
GPU 1 TB=7 arrived at iteration barrier (3/10) leaving iter=36 t=57045808
Node 3 chan 0: RDMA send to 1 physically drained (sender side) bid=7 sid=0 iter=35 nElems=524288 at t=57049697
Node 1 chan 0: transfer complete from peer 0 dst=(1,0) totalBytes=2097152 at t=57178128
Node 0 chan 0: RDMA send to 1 physically drained (sender side) bid=5 sid=0 iter=36 nElems=524288 at t=57179568
Node 2 chan 0: RDMA send to 3 physically drained (sender side) bid=9 sid=0 iter=36 nElems=524288 at t=57250969
Node 1 chan 1: transfer complete from peer 2 dst=(1,5) totalBytes=2097152 at t=57300160
GPU 1 TB=2 arrived at iteration barrier (4/10) leaving iter=36 t=57300160
Node 2 chan 1: RDMA send to 1 physically drained (sender side) bid=8 sid=0 iter=36 nElems=524288 at t=57304540
Node 1 chan 0: transfer complete from peer 2 dst=(1,4) totalBytes=2097152 at t=57305480
GPU 1 TB=1 arrived at iteration barrier (5/10) leaving iter=36 t=57305480
Node 2 chan 0: RDMA send to 1 physically drained (sender side) bid=7 sid=0 iter=36 nElems=524288 at t=57309192
GPU 2 TB=6 sid=0 DISPATCHING RunStep t=57309192
GPU 2 TB=5 sid=0 DISPATCHING RunStep t=57309192
Node 2 chan 1: RDMA send to 0 totalBytes=2097152 over 1 lane(s) bid=6 sid=0 iter=36 part=0 rateGBps=0 at t=57309192
Node 2 chan 0: RDMA send to 0 totalBytes=2097152 over 1 lane(s) bid=5 sid=0 iter=36 part=0 rateGBps=0 at t=57309192
GPU 2 TB=6 arrived at iteration barrier (4/10) leaving iter=36 t=57309192
GPU 2 TB=5 arrived at iteration barrier (5/10) leaving iter=36 t=57309192
Node 3 chan 0: transfer complete from peer 1 dst=(1,2) totalBytes=2097152 at t=57412573
GPU 3 TB=2 arrived at iteration barrier (9/10) leaving iter=35 t=57412573
Node 1 chan 0: RDMA send to 3 physically drained (sender side) bid=8 sid=0 iter=35 nElems=524288 at t=57416283
Node 3 chan 1: transfer complete from peer 1 dst=(1,3) totalBytes=2097152 at t=57418881
GPU 3 TB=3 arrived at iteration barrier (10/10) leaving iter=35 t=57418881
GPU 3: iteration barrier releasing 10 threadblock(s) at t=57418881
GPU 3 TB=0 sid=0 DISPATCHING RunStep t=57418881
GPU 3 TB=1 sid=0 DISPATCHING RunStep t=57418881
GPU 3 TB=2 sid=0 DISPATCHING RunStep t=57418881
GPU 3 TB=3 sid=0 DISPATCHING RunStep t=57418881
GPU 3 TB=4 sid=0 DISPATCHING RunStep t=57418881
GPU 3 TB=5 sid=0 DISPATCHING RunStep t=57418881
GPU 3 TB=6 sid=0 DISPATCHING RunStep t=57418881
GPU 3 TB=7 sid=0 BLOCKED on network completion of TB=5 step=0 needFlag=36864 netFlag=35840 t=57418881
GPU 3 TB=8 sid=0 BLOCKED on network completion of TB=5 step=0 needFlag=36864 netFlag=35840 t=57418881
GPU 3 TB=9 sid=0 DISPATCHING RunStep t=57418881
Node 3 chan 0: RDMA send to 0 totalBytes=2097152 over 1 lane(s) bid=5 sid=0 iter=36 part=0 rateGBps=0 at t=57418881
Node 3 chan 1: RDMA send to 0 totalBytes=2097152 over 1 lane(s) bid=6 sid=0 iter=36 part=0 rateGBps=0 at t=57418881
Node 3 chan 0: RDMA send to 2 totalBytes=2097152 over 1 lane(s) bid=9 sid=0 iter=36 part=0 rateGBps=0 at t=57418881
Node 3 chan 0: RDMA send to 2 totalBytes=2097152 over 1 lane(s) bid=9 sid=0 iter=36 part=1 rateGBps=0 at t=57418881
GPU 3 TB=5 arrived at iteration barrier (1/10) leaving iter=36 t=57418881
GPU 3 TB=6 arrived at iteration barrier (2/10) leaving iter=36 t=57418881
GPU 3 TB=9 arrived at iteration barrier (3/10) leaving iter=36 t=57418881
Node 1 chan 1: RDMA send to 3 physically drained (sender side) bid=9 sid=0 iter=35 nElems=524288 at t=57422939
Node 3 chan 1: transfer complete from peer 0 dst=(1,1) totalBytes=2097152 at t=57433161
GPU 3 TB=1 arrived at iteration barrier (4/10) leaving iter=36 t=57433161
Node 0 chan 1: RDMA send to 3 physically drained (sender side) bid=9 sid=0 iter=36 nElems=524288 at t=57436841
Node 3 chan 0: transfer complete from peer 0 dst=(1,0) totalBytes=2097152 at t=57437477
GPU 3 TB=0 arrived at iteration barrier (5/10) leaving iter=36 t=57437477
Node 0 chan 0: RDMA send to 3 physically drained (sender side) bid=8 sid=0 iter=36 nElems=524288 at t=57441501
Node 1 chan 0: transfer complete from peer 0 dst=(1,1) totalBytes=2097152 at t=57460847
GPU 1 TB=0 arrived at iteration barrier (6/10) leaving iter=36 t=57460847
Node 0 chan 0: RDMA send to 1 physically drained (sender side) bid=5 sid=0 iter=36 nElems=524288 at t=57462785
GPU 0 TB=7 sid=0 DISPATCHING RunStep t=57462785
GPU 0 TB=6 sid=0 DISPATCHING RunStep t=57462785
Node 0 chan 1: RDMA send to 2 totalBytes=2097152 over 1 lane(s) bid=7 sid=0 iter=36 part=0 rateGBps=0 at t=57462785
Node 0 chan 0: RDMA send to 2 totalBytes=2097152 over 1 lane(s) bid=6 sid=0 iter=36 part=0 rateGBps=0 at t=57462785
GPU 0 TB=7 arrived at iteration barrier (4/10) leaving iter=36 t=57462785
GPU 0 TB=6 arrived at iteration barrier (5/10) leaving iter=36 t=57462785
Node 3 chan 0: transfer complete from peer 2 dst=(1,5) totalBytes=2097152 at t=57603645
GPU 3 TB=4 arrived at iteration barrier (6/10) leaving iter=36 t=57603645
Node 2 chan 0: RDMA send to 3 physically drained (sender side) bid=9 sid=0 iter=36 nElems=524288 at t=57605494
Node 0 chan 0: transfer complete from peer 1 dst=(1,2) totalBytes=2097152 at t=57664421
Node 1 chan 0: RDMA send to 0 physically drained (sender side) bid=5 sid=0 iter=36 nElems=524288 at t=57665837
Node 2 chan 0: transfer complete from peer 1 dst=(1,2) totalBytes=2097152 at t=57899498
GPU 2 TB=2 arrived at iteration barrier (6/10) leaving iter=36 t=57899498
Node 1 chan 0: RDMA send to 2 physically drained (sender side) bid=6 sid=0 iter=36 nElems=524288 at t=57903243
Node 2 chan 1: transfer complete from peer 1 dst=(1,3) totalBytes=2097152 at t=57904146
GPU 2 TB=3 arrived at iteration barrier (7/10) leaving iter=36 t=57904146
Node 1 chan 1: RDMA send to 2 physically drained (sender side) bid=7 sid=0 iter=36 nElems=524288 at t=57908231
Node 2 chan 0: transfer complete from peer 3 dst=(1,6) totalBytes=2097152 at t=58051978
Node 3 chan 0: RDMA send to 2 physically drained (sender side) bid=9 sid=0 iter=36 nElems=524288 at t=58053386
Node 0 chan 0: transfer complete from peer 2 dst=(1,4) totalBytes=2097152 at t=58118289
GPU 0 TB=1 arrived at iteration barrier (6/10) leaving iter=36 t=58118289
Node 0 chan 1: transfer complete from peer 2 dst=(1,5) totalBytes=2097152 at t=58121281
GPU 0 TB=2 arrived at iteration barrier (7/10) leaving iter=36 t=58121281
Node 2 chan 0: RDMA send to 0 physically drained (sender side) bid=5 sid=0 iter=36 nElems=524288 at t=58122410
Node 2 chan 1: RDMA send to 0 physically drained (sender side) bid=6 sid=0 iter=36 nElems=524288 at t=58125402
Node 2 chan 1: transfer complete from peer 0 dst=(1,1) totalBytes=2097152 at t=58175202
GPU 2 TB=1 arrived at iteration barrier (8/10) leaving iter=36 t=58175202
Node 0 chan 1: RDMA send to 2 physically drained (sender side) bid=7 sid=0 iter=36 nElems=524288 at t=58178777
Node 2 chan 0: transfer complete from peer 0 dst=(1,0) totalBytes=2097152 at t=58178854
GPU 2 TB=0 arrived at iteration barrier (9/10) leaving iter=36 t=58178854
Node 0 chan 0: RDMA send to 2 physically drained (sender side) bid=6 sid=0 iter=36 nElems=524288 at t=58182101
Node 0 chan 0: transfer complete from peer 3 dst=(1,6) totalBytes=2097152 at t=58233229
GPU 0 TB=3 arrived at iteration barrier (8/10) leaving iter=36 t=58233229
Node 3 chan 0: RDMA send to 0 physically drained (sender side) bid=5 sid=0 iter=36 nElems=524288 at t=58236055
GPU 3 TB=8 sid=0 DISPATCHING RunStep t=58236055
GPU 3 TB=7 sid=0 DISPATCHING RunStep t=58236055
Node 3 chan 1: RDMA send to 1 totalBytes=2097152 over 1 lane(s) bid=8 sid=0 iter=36 part=0 rateGBps=0 at t=58236055
Node 3 chan 0: RDMA send to 1 totalBytes=2097152 over 1 lane(s) bid=7 sid=0 iter=36 part=0 rateGBps=0 at t=58236055
GPU 3 TB=8 arrived at iteration barrier (7/10) leaving iter=36 t=58236055
GPU 3 TB=7 arrived at iteration barrier (8/10) leaving iter=36 t=58236055
Node 0 chan 1: transfer complete from peer 3 dst=(1,7) totalBytes=2097152 at t=58237877
GPU 0 TB=4 arrived at iteration barrier (9/10) leaving iter=36 t=58237877
Node 3 chan 1: RDMA send to 0 physically drained (sender side) bid=6 sid=0 iter=36 nElems=524288 at t=58240703
Node 0 chan 0: transfer complete from peer 1 dst=(1,3) totalBytes=2097152 at t=58262445
GPU 0 TB=0 arrived at iteration barrier (10/10) leaving iter=36 t=58262445
GPU 0: iteration barrier releasing 10 threadblock(s) at t=58262445
GPU 0 TB=0 sid=0 DISPATCHING RunStep t=58262445
GPU 0 TB=1 sid=0 DISPATCHING RunStep t=58262445
GPU 0 TB=2 sid=0 DISPATCHING RunStep t=58262445
GPU 0 TB=3 sid=0 DISPATCHING RunStep t=58262445
GPU 0 TB=4 sid=0 DISPATCHING RunStep t=58262445
GPU 0 TB=5 sid=0 DISPATCHING RunStep t=58262445
GPU 0 TB=6 sid=0 BLOCKED on network completion of TB=5 step=0 needFlag=37888 netFlag=36864 t=58262445
GPU 0 TB=7 sid=0 BLOCKED on network completion of TB=5 step=0 needFlag=37888 netFlag=36864 t=58262445
GPU 0 TB=8 sid=0 DISPATCHING RunStep t=58262445
GPU 0 TB=9 sid=0 DISPATCHING RunStep t=58262445
Node 0 chan 0: RDMA send to 1 totalBytes=2097152 over 1 lane(s) bid=5 sid=0 iter=37 part=0 rateGBps=0 at t=58262445
Node 0 chan 0: RDMA send to 1 totalBytes=2097152 over 1 lane(s) bid=5 sid=0 iter=37 part=1 rateGBps=0 at t=58262445
Node 0 chan 0: RDMA send to 3 totalBytes=2097152 over 1 lane(s) bid=8 sid=0 iter=37 part=0 rateGBps=0 at t=58262445
Node 0 chan 1: RDMA send to 3 totalBytes=2097152 over 1 lane(s) bid=9 sid=0 iter=37 part=0 rateGBps=0 at t=58262445
GPU 0 TB=5 arrived at iteration barrier (1/10) leaving iter=37 t=58262445
GPU 0 TB=8 arrived at iteration barrier (2/10) leaving iter=37 t=58262445
GPU 0 TB=9 arrived at iteration barrier (3/10) leaving iter=37 t=58262445
Node 1 chan 0: RDMA send to 0 physically drained (sender side) bid=5 sid=0 iter=36 nElems=524288 at t=58264067
GPU 1 TB=9 sid=0 DISPATCHING RunStep t=58264067
GPU 1 TB=8 sid=0 DISPATCHING RunStep t=58264067
Node 1 chan 1: RDMA send to 3 totalBytes=2097152 over 1 lane(s) bid=9 sid=0 iter=36 part=0 rateGBps=0 at t=58264067
Node 1 chan 0: RDMA send to 3 totalBytes=2097152 over 1 lane(s) bid=8 sid=0 iter=36 part=0 rateGBps=0 at t=58264067
GPU 1 TB=9 arrived at iteration barrier (7/10) leaving iter=36 t=58264067
GPU 1 TB=8 arrived at iteration barrier (8/10) leaving iter=36 t=58264067
Node 2 chan 0: transfer complete from peer 3 dst=(1,7) totalBytes=2097152 at t=58475463
GPU 2 TB=4 arrived at iteration barrier (10/10) leaving iter=36 t=58475463
GPU 2: iteration barrier releasing 10 threadblock(s) at t=58475463
GPU 2 TB=0 sid=0 DISPATCHING RunStep t=58475463
GPU 2 TB=1 sid=0 DISPATCHING RunStep t=58475463
GPU 2 TB=2 sid=0 DISPATCHING RunStep t=58475463
GPU 2 TB=3 sid=0 DISPATCHING RunStep t=58475463
GPU 2 TB=4 sid=0 DISPATCHING RunStep t=58475463
GPU 2 TB=5 sid=0 BLOCKED on network completion of TB=7 step=0 needFlag=37888 netFlag=36864 t=58475463
GPU 2 TB=6 sid=0 BLOCKED on network completion of TB=7 step=0 needFlag=37888 netFlag=36864 t=58475463
GPU 2 TB=7 sid=0 DISPATCHING RunStep t=58475463
GPU 2 TB=8 sid=0 DISPATCHING RunStep t=58475463
GPU 2 TB=9 sid=0 DISPATCHING RunStep t=58475463
Node 2 chan 0: RDMA send to 1 totalBytes=2097152 over 1 lane(s) bid=7 sid=0 iter=37 part=0 rateGBps=0 at t=58475463
Node 2 chan 1: RDMA send to 1 totalBytes=2097152 over 1 lane(s) bid=8 sid=0 iter=37 part=0 rateGBps=0 at t=58475463
Node 2 chan 0: RDMA send to 3 totalBytes=2097152 over 1 lane(s) bid=9 sid=0 iter=37 part=0 rateGBps=0 at t=58475463
Node 2 chan 0: RDMA send to 3 totalBytes=2097152 over 1 lane(s) bid=9 sid=0 iter=37 part=1 rateGBps=0 at t=58475463
GPU 2 TB=7 arrived at iteration barrier (1/10) leaving iter=37 t=58475463
GPU 2 TB=8 arrived at iteration barrier (2/10) leaving iter=37 t=58475463
GPU 2 TB=9 arrived at iteration barrier (3/10) leaving iter=37 t=58475463
Node 3 chan 0: RDMA send to 2 physically drained (sender side) bid=9 sid=0 iter=36 nElems=524288 at t=58477003
Node 0 chan 0: RDMA send to 1 physically drained (sender side) bid=5 sid=0 iter=37 nElems=524288 at t=58851187
Node 1 chan 1: transfer complete from peer 3 dst=(1,7) totalBytes=2097152 at t=58964723
GPU 1 TB=4 arrived at iteration barrier (9/10) leaving iter=36 t=58964723
Node 3 chan 1: RDMA send to 1 physically drained (sender side) bid=8 sid=0 iter=36 nElems=524288 at t=58968347
Node 1 chan 0: transfer complete from peer 3 dst=(1,6) totalBytes=2097152 at t=58968379
GPU 1 TB=3 arrived at iteration barrier (10/10) leaving iter=36 t=58968379
GPU 1: iteration barrier releasing 10 threadblock(s) at t=58968379
GPU 1 TB=0 sid=0 DISPATCHING RunStep t=58968379
GPU 1 TB=1 sid=0 DISPATCHING RunStep t=58968379
GPU 1 TB=2 sid=0 DISPATCHING RunStep t=58968379
GPU 1 TB=3 sid=0 DISPATCHING RunStep t=58968379
GPU 1 TB=4 sid=0 DISPATCHING RunStep t=58968379
GPU 1 TB=5 sid=0 DISPATCHING RunStep t=58968379
GPU 1 TB=6 sid=0 DISPATCHING RunStep t=58968379
GPU 1 TB=7 sid=0 DISPATCHING RunStep t=58968379
GPU 1 TB=8 sid=0 BLOCKED on network completion of TB=5 step=0 needFlag=37888 netFlag=36864 t=58968379
GPU 1 TB=9 sid=0 BLOCKED on network completion of TB=5 step=0 needFlag=37888 netFlag=36864 t=58968379
Node 1 chan 0: RDMA send to 0 totalBytes=2097152 over 1 lane(s) bid=5 sid=0 iter=37 part=0 rateGBps=0 at t=58968379
Node 1 chan 0: RDMA send to 0 totalBytes=2097152 over 1 lane(s) bid=5 sid=0 iter=37 part=1 rateGBps=0 at t=58968379
Node 1 chan 0: RDMA send to 2 totalBytes=2097152 over 1 lane(s) bid=6 sid=0 iter=37 part=0 rateGBps=0 at t=58968379
Node 1 chan 1: RDMA send to 2 totalBytes=2097152 over 1 lane(s) bid=7 sid=0 iter=37 part=0 rateGBps=0 at t=58968379
GPU 1 TB=5 arrived at iteration barrier (1/10) leaving iter=37 t=58968379
GPU 1 TB=6 arrived at iteration barrier (2/10) leaving iter=37 t=58968379
GPU 1 TB=7 arrived at iteration barrier (3/10) leaving iter=37 t=58968379
Node 3 chan 0: RDMA send to 1 physically drained (sender side) bid=7 sid=0 iter=36 nElems=524288 at t=58972671
Node 3 chan 1: transfer complete from peer 1 dst=(1,3) totalBytes=2097152 at t=59078579
GPU 3 TB=3 arrived at iteration barrier (9/10) leaving iter=36 t=59078579
Node 1 chan 1: RDMA send to 3 physically drained (sender side) bid=9 sid=0 iter=36 nElems=524288 at t=59082423
Node 0 chan 1: RDMA send to 3 physically drained (sender side) bid=9 sid=0 iter=37 nElems=524288 at t=59088675
Node 3 chan 0: transfer complete from peer 1 dst=(1,2) totalBytes=2097152 at t=59092523
GPU 3 TB=2 arrived at iteration barrier (10/10) leaving iter=36 t=59092523
GPU 3: iteration barrier releasing 10 threadblock(s) at t=59092523
GPU 3 TB=0 sid=0 DISPATCHING RunStep t=59092523
GPU 3 TB=1 sid=0 DISPATCHING RunStep t=59092523
GPU 3 TB=2 sid=0 DISPATCHING RunStep t=59092523
GPU 3 TB=3 sid=0 DISPATCHING RunStep t=59092523
GPU 3 TB=4 sid=0 DISPATCHING RunStep t=59092523
GPU 3 TB=5 sid=0 DISPATCHING RunStep t=59092523
GPU 3 TB=6 sid=0 DISPATCHING RunStep t=59092523
GPU 3 TB=7 sid=0 BLOCKED on network completion of TB=5 step=0 needFlag=37888 netFlag=36864 t=59092523
GPU 3 TB=8 sid=0 BLOCKED on network completion of TB=5 step=0 needFlag=37888 netFlag=36864 t=59092523
GPU 3 TB=9 sid=0 DISPATCHING RunStep t=59092523
Node 3 chan 0: RDMA send to 0 totalBytes=2097152 over 1 lane(s) bid=5 sid=0 iter=37 part=0 rateGBps=0 at t=59092523
Node 3 chan 1: RDMA send to 0 totalBytes=2097152 over 1 lane(s) bid=6 sid=0 iter=37 part=0 rateGBps=0 at t=59092523
Node 3 chan 0: RDMA send to 2 totalBytes=2097152 over 1 lane(s) bid=9 sid=0 iter=37 part=0 rateGBps=0 at t=59092523
Node 3 chan 0: RDMA send to 2 totalBytes=2097152 over 1 lane(s) bid=9 sid=0 iter=37 part=1 rateGBps=0 at t=59092523
GPU 3 TB=1 arrived at iteration barrier (1/10) leaving iter=37 t=59092523
GPU 3 TB=5 arrived at iteration barrier (2/10) leaving iter=37 t=59092523
GPU 3 TB=6 arrived at iteration barrier (3/10) leaving iter=37 t=59092523
GPU 3 TB=9 arrived at iteration barrier (4/10) leaving iter=37 t=59092523
Node 3 chan 0: transfer complete from peer 0 dst=(1,0) totalBytes=2097152 at t=59092855
GPU 3 TB=0 arrived at iteration barrier (5/10) leaving iter=37 t=59092855
Node 0 chan 0: RDMA send to 3 physically drained (sender side) bid=8 sid=0 iter=37 nElems=524288 at t=59096327
Node 1 chan 0: RDMA send to 3 physically drained (sender side) bid=8 sid=0 iter=36 nElems=524288 at t=59096403
Node 3 chan 0: transfer complete from peer 2 dst=(1,4) totalBytes=2097152 at t=59140116
Node 2 chan 0: RDMA send to 3 physically drained (sender side) bid=9 sid=0 iter=37 nElems=524288 at t=59142048
Node 1 chan 1: transfer complete from peer 2 dst=(1,5) totalBytes=2097152 at t=59255335
GPU 1 TB=2 arrived at iteration barrier (4/10) leaving iter=37 t=59255335
Node 2 chan 1: RDMA send to 1 physically drained (sender side) bid=8 sid=0 iter=37 nElems=524288 at t=59259432
Node 1 chan 0: transfer complete from peer 2 dst=(1,4) totalBytes=2097152 at t=59264643
GPU 1 TB=1 arrived at iteration barrier (5/10) leaving iter=37 t=59264643
Node 2 chan 0: RDMA send to 1 physically drained (sender side) bid=7 sid=0 iter=37 nElems=524288 at t=59269084
GPU 2 TB=6 sid=0 DISPATCHING RunStep t=59269084
GPU 2 TB=5 sid=0 DISPATCHING RunStep t=59269084
Node 2 chan 1: RDMA send to 0 totalBytes=2097152 over 1 lane(s) bid=6 sid=0 iter=37 part=0 rateGBps=0 at t=59269084
Node 2 chan 0: RDMA send to 0 totalBytes=2097152 over 1 lane(s) bid=5 sid=0 iter=37 part=0 rateGBps=0 at t=59269084
GPU 2 TB=6 arrived at iteration barrier (4/10) leaving iter=37 t=59269084
GPU 2 TB=5 arrived at iteration barrier (5/10) leaving iter=37 t=59269084
Node 1 chan 0: transfer complete from peer 0 dst=(1,1) totalBytes=2097152 at t=59269631
GPU 1 TB=0 arrived at iteration barrier (6/10) leaving iter=37 t=59269631
Node 0 chan 0: RDMA send to 1 physically drained (sender side) bid=5 sid=0 iter=37 nElems=524288 at t=59271157
GPU 0 TB=7 sid=0 DISPATCHING RunStep t=59271157
GPU 0 TB=6 sid=0 DISPATCHING RunStep t=59271157
Node 0 chan 1: RDMA send to 2 totalBytes=2097152 over 1 lane(s) bid=7 sid=0 iter=37 part=0 rateGBps=0 at t=59271157
Node 0 chan 0: RDMA send to 2 totalBytes=2097152 over 1 lane(s) bid=6 sid=0 iter=37 part=0 rateGBps=0 at t=59271157
GPU 0 TB=7 arrived at iteration barrier (4/10) leaving iter=37 t=59271157
GPU 0 TB=6 arrived at iteration barrier (5/10) leaving iter=37 t=59271157
Node 3 chan 0: transfer complete from peer 2 dst=(1,5) totalBytes=2097152 at t=59417780
GPU 3 TB=4 arrived at iteration barrier (6/10) leaving iter=37 t=59417780
Node 2 chan 0: RDMA send to 3 physically drained (sender side) bid=9 sid=0 iter=37 nElems=524288 at t=59419364
Node 0 chan 0: transfer complete from peer 1 dst=(1,2) totalBytes=2097152 at t=59581757
Node 1 chan 0: RDMA send to 0 physically drained (sender side) bid=5 sid=0 iter=37 nElems=524288 at t=59583165
Node 2 chan 1: transfer complete from peer 1 dst=(1,3) totalBytes=2097152 at t=59703732
GPU 2 TB=3 arrived at iteration barrier (6/10) leaving iter=37 t=59703732
Node 1 chan 1: RDMA send to 2 physically drained (sender side) bid=7 sid=0 iter=37 nElems=524288 at t=59707285
Node 2 chan 0: transfer complete from peer 1 dst=(1,2) totalBytes=2097152 at t=59718012
GPU 2 TB=2 arrived at iteration barrier (7/10) leaving iter=37 t=59718012
Node 1 chan 0: RDMA send to 2 physically drained (sender side) bid=6 sid=0 iter=37 nElems=524288 at t=59721565
Node 2 chan 0: transfer complete from peer 3 dst=(1,6) totalBytes=2097152 at t=59732296
Node 3 chan 0: RDMA send to 2 physically drained (sender side) bid=9 sid=0 iter=37 nElems=524288 at t=59733704
Node 0 chan 1: transfer complete from peer 3 dst=(1,7) totalBytes=2097152 at t=59878145
GPU 0 TB=4 arrived at iteration barrier (6/10) leaving iter=37 t=59878145
Node 3 chan 1: RDMA send to 0 physically drained (sender side) bid=6 sid=0 iter=37 nElems=524288 at t=59880971
Node 0 chan 0: transfer complete from peer 3 dst=(1,6) totalBytes=2097152 at t=59890441
GPU 0 TB=3 arrived at iteration barrier (7/10) leaving iter=37 t=59890441
Node 3 chan 0: RDMA send to 0 physically drained (sender side) bid=5 sid=0 iter=37 nElems=524288 at t=59894578
GPU 3 TB=8 sid=0 DISPATCHING RunStep t=59894578
GPU 3 TB=7 sid=0 DISPATCHING RunStep t=59894578
Node 3 chan 1: RDMA send to 1 totalBytes=2097152 over 1 lane(s) bid=8 sid=0 iter=37 part=0 rateGBps=0 at t=59894578
Node 3 chan 0: RDMA send to 1 totalBytes=2097152 over 1 lane(s) bid=7 sid=0 iter=37 part=0 rateGBps=0 at t=59894578
GPU 3 TB=8 arrived at iteration barrier (7/10) leaving iter=37 t=59894578
GPU 3 TB=7 arrived at iteration barrier (8/10) leaving iter=37 t=59894578
Node 2 chan 1: transfer complete from peer 0 dst=(1,1) totalBytes=2097152 at t=59980144
GPU 2 TB=1 arrived at iteration barrier (8/10) leaving iter=37 t=59980144
Node 0 chan 1: RDMA send to 2 physically drained (sender side) bid=7 sid=0 iter=37 nElems=524288 at t=59984161
Node 2 chan 0: transfer complete from peer 0 dst=(1,0) totalBytes=2097152 at t=59985124
GPU 2 TB=0 arrived at iteration barrier (9/10) leaving iter=37 t=59985124
Node 0 chan 0: RDMA send to 2 physically drained (sender side) bid=6 sid=0 iter=37 nElems=524288 at t=59989477
Node 0 chan 0: transfer complete from peer 1 dst=(1,3) totalBytes=2097152 at t=60091733
GPU 0 TB=0 arrived at iteration barrier (8/10) leaving iter=37 t=60091733
Node 1 chan 0: RDMA send to 0 physically drained (sender side) bid=5 sid=0 iter=37 nElems=524288 at t=60093141
GPU 1 TB=9 sid=0 DISPATCHING RunStep t=60093141
GPU 1 TB=8 sid=0 DISPATCHING RunStep t=60093141
Node 1 chan 1: RDMA send to 3 totalBytes=2097152 over 1 lane(s) bid=9 sid=0 iter=37 part=0 rateGBps=0 at t=60093141
Node 1 chan 0: RDMA send to 3 totalBytes=2097152 over 1 lane(s) bid=8 sid=0 iter=37 part=0 rateGBps=0 at t=60093141
GPU 1 TB=9 arrived at iteration barrier (7/10) leaving iter=37 t=60093141
GPU 1 TB=8 arrived at iteration barrier (8/10) leaving iter=37 t=60093141
Node 0 chan 0: transfer complete from peer 2 dst=(1,4) totalBytes=2097152 at t=60094057
GPU 0 TB=1 arrived at iteration barrier (9/10) leaving iter=37 t=60094057
Node 0 chan 1: transfer complete from peer 2 dst=(1,5) totalBytes=2097152 at t=60096420
GPU 0 TB=2 arrived at iteration barrier (10/10) leaving iter=37 t=60096420
GPU 0: iteration barrier releasing 10 threadblock(s) at t=60096420
GPU 0 TB=0 sid=0 DISPATCHING RunStep t=60096420
GPU 0 TB=1 sid=0 DISPATCHING RunStep t=60096420
GPU 0 TB=2 sid=0 DISPATCHING RunStep t=60096420
GPU 0 TB=3 sid=0 DISPATCHING RunStep t=60096420
GPU 0 TB=4 sid=0 DISPATCHING RunStep t=60096420
GPU 0 TB=5 sid=0 DISPATCHING RunStep t=60096420
GPU 0 TB=6 sid=0 BLOCKED on network completion of TB=5 step=0 needFlag=38912 netFlag=37888 t=60096420
GPU 0 TB=7 sid=0 BLOCKED on network completion of TB=5 step=0 needFlag=38912 netFlag=37888 t=60096420
GPU 0 TB=8 sid=0 DISPATCHING RunStep t=60096420
GPU 0 TB=9 sid=0 DISPATCHING RunStep t=60096420
Node 0 chan 0: RDMA send to 1 totalBytes=2097152 over 1 lane(s) bid=5 sid=0 iter=38 part=0 rateGBps=0 at t=60096420
Node 0 chan 0: RDMA send to 1 totalBytes=2097152 over 1 lane(s) bid=5 sid=0 iter=38 part=1 rateGBps=0 at t=60096420
Node 0 chan 0: RDMA send to 3 totalBytes=2097152 over 1 lane(s) bid=8 sid=0 iter=38 part=0 rateGBps=0 at t=60096420
Node 0 chan 1: RDMA send to 3 totalBytes=2097152 over 1 lane(s) bid=9 sid=0 iter=38 part=0 rateGBps=0 at t=60096420
GPU 0 TB=5 arrived at iteration barrier (1/10) leaving iter=38 t=60096420
GPU 0 TB=8 arrived at iteration barrier (2/10) leaving iter=38 t=60096420
GPU 0 TB=9 arrived at iteration barrier (3/10) leaving iter=38 t=60096420
Node 2 chan 0: RDMA send to 0 physically drained (sender side) bid=5 sid=0 iter=37 nElems=524288 at t=60097946
Node 2 chan 1: RDMA send to 0 physically drained (sender side) bid=6 sid=0 iter=37 nElems=524288 at t=60099947
Node 2 chan 0: transfer complete from peer 3 dst=(1,7) totalBytes=2097152 at t=60152160
GPU 2 TB=4 arrived at iteration barrier (10/10) leaving iter=37 t=60152160
GPU 2: iteration barrier releasing 10 threadblock(s) at t=60152160
GPU 2 TB=0 sid=0 DISPATCHING RunStep t=60152160
GPU 2 TB=1 sid=0 DISPATCHING RunStep t=60152160
GPU 2 TB=2 sid=0 DISPATCHING RunStep t=60152160
GPU 2 TB=3 sid=0 DISPATCHING RunStep t=60152160
GPU 2 TB=4 sid=0 DISPATCHING RunStep t=60152160
GPU 2 TB=5 sid=0 BLOCKED on network completion of TB=7 step=0 needFlag=38912 netFlag=37888 t=60152160
GPU 2 TB=6 sid=0 BLOCKED on network completion of TB=7 step=0 needFlag=38912 netFlag=37888 t=60152160
GPU 2 TB=7 sid=0 DISPATCHING RunStep t=60152160
GPU 2 TB=8 sid=0 DISPATCHING RunStep t=60152160
GPU 2 TB=9 sid=0 DISPATCHING RunStep t=60152160
Node 2 chan 0: RDMA send to 1 totalBytes=2097152 over 1 lane(s) bid=7 sid=0 iter=38 part=0 rateGBps=0 at t=60152160
Node 2 chan 1: RDMA send to 1 totalBytes=2097152 over 1 lane(s) bid=8 sid=0 iter=38 part=0 rateGBps=0 at t=60152160
Node 2 chan 0: RDMA send to 3 totalBytes=2097152 over 1 lane(s) bid=9 sid=0 iter=38 part=0 rateGBps=0 at t=60152160
Node 2 chan 0: RDMA send to 3 totalBytes=2097152 over 1 lane(s) bid=9 sid=0 iter=38 part=1 rateGBps=0 at t=60152160
GPU 2 TB=7 arrived at iteration barrier (1/10) leaving iter=38 t=60152160
GPU 2 TB=8 arrived at iteration barrier (2/10) leaving iter=38 t=60152160
GPU 2 TB=9 arrived at iteration barrier (3/10) leaving iter=38 t=60152160
Node 3 chan 0: RDMA send to 2 physically drained (sender side) bid=9 sid=0 iter=37 nElems=524288 at t=60153834
Node 1 chan 0: transfer complete from peer 3 dst=(1,6) totalBytes=2097152 at t=60637256
GPU 1 TB=3 arrived at iteration barrier (9/10) leaving iter=37 t=60637256
Node 3 chan 0: RDMA send to 1 physically drained (sender side) bid=7 sid=0 iter=37 nElems=524288 at t=60641187
Node 1 chan 1: transfer complete from peer 3 dst=(1,7) totalBytes=2097152 at t=60647556
GPU 1 TB=4 arrived at iteration barrier (10/10) leaving iter=37 t=60647556
GPU 1: iteration barrier releasing 10 threadblock(s) at t=60647556
GPU 1 TB=0 sid=0 DISPATCHING RunStep t=60647556
GPU 1 TB=1 sid=0 DISPATCHING RunStep t=60647556
GPU 1 TB=2 sid=0 DISPATCHING RunStep t=60647556
GPU 1 TB=3 sid=0 DISPATCHING RunStep t=60647556
GPU 1 TB=4 sid=0 DISPATCHING RunStep t=60647556
GPU 1 TB=5 sid=0 DISPATCHING RunStep t=60647556
GPU 1 TB=6 sid=0 DISPATCHING RunStep t=60647556
GPU 1 TB=7 sid=0 DISPATCHING RunStep t=60647556
GPU 1 TB=8 sid=0 BLOCKED on network completion of TB=5 step=0 needFlag=38912 netFlag=37888 t=60647556
GPU 1 TB=9 sid=0 BLOCKED on network completion of TB=5 step=0 needFlag=38912 netFlag=37888 t=60647556
Node 1 chan 0: RDMA send to 0 totalBytes=2097152 over 1 lane(s) bid=5 sid=0 iter=38 part=0 rateGBps=0 at t=60647556
Node 1 chan 0: RDMA send to 0 totalBytes=2097152 over 1 lane(s) bid=5 sid=0 iter=38 part=1 rateGBps=0 at t=60647556
Node 1 chan 0: RDMA send to 2 totalBytes=2097152 over 1 lane(s) bid=6 sid=0 iter=38 part=0 rateGBps=0 at t=60647556
Node 1 chan 1: RDMA send to 2 totalBytes=2097152 over 1 lane(s) bid=7 sid=0 iter=38 part=0 rateGBps=0 at t=60647556
GPU 1 TB=5 arrived at iteration barrier (1/10) leaving iter=38 t=60647556
GPU 1 TB=6 arrived at iteration barrier (2/10) leaving iter=38 t=60647556
GPU 1 TB=7 arrived at iteration barrier (3/10) leaving iter=38 t=60647556
Node 3 chan 1: RDMA send to 1 physically drained (sender side) bid=8 sid=0 iter=37 nElems=524288 at t=60650491
Node 1 chan 0: transfer complete from peer 0 dst=(1,0) totalBytes=2097152 at t=60749944
Node 0 chan 0: RDMA send to 1 physically drained (sender side) bid=5 sid=0 iter=38 nElems=524288 at t=60751392
Node 2 chan 0: RDMA send to 3 physically drained (sender side) bid=9 sid=0 iter=38 nElems=524288 at t=60837487
Node 1 chan 1: transfer complete from peer 2 dst=(1,5) totalBytes=2097152 at t=60896916
GPU 1 TB=2 arrived at iteration barrier (4/10) leaving iter=38 t=60896916
Node 1 chan 0: transfer complete from peer 2 dst=(1,4) totalBytes=2097152 at t=60898584
GPU 1 TB=1 arrived at iteration barrier (5/10) leaving iter=38 t=60898584
Node 2 chan 1: RDMA send to 1 physically drained (sender side) bid=8 sid=0 iter=38 nElems=524288 at t=60900954
Node 2 chan 0: RDMA send to 1 physically drained (sender side) bid=7 sid=0 iter=38 nElems=524288 at t=60902623
GPU 2 TB=6 sid=0 DISPATCHING RunStep t=60902623
GPU 2 TB=5 sid=0 DISPATCHING RunStep t=60902623
Node 2 chan 1: RDMA send to 0 totalBytes=2097152 over 1 lane(s) bid=6 sid=0 iter=38 part=0 rateGBps=0 at t=60902623
Node 2 chan 0: RDMA send to 0 totalBytes=2097152 over 1 lane(s) bid=5 sid=0 iter=38 part=0 rateGBps=0 at t=60902623
GPU 2 TB=6 arrived at iteration barrier (4/10) leaving iter=38 t=60902623
GPU 2 TB=5 arrived at iteration barrier (5/10) leaving iter=38 t=60902623
Node 0 chan 0: RDMA send to 3 physically drained (sender side) bid=8 sid=0 iter=38 nElems=524288 at t=61003131
Node 3 chan 0: transfer complete from peer 1 dst=(1,2) totalBytes=2097152 at t=61007059
GPU 3 TB=2 arrived at iteration barrier (9/10) leaving iter=37 t=61007059
Node 3 chan 1: transfer complete from peer 1 dst=(1,3) totalBytes=2097152 at t=61008387
GPU 3 TB=3 arrived at iteration barrier (10/10) leaving iter=37 t=61008387
GPU 3: iteration barrier releasing 10 threadblock(s) at t=61008387
GPU 3 TB=0 sid=0 DISPATCHING RunStep t=61008387
GPU 3 TB=1 sid=0 DISPATCHING RunStep t=61008387
GPU 3 TB=2 sid=0 DISPATCHING RunStep t=61008387
GPU 3 TB=3 sid=0 DISPATCHING RunStep t=61008387
GPU 3 TB=4 sid=0 DISPATCHING RunStep t=61008387
GPU 3 TB=5 sid=0 DISPATCHING RunStep t=61008387
GPU 3 TB=6 sid=0 DISPATCHING RunStep t=61008387
GPU 3 TB=7 sid=0 BLOCKED on network completion of TB=5 step=0 needFlag=38912 netFlag=37888 t=61008387
GPU 3 TB=8 sid=0 BLOCKED on network completion of TB=5 step=0 needFlag=38912 netFlag=37888 t=61008387
GPU 3 TB=9 sid=0 DISPATCHING RunStep t=61008387
Node 3 chan 0: RDMA send to 0 totalBytes=2097152 over 1 lane(s) bid=5 sid=0 iter=38 part=0 rateGBps=0 at t=61008387
Node 3 chan 1: RDMA send to 0 totalBytes=2097152 over 1 lane(s) bid=6 sid=0 iter=38 part=0 rateGBps=0 at t=61008387
Node 3 chan 0: RDMA send to 2 totalBytes=2097152 over 1 lane(s) bid=9 sid=0 iter=38 part=0 rateGBps=0 at t=61008387
Node 3 chan 0: RDMA send to 2 totalBytes=2097152 over 1 lane(s) bid=9 sid=0 iter=38 part=1 rateGBps=0 at t=61008387
GPU 3 TB=0 arrived at iteration barrier (1/10) leaving iter=38 t=61008387
GPU 3 TB=5 arrived at iteration barrier (2/10) leaving iter=38 t=61008387
GPU 3 TB=6 arrived at iteration barrier (3/10) leaving iter=38 t=61008387
GPU 3 TB=9 arrived at iteration barrier (4/10) leaving iter=38 t=61008387
Node 3 chan 1: transfer complete from peer 0 dst=(1,1) totalBytes=2097152 at t=61010379
GPU 3 TB=1 arrived at iteration barrier (5/10) leaving iter=38 t=61010379
Node 1 chan 0: RDMA send to 3 physically drained (sender side) bid=8 sid=0 iter=37 nElems=524288 at t=61011180
Node 1 chan 1: RDMA send to 3 physically drained (sender side) bid=9 sid=0 iter=37 nElems=524288 at t=61011848
Node 0 chan 1: RDMA send to 3 physically drained (sender side) bid=9 sid=0 iter=38 nElems=524288 at t=61014443
Node 1 chan 0: transfer complete from peer 0 dst=(1,1) totalBytes=2097152 at t=61032140
GPU 1 TB=0 arrived at iteration barrier (6/10) leaving iter=38 t=61032140
Node 0 chan 0: RDMA send to 1 physically drained (sender side) bid=5 sid=0 iter=38 nElems=524288 at t=61034063
GPU 0 TB=7 sid=0 DISPATCHING RunStep t=61034063
GPU 0 TB=6 sid=0 DISPATCHING RunStep t=61034063
Node 0 chan 1: RDMA send to 2 totalBytes=2097152 over 1 lane(s) bid=7 sid=0 iter=38 part=0 rateGBps=0 at t=61034063
Node 0 chan 0: RDMA send to 2 totalBytes=2097152 over 1 lane(s) bid=6 sid=0 iter=38 part=0 rateGBps=0 at t=61034063
GPU 0 TB=7 arrived at iteration barrier (4/10) leaving iter=38 t=61034063
GPU 0 TB=6 arrived at iteration barrier (5/10) leaving iter=38 t=61034063
Node 3 chan 0: transfer complete from peer 2 dst=(1,5) totalBytes=2097152 at t=61191223
GPU 3 TB=4 arrived at iteration barrier (6/10) leaving iter=38 t=61191223
Node 2 chan 0: RDMA send to 3 physically drained (sender side) bid=9 sid=0 iter=38 nElems=524288 at t=61193157
Node 0 chan 0: transfer complete from peer 1 dst=(1,2) totalBytes=2097152 at t=61278887
Node 1 chan 0: RDMA send to 0 physically drained (sender side) bid=5 sid=0 iter=38 nElems=524288 at t=61280295
Node 2 chan 0: transfer complete from peer 1 dst=(1,2) totalBytes=2097152 at t=61492141
GPU 2 TB=2 arrived at iteration barrier (6/10) leaving iter=38 t=61492141
Node 1 chan 0: RDMA send to 2 physically drained (sender side) bid=6 sid=0 iter=38 nElems=524288 at t=61496143
Node 2 chan 1: transfer complete from peer 1 dst=(1,3) totalBytes=2097152 at t=61515061
GPU 2 TB=3 arrived at iteration barrier (7/10) leaving iter=38 t=61515061
Node 1 chan 1: RDMA send to 2 physically drained (sender side) bid=7 sid=0 iter=38 nElems=524288 at t=61518950
Node 2 chan 0: transfer complete from peer 3 dst=(1,6) totalBytes=2097152 at t=61662561
Node 3 chan 0: RDMA send to 2 physically drained (sender side) bid=9 sid=0 iter=38 nElems=524288 at t=61663969
Node 0 chan 0: transfer complete from peer 2 dst=(1,4) totalBytes=2097152 at t=61718139
GPU 0 TB=1 arrived at iteration barrier (6/10) leaving iter=38 t=61718139
Node 0 chan 1: transfer complete from peer 2 dst=(1,5) totalBytes=2097152 at t=61720131
GPU 0 TB=2 arrived at iteration barrier (7/10) leaving iter=38 t=61720131
Node 2 chan 0: RDMA send to 0 physically drained (sender side) bid=5 sid=0 iter=38 nElems=524288 at t=61722025
Node 2 chan 1: RDMA send to 0 physically drained (sender side) bid=6 sid=0 iter=38 nElems=524288 at t=61724021
Node 2 chan 0: transfer complete from peer 0 dst=(1,0) totalBytes=2097152 at t=61757553
GPU 2 TB=0 arrived at iteration barrier (8/10) leaving iter=38 t=61757553
Node 2 chan 1: transfer complete from peer 0 dst=(1,1) totalBytes=2097152 at t=61758217
GPU 2 TB=1 arrived at iteration barrier (9/10) leaving iter=38 t=61758217
Node 0 chan 0: RDMA send to 2 physically drained (sender side) bid=6 sid=0 iter=38 nElems=524288 at t=61761343
Node 0 chan 1: RDMA send to 2 physically drained (sender side) bid=7 sid=0 iter=38 nElems=524288 at t=61762011
Node 0 chan 0: transfer complete from peer 3 dst=(1,6) totalBytes=2097152 at t=61826751
GPU 0 TB=3 arrived at iteration barrier (8/10) leaving iter=38 t=61826751
Node 3 chan 0: RDMA send to 0 physically drained (sender side) bid=5 sid=0 iter=38 nElems=524288 at t=61829577
GPU 3 TB=8 sid=0 DISPATCHING RunStep t=61829577
GPU 3 TB=7 sid=0 DISPATCHING RunStep t=61829577
Node 3 chan 1: RDMA send to 1 totalBytes=2097152 over 1 lane(s) bid=8 sid=0 iter=38 part=0 rateGBps=0 at t=61829577
Node 3 chan 0: RDMA send to 1 totalBytes=2097152 over 1 lane(s) bid=7 sid=0 iter=38 part=0 rateGBps=0 at t=61829577
GPU 3 TB=8 arrived at iteration barrier (7/10) leaving iter=38 t=61829577
GPU 3 TB=7 arrived at iteration barrier (8/10) leaving iter=38 t=61829577
Node 0 chan 1: transfer complete from peer 3 dst=(1,7) totalBytes=2097152 at t=61830071
GPU 0 TB=4 arrived at iteration barrier (9/10) leaving iter=38 t=61830071
Node 3 chan 1: RDMA send to 0 physically drained (sender side) bid=6 sid=0 iter=38 nElems=524288 at t=61832897
Node 0 chan 0: transfer complete from peer 1 dst=(1,3) totalBytes=2097152 at t=61858623
GPU 0 TB=0 arrived at iteration barrier (10/10) leaving iter=38 t=61858623
GPU 0: iteration barrier releasing 10 threadblock(s) at t=61858623
GPU 0 TB=0 sid=0 DISPATCHING RunStep t=61858623
GPU 0 TB=1 sid=0 DISPATCHING RunStep t=61858623
GPU 0 TB=2 sid=0 DISPATCHING RunStep t=61858623
GPU 0 TB=3 sid=0 DISPATCHING RunStep t=61858623
GPU 0 TB=4 sid=0 DISPATCHING RunStep t=61858623
GPU 0 TB=5 sid=0 DISPATCHING RunStep t=61858623
GPU 0 TB=6 sid=0 BLOCKED on network completion of TB=5 step=0 needFlag=39936 netFlag=38912 t=61858623
GPU 0 TB=7 sid=0 BLOCKED on network completion of TB=5 step=0 needFlag=39936 netFlag=38912 t=61858623
GPU 0 TB=8 sid=0 DISPATCHING RunStep t=61858623
GPU 0 TB=9 sid=0 DISPATCHING RunStep t=61858623
Node 0 chan 0: RDMA send to 1 totalBytes=2097152 over 1 lane(s) bid=5 sid=0 iter=39 part=0 rateGBps=0 at t=61858623
Node 0 chan 0: RDMA send to 1 totalBytes=2097152 over 1 lane(s) bid=5 sid=0 iter=39 part=1 rateGBps=0 at t=61858623
Node 0 chan 0: RDMA send to 3 totalBytes=2097152 over 1 lane(s) bid=8 sid=0 iter=39 part=0 rateGBps=0 at t=61858623
Node 0 chan 1: RDMA send to 3 totalBytes=2097152 over 1 lane(s) bid=9 sid=0 iter=39 part=0 rateGBps=0 at t=61858623
GPU 0 TB=5 arrived at iteration barrier (1/10) leaving iter=39 t=61858623
GPU 0 TB=8 arrived at iteration barrier (2/10) leaving iter=39 t=61858623
GPU 0 TB=9 arrived at iteration barrier (3/10) leaving iter=39 t=61858623
Node 1 chan 0: RDMA send to 0 physically drained (sender side) bid=5 sid=0 iter=38 nElems=524288 at t=61860031
GPU 1 TB=9 sid=0 DISPATCHING RunStep t=61860031
GPU 1 TB=8 sid=0 DISPATCHING RunStep t=61860031
Node 1 chan 1: RDMA send to 3 totalBytes=2097152 over 1 lane(s) bid=9 sid=0 iter=38 part=0 rateGBps=0 at t=61860031
Node 1 chan 0: RDMA send to 3 totalBytes=2097152 over 1 lane(s) bid=8 sid=0 iter=38 part=0 rateGBps=0 at t=61860031
GPU 1 TB=9 arrived at iteration barrier (7/10) leaving iter=38 t=61860031
GPU 1 TB=8 arrived at iteration barrier (8/10) leaving iter=38 t=61860031
Node 2 chan 0: transfer complete from peer 3 dst=(1,7) totalBytes=2097152 at t=62079268
GPU 2 TB=4 arrived at iteration barrier (10/10) leaving iter=38 t=62079268
GPU 2: iteration barrier releasing 10 threadblock(s) at t=62079268
GPU 2 TB=0 sid=0 DISPATCHING RunStep t=62079268
GPU 2 TB=1 sid=0 DISPATCHING RunStep t=62079268
GPU 2 TB=2 sid=0 DISPATCHING RunStep t=62079268
GPU 2 TB=3 sid=0 DISPATCHING RunStep t=62079268
GPU 2 TB=4 sid=0 DISPATCHING RunStep t=62079268
GPU 2 TB=5 sid=0 BLOCKED on network completion of TB=7 step=0 needFlag=39936 netFlag=38912 t=62079268
GPU 2 TB=6 sid=0 BLOCKED on network completion of TB=7 step=0 needFlag=39936 netFlag=38912 t=62079268
GPU 2 TB=7 sid=0 DISPATCHING RunStep t=62079268
GPU 2 TB=8 sid=0 DISPATCHING RunStep t=62079268
GPU 2 TB=9 sid=0 DISPATCHING RunStep t=62079268
Node 2 chan 0: RDMA send to 1 totalBytes=2097152 over 1 lane(s) bid=7 sid=0 iter=39 part=0 rateGBps=0 at t=62079268
Node 2 chan 1: RDMA send to 1 totalBytes=2097152 over 1 lane(s) bid=8 sid=0 iter=39 part=0 rateGBps=0 at t=62079268
Node 2 chan 0: RDMA send to 3 totalBytes=2097152 over 1 lane(s) bid=9 sid=0 iter=39 part=0 rateGBps=0 at t=62079268
Node 2 chan 0: RDMA send to 3 totalBytes=2097152 over 1 lane(s) bid=9 sid=0 iter=39 part=1 rateGBps=0 at t=62079268
GPU 2 TB=7 arrived at iteration barrier (1/10) leaving iter=39 t=62079268
GPU 2 TB=8 arrived at iteration barrier (2/10) leaving iter=39 t=62079268
GPU 2 TB=9 arrived at iteration barrier (3/10) leaving iter=39 t=62079268
Node 3 chan 0: RDMA send to 2 physically drained (sender side) bid=9 sid=0 iter=38 nElems=524288 at t=62080875
Node 0 chan 0: RDMA send to 1 physically drained (sender side) bid=5 sid=0 iter=39 nElems=524288 at t=62446684
Node 1 chan 1: transfer complete from peer 3 dst=(1,7) totalBytes=2097152 at t=62551252
GPU 1 TB=4 arrived at iteration barrier (9/10) leaving iter=38 t=62551252
Node 3 chan 1: RDMA send to 1 physically drained (sender side) bid=8 sid=0 iter=38 nElems=524288 at t=62554279
Node 1 chan 0: transfer complete from peer 3 dst=(1,6) totalBytes=2097152 at t=62562216
GPU 1 TB=3 arrived at iteration barrier (10/10) leaving iter=38 t=62562216
GPU 1: iteration barrier releasing 10 threadblock(s) at t=62562216
GPU 1 TB=0 sid=0 DISPATCHING RunStep t=62562216
GPU 1 TB=1 sid=0 DISPATCHING RunStep t=62562216
GPU 1 TB=2 sid=0 DISPATCHING RunStep t=62562216
GPU 1 TB=3 sid=0 DISPATCHING RunStep t=62562216
GPU 1 TB=4 sid=0 DISPATCHING RunStep t=62562216
GPU 1 TB=5 sid=0 DISPATCHING RunStep t=62562216
GPU 1 TB=6 sid=0 DISPATCHING RunStep t=62562216
GPU 1 TB=7 sid=0 DISPATCHING RunStep t=62562216
GPU 1 TB=8 sid=0 BLOCKED on network completion of TB=5 step=0 needFlag=39936 netFlag=38912 t=62562216
GPU 1 TB=9 sid=0 BLOCKED on network completion of TB=5 step=0 needFlag=39936 netFlag=38912 t=62562216
Node 1 chan 0: RDMA send to 0 totalBytes=2097152 over 1 lane(s) bid=5 sid=0 iter=39 part=0 rateGBps=0 at t=62562216
Node 1 chan 0: RDMA send to 0 totalBytes=2097152 over 1 lane(s) bid=5 sid=0 iter=39 part=1 rateGBps=0 at t=62562216
Node 1 chan 0: RDMA send to 2 totalBytes=2097152 over 1 lane(s) bid=6 sid=0 iter=39 part=0 rateGBps=0 at t=62562216
Node 1 chan 1: RDMA send to 2 totalBytes=2097152 over 1 lane(s) bid=7 sid=0 iter=39 part=0 rateGBps=0 at t=62562216
GPU 1 TB=5 arrived at iteration barrier (1/10) leaving iter=39 t=62562216
GPU 1 TB=6 arrived at iteration barrier (2/10) leaving iter=39 t=62562216
GPU 1 TB=7 arrived at iteration barrier (3/10) leaving iter=39 t=62562216
Node 3 chan 0: RDMA send to 1 physically drained (sender side) bid=7 sid=0 iter=38 nElems=524288 at t=62565907
Node 3 chan 1: transfer complete from peer 1 dst=(1,3) totalBytes=2097152 at t=62674803
GPU 3 TB=3 arrived at iteration barrier (9/10) leaving iter=38 t=62674803
Node 1 chan 1: RDMA send to 3 physically drained (sender side) bid=9 sid=0 iter=38 nElems=524288 at t=62678920
Node 3 chan 0: transfer complete from peer 1 dst=(1,2) totalBytes=2097152 at t=62680779
GPU 3 TB=2 arrived at iteration barrier (10/10) leaving iter=38 t=62680779
GPU 3: iteration barrier releasing 10 threadblock(s) at t=62680779
GPU 3 TB=0 sid=0 DISPATCHING RunStep t=62680779
GPU 3 TB=1 sid=0 DISPATCHING RunStep t=62680779
GPU 3 TB=2 sid=0 DISPATCHING RunStep t=62680779
GPU 3 TB=3 sid=0 DISPATCHING RunStep t=62680779
GPU 3 TB=4 sid=0 DISPATCHING RunStep t=62680779
GPU 3 TB=5 sid=0 DISPATCHING RunStep t=62680779
GPU 3 TB=6 sid=0 DISPATCHING RunStep t=62680779
GPU 3 TB=7 sid=0 BLOCKED on network completion of TB=5 step=0 needFlag=39936 netFlag=38912 t=62680779
GPU 3 TB=8 sid=0 BLOCKED on network completion of TB=5 step=0 needFlag=39936 netFlag=38912 t=62680779
GPU 3 TB=9 sid=0 DISPATCHING RunStep t=62680779
Node 3 chan 0: RDMA send to 0 totalBytes=2097152 over 1 lane(s) bid=5 sid=0 iter=39 part=0 rateGBps=0 at t=62680779
Node 3 chan 1: RDMA send to 0 totalBytes=2097152 over 1 lane(s) bid=6 sid=0 iter=39 part=0 rateGBps=0 at t=62680779
Node 3 chan 0: RDMA send to 2 totalBytes=2097152 over 1 lane(s) bid=9 sid=0 iter=39 part=0 rateGBps=0 at t=62680779
Node 3 chan 0: RDMA send to 2 totalBytes=2097152 over 1 lane(s) bid=9 sid=0 iter=39 part=1 rateGBps=0 at t=62680779
GPU 3 TB=5 arrived at iteration barrier (1/10) leaving iter=39 t=62680779
GPU 3 TB=6 arrived at iteration barrier (2/10) leaving iter=39 t=62680779
GPU 3 TB=9 arrived at iteration barrier (3/10) leaving iter=39 t=62680779
Node 1 chan 0: RDMA send to 3 physically drained (sender side) bid=8 sid=0 iter=38 nElems=524288 at t=62684580
Node 3 chan 1: transfer complete from peer 0 dst=(1,1) totalBytes=2097152 at t=62686423
GPU 3 TB=1 arrived at iteration barrier (4/10) leaving iter=39 t=62686423
Node 3 chan 0: transfer complete from peer 0 dst=(1,0) totalBytes=2097152 at t=62690075
GPU 3 TB=0 arrived at iteration barrier (5/10) leaving iter=39 t=62690075
Node 0 chan 1: RDMA send to 3 physically drained (sender side) bid=9 sid=0 iter=39 nElems=524288 at t=62690165
Node 0 chan 0: RDMA send to 3 physically drained (sender side) bid=8 sid=0 iter=39 nElems=524288 at t=62694167
Node 3 chan 0: transfer complete from peer 2 dst=(1,4) totalBytes=2097152 at t=62734294
Node 2 chan 0: RDMA send to 3 physically drained (sender side) bid=9 sid=0 iter=39 nElems=524288 at t=62736031
Node 1 chan 1: transfer complete from peer 2 dst=(1,5) totalBytes=2097152 at t=62851504
GPU 1 TB=2 arrived at iteration barrier (4/10) leaving iter=39 t=62851504
Node 2 chan 1: RDMA send to 1 physically drained (sender side) bid=8 sid=0 iter=39 nElems=524288 at t=62855415
Node 1 chan 0: transfer complete from peer 2 dst=(1,4) totalBytes=2097152 at t=62857148
GPU 1 TB=1 arrived at iteration barrier (5/10) leaving iter=39 t=62857148
Node 2 chan 0: RDMA send to 1 physically drained (sender side) bid=7 sid=0 iter=39 nElems=524288 at t=62861071
GPU 2 TB=6 sid=0 DISPATCHING RunStep t=62861071
GPU 2 TB=5 sid=0 DISPATCHING RunStep t=62861071
Node 2 chan 1: RDMA send to 0 totalBytes=2097152 over 1 lane(s) bid=6 sid=0 iter=39 part=0 rateGBps=0 at t=62861071
Node 2 chan 0: RDMA send to 0 totalBytes=2097152 over 1 lane(s) bid=5 sid=0 iter=39 part=0 rateGBps=0 at t=62861071
GPU 2 TB=6 arrived at iteration barrier (4/10) leaving iter=39 t=62861071
GPU 2 TB=5 arrived at iteration barrier (5/10) leaving iter=39 t=62861071
Node 1 chan 0: transfer complete from peer 0 dst=(1,1) totalBytes=2097152 at t=62863800
GPU 1 TB=0 arrived at iteration barrier (6/10) leaving iter=39 t=62863800
Node 0 chan 0: RDMA send to 1 physically drained (sender side) bid=5 sid=0 iter=39 nElems=524288 at t=62865405
GPU 0 TB=7 sid=0 DISPATCHING RunStep t=62865405
GPU 0 TB=6 sid=0 DISPATCHING RunStep t=62865405
Node 0 chan 1: RDMA send to 2 totalBytes=2097152 over 1 lane(s) bid=7 sid=0 iter=39 part=0 rateGBps=0 at t=62865405
Node 0 chan 0: RDMA send to 2 totalBytes=2097152 over 1 lane(s) bid=6 sid=0 iter=39 part=0 rateGBps=0 at t=62865405
GPU 0 TB=7 arrived at iteration barrier (4/10) leaving iter=39 t=62865405
GPU 0 TB=6 arrived at iteration barrier (5/10) leaving iter=39 t=62865405
Node 3 chan 0: transfer complete from peer 2 dst=(1,5) totalBytes=2097152 at t=63014954
GPU 3 TB=4 arrived at iteration barrier (6/10) leaving iter=39 t=63014954
Node 2 chan 0: RDMA send to 3 physically drained (sender side) bid=9 sid=0 iter=39 nElems=524288 at t=63016999
Node 0 chan 0: transfer complete from peer 1 dst=(1,2) totalBytes=2097152 at t=63174349
Node 1 chan 0: RDMA send to 0 physically drained (sender side) bid=5 sid=0 iter=39 nElems=524288 at t=63175765
Node 2 chan 1: transfer complete from peer 1 dst=(1,3) totalBytes=2097152 at t=63304687
GPU 2 TB=3 arrived at iteration barrier (6/10) leaving iter=39 t=63304687
Node 1 chan 1: RDMA send to 2 physically drained (sender side) bid=7 sid=0 iter=39 nElems=524288 at t=63308528
Node 2 chan 0: transfer complete from peer 1 dst=(1,2) totalBytes=2097152 at t=63321635
GPU 2 TB=2 arrived at iteration barrier (7/10) leaving iter=39 t=63321635
Node 2 chan 0: transfer complete from peer 3 dst=(1,6) totalBytes=2097152 at t=63323295
Node 3 chan 0: RDMA send to 2 physically drained (sender side) bid=9 sid=0 iter=39 nElems=524288 at t=63324707
Node 1 chan 0: RDMA send to 2 physically drained (sender side) bid=6 sid=0 iter=39 nElems=524288 at t=63325478
Node 0 chan 1: transfer complete from peer 3 dst=(1,7) totalBytes=2097152 at t=63470725
GPU 0 TB=4 arrived at iteration barrier (6/10) leaving iter=39 t=63470725
Node 3 chan 1: RDMA send to 0 physically drained (sender side) bid=6 sid=0 iter=39 nElems=524288 at t=63473551
Node 0 chan 0: transfer complete from peer 3 dst=(1,6) totalBytes=2097152 at t=63474053
GPU 0 TB=3 arrived at iteration barrier (7/10) leaving iter=39 t=63474053
Node 3 chan 0: RDMA send to 0 physically drained (sender side) bid=5 sid=0 iter=39 nElems=524288 at t=63478522
GPU 3 TB=8 sid=0 DISPATCHING RunStep t=63478522
GPU 3 TB=7 sid=0 DISPATCHING RunStep t=63478522
Node 3 chan 1: RDMA send to 1 totalBytes=2097152 over 1 lane(s) bid=8 sid=0 iter=39 part=0 rateGBps=0 at t=63478522
Node 3 chan 0: RDMA send to 1 totalBytes=2097152 over 1 lane(s) bid=7 sid=0 iter=39 part=0 rateGBps=0 at t=63478522
GPU 3 TB=8 arrived at iteration barrier (7/10) leaving iter=39 t=63478522
GPU 3 TB=7 arrived at iteration barrier (8/10) leaving iter=39 t=63478522
Node 2 chan 1: transfer complete from peer 0 dst=(1,1) totalBytes=2097152 at t=63574127
GPU 2 TB=1 arrived at iteration barrier (8/10) leaving iter=39 t=63574127
Node 2 chan 0: transfer complete from peer 0 dst=(1,0) totalBytes=2097152 at t=63576119
GPU 2 TB=0 arrived at iteration barrier (9/10) leaving iter=39 t=63576119
Node 0 chan 1: RDMA send to 2 physically drained (sender side) bid=7 sid=0 iter=39 nElems=524288 at t=63578077
Node 0 chan 0: RDMA send to 2 physically drained (sender side) bid=6 sid=0 iter=39 nElems=524288 at t=63580073
Node 0 chan 0: transfer complete from peer 1 dst=(1,3) totalBytes=2097152 at t=63676353
GPU 0 TB=0 arrived at iteration barrier (8/10) leaving iter=39 t=63676353
Node 1 chan 0: RDMA send to 0 physically drained (sender side) bid=5 sid=0 iter=39 nElems=524288 at t=63677761
GPU 1 TB=9 sid=0 DISPATCHING RunStep t=63677761
GPU 1 TB=8 sid=0 DISPATCHING RunStep t=63677761
Node 1 chan 1: RDMA send to 3 totalBytes=2097152 over 1 lane(s) bid=9 sid=0 iter=39 part=0 rateGBps=0 at t=63677761
Node 1 chan 0: RDMA send to 3 totalBytes=2097152 over 1 lane(s) bid=8 sid=0 iter=39 part=0 rateGBps=0 at t=63677761
GPU 1 TB=9 arrived at iteration barrier (7/10) leaving iter=39 t=63677761
GPU 1 TB=8 arrived at iteration barrier (8/10) leaving iter=39 t=63677761
Node 0 chan 0: transfer complete from peer 2 dst=(1,4) totalBytes=2097152 at t=63682661
GPU 0 TB=1 arrived at iteration barrier (9/10) leaving iter=39 t=63682661
Node 2 chan 0: RDMA send to 0 physically drained (sender side) bid=5 sid=0 iter=39 nElems=524288 at t=63686850
Node 0 chan 1: transfer complete from peer 2 dst=(1,5) totalBytes=2097152 at t=63690482
GPU 0 TB=2 arrived at iteration barrier (10/10) leaving iter=39 t=63690482
GPU 0: iteration barrier releasing 10 threadblock(s) at t=63690482
GPU 0 TB=0 sid=0 DISPATCHING RunStep t=63690482
GPU 0 TB=1 sid=0 DISPATCHING RunStep t=63690482
GPU 0 TB=2 sid=0 DISPATCHING RunStep t=63690482
GPU 0 TB=3 sid=0 DISPATCHING RunStep t=63690482
GPU 0 TB=4 sid=0 DISPATCHING RunStep t=63690482
GPU 0 TB=5 sid=0 DISPATCHING RunStep t=63690482
GPU 0 TB=6 sid=0 BLOCKED on network completion of TB=5 step=0 needFlag=40960 netFlag=39936 t=63690482
GPU 0 TB=7 sid=0 BLOCKED on network completion of TB=5 step=0 needFlag=40960 netFlag=39936 t=63690482
GPU 0 TB=8 sid=0 DISPATCHING RunStep t=63690482
GPU 0 TB=9 sid=0 DISPATCHING RunStep t=63690482
Node 0 chan 0: RDMA send to 1 totalBytes=2097152 over 1 lane(s) bid=5 sid=0 iter=40 part=0 rateGBps=0 at t=63690482
Node 0 chan 0: RDMA send to 1 totalBytes=2097152 over 1 lane(s) bid=5 sid=0 iter=40 part=1 rateGBps=0 at t=63690482
Node 0 chan 0: RDMA send to 3 totalBytes=2097152 over 1 lane(s) bid=8 sid=0 iter=40 part=0 rateGBps=0 at t=63690482
Node 0 chan 1: RDMA send to 3 totalBytes=2097152 over 1 lane(s) bid=9 sid=0 iter=40 part=0 rateGBps=0 at t=63690482
GPU 0 TB=5 arrived at iteration barrier (1/10) leaving iter=40 t=63690482
GPU 0 TB=8 arrived at iteration barrier (2/10) leaving iter=40 t=63690482
GPU 0 TB=9 arrived at iteration barrier (3/10) leaving iter=40 t=63690482
Node 2 chan 1: RDMA send to 0 physically drained (sender side) bid=6 sid=0 iter=39 nElems=524288 at t=63694826
Node 2 chan 0: transfer complete from peer 3 dst=(1,7) totalBytes=2097152 at t=63745362
GPU 2 TB=4 arrived at iteration barrier (10/10) leaving iter=39 t=63745362
GPU 2: iteration barrier releasing 10 threadblock(s) at t=63745362
GPU 2 TB=0 sid=0 DISPATCHING RunStep t=63745362
GPU 2 TB=1 sid=0 DISPATCHING RunStep t=63745362
GPU 2 TB=2 sid=0 DISPATCHING RunStep t=63745362
GPU 2 TB=3 sid=0 DISPATCHING RunStep t=63745362
GPU 2 TB=4 sid=0 DISPATCHING RunStep t=63745362
GPU 2 TB=5 sid=0 BLOCKED on network completion of TB=7 step=0 needFlag=40960 netFlag=39936 t=63745362
GPU 2 TB=6 sid=0 BLOCKED on network completion of TB=7 step=0 needFlag=40960 netFlag=39936 t=63745362
GPU 2 TB=7 sid=0 DISPATCHING RunStep t=63745362
GPU 2 TB=8 sid=0 DISPATCHING RunStep t=63745362
GPU 2 TB=9 sid=0 DISPATCHING RunStep t=63745362
Node 2 chan 0: RDMA send to 1 totalBytes=2097152 over 1 lane(s) bid=7 sid=0 iter=40 part=0 rateGBps=0 at t=63745362
Node 2 chan 1: RDMA send to 1 totalBytes=2097152 over 1 lane(s) bid=8 sid=0 iter=40 part=0 rateGBps=0 at t=63745362
Node 2 chan 0: RDMA send to 3 totalBytes=2097152 over 1 lane(s) bid=9 sid=0 iter=40 part=0 rateGBps=0 at t=63745362
Node 2 chan 0: RDMA send to 3 totalBytes=2097152 over 1 lane(s) bid=9 sid=0 iter=40 part=1 rateGBps=0 at t=63745362
GPU 2 TB=7 arrived at iteration barrier (1/10) leaving iter=40 t=63745362
GPU 2 TB=8 arrived at iteration barrier (2/10) leaving iter=40 t=63745362
GPU 2 TB=9 arrived at iteration barrier (3/10) leaving iter=40 t=63745362
Node 3 chan 0: RDMA send to 2 physically drained (sender side) bid=9 sid=0 iter=39 nElems=524288 at t=63746781
Node 1 chan 0: transfer complete from peer 3 dst=(1,6) totalBytes=2097152 at t=64222035
GPU 1 TB=3 arrived at iteration barrier (9/10) leaving iter=39 t=64222035
Node 1 chan 1: transfer complete from peer 3 dst=(1,7) totalBytes=2097152 at t=64224359
GPU 1 TB=4 arrived at iteration barrier (10/10) leaving iter=39 t=64224359
GPU 1: iteration barrier releasing 10 threadblock(s) at t=64224359
GPU 1 TB=0 sid=0 DISPATCHING RunStep t=64224359
GPU 1 TB=1 sid=0 DISPATCHING RunStep t=64224359
GPU 1 TB=2 sid=0 DISPATCHING RunStep t=64224359
GPU 1 TB=3 sid=0 DISPATCHING RunStep t=64224359
GPU 1 TB=4 sid=0 DISPATCHING RunStep t=64224359
GPU 1 TB=5 sid=0 DISPATCHING RunStep t=64224359
GPU 1 TB=6 sid=0 DISPATCHING RunStep t=64224359
GPU 1 TB=7 sid=0 DISPATCHING RunStep t=64224359
GPU 1 TB=8 sid=0 BLOCKED on network completion of TB=5 step=0 needFlag=40960 netFlag=39936 t=64224359
GPU 1 TB=9 sid=0 BLOCKED on network completion of TB=5 step=0 needFlag=40960 netFlag=39936 t=64224359
Node 1 chan 0: RDMA send to 0 totalBytes=2097152 over 1 lane(s) bid=5 sid=0 iter=40 part=0 rateGBps=0 at t=64224359
Node 1 chan 0: RDMA send to 0 totalBytes=2097152 over 1 lane(s) bid=5 sid=0 iter=40 part=1 rateGBps=0 at t=64224359
Node 1 chan 0: RDMA send to 2 totalBytes=2097152 over 1 lane(s) bid=6 sid=0 iter=40 part=0 rateGBps=0 at t=64224359
Node 1 chan 1: RDMA send to 2 totalBytes=2097152 over 1 lane(s) bid=7 sid=0 iter=40 part=0 rateGBps=0 at t=64224359
GPU 1 TB=5 arrived at iteration barrier (1/10) leaving iter=40 t=64224359
GPU 1 TB=6 arrived at iteration barrier (2/10) leaving iter=40 t=64224359
GPU 1 TB=7 arrived at iteration barrier (3/10) leaving iter=40 t=64224359
Node 3 chan 0: RDMA send to 1 physically drained (sender side) bid=7 sid=0 iter=39 nElems=524288 at t=64226497
Node 3 chan 1: RDMA send to 1 physically drained (sender side) bid=8 sid=0 iter=39 nElems=524288 at t=64227829
Node 1 chan 0: transfer complete from peer 0 dst=(1,0) totalBytes=2097152 at t=64337063
Node 0 chan 0: RDMA send to 1 physically drained (sender side) bid=5 sid=0 iter=40 nElems=524288 at t=64338495
Node 2 chan 0: RDMA send to 3 physically drained (sender side) bid=9 sid=0 iter=40 nElems=524288 at t=64432753
Node 1 chan 0: transfer complete from peer 2 dst=(1,4) totalBytes=2097152 at t=64481035
GPU 1 TB=1 arrived at iteration barrier (4/10) leaving iter=40 t=64481035
Node 2 chan 0: RDMA send to 1 physically drained (sender side) bid=7 sid=0 iter=40 nElems=524288 at t=64484753
GPU 2 TB=6 sid=0 DISPATCHING RunStep t=64484753
GPU 2 TB=5 sid=0 DISPATCHING RunStep t=64484753
Node 2 chan 1: RDMA send to 0 totalBytes=2097152 over 1 lane(s) bid=6 sid=0 iter=40 part=0 rateGBps=0 at t=64484753
Node 2 chan 0: RDMA send to 0 totalBytes=2097152 over 1 lane(s) bid=5 sid=0 iter=40 part=0 rateGBps=0 at t=64484753
GPU 2 TB=6 arrived at iteration barrier (4/10) leaving iter=40 t=64484753
GPU 2 TB=5 arrived at iteration barrier (5/10) leaving iter=40 t=64484753
Node 1 chan 1: transfer complete from peer 2 dst=(1,5) totalBytes=2097152 at t=64485351
GPU 1 TB=2 arrived at iteration barrier (5/10) leaving iter=40 t=64485351
Node 2 chan 1: RDMA send to 1 physically drained (sender side) bid=8 sid=0 iter=40 nElems=524288 at t=64489770
Node 3 chan 1: transfer complete from peer 1 dst=(1,3) totalBytes=2097152 at t=64576761
GPU 3 TB=3 arrived at iteration barrier (9/10) leaving iter=39 t=64576761
Node 3 chan 0: transfer complete from peer 1 dst=(1,2) totalBytes=2097152 at t=64577425
GPU 3 TB=2 arrived at iteration barrier (10/10) leaving iter=39 t=64577425
GPU 3: iteration barrier releasing 10 threadblock(s) at t=64577425
GPU 3 TB=0 sid=0 DISPATCHING RunStep t=64577425
GPU 3 TB=1 sid=0 DISPATCHING RunStep t=64577425
GPU 3 TB=2 sid=0 DISPATCHING RunStep t=64577425
GPU 3 TB=3 sid=0 DISPATCHING RunStep t=64577425
GPU 3 TB=4 sid=0 DISPATCHING RunStep t=64577425
GPU 3 TB=5 sid=0 DISPATCHING RunStep t=64577425
GPU 3 TB=6 sid=0 DISPATCHING RunStep t=64577425
GPU 3 TB=7 sid=0 BLOCKED on network completion of TB=5 step=0 needFlag=40960 netFlag=39936 t=64577425
GPU 3 TB=8 sid=0 BLOCKED on network completion of TB=5 step=0 needFlag=40960 netFlag=39936 t=64577425
GPU 3 TB=9 sid=0 DISPATCHING RunStep t=64577425
Node 3 chan 0: RDMA send to 0 totalBytes=2097152 over 1 lane(s) bid=5 sid=0 iter=40 part=0 rateGBps=0 at t=64577425
Node 3 chan 1: RDMA send to 0 totalBytes=2097152 over 1 lane(s) bid=6 sid=0 iter=40 part=0 rateGBps=0 at t=64577425
Node 3 chan 0: RDMA send to 2 totalBytes=2097152 over 1 lane(s) bid=9 sid=0 iter=40 part=0 rateGBps=0 at t=64577425
Node 3 chan 0: RDMA send to 2 totalBytes=2097152 over 1 lane(s) bid=9 sid=0 iter=40 part=1 rateGBps=0 at t=64577425
GPU 3 TB=5 arrived at iteration barrier (1/10) leaving iter=40 t=64577425
GPU 3 TB=6 arrived at iteration barrier (2/10) leaving iter=40 t=64577425
GPU 3 TB=9 arrived at iteration barrier (3/10) leaving iter=40 t=64577425
Node 1 chan 1: RDMA send to 3 physically drained (sender side) bid=9 sid=0 iter=39 nElems=524288 at t=64580335
Node 1 chan 0: RDMA send to 3 physically drained (sender side) bid=8 sid=0 iter=39 nElems=524288 at t=64581667
Node 3 chan 0: transfer complete from peer 0 dst=(1,0) totalBytes=2097152 at t=64589049
GPU 3 TB=0 arrived at iteration barrier (4/10) leaving iter=40 t=64589049
Node 3 chan 1: transfer complete from peer 0 dst=(1,1) totalBytes=2097152 at t=64592037
GPU 3 TB=1 arrived at iteration barrier (5/10) leaving iter=40 t=64592037
Node 0 chan 0: RDMA send to 3 physically drained (sender side) bid=8 sid=0 iter=40 nElems=524288 at t=64592725
Node 0 chan 1: RDMA send to 3 physically drained (sender side) bid=9 sid=0 iter=40 nElems=524288 at t=64596053
Node 1 chan 0: transfer complete from peer 0 dst=(1,1) totalBytes=2097152 at t=64620899
GPU 1 TB=0 arrived at iteration barrier (6/10) leaving iter=40 t=64620899
Node 0 chan 0: RDMA send to 1 physically drained (sender side) bid=5 sid=0 iter=40 nElems=524288 at t=64622325
GPU 0 TB=7 sid=0 DISPATCHING RunStep t=64622325
GPU 0 TB=6 sid=0 DISPATCHING RunStep t=64622325
Node 0 chan 1: RDMA send to 2 totalBytes=2097152 over 1 lane(s) bid=7 sid=0 iter=40 part=0 rateGBps=0 at t=64622325
Node 0 chan 0: RDMA send to 2 totalBytes=2097152 over 1 lane(s) bid=6 sid=0 iter=40 part=0 rateGBps=0 at t=64622325
GPU 0 TB=7 arrived at iteration barrier (4/10) leaving iter=40 t=64622325
GPU 0 TB=6 arrived at iteration barrier (5/10) leaving iter=40 t=64622325
Node 3 chan 0: transfer complete from peer 2 dst=(1,5) totalBytes=2097152 at t=64774817
GPU 3 TB=4 arrived at iteration barrier (6/10) leaving iter=40 t=64774817
Node 2 chan 0: RDMA send to 3 physically drained (sender side) bid=9 sid=0 iter=40 nElems=524288 at t=64776665
Node 0 chan 0: transfer complete from peer 1 dst=(1,2) totalBytes=2097152 at t=64865821
Node 1 chan 0: RDMA send to 0 physically drained (sender side) bid=5 sid=0 iter=40 nElems=524288 at t=64867229
Node 2 chan 1: transfer complete from peer 1 dst=(1,3) totalBytes=2097152 at t=65073661
GPU 2 TB=3 arrived at iteration barrier (6/10) leaving iter=40 t=65073661
Node 2 chan 0: transfer complete from peer 1 dst=(1,2) totalBytes=2097152 at t=65073993
GPU 2 TB=2 arrived at iteration barrier (7/10) leaving iter=40 t=65073993
Node 1 chan 1: RDMA send to 2 physically drained (sender side) bid=7 sid=0 iter=40 nElems=524288 at t=65077433
Node 1 chan 0: RDMA send to 2 physically drained (sender side) bid=6 sid=0 iter=40 nElems=524288 at t=65077802
Node 2 chan 0: transfer complete from peer 3 dst=(1,6) totalBytes=2097152 at t=65217501
Node 3 chan 0: RDMA send to 2 physically drained (sender side) bid=9 sid=0 iter=40 nElems=524288 at t=65218909
Node 0 chan 1: transfer complete from peer 2 dst=(1,5) totalBytes=2097152 at t=65293445
GPU 0 TB=2 arrived at iteration barrier (6/10) leaving iter=40 t=65293445
Node 2 chan 1: RDMA send to 0 physically drained (sender side) bid=6 sid=0 iter=40 nElems=524288 at t=65297237
Node 0 chan 0: transfer complete from peer 2 dst=(1,4) totalBytes=2097152 at t=65301089
GPU 0 TB=1 arrived at iteration barrier (7/10) leaving iter=40 t=65301089
Node 2 chan 0: RDMA send to 0 physically drained (sender side) bid=5 sid=0 iter=40 nElems=524288 at t=65305877
Node 2 chan 0: transfer complete from peer 0 dst=(1,0) totalBytes=2097152 at t=65341401
GPU 2 TB=0 arrived at iteration barrier (8/10) leaving iter=40 t=65341401
Node 2 chan 1: transfer complete from peer 0 dst=(1,1) totalBytes=2097152 at t=65343061
GPU 2 TB=1 arrived at iteration barrier (9/10) leaving iter=40 t=65343061
Node 0 chan 0: RDMA send to 2 physically drained (sender side) bid=6 sid=0 iter=40 nElems=524288 at t=65344957
Node 0 chan 1: RDMA send to 2 physically drained (sender side) bid=7 sid=0 iter=40 nElems=524288 at t=65346621
Node 0 chan 0: transfer complete from peer 3 dst=(1,6) totalBytes=2097152 at t=65400405
GPU 0 TB=3 arrived at iteration barrier (8/10) leaving iter=40 t=65400405
Node 0 chan 1: transfer complete from peer 3 dst=(1,7) totalBytes=2097152 at t=65401733
GPU 0 TB=4 arrived at iteration barrier (9/10) leaving iter=40 t=65401733
Node 3 chan 0: RDMA send to 0 physically drained (sender side) bid=5 sid=0 iter=40 nElems=524288 at t=65403231
GPU 3 TB=8 sid=0 DISPATCHING RunStep t=65403231
GPU 3 TB=7 sid=0 DISPATCHING RunStep t=65403231
Node 3 chan 1: RDMA send to 1 totalBytes=2097152 over 1 lane(s) bid=8 sid=0 iter=40 part=0 rateGBps=0 at t=65403231
Node 3 chan 0: RDMA send to 1 totalBytes=2097152 over 1 lane(s) bid=7 sid=0 iter=40 part=0 rateGBps=0 at t=65403231
GPU 3 TB=8 arrived at iteration barrier (7/10) leaving iter=40 t=65403231
GPU 3 TB=7 arrived at iteration barrier (8/10) leaving iter=40 t=65403231
Node 3 chan 1: RDMA send to 0 physically drained (sender side) bid=6 sid=0 iter=40 nElems=524288 at t=65404559
Node 0 chan 0: transfer complete from peer 1 dst=(1,3) totalBytes=2097152 at t=65438585
GPU 0 TB=0 arrived at iteration barrier (10/10) leaving iter=40 t=65438585
GPU 0: iteration barrier releasing 10 threadblock(s) at t=65438585
GPU 0 TB=0 sid=0 DISPATCHING RunStep t=65438585
GPU 0 TB=1 sid=0 DISPATCHING RunStep t=65438585
GPU 0 TB=2 sid=0 DISPATCHING RunStep t=65438585
GPU 0 TB=3 sid=0 DISPATCHING RunStep t=65438585
GPU 0 TB=4 sid=0 DISPATCHING RunStep t=65438585
GPU 0 TB=5 sid=0 DISPATCHING RunStep t=65438585
GPU 0 TB=6 sid=0 BLOCKED on network completion of TB=5 step=0 needFlag=41984 netFlag=40960 t=65438585
GPU 0 TB=7 sid=0 BLOCKED on network completion of TB=5 step=0 needFlag=41984 netFlag=40960 t=65438585
GPU 0 TB=8 sid=0 DISPATCHING RunStep t=65438585
GPU 0 TB=9 sid=0 DISPATCHING RunStep t=65438585
Node 0 chan 0: RDMA send to 1 totalBytes=2097152 over 1 lane(s) bid=5 sid=0 iter=41 part=0 rateGBps=0 at t=65438585
Node 0 chan 0: RDMA send to 1 totalBytes=2097152 over 1 lane(s) bid=5 sid=0 iter=41 part=1 rateGBps=0 at t=65438585
Node 0 chan 0: RDMA send to 3 totalBytes=2097152 over 1 lane(s) bid=8 sid=0 iter=41 part=0 rateGBps=0 at t=65438585
Node 0 chan 1: RDMA send to 3 totalBytes=2097152 over 1 lane(s) bid=9 sid=0 iter=41 part=0 rateGBps=0 at t=65438585
GPU 0 TB=5 arrived at iteration barrier (1/10) leaving iter=41 t=65438585
GPU 0 TB=8 arrived at iteration barrier (2/10) leaving iter=41 t=65438585
GPU 0 TB=9 arrived at iteration barrier (3/10) leaving iter=41 t=65438585
Node 1 chan 0: RDMA send to 0 physically drained (sender side) bid=5 sid=0 iter=40 nElems=524288 at t=65440215
GPU 1 TB=9 sid=0 DISPATCHING RunStep t=65440215
GPU 1 TB=8 sid=0 DISPATCHING RunStep t=65440215
Node 1 chan 1: RDMA send to 3 totalBytes=2097152 over 1 lane(s) bid=9 sid=0 iter=40 part=0 rateGBps=0 at t=65440215
Node 1 chan 0: RDMA send to 3 totalBytes=2097152 over 1 lane(s) bid=8 sid=0 iter=40 part=0 rateGBps=0 at t=65440215
GPU 1 TB=9 arrived at iteration barrier (7/10) leaving iter=40 t=65440215
GPU 1 TB=8 arrived at iteration barrier (8/10) leaving iter=40 t=65440215
Node 2 chan 0: transfer complete from peer 3 dst=(1,7) totalBytes=2097152 at t=65642299
GPU 2 TB=4 arrived at iteration barrier (10/10) leaving iter=40 t=65642299
GPU 2: iteration barrier releasing 10 threadblock(s) at t=65642299
GPU 2 TB=0 sid=0 DISPATCHING RunStep t=65642299
GPU 2 TB=1 sid=0 DISPATCHING RunStep t=65642299
GPU 2 TB=2 sid=0 DISPATCHING RunStep t=65642299
GPU 2 TB=3 sid=0 DISPATCHING RunStep t=65642299
GPU 2 TB=4 sid=0 DISPATCHING RunStep t=65642299
GPU 2 TB=5 sid=0 BLOCKED on network completion of TB=7 step=0 needFlag=41984 netFlag=40960 t=65642299
GPU 2 TB=6 sid=0 BLOCKED on network completion of TB=7 step=0 needFlag=41984 netFlag=40960 t=65642299
GPU 2 TB=7 sid=0 DISPATCHING RunStep t=65642299
GPU 2 TB=8 sid=0 DISPATCHING RunStep t=65642299
GPU 2 TB=9 sid=0 DISPATCHING RunStep t=65642299
Node 2 chan 0: RDMA send to 1 totalBytes=2097152 over 1 lane(s) bid=7 sid=0 iter=41 part=0 rateGBps=0 at t=65642299
Node 2 chan 1: RDMA send to 1 totalBytes=2097152 over 1 lane(s) bid=8 sid=0 iter=41 part=0 rateGBps=0 at t=65642299
Node 2 chan 0: RDMA send to 3 totalBytes=2097152 over 1 lane(s) bid=9 sid=0 iter=41 part=0 rateGBps=0 at t=65642299
Node 2 chan 0: RDMA send to 3 totalBytes=2097152 over 1 lane(s) bid=9 sid=0 iter=41 part=1 rateGBps=0 at t=65642299
GPU 2 TB=7 arrived at iteration barrier (1/10) leaving iter=41 t=65642299
GPU 2 TB=8 arrived at iteration barrier (2/10) leaving iter=41 t=65642299
GPU 2 TB=9 arrived at iteration barrier (3/10) leaving iter=41 t=65642299
Node 3 chan 0: RDMA send to 2 physically drained (sender side) bid=9 sid=0 iter=40 nElems=524288 at t=65643873
Node 0 chan 0: RDMA send to 1 physically drained (sender side) bid=5 sid=0 iter=41 nElems=524288 at t=66036073
Node 1 chan 1: transfer complete from peer 3 dst=(1,7) totalBytes=2097152 at t=66126689
GPU 1 TB=4 arrived at iteration barrier (9/10) leaving iter=40 t=66126689
Node 3 chan 1: RDMA send to 1 physically drained (sender side) bid=8 sid=0 iter=40 nElems=524288 at t=66129569
Node 1 chan 0: transfer complete from peer 3 dst=(1,6) totalBytes=2097152 at t=66131669
GPU 1 TB=3 arrived at iteration barrier (10/10) leaving iter=40 t=66131669
GPU 1: iteration barrier releasing 10 threadblock(s) at t=66131669
GPU 1 TB=0 sid=0 DISPATCHING RunStep t=66131669
GPU 1 TB=1 sid=0 DISPATCHING RunStep t=66131669
GPU 1 TB=2 sid=0 DISPATCHING RunStep t=66131669
GPU 1 TB=3 sid=0 DISPATCHING RunStep t=66131669
GPU 1 TB=4 sid=0 DISPATCHING RunStep t=66131669
GPU 1 TB=5 sid=0 DISPATCHING RunStep t=66131669
GPU 1 TB=6 sid=0 DISPATCHING RunStep t=66131669
GPU 1 TB=7 sid=0 DISPATCHING RunStep t=66131669
GPU 1 TB=8 sid=0 BLOCKED on network completion of TB=5 step=0 needFlag=41984 netFlag=40960 t=66131669
GPU 1 TB=9 sid=0 BLOCKED on network completion of TB=5 step=0 needFlag=41984 netFlag=40960 t=66131669
Node 1 chan 0: RDMA send to 0 totalBytes=2097152 over 1 lane(s) bid=5 sid=0 iter=41 part=0 rateGBps=0 at t=66131669
Node 1 chan 0: RDMA send to 0 totalBytes=2097152 over 1 lane(s) bid=5 sid=0 iter=41 part=1 rateGBps=0 at t=66131669
Node 1 chan 0: RDMA send to 2 totalBytes=2097152 over 1 lane(s) bid=6 sid=0 iter=41 part=0 rateGBps=0 at t=66131669
Node 1 chan 1: RDMA send to 2 totalBytes=2097152 over 1 lane(s) bid=7 sid=0 iter=41 part=0 rateGBps=0 at t=66131669
GPU 1 TB=5 arrived at iteration barrier (1/10) leaving iter=41 t=66131669
GPU 1 TB=6 arrived at iteration barrier (2/10) leaving iter=41 t=66131669
GPU 1 TB=7 arrived at iteration barrier (3/10) leaving iter=41 t=66131669
Node 3 chan 0: RDMA send to 1 physically drained (sender side) bid=7 sid=0 iter=40 nElems=524288 at t=66135553
Node 3 chan 1: transfer complete from peer 1 dst=(1,3) totalBytes=2097152 at t=66262377
GPU 3 TB=3 arrived at iteration barrier (9/10) leaving iter=40 t=66262377
Node 1 chan 1: RDMA send to 3 physically drained (sender side) bid=9 sid=0 iter=40 nElems=524288 at t=66265333
Node 3 chan 0: transfer complete from peer 1 dst=(1,2) totalBytes=2097152 at t=66273001
GPU 3 TB=2 arrived at iteration barrier (10/10) leaving iter=40 t=66273001
GPU 3: iteration barrier releasing 10 threadblock(s) at t=66273001
GPU 3 TB=0 sid=0 DISPATCHING RunStep t=66273001
GPU 3 TB=1 sid=0 DISPATCHING RunStep t=66273001
GPU 3 TB=2 sid=0 DISPATCHING RunStep t=66273001
GPU 3 TB=3 sid=0 DISPATCHING RunStep t=66273001
GPU 3 TB=4 sid=0 DISPATCHING RunStep t=66273001
GPU 3 TB=5 sid=0 DISPATCHING RunStep t=66273001
GPU 3 TB=6 sid=0 DISPATCHING RunStep t=66273001
GPU 3 TB=7 sid=0 BLOCKED on network completion of TB=5 step=0 needFlag=41984 netFlag=40960 t=66273001
GPU 3 TB=8 sid=0 BLOCKED on network completion of TB=5 step=0 needFlag=41984 netFlag=40960 t=66273001
GPU 3 TB=9 sid=0 DISPATCHING RunStep t=66273001
Node 3 chan 0: RDMA send to 0 totalBytes=2097152 over 1 lane(s) bid=5 sid=0 iter=41 part=0 rateGBps=0 at t=66273001
Node 3 chan 1: RDMA send to 0 totalBytes=2097152 over 1 lane(s) bid=6 sid=0 iter=41 part=0 rateGBps=0 at t=66273001
Node 3 chan 0: RDMA send to 2 totalBytes=2097152 over 1 lane(s) bid=9 sid=0 iter=41 part=0 rateGBps=0 at t=66273001
Node 3 chan 0: RDMA send to 2 totalBytes=2097152 over 1 lane(s) bid=9 sid=0 iter=41 part=1 rateGBps=0 at t=66273001
GPU 3 TB=0 arrived at iteration barrier (1/10) leaving iter=41 t=66273001
GPU 3 TB=1 arrived at iteration barrier (2/10) leaving iter=41 t=66273001
GPU 3 TB=5 arrived at iteration barrier (3/10) leaving iter=41 t=66273001
GPU 3 TB=6 arrived at iteration barrier (4/10) leaving iter=41 t=66273001
GPU 3 TB=9 arrived at iteration barrier (5/10) leaving iter=41 t=66273001
Node 0 chan 1: RDMA send to 3 physically drained (sender side) bid=9 sid=0 iter=41 nElems=524288 at t=66273558
Node 0 chan 0: RDMA send to 3 physically drained (sender side) bid=8 sid=0 iter=41 nElems=524288 at t=66274904
Node 1 chan 0: RDMA send to 3 physically drained (sender side) bid=8 sid=0 iter=40 nElems=524288 at t=66276313
Node 3 chan 0: transfer complete from peer 2 dst=(1,4) totalBytes=2097152 at t=66310383
Node 2 chan 0: RDMA send to 3 physically drained (sender side) bid=9 sid=0 iter=41 nElems=524288 at t=66311995
Node 1 chan 1: transfer complete from peer 2 dst=(1,5) totalBytes=2097152 at t=66415629
GPU 1 TB=2 arrived at iteration barrier (4/10) leaving iter=41 t=66415629
Node 1 chan 0: transfer complete from peer 2 dst=(1,4) totalBytes=2097152 at t=66416293
GPU 1 TB=1 arrived at iteration barrier (5/10) leaving iter=41 t=66416293
Node 2 chan 1: RDMA send to 1 physically drained (sender side) bid=8 sid=0 iter=41 nElems=524288 at t=66419407
Node 2 chan 0: RDMA send to 1 physically drained (sender side) bid=7 sid=0 iter=41 nElems=524288 at t=66420075
GPU 2 TB=6 sid=0 DISPATCHING RunStep t=66420075
GPU 2 TB=5 sid=0 DISPATCHING RunStep t=66420075
Node 2 chan 1: RDMA send to 0 totalBytes=2097152 over 1 lane(s) bid=6 sid=0 iter=41 part=0 rateGBps=0 at t=66420075
Node 2 chan 0: RDMA send to 0 totalBytes=2097152 over 1 lane(s) bid=5 sid=0 iter=41 part=0 rateGBps=0 at t=66420075
GPU 2 TB=6 arrived at iteration barrier (4/10) leaving iter=41 t=66420075
GPU 2 TB=5 arrived at iteration barrier (5/10) leaving iter=41 t=66420075
Node 1 chan 0: transfer complete from peer 0 dst=(1,1) totalBytes=2097152 at t=66439569
GPU 1 TB=0 arrived at iteration barrier (6/10) leaving iter=41 t=66439569
Node 0 chan 0: RDMA send to 1 physically drained (sender side) bid=5 sid=0 iter=41 nElems=524288 at t=66441337
GPU 0 TB=7 sid=0 DISPATCHING RunStep t=66441337
GPU 0 TB=6 sid=0 DISPATCHING RunStep t=66441337
Node 0 chan 1: RDMA send to 2 totalBytes=2097152 over 1 lane(s) bid=7 sid=0 iter=41 part=0 rateGBps=0 at t=66441337
Node 0 chan 0: RDMA send to 2 totalBytes=2097152 over 1 lane(s) bid=6 sid=0 iter=41 part=0 rateGBps=0 at t=66441337
GPU 0 TB=7 arrived at iteration barrier (4/10) leaving iter=41 t=66441337
GPU 0 TB=6 arrived at iteration barrier (5/10) leaving iter=41 t=66441337
Node 3 chan 0: transfer complete from peer 2 dst=(1,5) totalBytes=2097152 at t=66587387
GPU 3 TB=4 arrived at iteration barrier (6/10) leaving iter=41 t=66587387
Node 2 chan 0: RDMA send to 3 physically drained (sender side) bid=9 sid=0 iter=41 nElems=524288 at t=66588975
Node 0 chan 0: transfer complete from peer 1 dst=(1,2) totalBytes=2097152 at t=66771537
Node 1 chan 0: RDMA send to 0 physically drained (sender side) bid=5 sid=0 iter=41 nElems=524288 at t=66772945
Node 2 chan 1: transfer complete from peer 1 dst=(1,3) totalBytes=2097152 at t=66876995
GPU 2 TB=3 arrived at iteration barrier (6/10) leaving iter=41 t=66876995
Node 1 chan 1: RDMA send to 2 physically drained (sender side) bid=7 sid=0 iter=41 nElems=524288 at t=66880500
Node 2 chan 0: transfer complete from peer 1 dst=(1,2) totalBytes=2097152 at t=66891943
GPU 2 TB=2 arrived at iteration barrier (7/10) leaving iter=41 t=66891943
Node 1 chan 0: RDMA send to 2 physically drained (sender side) bid=6 sid=0 iter=41 nElems=524288 at t=66895433
Node 2 chan 0: transfer complete from peer 3 dst=(1,6) totalBytes=2097152 at t=66908555
Node 3 chan 0: RDMA send to 2 physically drained (sender side) bid=9 sid=0 iter=41 nElems=524288 at t=66909963
Node 0 chan 1: transfer complete from peer 3 dst=(1,7) totalBytes=2097152 at t=67064933
GPU 0 TB=4 arrived at iteration barrier (6/10) leaving iter=41 t=67064933
Node 3 chan 1: RDMA send to 0 physically drained (sender side) bid=6 sid=0 iter=41 nElems=524288 at t=67067759
Node 0 chan 0: transfer complete from peer 3 dst=(1,6) totalBytes=2097152 at t=67080553
GPU 0 TB=3 arrived at iteration barrier (7/10) leaving iter=41 t=67080553
Node 3 chan 0: RDMA send to 0 physically drained (sender side) bid=5 sid=0 iter=41 nElems=524288 at t=67083379
GPU 3 TB=8 sid=0 DISPATCHING RunStep t=67083379
GPU 3 TB=7 sid=0 DISPATCHING RunStep t=67083379
Node 3 chan 1: RDMA send to 1 totalBytes=2097152 over 1 lane(s) bid=8 sid=0 iter=41 part=0 rateGBps=0 at t=67083379
Node 3 chan 0: RDMA send to 1 totalBytes=2097152 over 1 lane(s) bid=7 sid=0 iter=41 part=0 rateGBps=0 at t=67083379
GPU 3 TB=8 arrived at iteration barrier (7/10) leaving iter=41 t=67083379
GPU 3 TB=7 arrived at iteration barrier (8/10) leaving iter=41 t=67083379
Node 2 chan 1: transfer complete from peer 0 dst=(1,1) totalBytes=2097152 at t=67154735
GPU 2 TB=1 arrived at iteration barrier (8/10) leaving iter=41 t=67154735
Node 2 chan 0: transfer complete from peer 0 dst=(1,0) totalBytes=2097152 at t=67156399
GPU 2 TB=0 arrived at iteration barrier (9/10) leaving iter=41 t=67156399
Node 0 chan 1: RDMA send to 2 physically drained (sender side) bid=7 sid=0 iter=41 nElems=524288 at t=67158989
Node 0 chan 0: RDMA send to 2 physically drained (sender side) bid=6 sid=0 iter=41 nElems=524288 at t=67160321
Node 0 chan 1: transfer complete from peer 2 dst=(1,5) totalBytes=2097152 at t=67255273
GPU 0 TB=2 arrived at iteration barrier (8/10) leaving iter=41 t=67255273
Node 2 chan 1: RDMA send to 0 physically drained (sender side) bid=6 sid=0 iter=41 nElems=524288 at t=67258099
Node 0 chan 0: transfer complete from peer 2 dst=(1,4) totalBytes=2097152 at t=67260253
GPU 0 TB=1 arrived at iteration barrier (9/10) leaving iter=41 t=67260253
Node 2 chan 0: RDMA send to 0 physically drained (sender side) bid=5 sid=0 iter=41 nElems=524288 at t=67263079
Node 0 chan 0: transfer complete from peer 1 dst=(1,3) totalBytes=2097152 at t=67269881
GPU 0 TB=0 arrived at iteration barrier (10/10) leaving iter=41 t=67269881
GPU 0: iteration barrier releasing 10 threadblock(s) at t=67269881
GPU 0 TB=0 sid=0 DISPATCHING RunStep t=67269881
GPU 0 TB=1 sid=0 DISPATCHING RunStep t=67269881
GPU 0 TB=2 sid=0 DISPATCHING RunStep t=67269881
GPU 0 TB=3 sid=0 DISPATCHING RunStep t=67269881
GPU 0 TB=4 sid=0 DISPATCHING RunStep t=67269881
GPU 0 TB=5 sid=0 DISPATCHING RunStep t=67269881
GPU 0 TB=6 sid=0 BLOCKED on network completion of TB=5 step=0 needFlag=43008 netFlag=41984 t=67269881
GPU 0 TB=7 sid=0 BLOCKED on network completion of TB=5 step=0 needFlag=43008 netFlag=41984 t=67269881
GPU 0 TB=8 sid=0 DISPATCHING RunStep t=67269881
GPU 0 TB=9 sid=0 DISPATCHING RunStep t=67269881
Node 0 chan 0: RDMA send to 1 totalBytes=2097152 over 1 lane(s) bid=5 sid=0 iter=42 part=0 rateGBps=0 at t=67269881
Node 0 chan 0: RDMA send to 1 totalBytes=2097152 over 1 lane(s) bid=5 sid=0 iter=42 part=1 rateGBps=0 at t=67269881
Node 0 chan 0: RDMA send to 3 totalBytes=2097152 over 1 lane(s) bid=8 sid=0 iter=42 part=0 rateGBps=0 at t=67269881
Node 0 chan 1: RDMA send to 3 totalBytes=2097152 over 1 lane(s) bid=9 sid=0 iter=42 part=0 rateGBps=0 at t=67269881
GPU 0 TB=5 arrived at iteration barrier (1/10) leaving iter=42 t=67269881
GPU 0 TB=8 arrived at iteration barrier (2/10) leaving iter=42 t=67269881
GPU 0 TB=9 arrived at iteration barrier (3/10) leaving iter=42 t=67269881
Node 1 chan 0: RDMA send to 0 physically drained (sender side) bid=5 sid=0 iter=41 nElems=524288 at t=67271605
GPU 1 TB=9 sid=0 DISPATCHING RunStep t=67271605
GPU 1 TB=8 sid=0 DISPATCHING RunStep t=67271605
Node 1 chan 1: RDMA send to 3 totalBytes=2097152 over 1 lane(s) bid=9 sid=0 iter=41 part=0 rateGBps=0 at t=67271605
Node 1 chan 0: RDMA send to 3 totalBytes=2097152 over 1 lane(s) bid=8 sid=0 iter=41 part=0 rateGBps=0 at t=67271605
GPU 1 TB=9 arrived at iteration barrier (7/10) leaving iter=41 t=67271605
GPU 1 TB=8 arrived at iteration barrier (8/10) leaving iter=41 t=67271605
Node 2 chan 0: transfer complete from peer 3 dst=(1,7) totalBytes=2097152 at t=67339219
GPU 2 TB=4 arrived at iteration barrier (10/10) leaving iter=41 t=67339219
GPU 2: iteration barrier releasing 10 threadblock(s) at t=67339219
GPU 2 TB=0 sid=0 DISPATCHING RunStep t=67339219
GPU 2 TB=1 sid=0 DISPATCHING RunStep t=67339219
GPU 2 TB=2 sid=0 DISPATCHING RunStep t=67339219
GPU 2 TB=3 sid=0 DISPATCHING RunStep t=67339219
GPU 2 TB=4 sid=0 DISPATCHING RunStep t=67339219
GPU 2 TB=5 sid=0 BLOCKED on network completion of TB=7 step=0 needFlag=43008 netFlag=41984 t=67339219
GPU 2 TB=6 sid=0 BLOCKED on network completion of TB=7 step=0 needFlag=43008 netFlag=41984 t=67339219
GPU 2 TB=7 sid=0 DISPATCHING RunStep t=67339219
GPU 2 TB=8 sid=0 DISPATCHING RunStep t=67339219
GPU 2 TB=9 sid=0 DISPATCHING RunStep t=67339219
Node 2 chan 0: RDMA send to 1 totalBytes=2097152 over 1 lane(s) bid=7 sid=0 iter=42 part=0 rateGBps=0 at t=67339219
Node 2 chan 1: RDMA send to 1 totalBytes=2097152 over 1 lane(s) bid=8 sid=0 iter=42 part=0 rateGBps=0 at t=67339219
Node 2 chan 0: RDMA send to 3 totalBytes=2097152 over 1 lane(s) bid=9 sid=0 iter=42 part=0 rateGBps=0 at t=67339219
Node 2 chan 0: RDMA send to 3 totalBytes=2097152 over 1 lane(s) bid=9 sid=0 iter=42 part=1 rateGBps=0 at t=67339219
GPU 2 TB=7 arrived at iteration barrier (1/10) leaving iter=42 t=67339219
GPU 2 TB=8 arrived at iteration barrier (2/10) leaving iter=42 t=67339219
GPU 2 TB=9 arrived at iteration barrier (3/10) leaving iter=42 t=67339219
Node 3 chan 0: RDMA send to 2 physically drained (sender side) bid=9 sid=0 iter=41 nElems=524288 at t=67340845
Node 1 chan 1: transfer complete from peer 3 dst=(1,7) totalBytes=2097152 at t=67823603
GPU 1 TB=4 arrived at iteration barrier (9/10) leaving iter=41 t=67823603
Node 1 chan 0: transfer complete from peer 3 dst=(1,6) totalBytes=2097152 at t=67824267
GPU 1 TB=3 arrived at iteration barrier (10/10) leaving iter=41 t=67824267
GPU 1: iteration barrier releasing 10 threadblock(s) at t=67824267
GPU 1 TB=0 sid=0 DISPATCHING RunStep t=67824267
GPU 1 TB=1 sid=0 DISPATCHING RunStep t=67824267
GPU 1 TB=2 sid=0 DISPATCHING RunStep t=67824267
GPU 1 TB=3 sid=0 DISPATCHING RunStep t=67824267
GPU 1 TB=4 sid=0 DISPATCHING RunStep t=67824267
GPU 1 TB=5 sid=0 DISPATCHING RunStep t=67824267
GPU 1 TB=6 sid=0 DISPATCHING RunStep t=67824267
GPU 1 TB=7 sid=0 DISPATCHING RunStep t=67824267
GPU 1 TB=8 sid=0 BLOCKED on network completion of TB=5 step=0 needFlag=43008 netFlag=41984 t=67824267
GPU 1 TB=9 sid=0 BLOCKED on network completion of TB=5 step=0 needFlag=43008 netFlag=41984 t=67824267
Node 1 chan 0: RDMA send to 0 totalBytes=2097152 over 1 lane(s) bid=5 sid=0 iter=42 part=0 rateGBps=0 at t=67824267
Node 1 chan 0: RDMA send to 0 totalBytes=2097152 over 1 lane(s) bid=5 sid=0 iter=42 part=1 rateGBps=0 at t=67824267
Node 1 chan 0: RDMA send to 2 totalBytes=2097152 over 1 lane(s) bid=6 sid=0 iter=42 part=0 rateGBps=0 at t=67824267
Node 1 chan 1: RDMA send to 2 totalBytes=2097152 over 1 lane(s) bid=7 sid=0 iter=42 part=0 rateGBps=0 at t=67824267
GPU 1 TB=5 arrived at iteration barrier (1/10) leaving iter=42 t=67824267
GPU 1 TB=6 arrived at iteration barrier (2/10) leaving iter=42 t=67824267
GPU 1 TB=7 arrived at iteration barrier (3/10) leaving iter=42 t=67824267
Node 3 chan 1: RDMA send to 1 physically drained (sender side) bid=8 sid=0 iter=41 nElems=524288 at t=67827533
Node 3 chan 0: RDMA send to 1 physically drained (sender side) bid=7 sid=0 iter=41 nElems=524288 at t=67828201
Node 1 chan 0: transfer complete from peer 0 dst=(1,0) totalBytes=2097152 at t=67919015
Node 0 chan 0: RDMA send to 1 physically drained (sender side) bid=5 sid=0 iter=42 nElems=524288 at t=67920443
Node 2 chan 0: RDMA send to 3 physically drained (sender side) bid=9 sid=0 iter=42 nElems=524288 at t=68026153
Node 1 chan 0: transfer complete from peer 2 dst=(1,4) totalBytes=2097152 at t=68077283
GPU 1 TB=1 arrived at iteration barrier (4/10) leaving iter=42 t=68077283
Node 1 chan 1: transfer complete from peer 2 dst=(1,5) totalBytes=2097152 at t=68078611
GPU 1 TB=2 arrived at iteration barrier (5/10) leaving iter=42 t=68078611
Node 2 chan 0: RDMA send to 1 physically drained (sender side) bid=7 sid=0 iter=42 nElems=524288 at t=68081667
GPU 2 TB=6 sid=0 DISPATCHING RunStep t=68081667
GPU 2 TB=5 sid=0 DISPATCHING RunStep t=68081667
Node 2 chan 1: RDMA send to 0 totalBytes=2097152 over 1 lane(s) bid=6 sid=0 iter=42 part=0 rateGBps=0 at t=68081667
Node 2 chan 0: RDMA send to 0 totalBytes=2097152 over 1 lane(s) bid=5 sid=0 iter=42 part=0 rateGBps=0 at t=68081667
GPU 2 TB=6 arrived at iteration barrier (4/10) leaving iter=42 t=68081667
GPU 2 TB=5 arrived at iteration barrier (5/10) leaving iter=42 t=68081667
Node 2 chan 1: RDMA send to 1 physically drained (sender side) bid=8 sid=0 iter=42 nElems=524288 at t=68082340
Node 0 chan 0: RDMA send to 3 physically drained (sender side) bid=8 sid=0 iter=42 nElems=524288 at t=68172155
Node 0 chan 1: RDMA send to 3 physically drained (sender side) bid=9 sid=0 iter=42 nElems=524288 at t=68175151
Node 3 chan 0: transfer complete from peer 1 dst=(1,2) totalBytes=2097152 at t=68181781
GPU 3 TB=2 arrived at iteration barrier (9/10) leaving iter=41 t=68181781
Node 3 chan 1: transfer complete from peer 1 dst=(1,3) totalBytes=2097152 at t=68183773
GPU 3 TB=3 arrived at iteration barrier (10/10) leaving iter=41 t=68183773
GPU 3: iteration barrier releasing 10 threadblock(s) at t=68183773
GPU 3 TB=0 sid=0 DISPATCHING RunStep t=68183773
GPU 3 TB=1 sid=0 DISPATCHING RunStep t=68183773
GPU 3 TB=2 sid=0 DISPATCHING RunStep t=68183773
GPU 3 TB=3 sid=0 DISPATCHING RunStep t=68183773
GPU 3 TB=4 sid=0 DISPATCHING RunStep t=68183773
GPU 3 TB=5 sid=0 DISPATCHING RunStep t=68183773
GPU 3 TB=6 sid=0 DISPATCHING RunStep t=68183773
GPU 3 TB=7 sid=0 BLOCKED on network completion of TB=5 step=0 needFlag=43008 netFlag=41984 t=68183773
GPU 3 TB=8 sid=0 BLOCKED on network completion of TB=5 step=0 needFlag=43008 netFlag=41984 t=68183773
GPU 3 TB=9 sid=0 DISPATCHING RunStep t=68183773
Node 3 chan 0: RDMA send to 0 totalBytes=2097152 over 1 lane(s) bid=5 sid=0 iter=42 part=0 rateGBps=0 at t=68183773
Node 3 chan 1: RDMA send to 0 totalBytes=2097152 over 1 lane(s) bid=6 sid=0 iter=42 part=0 rateGBps=0 at t=68183773
Node 3 chan 0: RDMA send to 2 totalBytes=2097152 over 1 lane(s) bid=9 sid=0 iter=42 part=0 rateGBps=0 at t=68183773
Node 3 chan 0: RDMA send to 2 totalBytes=2097152 over 1 lane(s) bid=9 sid=0 iter=42 part=1 rateGBps=0 at t=68183773
GPU 3 TB=0 arrived at iteration barrier (1/10) leaving iter=42 t=68183773
GPU 3 TB=1 arrived at iteration barrier (2/10) leaving iter=42 t=68183773
GPU 3 TB=5 arrived at iteration barrier (3/10) leaving iter=42 t=68183773
GPU 3 TB=6 arrived at iteration barrier (4/10) leaving iter=42 t=68183773
GPU 3 TB=9 arrived at iteration barrier (5/10) leaving iter=42 t=68183773
Node 1 chan 0: RDMA send to 3 physically drained (sender side) bid=8 sid=0 iter=41 nElems=524288 at t=68185891
Node 1 chan 1: RDMA send to 3 physically drained (sender side) bid=9 sid=0 iter=41 nElems=524288 at t=68187559
Node 1 chan 0: transfer complete from peer 0 dst=(1,1) totalBytes=2097152 at t=68203519
GPU 1 TB=0 arrived at iteration barrier (6/10) leaving iter=42 t=68203519
Node 0 chan 0: RDMA send to 1 physically drained (sender side) bid=5 sid=0 iter=42 nElems=524288 at t=68205079
GPU 0 TB=7 sid=0 DISPATCHING RunStep t=68205079
GPU 0 TB=6 sid=0 DISPATCHING RunStep t=68205079
Node 0 chan 1: RDMA send to 2 totalBytes=2097152 over 1 lane(s) bid=7 sid=0 iter=42 part=0 rateGBps=0 at t=68205079
Node 0 chan 0: RDMA send to 2 totalBytes=2097152 over 1 lane(s) bid=6 sid=0 iter=42 part=0 rateGBps=0 at t=68205079
GPU 0 TB=7 arrived at iteration barrier (4/10) leaving iter=42 t=68205079
GPU 0 TB=6 arrived at iteration barrier (5/10) leaving iter=42 t=68205079
Node 3 chan 0: transfer complete from peer 2 dst=(1,5) totalBytes=2097152 at t=68374267
GPU 3 TB=4 arrived at iteration barrier (6/10) leaving iter=42 t=68374267
Node 2 chan 0: RDMA send to 3 physically drained (sender side) bid=9 sid=0 iter=42 nElems=524288 at t=68376314
Node 0 chan 0: transfer complete from peer 1 dst=(1,2) totalBytes=2097152 at t=68466507
Node 1 chan 0: RDMA send to 0 physically drained (sender side) bid=5 sid=0 iter=42 nElems=524288 at t=68467915
Node 2 chan 1: transfer complete from peer 1 dst=(1,3) totalBytes=2097152 at t=68683270
GPU 2 TB=3 arrived at iteration barrier (6/10) leaving iter=42 t=68683270
Node 2 chan 0: transfer complete from peer 1 dst=(1,2) totalBytes=2097152 at t=68685930
GPU 2 TB=2 arrived at iteration barrier (7/10) leaving iter=42 t=68685930
Node 1 chan 1: RDMA send to 2 physically drained (sender side) bid=7 sid=0 iter=42 nElems=524288 at t=68686765
Node 1 chan 0: RDMA send to 2 physically drained (sender side) bid=6 sid=0 iter=42 nElems=524288 at t=68688756
Node 2 chan 0: transfer complete from peer 3 dst=(1,6) totalBytes=2097152 at t=68826782
Node 3 chan 0: RDMA send to 2 physically drained (sender side) bid=9 sid=0 iter=42 nElems=524288 at t=68828190
Node 0 chan 0: transfer complete from peer 2 dst=(1,4) totalBytes=2097152 at t=68894799
GPU 0 TB=1 arrived at iteration barrier (6/10) leaving iter=42 t=68894799
Node 0 chan 1: transfer complete from peer 2 dst=(1,5) totalBytes=2097152 at t=68896459
GPU 0 TB=2 arrived at iteration barrier (7/10) leaving iter=42 t=68896459
Node 2 chan 0: RDMA send to 0 physically drained (sender side) bid=5 sid=0 iter=42 nElems=524288 at t=68898874
Node 2 chan 1: RDMA send to 0 physically drained (sender side) bid=6 sid=0 iter=42 nElems=524288 at t=68900870
Node 2 chan 0: transfer complete from peer 0 dst=(1,0) totalBytes=2097152 at t=68935066
GPU 2 TB=0 arrived at iteration barrier (8/10) leaving iter=42 t=68935066
Node 2 chan 1: transfer complete from peer 0 dst=(1,1) totalBytes=2097152 at t=68936726
GPU 2 TB=1 arrived at iteration barrier (9/10) leaving iter=42 t=68936726
Node 0 chan 0: RDMA send to 2 physically drained (sender side) bid=6 sid=0 iter=42 nElems=524288 at t=68938667
Node 0 chan 1: RDMA send to 2 physically drained (sender side) bid=7 sid=0 iter=42 nElems=524288 at t=68940663
Node 0 chan 1: transfer complete from peer 3 dst=(1,7) totalBytes=2097152 at t=69002415
GPU 0 TB=4 arrived at iteration barrier (8/10) leaving iter=42 t=69002415
Node 0 chan 0: transfer complete from peer 3 dst=(1,6) totalBytes=2097152 at t=69004739
GPU 0 TB=3 arrived at iteration barrier (9/10) leaving iter=42 t=69004739
Node 3 chan 1: RDMA send to 0 physically drained (sender side) bid=6 sid=0 iter=42 nElems=524288 at t=69005241
Node 3 chan 0: RDMA send to 0 physically drained (sender side) bid=5 sid=0 iter=42 nElems=524288 at t=69007565
GPU 3 TB=8 sid=0 DISPATCHING RunStep t=69007565
GPU 3 TB=7 sid=0 DISPATCHING RunStep t=69007565
Node 3 chan 1: RDMA send to 1 totalBytes=2097152 over 1 lane(s) bid=8 sid=0 iter=42 part=0 rateGBps=0 at t=69007565
Node 3 chan 0: RDMA send to 1 totalBytes=2097152 over 1 lane(s) bid=7 sid=0 iter=42 part=0 rateGBps=0 at t=69007565
GPU 3 TB=8 arrived at iteration barrier (7/10) leaving iter=42 t=69007565
GPU 3 TB=7 arrived at iteration barrier (8/10) leaving iter=42 t=69007565
Node 0 chan 0: transfer complete from peer 1 dst=(1,3) totalBytes=2097152 at t=69037607
GPU 0 TB=0 arrived at iteration barrier (10/10) leaving iter=42 t=69037607
GPU 0: iteration barrier releasing 10 threadblock(s) at t=69037607
GPU 0 TB=0 sid=0 DISPATCHING RunStep t=69037607
GPU 0 TB=1 sid=0 DISPATCHING RunStep t=69037607
GPU 0 TB=2 sid=0 DISPATCHING RunStep t=69037607
GPU 0 TB=3 sid=0 DISPATCHING RunStep t=69037607
GPU 0 TB=4 sid=0 DISPATCHING RunStep t=69037607
GPU 0 TB=5 sid=0 DISPATCHING RunStep t=69037607
GPU 0 TB=6 sid=0 BLOCKED on network completion of TB=5 step=0 needFlag=44032 netFlag=43008 t=69037607
GPU 0 TB=7 sid=0 BLOCKED on network completion of TB=5 step=0 needFlag=44032 netFlag=43008 t=69037607
GPU 0 TB=8 sid=0 DISPATCHING RunStep t=69037607
GPU 0 TB=9 sid=0 DISPATCHING RunStep t=69037607
Node 0 chan 0: RDMA send to 1 totalBytes=2097152 over 1 lane(s) bid=5 sid=0 iter=43 part=0 rateGBps=0 at t=69037607
Node 0 chan 0: RDMA send to 1 totalBytes=2097152 over 1 lane(s) bid=5 sid=0 iter=43 part=1 rateGBps=0 at t=69037607
Node 0 chan 0: RDMA send to 3 totalBytes=2097152 over 1 lane(s) bid=8 sid=0 iter=43 part=0 rateGBps=0 at t=69037607
Node 0 chan 1: RDMA send to 3 totalBytes=2097152 over 1 lane(s) bid=9 sid=0 iter=43 part=0 rateGBps=0 at t=69037607
GPU 0 TB=5 arrived at iteration barrier (1/10) leaving iter=43 t=69037607
GPU 0 TB=8 arrived at iteration barrier (2/10) leaving iter=43 t=69037607
GPU 0 TB=9 arrived at iteration barrier (3/10) leaving iter=43 t=69037607
Node 1 chan 0: RDMA send to 0 physically drained (sender side) bid=5 sid=0 iter=42 nElems=524288 at t=69039015
GPU 1 TB=9 sid=0 DISPATCHING RunStep t=69039015
GPU 1 TB=8 sid=0 DISPATCHING RunStep t=69039015
Node 1 chan 1: RDMA send to 3 totalBytes=2097152 over 1 lane(s) bid=9 sid=0 iter=42 part=0 rateGBps=0 at t=69039015
Node 1 chan 0: RDMA send to 3 totalBytes=2097152 over 1 lane(s) bid=8 sid=0 iter=42 part=0 rateGBps=0 at t=69039015
GPU 1 TB=9 arrived at iteration barrier (7/10) leaving iter=42 t=69039015
GPU 1 TB=8 arrived at iteration barrier (8/10) leaving iter=42 t=69039015
Node 2 chan 0: transfer complete from peer 3 dst=(1,7) totalBytes=2097152 at t=69244272
GPU 2 TB=4 arrived at iteration barrier (10/10) leaving iter=42 t=69244272
GPU 2: iteration barrier releasing 10 threadblock(s) at t=69244272
GPU 2 TB=0 sid=0 DISPATCHING RunStep t=69244272
GPU 2 TB=1 sid=0 DISPATCHING RunStep t=69244272
GPU 2 TB=2 sid=0 DISPATCHING RunStep t=69244272
GPU 2 TB=3 sid=0 DISPATCHING RunStep t=69244272
GPU 2 TB=4 sid=0 DISPATCHING RunStep t=69244272
GPU 2 TB=5 sid=0 BLOCKED on network completion of TB=7 step=0 needFlag=44032 netFlag=43008 t=69244272
GPU 2 TB=6 sid=0 BLOCKED on network completion of TB=7 step=0 needFlag=44032 netFlag=43008 t=69244272
GPU 2 TB=7 sid=0 DISPATCHING RunStep t=69244272
GPU 2 TB=8 sid=0 DISPATCHING RunStep t=69244272
GPU 2 TB=9 sid=0 DISPATCHING RunStep t=69244272
Node 2 chan 0: RDMA send to 1 totalBytes=2097152 over 1 lane(s) bid=7 sid=0 iter=43 part=0 rateGBps=0 at t=69244272
Node 2 chan 1: RDMA send to 1 totalBytes=2097152 over 1 lane(s) bid=8 sid=0 iter=43 part=0 rateGBps=0 at t=69244272
Node 2 chan 0: RDMA send to 3 totalBytes=2097152 over 1 lane(s) bid=9 sid=0 iter=43 part=0 rateGBps=0 at t=69244272
Node 2 chan 0: RDMA send to 3 totalBytes=2097152 over 1 lane(s) bid=9 sid=0 iter=43 part=1 rateGBps=0 at t=69244272
GPU 2 TB=7 arrived at iteration barrier (1/10) leaving iter=43 t=69244272
GPU 2 TB=8 arrived at iteration barrier (2/10) leaving iter=43 t=69244272
GPU 2 TB=9 arrived at iteration barrier (3/10) leaving iter=43 t=69244272
Node 3 chan 0: RDMA send to 2 physically drained (sender side) bid=9 sid=0 iter=42 nElems=524288 at t=69245895
Node 0 chan 0: RDMA send to 1 physically drained (sender side) bid=5 sid=0 iter=43 nElems=524288 at t=69641600
Node 1 chan 1: transfer complete from peer 3 dst=(1,7) totalBytes=2097152 at t=69740852
GPU 1 TB=4 arrived at iteration barrier (9/10) leaving iter=42 t=69740852
Node 1 chan 0: transfer complete from peer 3 dst=(1,6) totalBytes=2097152 at t=69741516
GPU 1 TB=3 arrived at iteration barrier (10/10) leaving iter=42 t=69741516
GPU 1: iteration barrier releasing 10 threadblock(s) at t=69741516
GPU 1 TB=0 sid=0 DISPATCHING RunStep t=69741516
GPU 1 TB=1 sid=0 DISPATCHING RunStep t=69741516
GPU 1 TB=2 sid=0 DISPATCHING RunStep t=69741516
GPU 1 TB=3 sid=0 DISPATCHING RunStep t=69741516
GPU 1 TB=4 sid=0 DISPATCHING RunStep t=69741516
GPU 1 TB=5 sid=0 DISPATCHING RunStep t=69741516
GPU 1 TB=6 sid=0 DISPATCHING RunStep t=69741516
GPU 1 TB=7 sid=0 DISPATCHING RunStep t=69741516
GPU 1 TB=8 sid=0 BLOCKED on network completion of TB=5 step=0 needFlag=44032 netFlag=43008 t=69741516
GPU 1 TB=9 sid=0 BLOCKED on network completion of TB=5 step=0 needFlag=44032 netFlag=43008 t=69741516
Node 1 chan 0: RDMA send to 0 totalBytes=2097152 over 1 lane(s) bid=5 sid=0 iter=43 part=0 rateGBps=0 at t=69741516
Node 1 chan 0: RDMA send to 0 totalBytes=2097152 over 1 lane(s) bid=5 sid=0 iter=43 part=1 rateGBps=0 at t=69741516
Node 1 chan 0: RDMA send to 2 totalBytes=2097152 over 1 lane(s) bid=6 sid=0 iter=43 part=0 rateGBps=0 at t=69741516
Node 1 chan 1: RDMA send to 2 totalBytes=2097152 over 1 lane(s) bid=7 sid=0 iter=43 part=0 rateGBps=0 at t=69741516
GPU 1 TB=5 arrived at iteration barrier (1/10) leaving iter=43 t=69741516
GPU 1 TB=6 arrived at iteration barrier (2/10) leaving iter=43 t=69741516
GPU 1 TB=7 arrived at iteration barrier (3/10) leaving iter=43 t=69741516
Node 3 chan 1: RDMA send to 1 physically drained (sender side) bid=8 sid=0 iter=42 nElems=524288 at t=69744543
Node 3 chan 0: RDMA send to 1 physically drained (sender side) bid=7 sid=0 iter=42 nElems=524288 at t=69745211
Node 3 chan 1: transfer complete from peer 1 dst=(1,3) totalBytes=2097152 at t=69863403
GPU 3 TB=3 arrived at iteration barrier (9/10) leaving iter=42 t=69863403
Node 3 chan 0: transfer complete from peer 1 dst=(1,2) totalBytes=2097152 at t=69865063
GPU 3 TB=2 arrived at iteration barrier (10/10) leaving iter=42 t=69865063
GPU 3: iteration barrier releasing 10 threadblock(s) at t=69865063
GPU 3 TB=0 sid=0 DISPATCHING RunStep t=69865063
GPU 3 TB=1 sid=0 DISPATCHING RunStep t=69865063
GPU 3 TB=2 sid=0 DISPATCHING RunStep t=69865063
GPU 3 TB=3 sid=0 DISPATCHING RunStep t=69865063
GPU 3 TB=4 sid=0 DISPATCHING RunStep t=69865063
GPU 3 TB=5 sid=0 DISPATCHING RunStep t=69865063
GPU 3 TB=6 sid=0 DISPATCHING RunStep t=69865063
GPU 3 TB=7 sid=0 BLOCKED on network completion of TB=5 step=0 needFlag=44032 netFlag=43008 t=69865063
GPU 3 TB=8 sid=0 BLOCKED on network completion of TB=5 step=0 needFlag=44032 netFlag=43008 t=69865063
GPU 3 TB=9 sid=0 DISPATCHING RunStep t=69865063
Node 3 chan 0: RDMA send to 0 totalBytes=2097152 over 1 lane(s) bid=5 sid=0 iter=43 part=0 rateGBps=0 at t=69865063
Node 3 chan 1: RDMA send to 0 totalBytes=2097152 over 1 lane(s) bid=6 sid=0 iter=43 part=0 rateGBps=0 at t=69865063
Node 3 chan 0: RDMA send to 2 totalBytes=2097152 over 1 lane(s) bid=9 sid=0 iter=43 part=0 rateGBps=0 at t=69865063
Node 3 chan 0: RDMA send to 2 totalBytes=2097152 over 1 lane(s) bid=9 sid=0 iter=43 part=1 rateGBps=0 at t=69865063
GPU 3 TB=5 arrived at iteration barrier (1/10) leaving iter=43 t=69865063
GPU 3 TB=6 arrived at iteration barrier (2/10) leaving iter=43 t=69865063
GPU 3 TB=9 arrived at iteration barrier (3/10) leaving iter=43 t=69865063
Node 3 chan 1: transfer complete from peer 0 dst=(1,1) totalBytes=2097152 at t=69866723
GPU 3 TB=1 arrived at iteration barrier (4/10) leaving iter=43 t=69866723
Node 1 chan 1: RDMA send to 3 physically drained (sender side) bid=9 sid=0 iter=42 nElems=524288 at t=69867540
Node 1 chan 0: RDMA send to 3 physically drained (sender side) bid=8 sid=0 iter=42 nElems=524288 at t=69868208
Node 3 chan 0: transfer complete from peer 0 dst=(1,0) totalBytes=2097152 at t=69868383
GPU 3 TB=0 arrived at iteration barrier (5/10) leaving iter=43 t=69868383
Node 0 chan 1: RDMA send to 3 physically drained (sender side) bid=9 sid=0 iter=43 nElems=524288 at t=69870284
Node 0 chan 0: RDMA send to 3 physically drained (sender side) bid=8 sid=0 iter=43 nElems=524288 at t=69872276
Node 3 chan 0: transfer complete from peer 2 dst=(1,4) totalBytes=2097152 at t=69916686
Node 2 chan 0: RDMA send to 3 physically drained (sender side) bid=9 sid=0 iter=43 nElems=524288 at t=69918626
Node 1 chan 1: transfer complete from peer 2 dst=(1,5) totalBytes=2097152 at t=70014508
GPU 1 TB=2 arrived at iteration barrier (4/10) leaving iter=43 t=70014508
Node 2 chan 1: RDMA send to 1 physically drained (sender side) bid=8 sid=0 iter=43 nElems=524288 at t=70018726
Node 1 chan 0: transfer complete from peer 2 dst=(1,4) totalBytes=2097152 at t=70018824
GPU 1 TB=1 arrived at iteration barrier (5/10) leaving iter=43 t=70018824
Node 2 chan 0: RDMA send to 1 physically drained (sender side) bid=7 sid=0 iter=43 nElems=524288 at t=70022386
GPU 2 TB=6 sid=0 DISPATCHING RunStep t=70022386
GPU 2 TB=5 sid=0 DISPATCHING RunStep t=70022386
Node 2 chan 1: RDMA send to 0 totalBytes=2097152 over 1 lane(s) bid=6 sid=0 iter=43 part=0 rateGBps=0 at t=70022386
Node 2 chan 0: RDMA send to 0 totalBytes=2097152 over 1 lane(s) bid=5 sid=0 iter=43 part=0 rateGBps=0 at t=70022386
GPU 2 TB=6 arrived at iteration barrier (4/10) leaving iter=43 t=70022386
GPU 2 TB=5 arrived at iteration barrier (5/10) leaving iter=43 t=70022386
Node 1 chan 0: transfer complete from peer 0 dst=(1,1) totalBytes=2097152 at t=70042100
GPU 1 TB=0 arrived at iteration barrier (6/10) leaving iter=43 t=70042100
Node 0 chan 0: RDMA send to 1 physically drained (sender side) bid=5 sid=0 iter=43 nElems=524288 at t=70043706
GPU 0 TB=7 sid=0 DISPATCHING RunStep t=70043706
GPU 0 TB=6 sid=0 DISPATCHING RunStep t=70043706
Node 0 chan 1: RDMA send to 2 totalBytes=2097152 over 1 lane(s) bid=7 sid=0 iter=43 part=0 rateGBps=0 at t=70043706
Node 0 chan 0: RDMA send to 2 totalBytes=2097152 over 1 lane(s) bid=6 sid=0 iter=43 part=0 rateGBps=0 at t=70043706
GPU 0 TB=7 arrived at iteration barrier (4/10) leaving iter=43 t=70043706
GPU 0 TB=6 arrived at iteration barrier (5/10) leaving iter=43 t=70043706
Node 3 chan 0: transfer complete from peer 2 dst=(1,5) totalBytes=2097152 at t=70192682
GPU 3 TB=4 arrived at iteration barrier (6/10) leaving iter=43 t=70192682
Node 2 chan 0: RDMA send to 3 physically drained (sender side) bid=9 sid=0 iter=43 nElems=524288 at t=70194278
Node 0 chan 0: transfer complete from peer 1 dst=(1,2) totalBytes=2097152 at t=70375234
Node 1 chan 0: RDMA send to 0 physically drained (sender side) bid=5 sid=0 iter=43 nElems=524288 at t=70376642
Node 2 chan 1: transfer complete from peer 1 dst=(1,3) totalBytes=2097152 at t=70487946
GPU 2 TB=3 arrived at iteration barrier (6/10) leaving iter=43 t=70487946
Node 1 chan 1: RDMA send to 2 physically drained (sender side) bid=7 sid=0 iter=43 nElems=524288 at t=70491836
Node 2 chan 0: transfer complete from peer 1 dst=(1,2) totalBytes=2097152 at t=70493922
GPU 2 TB=2 arrived at iteration barrier (7/10) leaving iter=43 t=70493922
Node 1 chan 0: RDMA send to 2 physically drained (sender side) bid=6 sid=0 iter=43 nElems=524288 at t=70496748
Node 2 chan 0: transfer complete from peer 3 dst=(1,6) totalBytes=2097152 at t=70500898
Node 3 chan 0: RDMA send to 2 physically drained (sender side) bid=9 sid=0 iter=43 nElems=524288 at t=70502306
Node 0 chan 1: transfer complete from peer 3 dst=(1,7) totalBytes=2097152 at t=70663318
GPU 0 TB=4 arrived at iteration barrier (6/10) leaving iter=43 t=70663318
Node 0 chan 0: transfer complete from peer 3 dst=(1,6) totalBytes=2097152 at t=70666638
GPU 0 TB=3 arrived at iteration barrier (7/10) leaving iter=43 t=70666638
Node 3 chan 1: RDMA send to 0 physically drained (sender side) bid=6 sid=0 iter=43 nElems=524288 at t=70667123
Node 3 chan 0: RDMA send to 0 physically drained (sender side) bid=5 sid=0 iter=43 nElems=524288 at t=70670779
GPU 3 TB=8 sid=0 DISPATCHING RunStep t=70670779
GPU 3 TB=7 sid=0 DISPATCHING RunStep t=70670779
Node 3 chan 1: RDMA send to 1 totalBytes=2097152 over 1 lane(s) bid=8 sid=0 iter=43 part=0 rateGBps=0 at t=70670779
Node 3 chan 0: RDMA send to 1 totalBytes=2097152 over 1 lane(s) bid=7 sid=0 iter=43 part=0 rateGBps=0 at t=70670779
GPU 3 TB=8 arrived at iteration barrier (7/10) leaving iter=43 t=70670779
GPU 3 TB=7 arrived at iteration barrier (8/10) leaving iter=43 t=70670779
Node 2 chan 0: transfer complete from peer 0 dst=(1,0) totalBytes=2097152 at t=70757382
GPU 2 TB=0 arrived at iteration barrier (8/10) leaving iter=43 t=70757382
Node 0 chan 0: RDMA send to 2 physically drained (sender side) bid=6 sid=0 iter=43 nElems=524288 at t=70761026
Node 2 chan 1: transfer complete from peer 0 dst=(1,1) totalBytes=2097152 at t=70761034
GPU 2 TB=1 arrived at iteration barrier (9/10) leaving iter=43 t=70761034
Node 0 chan 1: RDMA send to 2 physically drained (sender side) bid=7 sid=0 iter=43 nElems=524288 at t=70765014
Node 0 chan 1: transfer complete from peer 2 dst=(1,5) totalBytes=2097152 at t=70857310
GPU 0 TB=2 arrived at iteration barrier (8/10) leaving iter=43 t=70857310
Node 0 chan 0: transfer complete from peer 2 dst=(1,4) totalBytes=2097152 at t=70859966
GPU 0 TB=1 arrived at iteration barrier (9/10) leaving iter=43 t=70859966
Node 2 chan 1: RDMA send to 0 physically drained (sender side) bid=6 sid=0 iter=43 nElems=524288 at t=70860136
Node 2 chan 0: RDMA send to 0 physically drained (sender side) bid=5 sid=0 iter=43 nElems=524288 at t=70863106
Node 0 chan 0: transfer complete from peer 1 dst=(1,3) totalBytes=2097152 at t=70867270
GPU 0 TB=0 arrived at iteration barrier (10/10) leaving iter=43 t=70867270
GPU 0: iteration barrier releasing 10 threadblock(s) at t=70867270
GPU 0 TB=0 sid=0 DISPATCHING RunStep t=70867270
GPU 0 TB=1 sid=0 DISPATCHING RunStep t=70867270
GPU 0 TB=2 sid=0 DISPATCHING RunStep t=70867270
GPU 0 TB=3 sid=0 DISPATCHING RunStep t=70867270
GPU 0 TB=4 sid=0 DISPATCHING RunStep t=70867270
GPU 0 TB=5 sid=0 DISPATCHING RunStep t=70867270
GPU 0 TB=6 sid=0 BLOCKED on network completion of TB=5 step=0 needFlag=45056 netFlag=44032 t=70867270
GPU 0 TB=7 sid=0 BLOCKED on network completion of TB=5 step=0 needFlag=45056 netFlag=44032 t=70867270
GPU 0 TB=8 sid=0 DISPATCHING RunStep t=70867270
GPU 0 TB=9 sid=0 DISPATCHING RunStep t=70867270
Node 0 chan 0: RDMA send to 1 totalBytes=2097152 over 1 lane(s) bid=5 sid=0 iter=44 part=0 rateGBps=0 at t=70867270
Node 0 chan 0: RDMA send to 1 totalBytes=2097152 over 1 lane(s) bid=5 sid=0 iter=44 part=1 rateGBps=0 at t=70867270
Node 0 chan 0: RDMA send to 3 totalBytes=2097152 over 1 lane(s) bid=8 sid=0 iter=44 part=0 rateGBps=0 at t=70867270
Node 0 chan 1: RDMA send to 3 totalBytes=2097152 over 1 lane(s) bid=9 sid=0 iter=44 part=0 rateGBps=0 at t=70867270
GPU 0 TB=5 arrived at iteration barrier (1/10) leaving iter=44 t=70867270
GPU 0 TB=8 arrived at iteration barrier (2/10) leaving iter=44 t=70867270
GPU 0 TB=9 arrived at iteration barrier (3/10) leaving iter=44 t=70867270
Node 1 chan 0: RDMA send to 0 physically drained (sender side) bid=5 sid=0 iter=43 nElems=524288 at t=70868923
GPU 1 TB=9 sid=0 DISPATCHING RunStep t=70868923
GPU 1 TB=8 sid=0 DISPATCHING RunStep t=70868923
Node 1 chan 1: RDMA send to 3 totalBytes=2097152 over 1 lane(s) bid=9 sid=0 iter=43 part=0 rateGBps=0 at t=70868923
Node 1 chan 0: RDMA send to 3 totalBytes=2097152 over 1 lane(s) bid=8 sid=0 iter=43 part=0 rateGBps=0 at t=70868923
GPU 1 TB=9 arrived at iteration barrier (7/10) leaving iter=43 t=70868923
GPU 1 TB=8 arrived at iteration barrier (8/10) leaving iter=43 t=70868923
Node 2 chan 0: transfer complete from peer 3 dst=(1,7) totalBytes=2097152 at t=70932910
GPU 2 TB=4 arrived at iteration barrier (10/10) leaving iter=43 t=70932910
GPU 2: iteration barrier releasing 10 threadblock(s) at t=70932910
GPU 2 TB=0 sid=0 DISPATCHING RunStep t=70932910
GPU 2 TB=1 sid=0 DISPATCHING RunStep t=70932910
GPU 2 TB=2 sid=0 DISPATCHING RunStep t=70932910
GPU 2 TB=3 sid=0 DISPATCHING RunStep t=70932910
GPU 2 TB=4 sid=0 DISPATCHING RunStep t=70932910
GPU 2 TB=5 sid=0 BLOCKED on network completion of TB=7 step=0 needFlag=45056 netFlag=44032 t=70932910
GPU 2 TB=6 sid=0 BLOCKED on network completion of TB=7 step=0 needFlag=45056 netFlag=44032 t=70932910
GPU 2 TB=7 sid=0 DISPATCHING RunStep t=70932910
GPU 2 TB=8 sid=0 DISPATCHING RunStep t=70932910
GPU 2 TB=9 sid=0 DISPATCHING RunStep t=70932910
Node 2 chan 0: RDMA send to 1 totalBytes=2097152 over 1 lane(s) bid=7 sid=0 iter=44 part=0 rateGBps=0 at t=70932910
Node 2 chan 1: RDMA send to 1 totalBytes=2097152 over 1 lane(s) bid=8 sid=0 iter=44 part=0 rateGBps=0 at t=70932910
Node 2 chan 0: RDMA send to 3 totalBytes=2097152 over 1 lane(s) bid=9 sid=0 iter=44 part=0 rateGBps=0 at t=70932910
Node 2 chan 0: RDMA send to 3 totalBytes=2097152 over 1 lane(s) bid=9 sid=0 iter=44 part=1 rateGBps=0 at t=70932910
GPU 2 TB=7 arrived at iteration barrier (1/10) leaving iter=44 t=70932910
GPU 2 TB=8 arrived at iteration barrier (2/10) leaving iter=44 t=70932910
GPU 2 TB=9 arrived at iteration barrier (3/10) leaving iter=44 t=70932910
Node 3 chan 0: RDMA send to 2 physically drained (sender side) bid=9 sid=0 iter=43 nElems=524288 at t=70934578
Node 1 chan 1: transfer complete from peer 3 dst=(1,7) totalBytes=2097152 at t=71397135
GPU 1 TB=4 arrived at iteration barrier (9/10) leaving iter=43 t=71397135
Node 3 chan 1: RDMA send to 1 physically drained (sender side) bid=8 sid=0 iter=43 nElems=524288 at t=71400010
Node 1 chan 0: transfer complete from peer 3 dst=(1,6) totalBytes=2097152 at t=71407099
GPU 1 TB=3 arrived at iteration barrier (10/10) leaving iter=43 t=71407099
GPU 1: iteration barrier releasing 10 threadblock(s) at t=71407099
GPU 1 TB=0 sid=0 DISPATCHING RunStep t=71407099
GPU 1 TB=1 sid=0 DISPATCHING RunStep t=71407099
GPU 1 TB=2 sid=0 DISPATCHING RunStep t=71407099
GPU 1 TB=3 sid=0 DISPATCHING RunStep t=71407099
GPU 1 TB=4 sid=0 DISPATCHING RunStep t=71407099
GPU 1 TB=5 sid=0 DISPATCHING RunStep t=71407099
GPU 1 TB=6 sid=0 DISPATCHING RunStep t=71407099
GPU 1 TB=7 sid=0 DISPATCHING RunStep t=71407099
GPU 1 TB=8 sid=0 BLOCKED on network completion of TB=5 step=0 needFlag=45056 netFlag=44032 t=71407099
GPU 1 TB=9 sid=0 BLOCKED on network completion of TB=5 step=0 needFlag=45056 netFlag=44032 t=71407099
Node 1 chan 0: RDMA send to 0 totalBytes=2097152 over 1 lane(s) bid=5 sid=0 iter=44 part=0 rateGBps=0 at t=71407099
Node 1 chan 0: RDMA send to 0 totalBytes=2097152 over 1 lane(s) bid=5 sid=0 iter=44 part=1 rateGBps=0 at t=71407099
Node 1 chan 0: RDMA send to 2 totalBytes=2097152 over 1 lane(s) bid=6 sid=0 iter=44 part=0 rateGBps=0 at t=71407099
Node 1 chan 1: RDMA send to 2 totalBytes=2097152 over 1 lane(s) bid=7 sid=0 iter=44 part=0 rateGBps=0 at t=71407099
GPU 1 TB=5 arrived at iteration barrier (1/10) leaving iter=44 t=71407099
GPU 1 TB=6 arrived at iteration barrier (2/10) leaving iter=44 t=71407099
GPU 1 TB=7 arrived at iteration barrier (3/10) leaving iter=44 t=71407099
Node 3 chan 0: RDMA send to 1 physically drained (sender side) bid=7 sid=0 iter=43 nElems=524288 at t=71409978
Node 1 chan 0: transfer complete from peer 0 dst=(1,0) totalBytes=2097152 at t=71512815
Node 0 chan 0: RDMA send to 1 physically drained (sender side) bid=5 sid=0 iter=44 nElems=524288 at t=71514263
Node 2 chan 0: RDMA send to 3 physically drained (sender side) bid=9 sid=0 iter=44 nElems=524288 at t=71611327
Node 1 chan 1: transfer complete from peer 2 dst=(1,5) totalBytes=2097152 at t=71665771
GPU 1 TB=2 arrived at iteration barrier (4/10) leaving iter=44 t=71665771
Node 1 chan 0: transfer complete from peer 2 dst=(1,4) totalBytes=2097152 at t=71669091
GPU 1 TB=1 arrived at iteration barrier (5/10) leaving iter=44 t=71669091
Node 2 chan 1: RDMA send to 1 physically drained (sender side) bid=8 sid=0 iter=44 nElems=524288 at t=71669834
Node 2 chan 0: RDMA send to 1 physically drained (sender side) bid=7 sid=0 iter=44 nElems=524288 at t=71672819
GPU 2 TB=6 sid=0 DISPATCHING RunStep t=71672819
GPU 2 TB=5 sid=0 DISPATCHING RunStep t=71672819
Node 2 chan 1: RDMA send to 0 totalBytes=2097152 over 1 lane(s) bid=6 sid=0 iter=44 part=0 rateGBps=0 at t=71672819
Node 2 chan 0: RDMA send to 0 totalBytes=2097152 over 1 lane(s) bid=5 sid=0 iter=44 part=0 rateGBps=0 at t=71672819
GPU 2 TB=6 arrived at iteration barrier (4/10) leaving iter=44 t=71672819
GPU 2 TB=5 arrived at iteration barrier (5/10) leaving iter=44 t=71672819
Node 0 chan 0: RDMA send to 3 physically drained (sender side) bid=8 sid=0 iter=44 nElems=524288 at t=71773667
Node 0 chan 1: RDMA send to 3 physically drained (sender side) bid=9 sid=0 iter=44 nElems=524288 at t=71778663
Node 3 chan 1: transfer complete from peer 1 dst=(1,3) totalBytes=2097152 at t=71786466
GPU 3 TB=3 arrived at iteration barrier (9/10) leaving iter=43 t=71786466
Node 3 chan 0: transfer complete from peer 1 dst=(1,2) totalBytes=2097152 at t=71787462
GPU 3 TB=2 arrived at iteration barrier (10/10) leaving iter=43 t=71787462
GPU 3: iteration barrier releasing 10 threadblock(s) at t=71787462
GPU 3 TB=0 sid=0 DISPATCHING RunStep t=71787462
GPU 3 TB=1 sid=0 DISPATCHING RunStep t=71787462
GPU 3 TB=2 sid=0 DISPATCHING RunStep t=71787462
GPU 3 TB=3 sid=0 DISPATCHING RunStep t=71787462
GPU 3 TB=4 sid=0 DISPATCHING RunStep t=71787462
GPU 3 TB=5 sid=0 DISPATCHING RunStep t=71787462
GPU 3 TB=6 sid=0 DISPATCHING RunStep t=71787462
GPU 3 TB=7 sid=0 BLOCKED on network completion of TB=5 step=0 needFlag=45056 netFlag=44032 t=71787462
GPU 3 TB=8 sid=0 BLOCKED on network completion of TB=5 step=0 needFlag=45056 netFlag=44032 t=71787462
GPU 3 TB=9 sid=0 DISPATCHING RunStep t=71787462
Node 3 chan 0: RDMA send to 0 totalBytes=2097152 over 1 lane(s) bid=5 sid=0 iter=44 part=0 rateGBps=0 at t=71787462
Node 3 chan 1: RDMA send to 0 totalBytes=2097152 over 1 lane(s) bid=6 sid=0 iter=44 part=0 rateGBps=0 at t=71787462
Node 3 chan 0: RDMA send to 2 totalBytes=2097152 over 1 lane(s) bid=9 sid=0 iter=44 part=0 rateGBps=0 at t=71787462
Node 3 chan 0: RDMA send to 2 totalBytes=2097152 over 1 lane(s) bid=9 sid=0 iter=44 part=1 rateGBps=0 at t=71787462
GPU 3 TB=0 arrived at iteration barrier (1/10) leaving iter=44 t=71787462
GPU 3 TB=1 arrived at iteration barrier (2/10) leaving iter=44 t=71787462
GPU 3 TB=5 arrived at iteration barrier (3/10) leaving iter=44 t=71787462
GPU 3 TB=6 arrived at iteration barrier (4/10) leaving iter=44 t=71787462
GPU 3 TB=9 arrived at iteration barrier (5/10) leaving iter=44 t=71787462
Node 1 chan 1: RDMA send to 3 physically drained (sender side) bid=9 sid=0 iter=43 nElems=524288 at t=71790371
Node 1 chan 0: RDMA send to 3 physically drained (sender side) bid=8 sid=0 iter=43 nElems=524288 at t=71791703
Node 1 chan 0: transfer complete from peer 0 dst=(1,1) totalBytes=2097152 at t=71799023
GPU 1 TB=0 arrived at iteration barrier (6/10) leaving iter=44 t=71799023
Node 0 chan 0: RDMA send to 1 physically drained (sender side) bid=5 sid=0 iter=44 nElems=524288 at t=71800611
GPU 0 TB=7 sid=0 DISPATCHING RunStep t=71800611
GPU 0 TB=6 sid=0 DISPATCHING RunStep t=71800611
Node 0 chan 1: RDMA send to 2 totalBytes=2097152 over 1 lane(s) bid=7 sid=0 iter=44 part=0 rateGBps=0 at t=71800611
Node 0 chan 0: RDMA send to 2 totalBytes=2097152 over 1 lane(s) bid=6 sid=0 iter=44 part=0 rateGBps=0 at t=71800611
GPU 0 TB=7 arrived at iteration barrier (4/10) leaving iter=44 t=71800611
GPU 0 TB=6 arrived at iteration barrier (5/10) leaving iter=44 t=71800611
Node 3 chan 0: transfer complete from peer 2 dst=(1,5) totalBytes=2097152 at t=71965922
GPU 3 TB=4 arrived at iteration barrier (6/10) leaving iter=44 t=71965922
Node 2 chan 0: RDMA send to 3 physically drained (sender side) bid=9 sid=0 iter=44 nElems=524288 at t=71967469
Node 0 chan 0: transfer complete from peer 1 dst=(1,2) totalBytes=2097152 at t=72028823
Node 1 chan 0: RDMA send to 0 physically drained (sender side) bid=5 sid=0 iter=44 nElems=524288 at t=72030231
Node 2 chan 0: transfer complete from peer 1 dst=(1,2) totalBytes=2097152 at t=72269117
GPU 2 TB=2 arrived at iteration barrier (6/10) leaving iter=44 t=72269117
Node 1 chan 0: RDMA send to 2 physically drained (sender side) bid=6 sid=0 iter=44 nElems=524288 at t=72271943
Node 2 chan 1: transfer complete from peer 1 dst=(1,3) totalBytes=2097152 at t=72275425
GPU 2 TB=3 arrived at iteration barrier (7/10) leaving iter=44 t=72275425
Node 1 chan 1: RDMA send to 2 physically drained (sender side) bid=7 sid=0 iter=44 nElems=524288 at t=72279294
Node 2 chan 0: transfer complete from peer 3 dst=(1,6) totalBytes=2097152 at t=72438205
Node 3 chan 0: RDMA send to 2 physically drained (sender side) bid=9 sid=0 iter=44 nElems=524288 at t=72439613
Node 0 chan 1: transfer complete from peer 2 dst=(1,5) totalBytes=2097152 at t=72468071
GPU 0 TB=2 arrived at iteration barrier (6/10) leaving iter=44 t=72468071
Node 2 chan 1: RDMA send to 0 physically drained (sender side) bid=6 sid=0 iter=44 nElems=524288 at t=72472097
Node 0 chan 0: transfer complete from peer 2 dst=(1,4) totalBytes=2097152 at t=72474387
GPU 0 TB=1 arrived at iteration barrier (7/10) leaving iter=44 t=72474387
Node 2 chan 0: RDMA send to 0 physically drained (sender side) bid=5 sid=0 iter=44 nElems=524288 at t=72477417
Node 2 chan 0: transfer complete from peer 0 dst=(1,0) totalBytes=2097152 at t=72520909
GPU 2 TB=0 arrived at iteration barrier (8/10) leaving iter=44 t=72520909
Node 2 chan 1: transfer complete from peer 0 dst=(1,1) totalBytes=2097152 at t=72523233
GPU 2 TB=1 arrived at iteration barrier (9/10) leaving iter=44 t=72523233
Node 0 chan 0: RDMA send to 2 physically drained (sender side) bid=6 sid=0 iter=44 nElems=524288 at t=72523907
Node 0 chan 1: RDMA send to 2 physically drained (sender side) bid=7 sid=0 iter=44 nElems=524288 at t=72526567
Node 0 chan 1: transfer complete from peer 3 dst=(1,7) totalBytes=2097152 at t=72592303
GPU 0 TB=4 arrived at iteration barrier (8/10) leaving iter=44 t=72592303
Node 3 chan 1: RDMA send to 0 physically drained (sender side) bid=6 sid=0 iter=44 nElems=524288 at t=72595129
Node 0 chan 0: transfer complete from peer 3 dst=(1,6) totalBytes=2097152 at t=72598279
GPU 0 TB=3 arrived at iteration barrier (9/10) leaving iter=44 t=72598279
Node 3 chan 0: RDMA send to 0 physically drained (sender side) bid=5 sid=0 iter=44 nElems=524288 at t=72601105
GPU 3 TB=8 sid=0 DISPATCHING RunStep t=72601105
GPU 3 TB=7 sid=0 DISPATCHING RunStep t=72601105
Node 3 chan 1: RDMA send to 1 totalBytes=2097152 over 1 lane(s) bid=8 sid=0 iter=44 part=0 rateGBps=0 at t=72601105
Node 3 chan 0: RDMA send to 1 totalBytes=2097152 over 1 lane(s) bid=7 sid=0 iter=44 part=0 rateGBps=0 at t=72601105
GPU 3 TB=8 arrived at iteration barrier (7/10) leaving iter=44 t=72601105
GPU 3 TB=7 arrived at iteration barrier (8/10) leaving iter=44 t=72601105
Node 0 chan 0: transfer complete from peer 1 dst=(1,3) totalBytes=2097152 at t=72623511
GPU 0 TB=0 arrived at iteration barrier (10/10) leaving iter=44 t=72623511
GPU 0: iteration barrier releasing 10 threadblock(s) at t=72623511
GPU 0 TB=0 sid=0 DISPATCHING RunStep t=72623511
GPU 0 TB=1 sid=0 DISPATCHING RunStep t=72623511
GPU 0 TB=2 sid=0 DISPATCHING RunStep t=72623511
GPU 0 TB=3 sid=0 DISPATCHING RunStep t=72623511
GPU 0 TB=4 sid=0 DISPATCHING RunStep t=72623511
GPU 0 TB=5 sid=0 DISPATCHING RunStep t=72623511
GPU 0 TB=6 sid=0 BLOCKED on network completion of TB=5 step=0 needFlag=46080 netFlag=45056 t=72623511
GPU 0 TB=7 sid=0 BLOCKED on network completion of TB=5 step=0 needFlag=46080 netFlag=45056 t=72623511
GPU 0 TB=8 sid=0 DISPATCHING RunStep t=72623511
GPU 0 TB=9 sid=0 DISPATCHING RunStep t=72623511
Node 0 chan 0: RDMA send to 1 totalBytes=2097152 over 1 lane(s) bid=5 sid=0 iter=45 part=0 rateGBps=0 at t=72623511
Node 0 chan 0: RDMA send to 1 totalBytes=2097152 over 1 lane(s) bid=5 sid=0 iter=45 part=1 rateGBps=0 at t=72623511
Node 0 chan 0: RDMA send to 3 totalBytes=2097152 over 1 lane(s) bid=8 sid=0 iter=45 part=0 rateGBps=0 at t=72623511
Node 0 chan 1: RDMA send to 3 totalBytes=2097152 over 1 lane(s) bid=9 sid=0 iter=45 part=0 rateGBps=0 at t=72623511
GPU 0 TB=5 arrived at iteration barrier (1/10) leaving iter=45 t=72623511
GPU 0 TB=8 arrived at iteration barrier (2/10) leaving iter=45 t=72623511
GPU 0 TB=9 arrived at iteration barrier (3/10) leaving iter=45 t=72623511
Node 1 chan 0: RDMA send to 0 physically drained (sender side) bid=5 sid=0 iter=44 nElems=524288 at t=72625145
GPU 1 TB=9 sid=0 DISPATCHING RunStep t=72625145
GPU 1 TB=8 sid=0 DISPATCHING RunStep t=72625145
Node 1 chan 1: RDMA send to 3 totalBytes=2097152 over 1 lane(s) bid=9 sid=0 iter=44 part=0 rateGBps=0 at t=72625145
Node 1 chan 0: RDMA send to 3 totalBytes=2097152 over 1 lane(s) bid=8 sid=0 iter=44 part=0 rateGBps=0 at t=72625145
GPU 1 TB=9 arrived at iteration barrier (7/10) leaving iter=44 t=72625145
GPU 1 TB=8 arrived at iteration barrier (8/10) leaving iter=44 t=72625145
Node 2 chan 0: transfer complete from peer 3 dst=(1,7) totalBytes=2097152 at t=72852165
GPU 2 TB=4 arrived at iteration barrier (10/10) leaving iter=44 t=72852165
GPU 2: iteration barrier releasing 10 threadblock(s) at t=72852165
GPU 2 TB=0 sid=0 DISPATCHING RunStep t=72852165
GPU 2 TB=1 sid=0 DISPATCHING RunStep t=72852165
GPU 2 TB=2 sid=0 DISPATCHING RunStep t=72852165
GPU 2 TB=3 sid=0 DISPATCHING RunStep t=72852165
GPU 2 TB=4 sid=0 DISPATCHING RunStep t=72852165
GPU 2 TB=5 sid=0 BLOCKED on network completion of TB=7 step=0 needFlag=46080 netFlag=45056 t=72852165
GPU 2 TB=6 sid=0 BLOCKED on network completion of TB=7 step=0 needFlag=46080 netFlag=45056 t=72852165
GPU 2 TB=7 sid=0 DISPATCHING RunStep t=72852165
GPU 2 TB=8 sid=0 DISPATCHING RunStep t=72852165
GPU 2 TB=9 sid=0 DISPATCHING RunStep t=72852165
Node 2 chan 0: RDMA send to 1 totalBytes=2097152 over 1 lane(s) bid=7 sid=0 iter=45 part=0 rateGBps=0 at t=72852165
Node 2 chan 1: RDMA send to 1 totalBytes=2097152 over 1 lane(s) bid=8 sid=0 iter=45 part=0 rateGBps=0 at t=72852165
Node 2 chan 0: RDMA send to 3 totalBytes=2097152 over 1 lane(s) bid=9 sid=0 iter=45 part=0 rateGBps=0 at t=72852165
Node 2 chan 0: RDMA send to 3 totalBytes=2097152 over 1 lane(s) bid=9 sid=0 iter=45 part=1 rateGBps=0 at t=72852165
GPU 2 TB=7 arrived at iteration barrier (1/10) leaving iter=45 t=72852165
GPU 2 TB=8 arrived at iteration barrier (2/10) leaving iter=45 t=72852165
GPU 2 TB=9 arrived at iteration barrier (3/10) leaving iter=45 t=72852165
Node 3 chan 0: RDMA send to 2 physically drained (sender side) bid=9 sid=0 iter=44 nElems=524288 at t=72853739
Node 0 chan 0: RDMA send to 1 physically drained (sender side) bid=5 sid=0 iter=45 nElems=524288 at t=73217351
Node 1 chan 1: transfer complete from peer 3 dst=(1,7) totalBytes=2097152 at t=73323579
GPU 1 TB=4 arrived at iteration barrier (9/10) leaving iter=44 t=73323579
Node 3 chan 1: RDMA send to 1 physically drained (sender side) bid=8 sid=0 iter=44 nElems=524288 at t=73327479
Node 1 chan 0: transfer complete from peer 3 dst=(1,6) totalBytes=2097152 at t=73331883
GPU 1 TB=3 arrived at iteration barrier (10/10) leaving iter=44 t=73331883
GPU 1: iteration barrier releasing 10 threadblock(s) at t=73331883
GPU 1 TB=0 sid=0 DISPATCHING RunStep t=73331883
GPU 1 TB=1 sid=0 DISPATCHING RunStep t=73331883
GPU 1 TB=2 sid=0 DISPATCHING RunStep t=73331883
GPU 1 TB=3 sid=0 DISPATCHING RunStep t=73331883
GPU 1 TB=4 sid=0 DISPATCHING RunStep t=73331883
GPU 1 TB=5 sid=0 DISPATCHING RunStep t=73331883
GPU 1 TB=6 sid=0 DISPATCHING RunStep t=73331883
GPU 1 TB=7 sid=0 DISPATCHING RunStep t=73331883
GPU 1 TB=8 sid=0 BLOCKED on network completion of TB=5 step=0 needFlag=46080 netFlag=45056 t=73331883
GPU 1 TB=9 sid=0 BLOCKED on network completion of TB=5 step=0 needFlag=46080 netFlag=45056 t=73331883
Node 1 chan 0: RDMA send to 0 totalBytes=2097152 over 1 lane(s) bid=5 sid=0 iter=45 part=0 rateGBps=0 at t=73331883
Node 1 chan 0: RDMA send to 0 totalBytes=2097152 over 1 lane(s) bid=5 sid=0 iter=45 part=1 rateGBps=0 at t=73331883
Node 1 chan 0: RDMA send to 2 totalBytes=2097152 over 1 lane(s) bid=6 sid=0 iter=45 part=0 rateGBps=0 at t=73331883
Node 1 chan 1: RDMA send to 2 totalBytes=2097152 over 1 lane(s) bid=7 sid=0 iter=45 part=0 rateGBps=0 at t=73331883
GPU 1 TB=5 arrived at iteration barrier (1/10) leaving iter=45 t=73331883
GPU 1 TB=6 arrived at iteration barrier (2/10) leaving iter=45 t=73331883
GPU 1 TB=7 arrived at iteration barrier (3/10) leaving iter=45 t=73331883
Node 3 chan 0: RDMA send to 1 physically drained (sender side) bid=7 sid=0 iter=44 nElems=524288 at t=73335451
Node 3 chan 0: transfer complete from peer 1 dst=(1,2) totalBytes=2097152 at t=73437375
GPU 3 TB=2 arrived at iteration barrier (9/10) leaving iter=44 t=73437375
Node 3 chan 1: transfer complete from peer 1 dst=(1,3) totalBytes=2097152 at t=73439035
GPU 3 TB=3 arrived at iteration barrier (10/10) leaving iter=44 t=73439035
GPU 3: iteration barrier releasing 10 threadblock(s) at t=73439035
GPU 3 TB=0 sid=0 DISPATCHING RunStep t=73439035
GPU 3 TB=1 sid=0 DISPATCHING RunStep t=73439035
GPU 3 TB=2 sid=0 DISPATCHING RunStep t=73439035
GPU 3 TB=3 sid=0 DISPATCHING RunStep t=73439035
GPU 3 TB=4 sid=0 DISPATCHING RunStep t=73439035
GPU 3 TB=5 sid=0 DISPATCHING RunStep t=73439035
GPU 3 TB=6 sid=0 DISPATCHING RunStep t=73439035
GPU 3 TB=7 sid=0 BLOCKED on network completion of TB=5 step=0 needFlag=46080 netFlag=45056 t=73439035
GPU 3 TB=8 sid=0 BLOCKED on network completion of TB=5 step=0 needFlag=46080 netFlag=45056 t=73439035
GPU 3 TB=9 sid=0 DISPATCHING RunStep t=73439035
Node 3 chan 0: RDMA send to 0 totalBytes=2097152 over 1 lane(s) bid=5 sid=0 iter=45 part=0 rateGBps=0 at t=73439035
Node 3 chan 1: RDMA send to 0 totalBytes=2097152 over 1 lane(s) bid=6 sid=0 iter=45 part=0 rateGBps=0 at t=73439035
Node 3 chan 0: RDMA send to 2 totalBytes=2097152 over 1 lane(s) bid=9 sid=0 iter=45 part=0 rateGBps=0 at t=73439035
Node 3 chan 0: RDMA send to 2 totalBytes=2097152 over 1 lane(s) bid=9 sid=0 iter=45 part=1 rateGBps=0 at t=73439035
GPU 3 TB=5 arrived at iteration barrier (1/10) leaving iter=45 t=73439035
GPU 3 TB=6 arrived at iteration barrier (2/10) leaving iter=45 t=73439035
GPU 3 TB=9 arrived at iteration barrier (3/10) leaving iter=45 t=73439035
Node 1 chan 0: RDMA send to 3 physically drained (sender side) bid=8 sid=0 iter=44 nElems=524288 at t=73441279
Node 1 chan 1: RDMA send to 3 physically drained (sender side) bid=9 sid=0 iter=44 nElems=524288 at t=73442615
Node 3 chan 0: transfer complete from peer 0 dst=(1,0) totalBytes=2097152 at t=73444015
GPU 3 TB=0 arrived at iteration barrier (4/10) leaving iter=45 t=73444015
Node 3 chan 1: transfer complete from peer 0 dst=(1,1) totalBytes=2097152 at t=73447003
GPU 3 TB=1 arrived at iteration barrier (5/10) leaving iter=45 t=73447003
Node 0 chan 0: RDMA send to 3 physically drained (sender side) bid=8 sid=0 iter=45 nElems=524288 at t=73448491
Node 0 chan 1: RDMA send to 3 physically drained (sender side) bid=9 sid=0 iter=45 nElems=524288 at t=73451143
Node 3 chan 0: transfer complete from peer 2 dst=(1,4) totalBytes=2097152 at t=73507678
Node 2 chan 0: RDMA send to 3 physically drained (sender side) bid=9 sid=0 iter=45 nElems=524288 at t=73509286
Node 1 chan 1: transfer complete from peer 2 dst=(1,5) totalBytes=2097152 at t=73631143
GPU 1 TB=2 arrived at iteration barrier (4/10) leaving iter=45 t=73631143
Node 1 chan 0: transfer complete from peer 2 dst=(1,4) totalBytes=2097152 at t=73632471
GPU 1 TB=1 arrived at iteration barrier (5/10) leaving iter=45 t=73632471
Node 1 chan 0: transfer complete from peer 0 dst=(1,1) totalBytes=2097152 at t=73633135
GPU 1 TB=0 arrived at iteration barrier (6/10) leaving iter=45 t=73633135
Node 0 chan 0: RDMA send to 1 physically drained (sender side) bid=5 sid=0 iter=45 nElems=524288 at t=73634899
GPU 0 TB=7 sid=0 DISPATCHING RunStep t=73634899
GPU 0 TB=6 sid=0 DISPATCHING RunStep t=73634899
Node 0 chan 1: RDMA send to 2 totalBytes=2097152 over 1 lane(s) bid=7 sid=0 iter=45 part=0 rateGBps=0 at t=73634899
Node 0 chan 0: RDMA send to 2 totalBytes=2097152 over 1 lane(s) bid=6 sid=0 iter=45 part=0 rateGBps=0 at t=73634899
GPU 0 TB=7 arrived at iteration barrier (4/10) leaving iter=45 t=73634899
GPU 0 TB=6 arrived at iteration barrier (5/10) leaving iter=45 t=73634899
Node 2 chan 1: RDMA send to 1 physically drained (sender side) bid=8 sid=0 iter=45 nElems=524288 at t=73635322
Node 2 chan 0: RDMA send to 1 physically drained (sender side) bid=7 sid=0 iter=45 nElems=524288 at t=73635990
GPU 2 TB=6 sid=0 DISPATCHING RunStep t=73635990
GPU 2 TB=5 sid=0 DISPATCHING RunStep t=73635990
Node 2 chan 1: RDMA send to 0 totalBytes=2097152 over 1 lane(s) bid=6 sid=0 iter=45 part=0 rateGBps=0 at t=73635990
Node 2 chan 0: RDMA send to 0 totalBytes=2097152 over 1 lane(s) bid=5 sid=0 iter=45 part=0 rateGBps=0 at t=73635990
GPU 2 TB=6 arrived at iteration barrier (4/10) leaving iter=45 t=73635990
GPU 2 TB=5 arrived at iteration barrier (5/10) leaving iter=45 t=73635990
Node 3 chan 0: transfer complete from peer 2 dst=(1,5) totalBytes=2097152 at t=73788666
GPU 3 TB=4 arrived at iteration barrier (6/10) leaving iter=45 t=73788666
Node 2 chan 0: RDMA send to 3 physically drained (sender side) bid=9 sid=0 iter=45 nElems=524288 at t=73790258
Node 0 chan 0: transfer complete from peer 1 dst=(1,2) totalBytes=2097152 at t=73942507
Node 1 chan 0: RDMA send to 0 physically drained (sender side) bid=5 sid=0 iter=45 nElems=524288 at t=73943915
Node 2 chan 1: transfer complete from peer 1 dst=(1,3) totalBytes=2097152 at t=74070642
GPU 2 TB=3 arrived at iteration barrier (6/10) leaving iter=45 t=74070642
Node 2 chan 0: transfer complete from peer 3 dst=(1,6) totalBytes=2097152 at t=74072966
Node 3 chan 0: RDMA send to 2 physically drained (sender side) bid=9 sid=0 iter=45 nElems=524288 at t=74074374
Node 1 chan 1: RDMA send to 2 physically drained (sender side) bid=7 sid=0 iter=45 nElems=524288 at t=74074475
Node 2 chan 0: transfer complete from peer 1 dst=(1,2) totalBytes=2097152 at t=74081270
GPU 2 TB=2 arrived at iteration barrier (7/10) leaving iter=45 t=74081270
Node 1 chan 0: RDMA send to 2 physically drained (sender side) bid=6 sid=0 iter=45 nElems=524288 at t=74085014
Node 0 chan 0: transfer complete from peer 3 dst=(1,6) totalBytes=2097152 at t=74218287
GPU 0 TB=3 arrived at iteration barrier (6/10) leaving iter=45 t=74218287
Node 3 chan 0: RDMA send to 0 physically drained (sender side) bid=5 sid=0 iter=45 nElems=524288 at t=74221773
GPU 3 TB=8 sid=0 DISPATCHING RunStep t=74221773
GPU 3 TB=7 sid=0 DISPATCHING RunStep t=74221773
Node 3 chan 1: RDMA send to 1 totalBytes=2097152 over 1 lane(s) bid=8 sid=0 iter=45 part=0 rateGBps=0 at t=74221773
Node 3 chan 0: RDMA send to 1 totalBytes=2097152 over 1 lane(s) bid=7 sid=0 iter=45 part=0 rateGBps=0 at t=74221773
GPU 3 TB=8 arrived at iteration barrier (7/10) leaving iter=45 t=74221773
GPU 3 TB=7 arrived at iteration barrier (8/10) leaving iter=45 t=74221773
Node 0 chan 1: transfer complete from peer 3 dst=(1,7) totalBytes=2097152 at t=74225267
GPU 0 TB=4 arrived at iteration barrier (7/10) leaving iter=45 t=74225267
Node 3 chan 1: RDMA send to 0 physically drained (sender side) bid=6 sid=0 iter=45 nElems=524288 at t=74229076
Node 2 chan 1: transfer complete from peer 0 dst=(1,1) totalBytes=2097152 at t=74344398
GPU 2 TB=1 arrived at iteration barrier (8/10) leaving iter=45 t=74344398
Node 2 chan 0: transfer complete from peer 0 dst=(1,0) totalBytes=2097152 at t=74346390
GPU 2 TB=0 arrived at iteration barrier (9/10) leaving iter=45 t=74346390
Node 0 chan 1: RDMA send to 2 physically drained (sender side) bid=7 sid=0 iter=45 nElems=524288 at t=74348235
Node 0 chan 0: RDMA send to 2 physically drained (sender side) bid=6 sid=0 iter=45 nElems=524288 at t=74350231
Node 0 chan 0: transfer complete from peer 1 dst=(1,3) totalBytes=2097152 at t=74434227
GPU 0 TB=0 arrived at iteration barrier (8/10) leaving iter=45 t=74434227
Node 1 chan 0: RDMA send to 0 physically drained (sender side) bid=5 sid=0 iter=45 nElems=524288 at t=74435750
GPU 1 TB=9 sid=0 DISPATCHING RunStep t=74435750
GPU 1 TB=8 sid=0 DISPATCHING RunStep t=74435750
Node 1 chan 1: RDMA send to 3 totalBytes=2097152 over 1 lane(s) bid=9 sid=0 iter=45 part=0 rateGBps=0 at t=74435750
Node 1 chan 0: RDMA send to 3 totalBytes=2097152 over 1 lane(s) bid=8 sid=0 iter=45 part=0 rateGBps=0 at t=74435750
GPU 1 TB=9 arrived at iteration barrier (7/10) leaving iter=45 t=74435750
GPU 1 TB=8 arrived at iteration barrier (8/10) leaving iter=45 t=74435750
Node 0 chan 1: transfer complete from peer 2 dst=(1,5) totalBytes=2097152 at t=74450363
GPU 0 TB=2 arrived at iteration barrier (9/10) leaving iter=45 t=74450363
Node 2 chan 1: RDMA send to 0 physically drained (sender side) bid=6 sid=0 iter=45 nElems=524288 at t=74454036
Node 0 chan 0: transfer complete from peer 2 dst=(1,4) totalBytes=2097152 at t=74457954
GPU 0 TB=1 arrived at iteration barrier (10/10) leaving iter=45 t=74457954
GPU 0: iteration barrier releasing 10 threadblock(s) at t=74457954
GPU 0 TB=0 sid=0 DISPATCHING RunStep t=74457954
GPU 0 TB=1 sid=0 DISPATCHING RunStep t=74457954
GPU 0 TB=2 sid=0 DISPATCHING RunStep t=74457954
GPU 0 TB=3 sid=0 DISPATCHING RunStep t=74457954
GPU 0 TB=4 sid=0 DISPATCHING RunStep t=74457954
GPU 0 TB=5 sid=0 DISPATCHING RunStep t=74457954
GPU 0 TB=6 sid=0 BLOCKED on network completion of TB=5 step=0 needFlag=47104 netFlag=46080 t=74457954
GPU 0 TB=7 sid=0 BLOCKED on network completion of TB=5 step=0 needFlag=47104 netFlag=46080 t=74457954
GPU 0 TB=8 sid=0 DISPATCHING RunStep t=74457954
GPU 0 TB=9 sid=0 DISPATCHING RunStep t=74457954
Node 0 chan 0: RDMA send to 1 totalBytes=2097152 over 1 lane(s) bid=5 sid=0 iter=46 part=0 rateGBps=0 at t=74457954
Node 0 chan 0: RDMA send to 1 totalBytes=2097152 over 1 lane(s) bid=5 sid=0 iter=46 part=1 rateGBps=0 at t=74457954
Node 0 chan 0: RDMA send to 3 totalBytes=2097152 over 1 lane(s) bid=8 sid=0 iter=46 part=0 rateGBps=0 at t=74457954
Node 0 chan 1: RDMA send to 3 totalBytes=2097152 over 1 lane(s) bid=9 sid=0 iter=46 part=0 rateGBps=0 at t=74457954
GPU 0 TB=5 arrived at iteration barrier (1/10) leaving iter=46 t=74457954
GPU 0 TB=8 arrived at iteration barrier (2/10) leaving iter=46 t=74457954
GPU 0 TB=9 arrived at iteration barrier (3/10) leaving iter=46 t=74457954
Node 2 chan 0: RDMA send to 0 physically drained (sender side) bid=5 sid=0 iter=45 nElems=524288 at t=74462012
Node 2 chan 0: transfer complete from peer 3 dst=(1,7) totalBytes=2097152 at t=74498252
GPU 2 TB=4 arrived at iteration barrier (10/10) leaving iter=45 t=74498252
GPU 2: iteration barrier releasing 10 threadblock(s) at t=74498252
GPU 2 TB=0 sid=0 DISPATCHING RunStep t=74498252
GPU 2 TB=1 sid=0 DISPATCHING RunStep t=74498252
GPU 2 TB=2 sid=0 DISPATCHING RunStep t=74498252
GPU 2 TB=3 sid=0 DISPATCHING RunStep t=74498252
GPU 2 TB=4 sid=0 DISPATCHING RunStep t=74498252
GPU 2 TB=5 sid=0 BLOCKED on network completion of TB=7 step=0 needFlag=47104 netFlag=46080 t=74498252
GPU 2 TB=6 sid=0 BLOCKED on network completion of TB=7 step=0 needFlag=47104 netFlag=46080 t=74498252
GPU 2 TB=7 sid=0 DISPATCHING RunStep t=74498252
GPU 2 TB=8 sid=0 DISPATCHING RunStep t=74498252
GPU 2 TB=9 sid=0 DISPATCHING RunStep t=74498252
Node 2 chan 0: RDMA send to 1 totalBytes=2097152 over 1 lane(s) bid=7 sid=0 iter=46 part=0 rateGBps=0 at t=74498252
Node 2 chan 1: RDMA send to 1 totalBytes=2097152 over 1 lane(s) bid=8 sid=0 iter=46 part=0 rateGBps=0 at t=74498252
Node 2 chan 0: RDMA send to 3 totalBytes=2097152 over 1 lane(s) bid=9 sid=0 iter=46 part=0 rateGBps=0 at t=74498252
Node 2 chan 0: RDMA send to 3 totalBytes=2097152 over 1 lane(s) bid=9 sid=0 iter=46 part=1 rateGBps=0 at t=74498252
GPU 2 TB=7 arrived at iteration barrier (1/10) leaving iter=46 t=74498252
GPU 2 TB=8 arrived at iteration barrier (2/10) leaving iter=46 t=74498252
GPU 2 TB=9 arrived at iteration barrier (3/10) leaving iter=46 t=74498252
Node 3 chan 0: RDMA send to 2 physically drained (sender side) bid=9 sid=0 iter=45 nElems=524288 at t=74499777
Node 1 chan 1: transfer complete from peer 3 dst=(1,7) totalBytes=2097152 at t=74956336
GPU 1 TB=4 arrived at iteration barrier (9/10) leaving iter=45 t=74956336
Node 3 chan 1: RDMA send to 1 physically drained (sender side) bid=8 sid=0 iter=45 nElems=524288 at t=74960553
Node 1 chan 0: transfer complete from peer 3 dst=(1,6) totalBytes=2097152 at t=74968960
GPU 1 TB=3 arrived at iteration barrier (10/10) leaving iter=45 t=74968960
GPU 1: iteration barrier releasing 10 threadblock(s) at t=74968960
GPU 1 TB=0 sid=0 DISPATCHING RunStep t=74968960
GPU 1 TB=1 sid=0 DISPATCHING RunStep t=74968960
GPU 1 TB=2 sid=0 DISPATCHING RunStep t=74968960
GPU 1 TB=3 sid=0 DISPATCHING RunStep t=74968960
GPU 1 TB=4 sid=0 DISPATCHING RunStep t=74968960
GPU 1 TB=5 sid=0 DISPATCHING RunStep t=74968960
GPU 1 TB=6 sid=0 DISPATCHING RunStep t=74968960
GPU 1 TB=7 sid=0 DISPATCHING RunStep t=74968960
GPU 1 TB=8 sid=0 BLOCKED on network completion of TB=5 step=0 needFlag=47104 netFlag=46080 t=74968960
GPU 1 TB=9 sid=0 BLOCKED on network completion of TB=5 step=0 needFlag=47104 netFlag=46080 t=74968960
Node 1 chan 0: RDMA send to 0 totalBytes=2097152 over 1 lane(s) bid=5 sid=0 iter=46 part=0 rateGBps=0 at t=74968960
Node 1 chan 0: RDMA send to 0 totalBytes=2097152 over 1 lane(s) bid=5 sid=0 iter=46 part=1 rateGBps=0 at t=74968960
Node 1 chan 0: RDMA send to 2 totalBytes=2097152 over 1 lane(s) bid=6 sid=0 iter=46 part=0 rateGBps=0 at t=74968960
Node 1 chan 1: RDMA send to 2 totalBytes=2097152 over 1 lane(s) bid=7 sid=0 iter=46 part=0 rateGBps=0 at t=74968960
GPU 1 TB=5 arrived at iteration barrier (1/10) leaving iter=46 t=74968960
GPU 1 TB=6 arrived at iteration barrier (2/10) leaving iter=46 t=74968960
GPU 1 TB=7 arrived at iteration barrier (3/10) leaving iter=46 t=74968960
Node 3 chan 0: RDMA send to 1 physically drained (sender side) bid=7 sid=0 iter=45 nElems=524288 at t=74973177
Node 1 chan 0: transfer complete from peer 0 dst=(1,0) totalBytes=2097152 at t=75102936
Node 0 chan 0: RDMA send to 1 physically drained (sender side) bid=5 sid=0 iter=46 nElems=524288 at t=75104384
Node 2 chan 0: RDMA send to 3 physically drained (sender side) bid=9 sid=0 iter=46 nElems=524288 at t=75175777
Node 1 chan 1: transfer complete from peer 2 dst=(1,5) totalBytes=2097152 at t=75230288
GPU 1 TB=2 arrived at iteration barrier (4/10) leaving iter=46 t=75230288
Node 1 chan 0: transfer complete from peer 2 dst=(1,4) totalBytes=2097152 at t=75232284
GPU 1 TB=1 arrived at iteration barrier (5/10) leaving iter=46 t=75232284
Node 2 chan 1: RDMA send to 1 physically drained (sender side) bid=8 sid=0 iter=46 nElems=524288 at t=75234340
Node 2 chan 0: RDMA send to 1 physically drained (sender side) bid=7 sid=0 iter=46 nElems=524288 at t=75236664
GPU 2 TB=6 sid=0 DISPATCHING RunStep t=75236664
GPU 2 TB=5 sid=0 DISPATCHING RunStep t=75236664
Node 2 chan 1: RDMA send to 0 totalBytes=2097152 over 1 lane(s) bid=6 sid=0 iter=46 part=0 rateGBps=0 at t=75236664
Node 2 chan 0: RDMA send to 0 totalBytes=2097152 over 1 lane(s) bid=5 sid=0 iter=46 part=0 rateGBps=0 at t=75236664
GPU 2 TB=6 arrived at iteration barrier (4/10) leaving iter=46 t=75236664
GPU 2 TB=5 arrived at iteration barrier (5/10) leaving iter=46 t=75236664
Node 3 chan 1: transfer complete from peer 1 dst=(1,3) totalBytes=2097152 at t=75324433
GPU 3 TB=3 arrived at iteration barrier (9/10) leaving iter=45 t=75324433
Node 3 chan 0: transfer complete from peer 1 dst=(1,2) totalBytes=2097152 at t=75327421
GPU 3 TB=2 arrived at iteration barrier (10/10) leaving iter=45 t=75327421
GPU 3: iteration barrier releasing 10 threadblock(s) at t=75327421
GPU 3 TB=0 sid=0 DISPATCHING RunStep t=75327421
GPU 3 TB=1 sid=0 DISPATCHING RunStep t=75327421
GPU 3 TB=2 sid=0 DISPATCHING RunStep t=75327421
GPU 3 TB=3 sid=0 DISPATCHING RunStep t=75327421
GPU 3 TB=4 sid=0 DISPATCHING RunStep t=75327421
GPU 3 TB=5 sid=0 DISPATCHING RunStep t=75327421
GPU 3 TB=6 sid=0 DISPATCHING RunStep t=75327421
GPU 3 TB=7 sid=0 BLOCKED on network completion of TB=5 step=0 needFlag=47104 netFlag=46080 t=75327421
GPU 3 TB=8 sid=0 BLOCKED on network completion of TB=5 step=0 needFlag=47104 netFlag=46080 t=75327421
GPU 3 TB=9 sid=0 DISPATCHING RunStep t=75327421
Node 3 chan 0: RDMA send to 0 totalBytes=2097152 over 1 lane(s) bid=5 sid=0 iter=46 part=0 rateGBps=0 at t=75327421
Node 3 chan 1: RDMA send to 0 totalBytes=2097152 over 1 lane(s) bid=6 sid=0 iter=46 part=0 rateGBps=0 at t=75327421
Node 3 chan 0: RDMA send to 2 totalBytes=2097152 over 1 lane(s) bid=9 sid=0 iter=46 part=0 rateGBps=0 at t=75327421
Node 3 chan 0: RDMA send to 2 totalBytes=2097152 over 1 lane(s) bid=9 sid=0 iter=46 part=1 rateGBps=0 at t=75327421
GPU 3 TB=5 arrived at iteration barrier (1/10) leaving iter=46 t=75327421
GPU 3 TB=6 arrived at iteration barrier (2/10) leaving iter=46 t=75327421
GPU 3 TB=9 arrived at iteration barrier (3/10) leaving iter=46 t=75327421
Node 1 chan 1: RDMA send to 3 physically drained (sender side) bid=9 sid=0 iter=45 nElems=524288 at t=75328576
Node 1 chan 0: RDMA send to 3 physically drained (sender side) bid=8 sid=0 iter=45 nElems=524288 at t=75330904
Node 3 chan 1: transfer complete from peer 0 dst=(1,1) totalBytes=2097152 at t=75360645
GPU 3 TB=1 arrived at iteration barrier (4/10) leaving iter=46 t=75360645
Node 3 chan 0: transfer complete from peer 0 dst=(1,0) totalBytes=2097152 at t=75361309
GPU 3 TB=0 arrived at iteration barrier (5/10) leaving iter=46 t=75361309
Node 0 chan 1: RDMA send to 3 physically drained (sender side) bid=9 sid=0 iter=46 nElems=524288 at t=75364748
Node 0 chan 0: RDMA send to 3 physically drained (sender side) bid=8 sid=0 iter=46 nElems=524288 at t=75365416
Node 1 chan 0: transfer complete from peer 0 dst=(1,1) totalBytes=2097152 at t=75390092
GPU 1 TB=0 arrived at iteration barrier (6/10) leaving iter=46 t=75390092
Node 0 chan 0: RDMA send to 1 physically drained (sender side) bid=5 sid=0 iter=46 nElems=524288 at t=75392020
GPU 0 TB=7 sid=0 DISPATCHING RunStep t=75392020
GPU 0 TB=6 sid=0 DISPATCHING RunStep t=75392020
Node 0 chan 1: RDMA send to 2 totalBytes=2097152 over 1 lane(s) bid=7 sid=0 iter=46 part=0 rateGBps=0 at t=75392020
Node 0 chan 0: RDMA send to 2 totalBytes=2097152 over 1 lane(s) bid=6 sid=0 iter=46 part=0 rateGBps=0 at t=75392020
GPU 0 TB=7 arrived at iteration barrier (4/10) leaving iter=46 t=75392020
GPU 0 TB=6 arrived at iteration barrier (5/10) leaving iter=46 t=75392020
Node 3 chan 0: transfer complete from peer 2 dst=(1,5) totalBytes=2097152 at t=75523180
GPU 3 TB=4 arrived at iteration barrier (6/10) leaving iter=46 t=75523180
Node 2 chan 0: RDMA send to 3 physically drained (sender side) bid=9 sid=0 iter=46 nElems=524288 at t=75524772
Node 0 chan 0: transfer complete from peer 1 dst=(1,2) totalBytes=2097152 at t=75602960
Node 1 chan 0: RDMA send to 0 physically drained (sender side) bid=5 sid=0 iter=46 nElems=524288 at t=75604368
Node 2 chan 0: transfer complete from peer 1 dst=(1,2) totalBytes=2097152 at t=75813120
GPU 2 TB=2 arrived at iteration barrier (6/10) leaving iter=46 t=75813120
Node 1 chan 0: RDMA send to 2 physically drained (sender side) bid=6 sid=0 iter=46 nElems=524288 at t=75816938
Node 2 chan 1: transfer complete from peer 1 dst=(1,3) totalBytes=2097152 at t=75825752
GPU 2 TB=3 arrived at iteration barrier (7/10) leaving iter=46 t=75825752
Node 1 chan 1: RDMA send to 2 physically drained (sender side) bid=7 sid=0 iter=46 nElems=524288 at t=75828912
Node 2 chan 0: transfer complete from peer 3 dst=(1,6) totalBytes=2097152 at t=75949332
Node 3 chan 0: RDMA send to 2 physically drained (sender side) bid=9 sid=0 iter=46 nElems=524288 at t=75950740
Node 0 chan 1: transfer complete from peer 2 dst=(1,5) totalBytes=2097152 at t=76051848
GPU 0 TB=2 arrived at iteration barrier (6/10) leaving iter=46 t=76051848
Node 2 chan 1: RDMA send to 0 physically drained (sender side) bid=6 sid=0 iter=46 nElems=524288 at t=76055640
Node 0 chan 0: transfer complete from peer 2 dst=(1,4) totalBytes=2097152 at t=76058492
GPU 0 TB=1 arrived at iteration barrier (7/10) leaving iter=46 t=76058492
Node 2 chan 0: RDMA send to 0 physically drained (sender side) bid=5 sid=0 iter=46 nElems=524288 at t=76062284
Node 2 chan 0: transfer complete from peer 0 dst=(1,0) totalBytes=2097152 at t=76105112
GPU 2 TB=0 arrived at iteration barrier (8/10) leaving iter=46 t=76105112
Node 2 chan 1: transfer complete from peer 0 dst=(1,1) totalBytes=2097152 at t=76105776
GPU 2 TB=1 arrived at iteration barrier (9/10) leaving iter=46 t=76105776
Node 0 chan 0: RDMA send to 2 physically drained (sender side) bid=6 sid=0 iter=46 nElems=524288 at t=76108676
Node 0 chan 1: RDMA send to 2 physically drained (sender side) bid=7 sid=0 iter=46 nElems=524288 at t=76109344
Node 0 chan 1: transfer complete from peer 3 dst=(1,7) totalBytes=2097152 at t=76151176
GPU 0 TB=4 arrived at iteration barrier (8/10) leaving iter=46 t=76151176
Node 3 chan 1: RDMA send to 0 physically drained (sender side) bid=6 sid=0 iter=46 nElems=524288 at t=76154002
Node 0 chan 0: transfer complete from peer 3 dst=(1,6) totalBytes=2097152 at t=76154164
GPU 0 TB=3 arrived at iteration barrier (9/10) leaving iter=46 t=76154164
Node 3 chan 0: RDMA send to 0 physically drained (sender side) bid=5 sid=0 iter=46 nElems=524288 at t=76156990
GPU 3 TB=8 sid=0 DISPATCHING RunStep t=76156990
GPU 3 TB=7 sid=0 DISPATCHING RunStep t=76156990
Node 3 chan 1: RDMA send to 1 totalBytes=2097152 over 1 lane(s) bid=8 sid=0 iter=46 part=0 rateGBps=0 at t=76156990
Node 3 chan 0: RDMA send to 1 totalBytes=2097152 over 1 lane(s) bid=7 sid=0 iter=46 part=0 rateGBps=0 at t=76156990
GPU 3 TB=8 arrived at iteration barrier (7/10) leaving iter=46 t=76156990
GPU 3 TB=7 arrived at iteration barrier (8/10) leaving iter=46 t=76156990
Node 0 chan 0: transfer complete from peer 1 dst=(1,3) totalBytes=2097152 at t=76189356
GPU 0 TB=0 arrived at iteration barrier (10/10) leaving iter=46 t=76189356
GPU 0: iteration barrier releasing 10 threadblock(s) at t=76189356
GPU 0 TB=0 sid=0 DISPATCHING RunStep t=76189356
GPU 0 TB=1 sid=0 DISPATCHING RunStep t=76189356
GPU 0 TB=2 sid=0 DISPATCHING RunStep t=76189356
GPU 0 TB=3 sid=0 DISPATCHING RunStep t=76189356
GPU 0 TB=4 sid=0 DISPATCHING RunStep t=76189356
GPU 0 TB=5 sid=0 DISPATCHING RunStep t=76189356
GPU 0 TB=6 sid=0 BLOCKED on network completion of TB=5 step=0 needFlag=48128 netFlag=47104 t=76189356
GPU 0 TB=7 sid=0 BLOCKED on network completion of TB=5 step=0 needFlag=48128 netFlag=47104 t=76189356
GPU 0 TB=8 sid=0 DISPATCHING RunStep t=76189356
GPU 0 TB=9 sid=0 DISPATCHING RunStep t=76189356
Node 0 chan 0: RDMA send to 1 totalBytes=2097152 over 1 lane(s) bid=5 sid=0 iter=47 part=0 rateGBps=0 at t=76189356
Node 0 chan 0: RDMA send to 1 totalBytes=2097152 over 1 lane(s) bid=5 sid=0 iter=47 part=1 rateGBps=0 at t=76189356
Node 0 chan 0: RDMA send to 3 totalBytes=2097152 over 1 lane(s) bid=8 sid=0 iter=47 part=0 rateGBps=0 at t=76189356
Node 0 chan 1: RDMA send to 3 totalBytes=2097152 over 1 lane(s) bid=9 sid=0 iter=47 part=0 rateGBps=0 at t=76189356
GPU 0 TB=5 arrived at iteration barrier (1/10) leaving iter=47 t=76189356
GPU 0 TB=8 arrived at iteration barrier (2/10) leaving iter=47 t=76189356
GPU 0 TB=9 arrived at iteration barrier (3/10) leaving iter=47 t=76189356
Node 1 chan 0: RDMA send to 0 physically drained (sender side) bid=5 sid=0 iter=46 nElems=524288 at t=76190990
GPU 1 TB=9 sid=0 DISPATCHING RunStep t=76190990
GPU 1 TB=8 sid=0 DISPATCHING RunStep t=76190990
Node 1 chan 1: RDMA send to 3 totalBytes=2097152 over 1 lane(s) bid=9 sid=0 iter=46 part=0 rateGBps=0 at t=76190990
Node 1 chan 0: RDMA send to 3 totalBytes=2097152 over 1 lane(s) bid=8 sid=0 iter=46 part=0 rateGBps=0 at t=76190990
GPU 1 TB=9 arrived at iteration barrier (7/10) leaving iter=46 t=76190990
GPU 1 TB=8 arrived at iteration barrier (8/10) leaving iter=46 t=76190990
Node 2 chan 0: transfer complete from peer 3 dst=(1,7) totalBytes=2097152 at t=76361814
GPU 2 TB=4 arrived at iteration barrier (10/10) leaving iter=46 t=76361814
GPU 2: iteration barrier releasing 10 threadblock(s) at t=76361814
GPU 2 TB=0 sid=0 DISPATCHING RunStep t=76361814
GPU 2 TB=1 sid=0 DISPATCHING RunStep t=76361814
GPU 2 TB=2 sid=0 DISPATCHING RunStep t=76361814
GPU 2 TB=3 sid=0 DISPATCHING RunStep t=76361814
GPU 2 TB=4 sid=0 DISPATCHING RunStep t=76361814
GPU 2 TB=5 sid=0 BLOCKED on network completion of TB=7 step=0 needFlag=48128 netFlag=47104 t=76361814
GPU 2 TB=6 sid=0 BLOCKED on network completion of TB=7 step=0 needFlag=48128 netFlag=47104 t=76361814
GPU 2 TB=7 sid=0 DISPATCHING RunStep t=76361814
GPU 2 TB=8 sid=0 DISPATCHING RunStep t=76361814
GPU 2 TB=9 sid=0 DISPATCHING RunStep t=76361814
Node 2 chan 0: RDMA send to 1 totalBytes=2097152 over 1 lane(s) bid=7 sid=0 iter=47 part=0 rateGBps=0 at t=76361814
Node 2 chan 1: RDMA send to 1 totalBytes=2097152 over 1 lane(s) bid=8 sid=0 iter=47 part=0 rateGBps=0 at t=76361814
Node 2 chan 0: RDMA send to 3 totalBytes=2097152 over 1 lane(s) bid=9 sid=0 iter=47 part=0 rateGBps=0 at t=76361814
Node 2 chan 0: RDMA send to 3 totalBytes=2097152 over 1 lane(s) bid=9 sid=0 iter=47 part=1 rateGBps=0 at t=76361814
GPU 2 TB=7 arrived at iteration barrier (1/10) leaving iter=47 t=76361814
GPU 2 TB=8 arrived at iteration barrier (2/10) leaving iter=47 t=76361814
GPU 2 TB=9 arrived at iteration barrier (3/10) leaving iter=47 t=76361814
Node 3 chan 0: RDMA send to 2 physically drained (sender side) bid=9 sid=0 iter=46 nElems=524288 at t=76363396
Node 0 chan 0: RDMA send to 1 physically drained (sender side) bid=5 sid=0 iter=47 nElems=524288 at t=76824384
Node 1 chan 1: transfer complete from peer 3 dst=(1,7) totalBytes=2097152 at t=76901040
GPU 1 TB=4 arrived at iteration barrier (9/10) leaving iter=46 t=76901040
Node 3 chan 1: RDMA send to 1 physically drained (sender side) bid=8 sid=0 iter=46 nElems=524288 at t=76904568
Node 1 chan 0: transfer complete from peer 3 dst=(1,6) totalBytes=2097152 at t=76908012
GPU 1 TB=3 arrived at iteration barrier (10/10) leaving iter=46 t=76908012
GPU 1: iteration barrier releasing 10 threadblock(s) at t=76908012
GPU 1 TB=0 sid=0 DISPATCHING RunStep t=76908012
GPU 1 TB=1 sid=0 DISPATCHING RunStep t=76908012
GPU 1 TB=2 sid=0 DISPATCHING RunStep t=76908012
GPU 1 TB=3 sid=0 DISPATCHING RunStep t=76908012
GPU 1 TB=4 sid=0 DISPATCHING RunStep t=76908012
GPU 1 TB=5 sid=0 DISPATCHING RunStep t=76908012
GPU 1 TB=6 sid=0 DISPATCHING RunStep t=76908012
GPU 1 TB=7 sid=0 DISPATCHING RunStep t=76908012
GPU 1 TB=8 sid=0 BLOCKED on network completion of TB=5 step=0 needFlag=48128 netFlag=47104 t=76908012
GPU 1 TB=9 sid=0 BLOCKED on network completion of TB=5 step=0 needFlag=48128 netFlag=47104 t=76908012
Node 1 chan 0: RDMA send to 0 totalBytes=2097152 over 1 lane(s) bid=5 sid=0 iter=47 part=0 rateGBps=0 at t=76908012
Node 1 chan 0: RDMA send to 0 totalBytes=2097152 over 1 lane(s) bid=5 sid=0 iter=47 part=1 rateGBps=0 at t=76908012
Node 1 chan 0: RDMA send to 2 totalBytes=2097152 over 1 lane(s) bid=6 sid=0 iter=47 part=0 rateGBps=0 at t=76908012
Node 1 chan 1: RDMA send to 2 totalBytes=2097152 over 1 lane(s) bid=7 sid=0 iter=47 part=0 rateGBps=0 at t=76908012
GPU 1 TB=5 arrived at iteration barrier (1/10) leaving iter=47 t=76908012
GPU 1 TB=6 arrived at iteration barrier (2/10) leaving iter=47 t=76908012
GPU 1 TB=7 arrived at iteration barrier (3/10) leaving iter=47 t=76908012
Node 3 chan 0: RDMA send to 1 physically drained (sender side) bid=7 sid=0 iter=46 nElems=524288 at t=76912212
Node 0 chan 0: RDMA send to 3 physically drained (sender side) bid=8 sid=0 iter=47 nElems=524288 at t=77025643
Node 3 chan 1: transfer complete from peer 1 dst=(1,3) totalBytes=2097152 at t=77027416
GPU 3 TB=3 arrived at iteration barrier (9/10) leaving iter=46 t=77027416
Node 3 chan 0: transfer complete from peer 1 dst=(1,2) totalBytes=2097152 at t=77029076
GPU 3 TB=2 arrived at iteration barrier (10/10) leaving iter=46 t=77029076
GPU 3: iteration barrier releasing 10 threadblock(s) at t=77029076
GPU 3 TB=0 sid=0 DISPATCHING RunStep t=77029076
GPU 3 TB=1 sid=0 DISPATCHING RunStep t=77029076
GPU 3 TB=2 sid=0 DISPATCHING RunStep t=77029076
GPU 3 TB=3 sid=0 DISPATCHING RunStep t=77029076
GPU 3 TB=4 sid=0 DISPATCHING RunStep t=77029076
GPU 3 TB=5 sid=0 DISPATCHING RunStep t=77029076
GPU 3 TB=6 sid=0 DISPATCHING RunStep t=77029076
GPU 3 TB=7 sid=0 BLOCKED on network completion of TB=5 step=0 needFlag=48128 netFlag=47104 t=77029076
GPU 3 TB=8 sid=0 BLOCKED on network completion of TB=5 step=0 needFlag=48128 netFlag=47104 t=77029076
GPU 3 TB=9 sid=0 DISPATCHING RunStep t=77029076
Node 3 chan 0: RDMA send to 0 totalBytes=2097152 over 1 lane(s) bid=5 sid=0 iter=47 part=0 rateGBps=0 at t=77029076
Node 3 chan 1: RDMA send to 0 totalBytes=2097152 over 1 lane(s) bid=6 sid=0 iter=47 part=0 rateGBps=0 at t=77029076
Node 3 chan 0: RDMA send to 2 totalBytes=2097152 over 1 lane(s) bid=9 sid=0 iter=47 part=0 rateGBps=0 at t=77029076
Node 3 chan 0: RDMA send to 2 totalBytes=2097152 over 1 lane(s) bid=9 sid=0 iter=47 part=1 rateGBps=0 at t=77029076
GPU 3 TB=0 arrived at iteration barrier (1/10) leaving iter=47 t=77029076
GPU 3 TB=5 arrived at iteration barrier (2/10) leaving iter=47 t=77029076
GPU 3 TB=6 arrived at iteration barrier (3/10) leaving iter=47 t=77029076
GPU 3 TB=9 arrived at iteration barrier (4/10) leaving iter=47 t=77029076
Node 3 chan 1: transfer complete from peer 0 dst=(1,1) totalBytes=2097152 at t=77029408
GPU 3 TB=1 arrived at iteration barrier (5/10) leaving iter=47 t=77029408
Node 1 chan 1: RDMA send to 3 physically drained (sender side) bid=9 sid=0 iter=46 nElems=524288 at t=77031376
Node 1 chan 0: RDMA send to 3 physically drained (sender side) bid=8 sid=0 iter=46 nElems=524288 at t=77032044
Node 0 chan 1: RDMA send to 3 physically drained (sender side) bid=9 sid=0 iter=47 nElems=524288 at t=77032460
Node 3 chan 0: transfer complete from peer 2 dst=(1,4) totalBytes=2097152 at t=77057818
Node 2 chan 0: RDMA send to 3 physically drained (sender side) bid=9 sid=0 iter=47 nElems=524288 at t=77059422
Node 1 chan 1: transfer complete from peer 2 dst=(1,5) totalBytes=2097152 at t=77152076
GPU 1 TB=2 arrived at iteration barrier (4/10) leaving iter=47 t=77152076
Node 1 chan 0: transfer complete from peer 2 dst=(1,4) totalBytes=2097152 at t=77152408
GPU 1 TB=1 arrived at iteration barrier (5/10) leaving iter=47 t=77152408
Node 2 chan 1: RDMA send to 1 physically drained (sender side) bid=8 sid=0 iter=47 nElems=524288 at t=77155862
Node 2 chan 0: RDMA send to 1 physically drained (sender side) bid=7 sid=0 iter=47 nElems=524288 at t=77156530
GPU 2 TB=6 sid=0 DISPATCHING RunStep t=77156530
GPU 2 TB=5 sid=0 DISPATCHING RunStep t=77156530
Node 2 chan 1: RDMA send to 0 totalBytes=2097152 over 1 lane(s) bid=6 sid=0 iter=47 part=0 rateGBps=0 at t=77156530
Node 2 chan 0: RDMA send to 0 totalBytes=2097152 over 1 lane(s) bid=5 sid=0 iter=47 part=0 rateGBps=0 at t=77156530
GPU 2 TB=6 arrived at iteration barrier (4/10) leaving iter=47 t=77156530
GPU 2 TB=5 arrived at iteration barrier (5/10) leaving iter=47 t=77156530
Node 1 chan 0: transfer complete from peer 0 dst=(1,1) totalBytes=2097152 at t=77192304
GPU 1 TB=0 arrived at iteration barrier (6/10) leaving iter=47 t=77192304
Node 0 chan 0: RDMA send to 1 physically drained (sender side) bid=5 sid=0 iter=47 nElems=524288 at t=77193831
GPU 0 TB=7 sid=0 DISPATCHING RunStep t=77193831
GPU 0 TB=6 sid=0 DISPATCHING RunStep t=77193831
Node 0 chan 1: RDMA send to 2 totalBytes=2097152 over 1 lane(s) bid=7 sid=0 iter=47 part=0 rateGBps=0 at t=77193831
Node 0 chan 0: RDMA send to 2 totalBytes=2097152 over 1 lane(s) bid=6 sid=0 iter=47 part=0 rateGBps=0 at t=77193831
GPU 0 TB=7 arrived at iteration barrier (4/10) leaving iter=47 t=77193831
GPU 0 TB=6 arrived at iteration barrier (5/10) leaving iter=47 t=77193831
Node 3 chan 0: transfer complete from peer 2 dst=(1,5) totalBytes=2097152 at t=77339134
GPU 3 TB=4 arrived at iteration barrier (6/10) leaving iter=47 t=77339134
Node 2 chan 0: RDMA send to 3 physically drained (sender side) bid=9 sid=0 iter=47 nElems=524288 at t=77340718
Node 0 chan 0: transfer complete from peer 1 dst=(1,2) totalBytes=2097152 at t=77571867
Node 1 chan 0: RDMA send to 0 physically drained (sender side) bid=5 sid=0 iter=47 nElems=524288 at t=77573275
Node 2 chan 0: transfer complete from peer 1 dst=(1,2) totalBytes=2097152 at t=77651994
GPU 2 TB=2 arrived at iteration barrier (6/10) leaving iter=47 t=77651994
Node 1 chan 0: RDMA send to 2 physically drained (sender side) bid=6 sid=0 iter=47 nElems=524288 at t=77655902
Node 2 chan 1: transfer complete from peer 1 dst=(1,3) totalBytes=2097152 at t=77662626
GPU 2 TB=3 arrived at iteration barrier (7/10) leaving iter=47 t=77662626
Node 1 chan 1: RDMA send to 2 physically drained (sender side) bid=7 sid=0 iter=47 nElems=524288 at t=77666534
Node 2 chan 0: transfer complete from peer 3 dst=(1,6) totalBytes=2097152 at t=77674582
Node 3 chan 0: RDMA send to 2 physically drained (sender side) bid=9 sid=0 iter=47 nElems=524288 at t=77675990
Node 0 chan 0: transfer complete from peer 3 dst=(1,6) totalBytes=2097152 at t=77836031
GPU 0 TB=3 arrived at iteration barrier (6/10) leaving iter=47 t=77836031
Node 0 chan 1: transfer complete from peer 3 dst=(1,7) totalBytes=2097152 at t=77837031
GPU 0 TB=4 arrived at iteration barrier (7/10) leaving iter=47 t=77837031
Node 3 chan 0: RDMA send to 0 physically drained (sender side) bid=5 sid=0 iter=47 nElems=524288 at t=77839840
GPU 3 TB=8 sid=0 DISPATCHING RunStep t=77839840
GPU 3 TB=7 sid=0 DISPATCHING RunStep t=77839840
Node 3 chan 1: RDMA send to 1 totalBytes=2097152 over 1 lane(s) bid=8 sid=0 iter=47 part=0 rateGBps=0 at t=77839840
Node 3 chan 0: RDMA send to 1 totalBytes=2097152 over 1 lane(s) bid=7 sid=0 iter=47 part=0 rateGBps=0 at t=77839840
GPU 3 TB=8 arrived at iteration barrier (7/10) leaving iter=47 t=77839840
GPU 3 TB=7 arrived at iteration barrier (8/10) leaving iter=47 t=77839840
Node 3 chan 1: RDMA send to 0 physically drained (sender side) bid=6 sid=0 iter=47 nElems=524288 at t=77840840
Node 2 chan 0: transfer complete from peer 0 dst=(1,0) totalBytes=2097152 at t=77914450
GPU 2 TB=0 arrived at iteration barrier (8/10) leaving iter=47 t=77914450
Node 2 chan 1: transfer complete from peer 0 dst=(1,1) totalBytes=2097152 at t=77916450
GPU 2 TB=1 arrived at iteration barrier (9/10) leaving iter=47 t=77916450
Node 0 chan 0: RDMA send to 2 physically drained (sender side) bid=6 sid=0 iter=47 nElems=524288 at t=77918787
Node 0 chan 1: RDMA send to 2 physically drained (sender side) bid=7 sid=0 iter=47 nElems=524288 at t=77920783
Node 0 chan 0: transfer complete from peer 2 dst=(1,4) totalBytes=2097152 at t=77996147
GPU 0 TB=1 arrived at iteration barrier (8/10) leaving iter=47 t=77996147
Node 0 chan 1: transfer complete from peer 2 dst=(1,5) totalBytes=2097152 at t=77998471
GPU 0 TB=2 arrived at iteration barrier (9/10) leaving iter=47 t=77998471
Node 2 chan 0: RDMA send to 0 physically drained (sender side) bid=5 sid=0 iter=47 nElems=524288 at t=77999116
Node 2 chan 1: RDMA send to 0 physically drained (sender side) bid=6 sid=0 iter=47 nElems=524288 at t=78001297
Node 0 chan 0: transfer complete from peer 1 dst=(1,3) totalBytes=2097152 at t=78031339
GPU 0 TB=0 arrived at iteration barrier (10/10) leaving iter=47 t=78031339
GPU 0: iteration barrier releasing 10 threadblock(s) at t=78031339
GPU 0 TB=0 sid=0 DISPATCHING RunStep t=78031339
GPU 0 TB=1 sid=0 DISPATCHING RunStep t=78031339
GPU 0 TB=2 sid=0 DISPATCHING RunStep t=78031339
GPU 0 TB=3 sid=0 DISPATCHING RunStep t=78031339
GPU 0 TB=4 sid=0 DISPATCHING RunStep t=78031339
GPU 0 TB=5 sid=0 DISPATCHING RunStep t=78031339
GPU 0 TB=6 sid=0 BLOCKED on network completion of TB=5 step=0 needFlag=49152 netFlag=48128 t=78031339
GPU 0 TB=7 sid=0 BLOCKED on network completion of TB=5 step=0 needFlag=49152 netFlag=48128 t=78031339
GPU 0 TB=8 sid=0 DISPATCHING RunStep t=78031339
GPU 0 TB=9 sid=0 DISPATCHING RunStep t=78031339
Node 0 chan 0: RDMA send to 1 totalBytes=2097152 over 1 lane(s) bid=5 sid=0 iter=48 part=0 rateGBps=0 at t=78031339
Node 0 chan 0: RDMA send to 1 totalBytes=2097152 over 1 lane(s) bid=5 sid=0 iter=48 part=1 rateGBps=0 at t=78031339
Node 0 chan 0: RDMA send to 3 totalBytes=2097152 over 1 lane(s) bid=8 sid=0 iter=48 part=0 rateGBps=0 at t=78031339
Node 0 chan 1: RDMA send to 3 totalBytes=2097152 over 1 lane(s) bid=9 sid=0 iter=48 part=0 rateGBps=0 at t=78031339
GPU 0 TB=5 arrived at iteration barrier (1/10) leaving iter=48 t=78031339
GPU 0 TB=8 arrived at iteration barrier (2/10) leaving iter=48 t=78031339
GPU 0 TB=9 arrived at iteration barrier (3/10) leaving iter=48 t=78031339
Node 1 chan 0: RDMA send to 0 physically drained (sender side) bid=5 sid=0 iter=47 nElems=524288 at t=78033052
GPU 1 TB=9 sid=0 DISPATCHING RunStep t=78033052
GPU 1 TB=8 sid=0 DISPATCHING RunStep t=78033052
Node 1 chan 1: RDMA send to 3 totalBytes=2097152 over 1 lane(s) bid=9 sid=0 iter=47 part=0 rateGBps=0 at t=78033052
Node 1 chan 0: RDMA send to 3 totalBytes=2097152 over 1 lane(s) bid=8 sid=0 iter=47 part=0 rateGBps=0 at t=78033052
GPU 1 TB=9 arrived at iteration barrier (7/10) leaving iter=47 t=78033052
GPU 1 TB=8 arrived at iteration barrier (8/10) leaving iter=47 t=78033052
Node 2 chan 0: transfer complete from peer 3 dst=(1,7) totalBytes=2097152 at t=78119748
GPU 2 TB=4 arrived at iteration barrier (10/10) leaving iter=47 t=78119748
GPU 2: iteration barrier releasing 10 threadblock(s) at t=78119748
GPU 2 TB=0 sid=0 DISPATCHING RunStep t=78119748
GPU 2 TB=1 sid=0 DISPATCHING RunStep t=78119748
GPU 2 TB=2 sid=0 DISPATCHING RunStep t=78119748
GPU 2 TB=3 sid=0 DISPATCHING RunStep t=78119748
GPU 2 TB=4 sid=0 DISPATCHING RunStep t=78119748
GPU 2 TB=5 sid=0 BLOCKED on network completion of TB=7 step=0 needFlag=49152 netFlag=48128 t=78119748
GPU 2 TB=6 sid=0 BLOCKED on network completion of TB=7 step=0 needFlag=49152 netFlag=48128 t=78119748
GPU 2 TB=7 sid=0 DISPATCHING RunStep t=78119748
GPU 2 TB=8 sid=0 DISPATCHING RunStep t=78119748
GPU 2 TB=9 sid=0 DISPATCHING RunStep t=78119748
Node 2 chan 0: RDMA send to 1 totalBytes=2097152 over 1 lane(s) bid=7 sid=0 iter=48 part=0 rateGBps=0 at t=78119748
Node 2 chan 1: RDMA send to 1 totalBytes=2097152 over 1 lane(s) bid=8 sid=0 iter=48 part=0 rateGBps=0 at t=78119748
Node 2 chan 0: RDMA send to 3 totalBytes=2097152 over 1 lane(s) bid=9 sid=0 iter=48 part=0 rateGBps=0 at t=78119748
Node 2 chan 0: RDMA send to 3 totalBytes=2097152 over 1 lane(s) bid=9 sid=0 iter=48 part=1 rateGBps=0 at t=78119748
GPU 2 TB=7 arrived at iteration barrier (1/10) leaving iter=48 t=78119748
GPU 2 TB=8 arrived at iteration barrier (2/10) leaving iter=48 t=78119748
GPU 2 TB=9 arrived at iteration barrier (3/10) leaving iter=48 t=78119748
Node 3 chan 0: RDMA send to 2 physically drained (sender side) bid=9 sid=0 iter=47 nElems=524288 at t=78121243
Node 1 chan 0: transfer complete from peer 3 dst=(1,6) totalBytes=2097152 at t=78554651
GPU 1 TB=3 arrived at iteration barrier (9/10) leaving iter=47 t=78554651
Node 3 chan 0: RDMA send to 1 physically drained (sender side) bid=7 sid=0 iter=47 nElems=524288 at t=78558439
Node 1 chan 1: transfer complete from peer 3 dst=(1,7) totalBytes=2097152 at t=78560959
GPU 1 TB=4 arrived at iteration barrier (10/10) leaving iter=47 t=78560959
GPU 1: iteration barrier releasing 10 threadblock(s) at t=78560959
GPU 1 TB=0 sid=0 DISPATCHING RunStep t=78560959
GPU 1 TB=1 sid=0 DISPATCHING RunStep t=78560959
GPU 1 TB=2 sid=0 DISPATCHING RunStep t=78560959
GPU 1 TB=3 sid=0 DISPATCHING RunStep t=78560959
GPU 1 TB=4 sid=0 DISPATCHING RunStep t=78560959
GPU 1 TB=5 sid=0 DISPATCHING RunStep t=78560959
GPU 1 TB=6 sid=0 DISPATCHING RunStep t=78560959
GPU 1 TB=7 sid=0 DISPATCHING RunStep t=78560959
GPU 1 TB=8 sid=0 BLOCKED on network completion of TB=5 step=0 needFlag=49152 netFlag=48128 t=78560959
GPU 1 TB=9 sid=0 BLOCKED on network completion of TB=5 step=0 needFlag=49152 netFlag=48128 t=78560959
Node 1 chan 0: RDMA send to 0 totalBytes=2097152 over 1 lane(s) bid=5 sid=0 iter=48 part=0 rateGBps=0 at t=78560959
Node 1 chan 0: RDMA send to 0 totalBytes=2097152 over 1 lane(s) bid=5 sid=0 iter=48 part=1 rateGBps=0 at t=78560959
Node 1 chan 0: RDMA send to 2 totalBytes=2097152 over 1 lane(s) bid=6 sid=0 iter=48 part=0 rateGBps=0 at t=78560959
Node 1 chan 1: RDMA send to 2 totalBytes=2097152 over 1 lane(s) bid=7 sid=0 iter=48 part=0 rateGBps=0 at t=78560959
GPU 1 TB=5 arrived at iteration barrier (1/10) leaving iter=48 t=78560959
GPU 1 TB=6 arrived at iteration barrier (2/10) leaving iter=48 t=78560959
GPU 1 TB=7 arrived at iteration barrier (3/10) leaving iter=48 t=78560959
Node 3 chan 1: RDMA send to 1 physically drained (sender side) bid=8 sid=0 iter=47 nElems=524288 at t=78565083
Node 1 chan 0: transfer complete from peer 0 dst=(1,0) totalBytes=2097152 at t=78660027
Node 0 chan 0: RDMA send to 1 physically drained (sender side) bid=5 sid=0 iter=48 nElems=524288 at t=78661791
Node 2 chan 0: RDMA send to 3 physically drained (sender side) bid=9 sid=0 iter=48 nElems=524288 at t=78789927
Node 1 chan 0: transfer complete from peer 2 dst=(1,4) totalBytes=2097152 at t=78835591
GPU 1 TB=1 arrived at iteration barrier (4/10) leaving iter=48 t=78835591
Node 1 chan 1: transfer complete from peer 2 dst=(1,5) totalBytes=2097152 at t=78837583
GPU 1 TB=2 arrived at iteration barrier (5/10) leaving iter=48 t=78837583
Node 2 chan 0: RDMA send to 1 physically drained (sender side) bid=7 sid=0 iter=48 nElems=524288 at t=78839307
GPU 2 TB=6 sid=0 DISPATCHING RunStep t=78839307
GPU 2 TB=5 sid=0 DISPATCHING RunStep t=78839307
Node 2 chan 1: RDMA send to 0 totalBytes=2097152 over 1 lane(s) bid=6 sid=0 iter=48 part=0 rateGBps=0 at t=78839307
Node 2 chan 0: RDMA send to 0 totalBytes=2097152 over 1 lane(s) bid=5 sid=0 iter=48 part=0 rateGBps=0 at t=78839307
GPU 2 TB=6 arrived at iteration barrier (4/10) leaving iter=48 t=78839307
GPU 2 TB=5 arrived at iteration barrier (5/10) leaving iter=48 t=78839307
Node 2 chan 1: RDMA send to 1 physically drained (sender side) bid=8 sid=0 iter=48 nElems=524288 at t=78841963
Node 0 chan 0: RDMA send to 3 physically drained (sender side) bid=8 sid=0 iter=48 nElems=524288 at t=78931515
Node 0 chan 1: RDMA send to 3 physically drained (sender side) bid=9 sid=0 iter=48 nElems=524288 at t=78939499
Node 3 chan 0: transfer complete from peer 1 dst=(1,2) totalBytes=2097152 at t=78942235
GPU 3 TB=2 arrived at iteration barrier (9/10) leaving iter=47 t=78942235
Node 3 chan 1: transfer complete from peer 1 dst=(1,3) totalBytes=2097152 at t=78942899
GPU 3 TB=3 arrived at iteration barrier (10/10) leaving iter=47 t=78942899
GPU 3: iteration barrier releasing 10 threadblock(s) at t=78942899
GPU 3 TB=0 sid=0 DISPATCHING RunStep t=78942899
GPU 3 TB=1 sid=0 DISPATCHING RunStep t=78942899
GPU 3 TB=2 sid=0 DISPATCHING RunStep t=78942899
GPU 3 TB=3 sid=0 DISPATCHING RunStep t=78942899
GPU 3 TB=4 sid=0 DISPATCHING RunStep t=78942899
GPU 3 TB=5 sid=0 DISPATCHING RunStep t=78942899
GPU 3 TB=6 sid=0 DISPATCHING RunStep t=78942899
GPU 3 TB=7 sid=0 BLOCKED on network completion of TB=5 step=0 needFlag=49152 netFlag=48128 t=78942899
GPU 3 TB=8 sid=0 BLOCKED on network completion of TB=5 step=0 needFlag=49152 netFlag=48128 t=78942899
GPU 3 TB=9 sid=0 DISPATCHING RunStep t=78942899
Node 3 chan 0: RDMA send to 0 totalBytes=2097152 over 1 lane(s) bid=5 sid=0 iter=48 part=0 rateGBps=0 at t=78942899
Node 3 chan 1: RDMA send to 0 totalBytes=2097152 over 1 lane(s) bid=6 sid=0 iter=48 part=0 rateGBps=0 at t=78942899
Node 3 chan 0: RDMA send to 2 totalBytes=2097152 over 1 lane(s) bid=9 sid=0 iter=48 part=0 rateGBps=0 at t=78942899
Node 3 chan 0: RDMA send to 2 totalBytes=2097152 over 1 lane(s) bid=9 sid=0 iter=48 part=1 rateGBps=0 at t=78942899
GPU 3 TB=0 arrived at iteration barrier (1/10) leaving iter=48 t=78942899
GPU 3 TB=1 arrived at iteration barrier (2/10) leaving iter=48 t=78942899
GPU 3 TB=5 arrived at iteration barrier (3/10) leaving iter=48 t=78942899
GPU 3 TB=6 arrived at iteration barrier (4/10) leaving iter=48 t=78942899
GPU 3 TB=9 arrived at iteration barrier (5/10) leaving iter=48 t=78942899
Node 1 chan 0: RDMA send to 3 physically drained (sender side) bid=8 sid=0 iter=47 nElems=524288 at t=78945527
Node 1 chan 1: RDMA send to 3 physically drained (sender side) bid=9 sid=0 iter=47 nElems=524288 at t=78946195
Node 1 chan 0: transfer complete from peer 0 dst=(1,1) totalBytes=2097152 at t=78957835
GPU 1 TB=0 arrived at iteration barrier (6/10) leaving iter=48 t=78957835
Node 0 chan 0: RDMA send to 1 physically drained (sender side) bid=5 sid=0 iter=48 nElems=524288 at t=78959783
GPU 0 TB=7 sid=0 DISPATCHING RunStep t=78959783
GPU 0 TB=6 sid=0 DISPATCHING RunStep t=78959783
Node 0 chan 1: RDMA send to 2 totalBytes=2097152 over 1 lane(s) bid=7 sid=0 iter=48 part=0 rateGBps=0 at t=78959783
Node 0 chan 0: RDMA send to 2 totalBytes=2097152 over 1 lane(s) bid=6 sid=0 iter=48 part=0 rateGBps=0 at t=78959783
GPU 0 TB=7 arrived at iteration barrier (4/10) leaving iter=48 t=78959783
GPU 0 TB=6 arrived at iteration barrier (5/10) leaving iter=48 t=78959783
Node 3 chan 0: transfer complete from peer 2 dst=(1,5) totalBytes=2097152 at t=79137891
GPU 3 TB=4 arrived at iteration barrier (6/10) leaving iter=48 t=79137891
Node 2 chan 0: RDMA send to 3 physically drained (sender side) bid=9 sid=0 iter=48 nElems=524288 at t=79139587
Node 0 chan 0: transfer complete from peer 1 dst=(1,2) totalBytes=2097152 at t=79179027
Node 1 chan 0: RDMA send to 0 physically drained (sender side) bid=5 sid=0 iter=48 nElems=524288 at t=79180439
Node 2 chan 0: transfer complete from peer 1 dst=(1,2) totalBytes=2097152 at t=79428603
GPU 2 TB=2 arrived at iteration barrier (6/10) leaving iter=48 t=79428603
Node 2 chan 1: transfer complete from peer 1 dst=(1,3) totalBytes=2097152 at t=79429599
GPU 2 TB=3 arrived at iteration barrier (7/10) leaving iter=48 t=79429599
Node 1 chan 0: RDMA send to 2 physically drained (sender side) bid=6 sid=0 iter=48 nElems=524288 at t=79431429
Node 1 chan 1: RDMA send to 2 physically drained (sender side) bid=7 sid=0 iter=48 nElems=524288 at t=79432776
Node 2 chan 0: transfer complete from peer 3 dst=(1,6) totalBytes=2097152 at t=79588399
Node 3 chan 0: RDMA send to 2 physically drained (sender side) bid=9 sid=0 iter=48 nElems=524288 at t=79590135
Node 0 chan 0: transfer complete from peer 2 dst=(1,4) totalBytes=2097152 at t=79655163
GPU 0 TB=1 arrived at iteration barrier (6/10) leaving iter=48 t=79655163
Node 0 chan 1: transfer complete from peer 2 dst=(1,5) totalBytes=2097152 at t=79656159
GPU 0 TB=2 arrived at iteration barrier (7/10) leaving iter=48 t=79656159
Node 2 chan 0: RDMA send to 0 physically drained (sender side) bid=5 sid=0 iter=48 nElems=524288 at t=79659823
Node 2 chan 1: RDMA send to 0 physically drained (sender side) bid=6 sid=0 iter=48 nElems=524288 at t=79659827
Node 2 chan 0: transfer complete from peer 0 dst=(1,0) totalBytes=2097152 at t=79678751
GPU 2 TB=0 arrived at iteration barrier (8/10) leaving iter=48 t=79678751
Node 2 chan 1: transfer complete from peer 0 dst=(1,1) totalBytes=2097152 at t=79682071
GPU 2 TB=1 arrived at iteration barrier (9/10) leaving iter=48 t=79682071
Node 0 chan 0: RDMA send to 2 physically drained (sender side) bid=6 sid=0 iter=48 nElems=524288 at t=79682747
Node 0 chan 1: RDMA send to 2 physically drained (sender side) bid=7 sid=0 iter=48 nElems=524288 at t=79685739
Node 0 chan 1: transfer complete from peer 3 dst=(1,7) totalBytes=2097152 at t=79762763
GPU 0 TB=4 arrived at iteration barrier (8/10) leaving iter=48 t=79762763
Node 0 chan 0: transfer complete from peer 3 dst=(1,6) totalBytes=2097152 at t=79764423
GPU 0 TB=3 arrived at iteration barrier (9/10) leaving iter=48 t=79764423
Node 3 chan 1: RDMA send to 0 physically drained (sender side) bid=6 sid=0 iter=48 nElems=524288 at t=79765589
Node 3 chan 0: RDMA send to 0 physically drained (sender side) bid=5 sid=0 iter=48 nElems=524288 at t=79767249
GPU 3 TB=8 sid=0 DISPATCHING RunStep t=79767249
GPU 3 TB=7 sid=0 DISPATCHING RunStep t=79767249
Node 3 chan 1: RDMA send to 1 totalBytes=2097152 over 1 lane(s) bid=8 sid=0 iter=48 part=0 rateGBps=0 at t=79767249
Node 3 chan 0: RDMA send to 1 totalBytes=2097152 over 1 lane(s) bid=7 sid=0 iter=48 part=0 rateGBps=0 at t=79767249
GPU 3 TB=8 arrived at iteration barrier (7/10) leaving iter=48 t=79767249
GPU 3 TB=7 arrived at iteration barrier (8/10) leaving iter=48 t=79767249
Node 0 chan 0: transfer complete from peer 1 dst=(1,3) totalBytes=2097152 at t=79787995
GPU 0 TB=0 arrived at iteration barrier (10/10) leaving iter=48 t=79787995
GPU 0: iteration barrier releasing 10 threadblock(s) at t=79787995
GPU 0 TB=0 sid=0 DISPATCHING RunStep t=79787995
GPU 0 TB=1 sid=0 DISPATCHING RunStep t=79787995
GPU 0 TB=2 sid=0 DISPATCHING RunStep t=79787995
GPU 0 TB=3 sid=0 DISPATCHING RunStep t=79787995
GPU 0 TB=4 sid=0 DISPATCHING RunStep t=79787995
GPU 0 TB=5 sid=0 DISPATCHING RunStep t=79787995
GPU 0 TB=6 sid=0 BLOCKED on network completion of TB=5 step=0 needFlag=50176 netFlag=49152 t=79787995
GPU 0 TB=7 sid=0 BLOCKED on network completion of TB=5 step=0 needFlag=50176 netFlag=49152 t=79787995
GPU 0 TB=8 sid=0 DISPATCHING RunStep t=79787995
GPU 0 TB=9 sid=0 DISPATCHING RunStep t=79787995
Node 0 chan 0: RDMA send to 1 totalBytes=2097152 over 1 lane(s) bid=5 sid=0 iter=49 part=0 rateGBps=0 at t=79787995
Node 0 chan 0: RDMA send to 1 totalBytes=2097152 over 1 lane(s) bid=5 sid=0 iter=49 part=1 rateGBps=0 at t=79787995
Node 0 chan 0: RDMA send to 3 totalBytes=2097152 over 1 lane(s) bid=8 sid=0 iter=49 part=0 rateGBps=0 at t=79787995
Node 0 chan 1: RDMA send to 3 totalBytes=2097152 over 1 lane(s) bid=9 sid=0 iter=49 part=0 rateGBps=0 at t=79787995
GPU 0 TB=5 arrived at iteration barrier (1/10) leaving iter=49 t=79787995
GPU 0 TB=8 arrived at iteration barrier (2/10) leaving iter=49 t=79787995
GPU 0 TB=9 arrived at iteration barrier (3/10) leaving iter=49 t=79787995
Node 1 chan 0: RDMA send to 0 physically drained (sender side) bid=5 sid=0 iter=48 nElems=524288 at t=79789621
GPU 1 TB=9 sid=0 DISPATCHING RunStep t=79789621
GPU 1 TB=8 sid=0 DISPATCHING RunStep t=79789621
Node 1 chan 1: RDMA send to 3 totalBytes=2097152 over 1 lane(s) bid=9 sid=0 iter=48 part=0 rateGBps=0 at t=79789621
Node 1 chan 0: RDMA send to 3 totalBytes=2097152 over 1 lane(s) bid=8 sid=0 iter=48 part=0 rateGBps=0 at t=79789621
GPU 1 TB=9 arrived at iteration barrier (7/10) leaving iter=48 t=79789621
GPU 1 TB=8 arrived at iteration barrier (8/10) leaving iter=48 t=79789621
Node 2 chan 0: transfer complete from peer 3 dst=(1,7) totalBytes=2097152 at t=80005997
GPU 2 TB=4 arrived at iteration barrier (10/10) leaving iter=48 t=80005997
GPU 2: iteration barrier releasing 10 threadblock(s) at t=80005997
GPU 2 TB=0 sid=0 DISPATCHING RunStep t=80005997
GPU 2 TB=1 sid=0 DISPATCHING RunStep t=80005997
GPU 2 TB=2 sid=0 DISPATCHING RunStep t=80005997
GPU 2 TB=3 sid=0 DISPATCHING RunStep t=80005997
GPU 2 TB=4 sid=0 DISPATCHING RunStep t=80005997
GPU 2 TB=5 sid=0 BLOCKED on network completion of TB=7 step=0 needFlag=50176 netFlag=49152 t=80005997
GPU 2 TB=6 sid=0 BLOCKED on network completion of TB=7 step=0 needFlag=50176 netFlag=49152 t=80005997
GPU 2 TB=7 sid=0 DISPATCHING RunStep t=80005997
GPU 2 TB=8 sid=0 DISPATCHING RunStep t=80005997
GPU 2 TB=9 sid=0 DISPATCHING RunStep t=80005997
Node 2 chan 0: RDMA send to 1 totalBytes=2097152 over 1 lane(s) bid=7 sid=0 iter=49 part=0 rateGBps=0 at t=80005997
Node 2 chan 1: RDMA send to 1 totalBytes=2097152 over 1 lane(s) bid=8 sid=0 iter=49 part=0 rateGBps=0 at t=80005997
Node 2 chan 0: RDMA send to 3 totalBytes=2097152 over 1 lane(s) bid=9 sid=0 iter=49 part=0 rateGBps=0 at t=80005997
Node 2 chan 0: RDMA send to 3 totalBytes=2097152 over 1 lane(s) bid=9 sid=0 iter=49 part=1 rateGBps=0 at t=80005997
GPU 2 TB=7 arrived at iteration barrier (1/10) leaving iter=49 t=80005997
GPU 2 TB=8 arrived at iteration barrier (2/10) leaving iter=49 t=80005997
GPU 2 TB=9 arrived at iteration barrier (3/10) leaving iter=49 t=80005997
Node 3 chan 0: RDMA send to 2 physically drained (sender side) bid=9 sid=0 iter=48 nElems=524288 at t=80007583
Node 0 chan 0: RDMA send to 1 physically drained (sender side) bid=5 sid=0 iter=49 nElems=524288 at t=80380729
Node 1 chan 1: transfer complete from peer 3 dst=(1,7) totalBytes=2097152 at t=80496589
GPU 1 TB=4 arrived at iteration barrier (9/10) leaving iter=48 t=80496589
Node 3 chan 1: RDMA send to 1 physically drained (sender side) bid=8 sid=0 iter=48 nElems=524288 at t=80499591
Node 1 chan 0: transfer complete from peer 3 dst=(1,6) totalBytes=2097152 at t=80502901
GPU 1 TB=3 arrived at iteration barrier (10/10) leaving iter=48 t=80502901
GPU 1: iteration barrier releasing 10 threadblock(s) at t=80502901
GPU 1 TB=0 sid=0 DISPATCHING RunStep t=80502901
GPU 1 TB=1 sid=0 DISPATCHING RunStep t=80502901
GPU 1 TB=2 sid=0 DISPATCHING RunStep t=80502901
GPU 1 TB=3 sid=0 DISPATCHING RunStep t=80502901
GPU 1 TB=4 sid=0 DISPATCHING RunStep t=80502901
GPU 1 TB=5 sid=0 DISPATCHING RunStep t=80502901
GPU 1 TB=6 sid=0 DISPATCHING RunStep t=80502901
GPU 1 TB=7 sid=0 DISPATCHING RunStep t=80502901
GPU 1 TB=8 sid=0 BLOCKED on network completion of TB=5 step=0 needFlag=50176 netFlag=49152 t=80502901
GPU 1 TB=9 sid=0 BLOCKED on network completion of TB=5 step=0 needFlag=50176 netFlag=49152 t=80502901
Node 1 chan 0: RDMA send to 0 totalBytes=2097152 over 1 lane(s) bid=5 sid=0 iter=49 part=0 rateGBps=0 at t=80502901
Node 1 chan 0: RDMA send to 0 totalBytes=2097152 over 1 lane(s) bid=5 sid=0 iter=49 part=1 rateGBps=0 at t=80502901
Node 1 chan 0: RDMA send to 2 totalBytes=2097152 over 1 lane(s) bid=6 sid=0 iter=49 part=0 rateGBps=0 at t=80502901
Node 1 chan 1: RDMA send to 2 totalBytes=2097152 over 1 lane(s) bid=7 sid=0 iter=49 part=0 rateGBps=0 at t=80502901
GPU 1 TB=5 arrived at iteration barrier (1/10) leaving iter=49 t=80502901
GPU 1 TB=6 arrived at iteration barrier (2/10) leaving iter=49 t=80502901
GPU 1 TB=7 arrived at iteration barrier (3/10) leaving iter=49 t=80502901
Node 3 chan 0: RDMA send to 1 physically drained (sender side) bid=7 sid=0 iter=48 nElems=524288 at t=80506899
Node 3 chan 1: transfer complete from peer 1 dst=(1,3) totalBytes=2097152 at t=80604507
GPU 3 TB=3 arrived at iteration barrier (9/10) leaving iter=48 t=80604507
Node 3 chan 0: transfer complete from peer 1 dst=(1,2) totalBytes=2097152 at t=80604839
GPU 3 TB=2 arrived at iteration barrier (10/10) leaving iter=48 t=80604839
GPU 3: iteration barrier releasing 10 threadblock(s) at t=80604839
GPU 3 TB=0 sid=0 DISPATCHING RunStep t=80604839
GPU 3 TB=1 sid=0 DISPATCHING RunStep t=80604839
GPU 3 TB=2 sid=0 DISPATCHING RunStep t=80604839
GPU 3 TB=3 sid=0 DISPATCHING RunStep t=80604839
GPU 3 TB=4 sid=0 DISPATCHING RunStep t=80604839
GPU 3 TB=5 sid=0 DISPATCHING RunStep t=80604839
GPU 3 TB=6 sid=0 DISPATCHING RunStep t=80604839
GPU 3 TB=7 sid=0 BLOCKED on network completion of TB=5 step=0 needFlag=50176 netFlag=49152 t=80604839
GPU 3 TB=8 sid=0 BLOCKED on network completion of TB=5 step=0 needFlag=50176 netFlag=49152 t=80604839
GPU 3 TB=9 sid=0 DISPATCHING RunStep t=80604839
Node 3 chan 0: RDMA send to 0 totalBytes=2097152 over 1 lane(s) bid=5 sid=0 iter=49 part=0 rateGBps=0 at t=80604839
Node 3 chan 1: RDMA send to 0 totalBytes=2097152 over 1 lane(s) bid=6 sid=0 iter=49 part=0 rateGBps=0 at t=80604839
Node 3 chan 0: RDMA send to 2 totalBytes=2097152 over 1 lane(s) bid=9 sid=0 iter=49 part=0 rateGBps=0 at t=80604839
Node 3 chan 0: RDMA send to 2 totalBytes=2097152 over 1 lane(s) bid=9 sid=0 iter=49 part=1 rateGBps=0 at t=80604839
GPU 3 TB=5 arrived at iteration barrier (1/10) leaving iter=49 t=80604839
GPU 3 TB=6 arrived at iteration barrier (2/10) leaving iter=49 t=80604839
GPU 3 TB=9 arrived at iteration barrier (3/10) leaving iter=49 t=80604839
Node 1 chan 1: RDMA send to 3 physically drained (sender side) bid=9 sid=0 iter=48 nElems=524288 at t=80607637
Node 1 chan 0: RDMA send to 3 physically drained (sender side) bid=8 sid=0 iter=48 nElems=524288 at t=80608641
Node 3 chan 1: transfer complete from peer 0 dst=(1,1) totalBytes=2097152 at t=80611147
GPU 3 TB=1 arrived at iteration barrier (4/10) leaving iter=49 t=80611147
Node 3 chan 0: transfer complete from peer 0 dst=(1,0) totalBytes=2097152 at t=80614799
GPU 3 TB=0 arrived at iteration barrier (5/10) leaving iter=49 t=80614799
Node 0 chan 1: RDMA send to 3 physically drained (sender side) bid=9 sid=0 iter=49 nElems=524288 at t=80615373
Node 0 chan 0: RDMA send to 3 physically drained (sender side) bid=8 sid=0 iter=49 nElems=524288 at t=80618624
Node 3 chan 0: transfer complete from peer 2 dst=(1,4) totalBytes=2097152 at t=80669334
Node 2 chan 0: RDMA send to 3 physically drained (sender side) bid=9 sid=0 iter=49 nElems=524288 at t=80671263
Node 1 chan 0: transfer complete from peer 2 dst=(1,4) totalBytes=2097152 at t=80788197
GPU 1 TB=1 arrived at iteration barrier (4/10) leaving iter=49 t=80788197
Node 2 chan 0: RDMA send to 1 physically drained (sender side) bid=7 sid=0 iter=49 nElems=524288 at t=80791983
GPU 2 TB=6 sid=0 DISPATCHING RunStep t=80791983
GPU 2 TB=5 sid=0 DISPATCHING RunStep t=80791983
Node 2 chan 1: RDMA send to 0 totalBytes=2097152 over 1 lane(s) bid=6 sid=0 iter=49 part=0 rateGBps=0 at t=80791983
Node 2 chan 0: RDMA send to 0 totalBytes=2097152 over 1 lane(s) bid=5 sid=0 iter=49 part=0 rateGBps=0 at t=80791983
GPU 2 TB=6 arrived at iteration barrier (4/10) leaving iter=49 t=80791983
GPU 2 TB=5 arrived at iteration barrier (5/10) leaving iter=49 t=80791983
Node 1 chan 1: transfer complete from peer 2 dst=(1,5) totalBytes=2097152 at t=80792185
GPU 1 TB=2 arrived at iteration barrier (5/10) leaving iter=49 t=80792185
Node 2 chan 1: RDMA send to 1 physically drained (sender side) bid=8 sid=0 iter=49 nElems=524288 at t=80796311
Node 1 chan 0: transfer complete from peer 0 dst=(1,1) totalBytes=2097152 at t=80798837
GPU 1 TB=0 arrived at iteration barrier (6/10) leaving iter=49 t=80798837
Node 0 chan 0: RDMA send to 1 physically drained (sender side) bid=5 sid=0 iter=49 nElems=524288 at t=80800577
GPU 0 TB=7 sid=0 DISPATCHING RunStep t=80800577
GPU 0 TB=6 sid=0 DISPATCHING RunStep t=80800577
Node 0 chan 1: RDMA send to 2 totalBytes=2097152 over 1 lane(s) bid=7 sid=0 iter=49 part=0 rateGBps=0 at t=80800577
Node 0 chan 0: RDMA send to 2 totalBytes=2097152 over 1 lane(s) bid=6 sid=0 iter=49 part=0 rateGBps=0 at t=80800577
GPU 0 TB=7 arrived at iteration barrier (4/10) leaving iter=49 t=80800577
GPU 0 TB=6 arrived at iteration barrier (5/10) leaving iter=49 t=80800577
Node 3 chan 0: transfer complete from peer 2 dst=(1,5) totalBytes=2097152 at t=80950662
GPU 3 TB=4 arrived at iteration barrier (6/10) leaving iter=49 t=80950662
Node 2 chan 0: RDMA send to 3 physically drained (sender side) bid=9 sid=0 iter=49 nElems=524288 at t=80952239
Node 0 chan 0: transfer complete from peer 1 dst=(1,2) totalBytes=2097152 at t=81116493
Node 1 chan 0: RDMA send to 0 physically drained (sender side) bid=5 sid=0 iter=49 nElems=524288 at t=81117909
Node 2 chan 0: transfer complete from peer 1 dst=(1,2) totalBytes=2097152 at t=81239599
GPU 2 TB=2 arrived at iteration barrier (6/10) leaving iter=49 t=81239599
Node 2 chan 1: transfer complete from peer 1 dst=(1,3) totalBytes=2097152 at t=81241591
GPU 2 TB=3 arrived at iteration barrier (7/10) leaving iter=49 t=81241591
Node 1 chan 0: RDMA send to 2 physically drained (sender side) bid=6 sid=0 iter=49 nElems=524288 at t=81243082
Node 2 chan 0: transfer complete from peer 3 dst=(1,6) totalBytes=2097152 at t=81245243
Node 1 chan 1: RDMA send to 2 physically drained (sender side) bid=7 sid=0 iter=49 nElems=524288 at t=81245372
Node 3 chan 0: RDMA send to 2 physically drained (sender side) bid=9 sid=0 iter=49 nElems=524288 at t=81246651
Node 0 chan 0: transfer complete from peer 3 dst=(1,6) totalBytes=2097152 at t=81389281
GPU 0 TB=3 arrived at iteration barrier (6/10) leaving iter=49 t=81389281
Node 0 chan 1: transfer complete from peer 3 dst=(1,7) totalBytes=2097152 at t=81392937
GPU 0 TB=4 arrived at iteration barrier (7/10) leaving iter=49 t=81392937
Node 3 chan 0: RDMA send to 0 physically drained (sender side) bid=5 sid=0 iter=49 nElems=524288 at t=81393422
GPU 3 TB=8 sid=0 DISPATCHING RunStep t=81393422
GPU 3 TB=7 sid=0 DISPATCHING RunStep t=81393422
Node 3 chan 1: RDMA send to 1 totalBytes=2097152 over 1 lane(s) bid=8 sid=0 iter=49 part=0 rateGBps=0 at t=81393422
Node 3 chan 0: RDMA send to 1 totalBytes=2097152 over 1 lane(s) bid=7 sid=0 iter=49 part=0 rateGBps=0 at t=81393422
GPU 3 TB=8 arrived at iteration barrier (7/10) leaving iter=49 t=81393422
GPU 3 TB=7 arrived at iteration barrier (8/10) leaving iter=49 t=81393422
Node 3 chan 1: RDMA send to 0 physically drained (sender side) bid=6 sid=0 iter=49 nElems=524288 at t=81396755
Node 2 chan 0: transfer complete from peer 0 dst=(1,0) totalBytes=2097152 at t=81509699
GPU 2 TB=0 arrived at iteration barrier (8/10) leaving iter=49 t=81509699
Node 0 chan 0: RDMA send to 2 physically drained (sender side) bid=6 sid=0 iter=49 nElems=524288 at t=81513581
Node 2 chan 1: transfer complete from peer 0 dst=(1,1) totalBytes=2097152 at t=81514683
GPU 2 TB=1 arrived at iteration barrier (9/10) leaving iter=49 t=81514683
Node 0 chan 1: RDMA send to 2 physically drained (sender side) bid=7 sid=0 iter=49 nElems=524288 at t=81518897
Node 0 chan 0: transfer complete from peer 1 dst=(1,3) totalBytes=2097152 at t=81608537
GPU 0 TB=0 arrived at iteration barrier (8/10) leaving iter=49 t=81608537
Node 1 chan 0: RDMA send to 0 physically drained (sender side) bid=5 sid=0 iter=49 nElems=524288 at t=81610034
GPU 1 TB=9 sid=0 DISPATCHING RunStep t=81610034
GPU 1 TB=8 sid=0 DISPATCHING RunStep t=81610034
Node 1 chan 1: RDMA send to 3 totalBytes=2097152 over 1 lane(s) bid=9 sid=0 iter=49 part=0 rateGBps=0 at t=81610034
Node 1 chan 0: RDMA send to 3 totalBytes=2097152 over 1 lane(s) bid=8 sid=0 iter=49 part=0 rateGBps=0 at t=81610034
GPU 1 TB=9 arrived at iteration barrier (7/10) leaving iter=49 t=81610034
GPU 1 TB=8 arrived at iteration barrier (8/10) leaving iter=49 t=81610034
Node 0 chan 0: transfer complete from peer 2 dst=(1,4) totalBytes=2097152 at t=81613517
GPU 0 TB=1 arrived at iteration barrier (9/10) leaving iter=49 t=81613517
Node 0 chan 1: transfer complete from peer 2 dst=(1,5) totalBytes=2097152 at t=81615342
GPU 0 TB=2 arrived at iteration barrier (10/10) leaving iter=49 t=81615342
GPU 0: iteration barrier releasing 10 threadblock(s) at t=81615342
GPU 0 TB=0 sid=0 DISPATCHING RunStep t=81615342
GPU 0 TB=1 sid=0 DISPATCHING RunStep t=81615342
GPU 0 TB=2 sid=0 DISPATCHING RunStep t=81615342
GPU 0 TB=3 sid=0 DISPATCHING RunStep t=81615342
GPU 0 TB=4 sid=0 DISPATCHING RunStep t=81615342
GPU 0 TB=5 sid=0 DISPATCHING RunStep t=81615342
GPU 0 TB=6 sid=0 BLOCKED on network completion of TB=5 step=0 needFlag=51200 netFlag=50176 t=81615342
GPU 0 TB=7 sid=0 BLOCKED on network completion of TB=5 step=0 needFlag=51200 netFlag=50176 t=81615342
GPU 0 TB=8 sid=0 DISPATCHING RunStep t=81615342
GPU 0 TB=9 sid=0 DISPATCHING RunStep t=81615342
Node 0 chan 0: RDMA send to 1 totalBytes=2097152 over 1 lane(s) bid=5 sid=0 iter=50 part=0 rateGBps=0 at t=81615342
Node 0 chan 0: RDMA send to 1 totalBytes=2097152 over 1 lane(s) bid=5 sid=0 iter=50 part=1 rateGBps=0 at t=81615342
Node 0 chan 0: RDMA send to 3 totalBytes=2097152 over 1 lane(s) bid=8 sid=0 iter=50 part=0 rateGBps=0 at t=81615342
Node 0 chan 1: RDMA send to 3 totalBytes=2097152 over 1 lane(s) bid=9 sid=0 iter=50 part=0 rateGBps=0 at t=81615342
GPU 0 TB=5 arrived at iteration barrier (1/10) leaving iter=50 t=81615342
GPU 0 TB=8 arrived at iteration barrier (2/10) leaving iter=50 t=81615342
GPU 0 TB=9 arrived at iteration barrier (3/10) leaving iter=50 t=81615342
Node 2 chan 0: RDMA send to 0 physically drained (sender side) bid=5 sid=0 iter=49 nElems=524288 at t=81617797
Node 2 chan 1: RDMA send to 0 physically drained (sender side) bid=6 sid=0 iter=49 nElems=524288 at t=81619129
Node 2 chan 0: transfer complete from peer 3 dst=(1,7) totalBytes=2097152 at t=81671989
GPU 2 TB=4 arrived at iteration barrier (10/10) leaving iter=49 t=81671989
GPU 2: iteration barrier releasing 10 threadblock(s) at t=81671989
GPU 2 TB=0 sid=0 DISPATCHING RunStep t=81671989
GPU 2 TB=1 sid=0 DISPATCHING RunStep t=81671989
GPU 2 TB=2 sid=0 DISPATCHING RunStep t=81671989
GPU 2 TB=3 sid=0 DISPATCHING RunStep t=81671989
GPU 2 TB=4 sid=0 DISPATCHING RunStep t=81671989
GPU 2 TB=5 sid=0 BLOCKED on network completion of TB=7 step=0 needFlag=51200 netFlag=50176 t=81671989
GPU 2 TB=6 sid=0 BLOCKED on network completion of TB=7 step=0 needFlag=51200 netFlag=50176 t=81671989
GPU 2 TB=7 sid=0 DISPATCHING RunStep t=81671989
GPU 2 TB=8 sid=0 DISPATCHING RunStep t=81671989
GPU 2 TB=9 sid=0 DISPATCHING RunStep t=81671989
Node 2 chan 0: RDMA send to 1 totalBytes=2097152 over 1 lane(s) bid=7 sid=0 iter=50 part=0 rateGBps=0 at t=81671989
Node 2 chan 1: RDMA send to 1 totalBytes=2097152 over 1 lane(s) bid=8 sid=0 iter=50 part=0 rateGBps=0 at t=81671989
Node 2 chan 0: RDMA send to 3 totalBytes=2097152 over 1 lane(s) bid=9 sid=0 iter=50 part=0 rateGBps=0 at t=81671989
Node 2 chan 0: RDMA send to 3 totalBytes=2097152 over 1 lane(s) bid=9 sid=0 iter=50 part=1 rateGBps=0 at t=81671989
GPU 2 TB=7 arrived at iteration barrier (1/10) leaving iter=50 t=81671989
GPU 2 TB=8 arrived at iteration barrier (2/10) leaving iter=50 t=81671989
GPU 2 TB=9 arrived at iteration barrier (3/10) leaving iter=50 t=81671989
Node 3 chan 0: RDMA send to 2 physically drained (sender side) bid=9 sid=0 iter=49 nElems=524288 at t=81673728
Node 1 chan 0: transfer complete from peer 3 dst=(1,6) totalBytes=2097152 at t=82128868
GPU 1 TB=3 arrived at iteration barrier (9/10) leaving iter=49 t=82128868
Node 3 chan 0: RDMA send to 1 physically drained (sender side) bid=7 sid=0 iter=49 nElems=524288 at t=82132516
Node 1 chan 1: transfer complete from peer 3 dst=(1,7) totalBytes=2097152 at t=82133184
GPU 1 TB=4 arrived at iteration barrier (10/10) leaving iter=49 t=82133184
GPU 1: iteration barrier releasing 10 threadblock(s) at t=82133184
GPU 1 TB=0 sid=0 DISPATCHING RunStep t=82133184
GPU 1 TB=1 sid=0 DISPATCHING RunStep t=82133184
GPU 1 TB=2 sid=0 DISPATCHING RunStep t=82133184
GPU 1 TB=3 sid=0 DISPATCHING RunStep t=82133184
GPU 1 TB=4 sid=0 DISPATCHING RunStep t=82133184
GPU 1 TB=5 sid=0 DISPATCHING RunStep t=82133184
GPU 1 TB=6 sid=0 DISPATCHING RunStep t=82133184
GPU 1 TB=7 sid=0 DISPATCHING RunStep t=82133184
GPU 1 TB=8 sid=0 BLOCKED on network completion of TB=5 step=0 needFlag=51200 netFlag=50176 t=82133184
GPU 1 TB=9 sid=0 BLOCKED on network completion of TB=5 step=0 needFlag=51200 netFlag=50176 t=82133184
Node 1 chan 0: RDMA send to 0 totalBytes=2097152 over 1 lane(s) bid=5 sid=0 iter=50 part=0 rateGBps=0 at t=82133184
Node 1 chan 0: RDMA send to 0 totalBytes=2097152 over 1 lane(s) bid=5 sid=0 iter=50 part=1 rateGBps=0 at t=82133184
Node 1 chan 0: RDMA send to 2 totalBytes=2097152 over 1 lane(s) bid=6 sid=0 iter=50 part=0 rateGBps=0 at t=82133184
Node 1 chan 1: RDMA send to 2 totalBytes=2097152 over 1 lane(s) bid=7 sid=0 iter=50 part=0 rateGBps=0 at t=82133184
GPU 1 TB=5 arrived at iteration barrier (1/10) leaving iter=50 t=82133184
GPU 1 TB=6 arrived at iteration barrier (2/10) leaving iter=50 t=82133184
GPU 1 TB=7 arrived at iteration barrier (3/10) leaving iter=50 t=82133184
Node 3 chan 1: RDMA send to 1 physically drained (sender side) bid=8 sid=0 iter=49 nElems=524288 at t=82137168
Node 1 chan 0: transfer complete from peer 0 dst=(1,0) totalBytes=2097152 at t=82258848
Node 0 chan 0: RDMA send to 1 physically drained (sender side) bid=5 sid=0 iter=50 nElems=524288 at t=82260620
Node 2 chan 0: RDMA send to 3 physically drained (sender side) bid=9 sid=0 iter=50 nElems=524288 at t=82345080
Node 1 chan 0: transfer complete from peer 2 dst=(1,4) totalBytes=2097152 at t=82404492
GPU 1 TB=1 arrived at iteration barrier (4/10) leaving iter=50 t=82404492
Node 2 chan 0: RDMA send to 1 physically drained (sender side) bid=7 sid=0 iter=50 nElems=524288 at t=82408919
GPU 2 TB=6 sid=0 DISPATCHING RunStep t=82408919
GPU 2 TB=5 sid=0 DISPATCHING RunStep t=82408919
Node 2 chan 1: RDMA send to 0 totalBytes=2097152 over 1 lane(s) bid=6 sid=0 iter=50 part=0 rateGBps=0 at t=82408919
Node 2 chan 0: RDMA send to 0 totalBytes=2097152 over 1 lane(s) bid=5 sid=0 iter=50 part=0 rateGBps=0 at t=82408919
GPU 2 TB=6 arrived at iteration barrier (4/10) leaving iter=50 t=82408919
GPU 2 TB=5 arrived at iteration barrier (5/10) leaving iter=50 t=82408919
Node 1 chan 1: transfer complete from peer 2 dst=(1,5) totalBytes=2097152 at t=82410476
GPU 1 TB=2 arrived at iteration barrier (5/10) leaving iter=50 t=82410476
Node 2 chan 1: RDMA send to 1 physically drained (sender side) bid=8 sid=0 iter=50 nElems=524288 at t=82414843
Node 0 chan 1: RDMA send to 3 physically drained (sender side) bid=9 sid=0 iter=50 nElems=524288 at t=82520368
Node 3 chan 1: transfer complete from peer 1 dst=(1,3) totalBytes=2097152 at t=82525608
GPU 3 TB=3 arrived at iteration barrier (9/10) leaving iter=49 t=82525608
Node 1 chan 1: RDMA send to 3 physically drained (sender side) bid=9 sid=0 iter=49 nElems=524288 at t=82529072
Node 3 chan 0: transfer complete from peer 1 dst=(1,2) totalBytes=2097152 at t=82531916
GPU 3 TB=2 arrived at iteration barrier (10/10) leaving iter=49 t=82531916
GPU 3: iteration barrier releasing 10 threadblock(s) at t=82531916
GPU 3 TB=0 sid=0 DISPATCHING RunStep t=82531916
GPU 3 TB=1 sid=0 DISPATCHING RunStep t=82531916
GPU 3 TB=2 sid=0 DISPATCHING RunStep t=82531916
GPU 3 TB=3 sid=0 DISPATCHING RunStep t=82531916
GPU 3 TB=4 sid=0 DISPATCHING RunStep t=82531916
GPU 3 TB=5 sid=0 DISPATCHING RunStep t=82531916
GPU 3 TB=6 sid=0 DISPATCHING RunStep t=82531916
GPU 3 TB=7 sid=0 BLOCKED on network completion of TB=5 step=0 needFlag=51200 netFlag=50176 t=82531916
GPU 3 TB=8 sid=0 BLOCKED on network completion of TB=5 step=0 needFlag=51200 netFlag=50176 t=82531916
GPU 3 TB=9 sid=0 DISPATCHING RunStep t=82531916
Node 3 chan 0: RDMA send to 0 totalBytes=2097152 over 1 lane(s) bid=5 sid=0 iter=50 part=0 rateGBps=0 at t=82531916
Node 3 chan 1: RDMA send to 0 totalBytes=2097152 over 1 lane(s) bid=6 sid=0 iter=50 part=0 rateGBps=0 at t=82531916
Node 3 chan 0: RDMA send to 2 totalBytes=2097152 over 1 lane(s) bid=9 sid=0 iter=50 part=0 rateGBps=0 at t=82531916
Node 3 chan 0: RDMA send to 2 totalBytes=2097152 over 1 lane(s) bid=9 sid=0 iter=50 part=1 rateGBps=0 at t=82531916
GPU 3 TB=1 arrived at iteration barrier (1/10) leaving iter=50 t=82531916
GPU 3 TB=5 arrived at iteration barrier (2/10) leaving iter=50 t=82531916
GPU 3 TB=6 arrived at iteration barrier (3/10) leaving iter=50 t=82531916
GPU 3 TB=9 arrived at iteration barrier (4/10) leaving iter=50 t=82531916
Node 3 chan 0: transfer complete from peer 0 dst=(1,0) totalBytes=2097152 at t=82533244
GPU 3 TB=0 arrived at iteration barrier (5/10) leaving iter=50 t=82533244
Node 1 chan 0: RDMA send to 3 physically drained (sender side) bid=8 sid=0 iter=49 nElems=524288 at t=82535404
Node 0 chan 0: RDMA send to 3 physically drained (sender side) bid=8 sid=0 iter=50 nElems=524288 at t=82537004
Node 1 chan 0: transfer complete from peer 0 dst=(1,1) totalBytes=2097152 at t=82544048
GPU 1 TB=0 arrived at iteration barrier (6/10) leaving iter=50 t=82544048
Node 0 chan 0: RDMA send to 1 physically drained (sender side) bid=5 sid=0 iter=50 nElems=524288 at t=82545984
GPU 0 TB=7 sid=0 DISPATCHING RunStep t=82545984
GPU 0 TB=6 sid=0 DISPATCHING RunStep t=82545984
Node 0 chan 1: RDMA send to 2 totalBytes=2097152 over 1 lane(s) bid=7 sid=0 iter=50 part=0 rateGBps=0 at t=82545984
Node 0 chan 0: RDMA send to 2 totalBytes=2097152 over 1 lane(s) bid=6 sid=0 iter=50 part=0 rateGBps=0 at t=82545984
GPU 0 TB=7 arrived at iteration barrier (4/10) leaving iter=50 t=82545984
GPU 0 TB=6 arrived at iteration barrier (5/10) leaving iter=50 t=82545984
Node 3 chan 0: transfer complete from peer 2 dst=(1,5) totalBytes=2097152 at t=82707052
GPU 3 TB=4 arrived at iteration barrier (6/10) leaving iter=50 t=82707052
Node 2 chan 0: RDMA send to 3 physically drained (sender side) bid=9 sid=0 iter=50 nElems=524288 at t=82708608
Node 0 chan 0: transfer complete from peer 1 dst=(1,2) totalBytes=2097152 at t=82750280
Node 1 chan 0: RDMA send to 0 physically drained (sender side) bid=5 sid=0 iter=50 nElems=524288 at t=82751688
Node 2 chan 1: transfer complete from peer 1 dst=(1,3) totalBytes=2097152 at t=82994640
GPU 2 TB=3 arrived at iteration barrier (6/10) leaving iter=50 t=82994640
Node 1 chan 1: RDMA send to 2 physically drained (sender side) bid=7 sid=0 iter=50 nElems=524288 at t=82998529
Node 2 chan 0: transfer complete from peer 1 dst=(1,2) totalBytes=2097152 at t=83007268
GPU 2 TB=2 arrived at iteration barrier (7/10) leaving iter=50 t=83007268
Node 1 chan 0: RDMA send to 2 physically drained (sender side) bid=6 sid=0 iter=50 nElems=524288 at t=83011081
Node 2 chan 0: transfer complete from peer 3 dst=(1,6) totalBytes=2097152 at t=83182004
Node 3 chan 0: RDMA send to 2 physically drained (sender side) bid=9 sid=0 iter=50 nElems=524288 at t=83183412
Node 0 chan 0: transfer complete from peer 2 dst=(1,4) totalBytes=2097152 at t=83202816
GPU 0 TB=1 arrived at iteration barrier (6/10) leaving iter=50 t=83202816
Node 0 chan 1: transfer complete from peer 2 dst=(1,5) totalBytes=2097152 at t=83203484
GPU 0 TB=2 arrived at iteration barrier (7/10) leaving iter=50 t=83203484
Node 2 chan 0: RDMA send to 0 physically drained (sender side) bid=5 sid=0 iter=50 nElems=524288 at t=83206924
Node 2 chan 1: RDMA send to 0 physically drained (sender side) bid=6 sid=0 iter=50 nElems=524288 at t=83207592
Node 2 chan 1: transfer complete from peer 0 dst=(1,1) totalBytes=2097152 at t=83259052
GPU 2 TB=1 arrived at iteration barrier (8/10) leaving iter=50 t=83259052
Node 2 chan 0: transfer complete from peer 0 dst=(1,0) totalBytes=2097152 at t=83261708
GPU 2 TB=0 arrived at iteration barrier (9/10) leaving iter=50 t=83261708
Node 0 chan 1: RDMA send to 2 physically drained (sender side) bid=7 sid=0 iter=50 nElems=524288 at t=83262308
Node 0 chan 0: RDMA send to 2 physically drained (sender side) bid=6 sid=0 iter=50 nElems=524288 at t=83265300
Node 0 chan 0: transfer complete from peer 3 dst=(1,6) totalBytes=2097152 at t=83335020
GPU 0 TB=3 arrived at iteration barrier (8/10) leaving iter=50 t=83335020
Node 0 chan 1: transfer complete from peer 3 dst=(1,7) totalBytes=2097152 at t=83337012
GPU 0 TB=4 arrived at iteration barrier (9/10) leaving iter=50 t=83337012
Node 3 chan 0: RDMA send to 0 physically drained (sender side) bid=5 sid=0 iter=50 nElems=524288 at t=83337846
GPU 3 TB=8 sid=0 DISPATCHING RunStep t=83337846
GPU 3 TB=7 sid=0 DISPATCHING RunStep t=83337846
Node 3 chan 1: RDMA send to 1 totalBytes=2097152 over 1 lane(s) bid=8 sid=0 iter=50 part=0 rateGBps=0 at t=83337846
Node 3 chan 0: RDMA send to 1 totalBytes=2097152 over 1 lane(s) bid=7 sid=0 iter=50 part=0 rateGBps=0 at t=83337846
GPU 3 TB=8 arrived at iteration barrier (7/10) leaving iter=50 t=83337846
GPU 3 TB=7 arrived at iteration barrier (8/10) leaving iter=50 t=83337846
Node 3 chan 1: RDMA send to 0 physically drained (sender side) bid=6 sid=0 iter=50 nElems=524288 at t=83339838
Node 0 chan 0: transfer complete from peer 1 dst=(1,3) totalBytes=2097152 at t=83357928
GPU 0 TB=0 arrived at iteration barrier (10/10) leaving iter=50 t=83357928
GPU 0: iteration barrier releasing 10 threadblock(s) at t=83357928
GPU 0 TB=0 sid=0 DISPATCHING RunStep t=83357928
GPU 0 TB=1 sid=0 DISPATCHING RunStep t=83357928
GPU 0 TB=2 sid=0 DISPATCHING RunStep t=83357928
GPU 0 TB=3 sid=0 DISPATCHING RunStep t=83357928
GPU 0 TB=4 sid=0 DISPATCHING RunStep t=83357928
GPU 0 TB=5 sid=0 DISPATCHING RunStep t=83357928
GPU 0 TB=6 sid=0 BLOCKED on network completion of TB=5 step=0 needFlag=52224 netFlag=51200 t=83357928
GPU 0 TB=7 sid=0 BLOCKED on network completion of TB=5 step=0 needFlag=52224 netFlag=51200 t=83357928
GPU 0 TB=8 sid=0 DISPATCHING RunStep t=83357928
GPU 0 TB=9 sid=0 DISPATCHING RunStep t=83357928
Node 0 chan 0: RDMA send to 1 totalBytes=2097152 over 1 lane(s) bid=5 sid=0 iter=51 part=0 rateGBps=0 at t=83357928
Node 0 chan 0: RDMA send to 1 totalBytes=2097152 over 1 lane(s) bid=5 sid=0 iter=51 part=1 rateGBps=0 at t=83357928
Node 0 chan 0: RDMA send to 3 totalBytes=2097152 over 1 lane(s) bid=8 sid=0 iter=51 part=0 rateGBps=0 at t=83357928
Node 0 chan 1: RDMA send to 3 totalBytes=2097152 over 1 lane(s) bid=9 sid=0 iter=51 part=0 rateGBps=0 at t=83357928
GPU 0 TB=5 arrived at iteration barrier (1/10) leaving iter=51 t=83357928
GPU 0 TB=8 arrived at iteration barrier (2/10) leaving iter=51 t=83357928
GPU 0 TB=9 arrived at iteration barrier (3/10) leaving iter=51 t=83357928
Node 1 chan 0: RDMA send to 0 physically drained (sender side) bid=5 sid=0 iter=50 nElems=524288 at t=83359336
GPU 1 TB=9 sid=0 DISPATCHING RunStep t=83359336
GPU 1 TB=8 sid=0 DISPATCHING RunStep t=83359336
Node 1 chan 1: RDMA send to 3 totalBytes=2097152 over 1 lane(s) bid=9 sid=0 iter=50 part=0 rateGBps=0 at t=83359336
Node 1 chan 0: RDMA send to 3 totalBytes=2097152 over 1 lane(s) bid=8 sid=0 iter=50 part=0 rateGBps=0 at t=83359336
GPU 1 TB=9 arrived at iteration barrier (7/10) leaving iter=50 t=83359336
GPU 1 TB=8 arrived at iteration barrier (8/10) leaving iter=50 t=83359336
Node 2 chan 0: transfer complete from peer 3 dst=(1,7) totalBytes=2097152 at t=83597517
GPU 2 TB=4 arrived at iteration barrier (10/10) leaving iter=50 t=83597517
GPU 2: iteration barrier releasing 10 threadblock(s) at t=83597517
GPU 2 TB=0 sid=0 DISPATCHING RunStep t=83597517
GPU 2 TB=1 sid=0 DISPATCHING RunStep t=83597517
GPU 2 TB=2 sid=0 DISPATCHING RunStep t=83597517
GPU 2 TB=3 sid=0 DISPATCHING RunStep t=83597517
GPU 2 TB=4 sid=0 DISPATCHING RunStep t=83597517
GPU 2 TB=5 sid=0 BLOCKED on network completion of TB=7 step=0 needFlag=52224 netFlag=51200 t=83597517
GPU 2 TB=6 sid=0 BLOCKED on network completion of TB=7 step=0 needFlag=52224 netFlag=51200 t=83597517
GPU 2 TB=7 sid=0 DISPATCHING RunStep t=83597517
GPU 2 TB=8 sid=0 DISPATCHING RunStep t=83597517
GPU 2 TB=9 sid=0 DISPATCHING RunStep t=83597517
Node 2 chan 0: RDMA send to 1 totalBytes=2097152 over 1 lane(s) bid=7 sid=0 iter=51 part=0 rateGBps=0 at t=83597517
Node 2 chan 1: RDMA send to 1 totalBytes=2097152 over 1 lane(s) bid=8 sid=0 iter=51 part=0 rateGBps=0 at t=83597517
Node 2 chan 0: RDMA send to 3 totalBytes=2097152 over 1 lane(s) bid=9 sid=0 iter=51 part=0 rateGBps=0 at t=83597517
Node 2 chan 0: RDMA send to 3 totalBytes=2097152 over 1 lane(s) bid=9 sid=0 iter=51 part=1 rateGBps=0 at t=83597517
GPU 2 TB=7 arrived at iteration barrier (1/10) leaving iter=51 t=83597517
GPU 2 TB=8 arrived at iteration barrier (2/10) leaving iter=51 t=83597517
GPU 2 TB=9 arrived at iteration barrier (3/10) leaving iter=51 t=83597517
Node 3 chan 0: RDMA send to 2 physically drained (sender side) bid=9 sid=0 iter=50 nElems=524288 at t=83599245
Node 0 chan 0: RDMA send to 1 physically drained (sender side) bid=5 sid=0 iter=51 nElems=524288 at t=83924532
Node 1 chan 0: transfer complete from peer 3 dst=(1,6) totalBytes=2097152 at t=84060324
GPU 1 TB=3 arrived at iteration barrier (9/10) leaving iter=50 t=84060324
Node 3 chan 0: RDMA send to 1 physically drained (sender side) bid=7 sid=0 iter=50 nElems=524288 at t=84064345
Node 1 chan 1: transfer complete from peer 3 dst=(1,7) totalBytes=2097152 at t=84067632
GPU 1 TB=4 arrived at iteration barrier (10/10) leaving iter=50 t=84067632
GPU 1: iteration barrier releasing 10 threadblock(s) at t=84067632
GPU 1 TB=0 sid=0 DISPATCHING RunStep t=84067632
GPU 1 TB=1 sid=0 DISPATCHING RunStep t=84067632
GPU 1 TB=2 sid=0 DISPATCHING RunStep t=84067632
GPU 1 TB=3 sid=0 DISPATCHING RunStep t=84067632
GPU 1 TB=4 sid=0 DISPATCHING RunStep t=84067632
GPU 1 TB=5 sid=0 DISPATCHING RunStep t=84067632
GPU 1 TB=6 sid=0 DISPATCHING RunStep t=84067632
GPU 1 TB=7 sid=0 DISPATCHING RunStep t=84067632
GPU 1 TB=8 sid=0 BLOCKED on network completion of TB=5 step=0 needFlag=52224 netFlag=51200 t=84067632
GPU 1 TB=9 sid=0 BLOCKED on network completion of TB=5 step=0 needFlag=52224 netFlag=51200 t=84067632
Node 1 chan 0: RDMA send to 0 totalBytes=2097152 over 1 lane(s) bid=5 sid=0 iter=51 part=0 rateGBps=0 at t=84067632
Node 1 chan 0: RDMA send to 0 totalBytes=2097152 over 1 lane(s) bid=5 sid=0 iter=51 part=1 rateGBps=0 at t=84067632
Node 1 chan 0: RDMA send to 2 totalBytes=2097152 over 1 lane(s) bid=6 sid=0 iter=51 part=0 rateGBps=0 at t=84067632
Node 1 chan 1: RDMA send to 2 totalBytes=2097152 over 1 lane(s) bid=7 sid=0 iter=51 part=0 rateGBps=0 at t=84067632
GPU 1 TB=5 arrived at iteration barrier (1/10) leaving iter=51 t=84067632
GPU 1 TB=6 arrived at iteration barrier (2/10) leaving iter=51 t=84067632
GPU 1 TB=7 arrived at iteration barrier (3/10) leaving iter=51 t=84067632
Node 3 chan 1: RDMA send to 1 physically drained (sender side) bid=8 sid=0 iter=50 nElems=524288 at t=84071653
Node 3 chan 0: transfer complete from peer 1 dst=(1,2) totalBytes=2097152 at t=84167269
GPU 3 TB=2 arrived at iteration barrier (9/10) leaving iter=50 t=84167269
Node 3 chan 1: transfer complete from peer 1 dst=(1,3) totalBytes=2097152 at t=84168597
GPU 3 TB=3 arrived at iteration barrier (10/10) leaving iter=50 t=84168597
GPU 3: iteration barrier releasing 10 threadblock(s) at t=84168597
GPU 3 TB=0 sid=0 DISPATCHING RunStep t=84168597
GPU 3 TB=1 sid=0 DISPATCHING RunStep t=84168597
GPU 3 TB=2 sid=0 DISPATCHING RunStep t=84168597
GPU 3 TB=3 sid=0 DISPATCHING RunStep t=84168597
GPU 3 TB=4 sid=0 DISPATCHING RunStep t=84168597
GPU 3 TB=5 sid=0 DISPATCHING RunStep t=84168597
GPU 3 TB=6 sid=0 DISPATCHING RunStep t=84168597
GPU 3 TB=7 sid=0 BLOCKED on network completion of TB=5 step=0 needFlag=52224 netFlag=51200 t=84168597
GPU 3 TB=8 sid=0 BLOCKED on network completion of TB=5 step=0 needFlag=52224 netFlag=51200 t=84168597
GPU 3 TB=9 sid=0 DISPATCHING RunStep t=84168597
Node 3 chan 0: RDMA send to 0 totalBytes=2097152 over 1 lane(s) bid=5 sid=0 iter=51 part=0 rateGBps=0 at t=84168597
Node 3 chan 1: RDMA send to 0 totalBytes=2097152 over 1 lane(s) bid=6 sid=0 iter=51 part=0 rateGBps=0 at t=84168597
Node 3 chan 0: RDMA send to 2 totalBytes=2097152 over 1 lane(s) bid=9 sid=0 iter=51 part=0 rateGBps=0 at t=84168597
Node 3 chan 0: RDMA send to 2 totalBytes=2097152 over 1 lane(s) bid=9 sid=0 iter=51 part=1 rateGBps=0 at t=84168597
GPU 3 TB=5 arrived at iteration barrier (1/10) leaving iter=51 t=84168597
GPU 3 TB=6 arrived at iteration barrier (2/10) leaving iter=51 t=84168597
GPU 3 TB=9 arrived at iteration barrier (3/10) leaving iter=51 t=84168597
Node 1 chan 0: RDMA send to 3 physically drained (sender side) bid=8 sid=0 iter=50 nElems=524288 at t=84171372
Node 1 chan 1: RDMA send to 3 physically drained (sender side) bid=9 sid=0 iter=50 nElems=524288 at t=84171708
Node 3 chan 1: transfer complete from peer 0 dst=(1,1) totalBytes=2097152 at t=84174905
GPU 3 TB=1 arrived at iteration barrier (4/10) leaving iter=51 t=84174905
Node 0 chan 1: RDMA send to 3 physically drained (sender side) bid=9 sid=0 iter=51 nElems=524288 at t=84178958
Node 3 chan 0: transfer complete from peer 0 dst=(1,0) totalBytes=2097152 at t=84180217
GPU 3 TB=0 arrived at iteration barrier (5/10) leaving iter=51 t=84180217
Node 0 chan 0: RDMA send to 3 physically drained (sender side) bid=8 sid=0 iter=51 nElems=524288 at t=84184100
Node 3 chan 0: transfer complete from peer 2 dst=(1,4) totalBytes=2097152 at t=84242032
Node 2 chan 0: RDMA send to 3 physically drained (sender side) bid=9 sid=0 iter=51 nElems=524288 at t=84243640
Node 1 chan 0: transfer complete from peer 0 dst=(1,1) totalBytes=2097152 at t=84355588
GPU 1 TB=0 arrived at iteration barrier (4/10) leaving iter=51 t=84355588
Node 0 chan 0: RDMA send to 1 physically drained (sender side) bid=5 sid=0 iter=51 nElems=524288 at t=84357261
GPU 0 TB=7 sid=0 DISPATCHING RunStep t=84357261
GPU 0 TB=6 sid=0 DISPATCHING RunStep t=84357261
Node 0 chan 1: RDMA send to 2 totalBytes=2097152 over 1 lane(s) bid=7 sid=0 iter=51 part=0 rateGBps=0 at t=84357261
Node 0 chan 0: RDMA send to 2 totalBytes=2097152 over 1 lane(s) bid=6 sid=0 iter=51 part=0 rateGBps=0 at t=84357261
GPU 0 TB=7 arrived at iteration barrier (4/10) leaving iter=51 t=84357261
GPU 0 TB=6 arrived at iteration barrier (5/10) leaving iter=51 t=84357261
Node 1 chan 1: transfer complete from peer 2 dst=(1,5) totalBytes=2097152 at t=84376205
GPU 1 TB=2 arrived at iteration barrier (5/10) leaving iter=51 t=84376205
Node 1 chan 0: transfer complete from peer 2 dst=(1,4) totalBytes=2097152 at t=84377724
GPU 1 TB=1 arrived at iteration barrier (6/10) leaving iter=51 t=84377724
Node 2 chan 1: RDMA send to 1 physically drained (sender side) bid=8 sid=0 iter=51 nElems=524288 at t=84380648
Node 2 chan 0: RDMA send to 1 physically drained (sender side) bid=7 sid=0 iter=51 nElems=524288 at t=84381652
GPU 2 TB=6 sid=0 DISPATCHING RunStep t=84381652
GPU 2 TB=5 sid=0 DISPATCHING RunStep t=84381652
Node 2 chan 1: RDMA send to 0 totalBytes=2097152 over 1 lane(s) bid=6 sid=0 iter=51 part=0 rateGBps=0 at t=84381652
Node 2 chan 0: RDMA send to 0 totalBytes=2097152 over 1 lane(s) bid=5 sid=0 iter=51 part=0 rateGBps=0 at t=84381652
GPU 2 TB=6 arrived at iteration barrier (4/10) leaving iter=51 t=84381652
GPU 2 TB=5 arrived at iteration barrier (5/10) leaving iter=51 t=84381652
Node 3 chan 0: transfer complete from peer 2 dst=(1,5) totalBytes=2097152 at t=84525688
GPU 3 TB=4 arrived at iteration barrier (6/10) leaving iter=51 t=84525688
Node 2 chan 0: RDMA send to 3 physically drained (sender side) bid=9 sid=0 iter=51 nElems=524288 at t=84527604
Node 0 chan 0: transfer complete from peer 1 dst=(1,2) totalBytes=2097152 at t=84644716
Node 1 chan 0: RDMA send to 0 physically drained (sender side) bid=5 sid=0 iter=51 nElems=524288 at t=84646124
Node 2 chan 0: transfer complete from peer 3 dst=(1,6) totalBytes=2097152 at t=84810644
Node 3 chan 0: RDMA send to 2 physically drained (sender side) bid=9 sid=0 iter=51 nElems=524288 at t=84812052
Node 2 chan 0: transfer complete from peer 1 dst=(1,2) totalBytes=2097152 at t=84818948
GPU 2 TB=2 arrived at iteration barrier (6/10) leaving iter=51 t=84818948
Node 2 chan 1: transfer complete from peer 1 dst=(1,3) totalBytes=2097152 at t=84819280
GPU 2 TB=3 arrived at iteration barrier (7/10) leaving iter=51 t=84819280
Node 1 chan 1: RDMA send to 2 physically drained (sender side) bid=7 sid=0 iter=51 nElems=524288 at t=84822206
Node 1 chan 0: RDMA send to 2 physically drained (sender side) bid=6 sid=0 iter=51 nElems=524288 at t=84822757
Node 0 chan 1: transfer complete from peer 3 dst=(1,7) totalBytes=2097152 at t=84945732
GPU 0 TB=4 arrived at iteration barrier (6/10) leaving iter=51 t=84945732
Node 3 chan 1: RDMA send to 0 physically drained (sender side) bid=6 sid=0 iter=51 nElems=524288 at t=84948558
Node 0 chan 0: transfer complete from peer 3 dst=(1,6) totalBytes=2097152 at t=84953380
GPU 0 TB=3 arrived at iteration barrier (7/10) leaving iter=51 t=84953380
Node 3 chan 0: RDMA send to 0 physically drained (sender side) bid=5 sid=0 iter=51 nElems=524288 at t=84957185
GPU 3 TB=8 sid=0 DISPATCHING RunStep t=84957185
GPU 3 TB=7 sid=0 DISPATCHING RunStep t=84957185
Node 3 chan 1: RDMA send to 1 totalBytes=2097152 over 1 lane(s) bid=8 sid=0 iter=51 part=0 rateGBps=0 at t=84957185
Node 3 chan 0: RDMA send to 1 totalBytes=2097152 over 1 lane(s) bid=7 sid=0 iter=51 part=0 rateGBps=0 at t=84957185
GPU 3 TB=8 arrived at iteration barrier (7/10) leaving iter=51 t=84957185
GPU 3 TB=7 arrived at iteration barrier (8/10) leaving iter=51 t=84957185
Node 2 chan 0: transfer complete from peer 0 dst=(1,0) totalBytes=2097152 at t=85074104
GPU 2 TB=0 arrived at iteration barrier (8/10) leaving iter=51 t=85074104
Node 2 chan 1: transfer complete from peer 0 dst=(1,1) totalBytes=2097152 at t=85076428
GPU 2 TB=1 arrived at iteration barrier (9/10) leaving iter=51 t=85076428
Node 0 chan 0: RDMA send to 2 physically drained (sender side) bid=6 sid=0 iter=51 nElems=524288 at t=85078340
Node 0 chan 1: RDMA send to 2 physically drained (sender side) bid=7 sid=0 iter=51 nElems=524288 at t=85080336
Node 0 chan 0: transfer complete from peer 1 dst=(1,3) totalBytes=2097152 at t=85155700
GPU 0 TB=0 arrived at iteration barrier (8/10) leaving iter=51 t=85155700
Node 1 chan 0: RDMA send to 0 physically drained (sender side) bid=5 sid=0 iter=51 nElems=524288 at t=85157108
GPU 1 TB=9 sid=0 DISPATCHING RunStep t=85157108
GPU 1 TB=8 sid=0 DISPATCHING RunStep t=85157108
Node 1 chan 1: RDMA send to 3 totalBytes=2097152 over 1 lane(s) bid=9 sid=0 iter=51 part=0 rateGBps=0 at t=85157108
Node 1 chan 0: RDMA send to 3 totalBytes=2097152 over 1 lane(s) bid=8 sid=0 iter=51 part=0 rateGBps=0 at t=85157108
GPU 1 TB=9 arrived at iteration barrier (7/10) leaving iter=51 t=85157108
GPU 1 TB=8 arrived at iteration barrier (8/10) leaving iter=51 t=85157108
Node 0 chan 1: transfer complete from peer 2 dst=(1,5) totalBytes=2097152 at t=85194422
GPU 0 TB=2 arrived at iteration barrier (9/10) leaving iter=51 t=85194422
Node 2 chan 1: RDMA send to 0 physically drained (sender side) bid=6 sid=0 iter=51 nElems=524288 at t=85198505
Node 0 chan 0: transfer complete from peer 2 dst=(1,4) totalBytes=2097152 at t=85199349
GPU 0 TB=1 arrived at iteration barrier (10/10) leaving iter=51 t=85199349
GPU 0: iteration barrier releasing 10 threadblock(s) at t=85199349
GPU 0 TB=0 sid=0 DISPATCHING RunStep t=85199349
GPU 0 TB=1 sid=0 DISPATCHING RunStep t=85199349
GPU 0 TB=2 sid=0 DISPATCHING RunStep t=85199349
GPU 0 TB=3 sid=0 DISPATCHING RunStep t=85199349
GPU 0 TB=4 sid=0 DISPATCHING RunStep t=85199349
GPU 0 TB=5 sid=0 DISPATCHING RunStep t=85199349
GPU 0 TB=6 sid=0 BLOCKED on network completion of TB=5 step=0 needFlag=53248 netFlag=52224 t=85199349
GPU 0 TB=7 sid=0 BLOCKED on network completion of TB=5 step=0 needFlag=53248 netFlag=52224 t=85199349
GPU 0 TB=8 sid=0 DISPATCHING RunStep t=85199349
GPU 0 TB=9 sid=0 DISPATCHING RunStep t=85199349
Node 0 chan 0: RDMA send to 1 totalBytes=2097152 over 1 lane(s) bid=5 sid=0 iter=52 part=0 rateGBps=0 at t=85199349
Node 0 chan 0: RDMA send to 1 totalBytes=2097152 over 1 lane(s) bid=5 sid=0 iter=52 part=1 rateGBps=0 at t=85199349
Node 0 chan 0: RDMA send to 3 totalBytes=2097152 over 1 lane(s) bid=8 sid=0 iter=52 part=0 rateGBps=0 at t=85199349
Node 0 chan 1: RDMA send to 3 totalBytes=2097152 over 1 lane(s) bid=9 sid=0 iter=52 part=0 rateGBps=0 at t=85199349
GPU 0 TB=5 arrived at iteration barrier (1/10) leaving iter=52 t=85199349
GPU 0 TB=8 arrived at iteration barrier (2/10) leaving iter=52 t=85199349
GPU 0 TB=9 arrived at iteration barrier (3/10) leaving iter=52 t=85199349
Node 2 chan 0: RDMA send to 0 physically drained (sender side) bid=5 sid=0 iter=51 nElems=524288 at t=85203162
Node 2 chan 0: transfer complete from peer 3 dst=(1,7) totalBytes=2097152 at t=85221490
GPU 2 TB=4 arrived at iteration barrier (10/10) leaving iter=51 t=85221490
GPU 2: iteration barrier releasing 10 threadblock(s) at t=85221490
GPU 2 TB=0 sid=0 DISPATCHING RunStep t=85221490
GPU 2 TB=1 sid=0 DISPATCHING RunStep t=85221490
GPU 2 TB=2 sid=0 DISPATCHING RunStep t=85221490
GPU 2 TB=3 sid=0 DISPATCHING RunStep t=85221490
GPU 2 TB=4 sid=0 DISPATCHING RunStep t=85221490
GPU 2 TB=5 sid=0 BLOCKED on network completion of TB=7 step=0 needFlag=53248 netFlag=52224 t=85221490
GPU 2 TB=6 sid=0 BLOCKED on network completion of TB=7 step=0 needFlag=53248 netFlag=52224 t=85221490
GPU 2 TB=7 sid=0 DISPATCHING RunStep t=85221490
GPU 2 TB=8 sid=0 DISPATCHING RunStep t=85221490
GPU 2 TB=9 sid=0 DISPATCHING RunStep t=85221490
Node 2 chan 0: RDMA send to 1 totalBytes=2097152 over 1 lane(s) bid=7 sid=0 iter=52 part=0 rateGBps=0 at t=85221490
Node 2 chan 1: RDMA send to 1 totalBytes=2097152 over 1 lane(s) bid=8 sid=0 iter=52 part=0 rateGBps=0 at t=85221490
Node 2 chan 0: RDMA send to 3 totalBytes=2097152 over 1 lane(s) bid=9 sid=0 iter=52 part=0 rateGBps=0 at t=85221490
Node 2 chan 0: RDMA send to 3 totalBytes=2097152 over 1 lane(s) bid=9 sid=0 iter=52 part=1 rateGBps=0 at t=85221490
GPU 2 TB=7 arrived at iteration barrier (1/10) leaving iter=52 t=85221490
GPU 2 TB=8 arrived at iteration barrier (2/10) leaving iter=52 t=85221490
GPU 2 TB=9 arrived at iteration barrier (3/10) leaving iter=52 t=85221490
Node 3 chan 0: RDMA send to 2 physically drained (sender side) bid=9 sid=0 iter=51 nElems=524288 at t=85223122
Node 1 chan 1: transfer complete from peer 3 dst=(1,7) totalBytes=2097152 at t=85704379
GPU 1 TB=4 arrived at iteration barrier (9/10) leaving iter=51 t=85704379
Node 3 chan 1: RDMA send to 1 physically drained (sender side) bid=8 sid=0 iter=51 nElems=524288 at t=85708486
Node 1 chan 0: transfer complete from peer 3 dst=(1,6) totalBytes=2097152 at t=85714343
GPU 1 TB=3 arrived at iteration barrier (10/10) leaving iter=51 t=85714343
GPU 1: iteration barrier releasing 10 threadblock(s) at t=85714343
GPU 1 TB=0 sid=0 DISPATCHING RunStep t=85714343
GPU 1 TB=1 sid=0 DISPATCHING RunStep t=85714343
GPU 1 TB=2 sid=0 DISPATCHING RunStep t=85714343
GPU 1 TB=3 sid=0 DISPATCHING RunStep t=85714343
GPU 1 TB=4 sid=0 DISPATCHING RunStep t=85714343
GPU 1 TB=5 sid=0 DISPATCHING RunStep t=85714343
GPU 1 TB=6 sid=0 DISPATCHING RunStep t=85714343
GPU 1 TB=7 sid=0 DISPATCHING RunStep t=85714343
GPU 1 TB=8 sid=0 BLOCKED on network completion of TB=5 step=0 needFlag=53248 netFlag=52224 t=85714343
GPU 1 TB=9 sid=0 BLOCKED on network completion of TB=5 step=0 needFlag=53248 netFlag=52224 t=85714343
Node 1 chan 0: RDMA send to 0 totalBytes=2097152 over 1 lane(s) bid=5 sid=0 iter=52 part=0 rateGBps=0 at t=85714343
Node 1 chan 0: RDMA send to 0 totalBytes=2097152 over 1 lane(s) bid=5 sid=0 iter=52 part=1 rateGBps=0 at t=85714343
Node 1 chan 0: RDMA send to 2 totalBytes=2097152 over 1 lane(s) bid=6 sid=0 iter=52 part=0 rateGBps=0 at t=85714343
Node 1 chan 1: RDMA send to 2 totalBytes=2097152 over 1 lane(s) bid=7 sid=0 iter=52 part=0 rateGBps=0 at t=85714343
GPU 1 TB=5 arrived at iteration barrier (1/10) leaving iter=52 t=85714343
GPU 1 TB=6 arrived at iteration barrier (2/10) leaving iter=52 t=85714343
GPU 1 TB=7 arrived at iteration barrier (3/10) leaving iter=52 t=85714343
Node 3 chan 0: RDMA send to 1 physically drained (sender side) bid=7 sid=0 iter=51 nElems=524288 at t=85718454
Node 1 chan 0: transfer complete from peer 0 dst=(1,0) totalBytes=2097152 at t=85859623
Node 0 chan 0: RDMA send to 1 physically drained (sender side) bid=5 sid=0 iter=52 nElems=524288 at t=85861075
Node 2 chan 0: RDMA send to 3 physically drained (sender side) bid=9 sid=0 iter=52 nElems=524288 at t=85909766
Node 1 chan 1: transfer complete from peer 2 dst=(1,5) totalBytes=2097152 at t=85961375
GPU 1 TB=2 arrived at iteration barrier (4/10) leaving iter=52 t=85961375
Node 2 chan 1: RDMA send to 1 physically drained (sender side) bid=8 sid=0 iter=52 nElems=524288 at t=85965104
Node 1 chan 0: transfer complete from peer 2 dst=(1,4) totalBytes=2097152 at t=85966695
GPU 1 TB=1 arrived at iteration barrier (5/10) leaving iter=52 t=85966695
Node 2 chan 0: RDMA send to 1 physically drained (sender side) bid=7 sid=0 iter=52 nElems=524288 at t=85971035
GPU 2 TB=6 sid=0 DISPATCHING RunStep t=85971035
GPU 2 TB=5 sid=0 DISPATCHING RunStep t=85971035
Node 2 chan 1: RDMA send to 0 totalBytes=2097152 over 1 lane(s) bid=6 sid=0 iter=52 part=0 rateGBps=0 at t=85971035
Node 2 chan 0: RDMA send to 0 totalBytes=2097152 over 1 lane(s) bid=5 sid=0 iter=52 part=0 rateGBps=0 at t=85971035
GPU 2 TB=6 arrived at iteration barrier (4/10) leaving iter=52 t=85971035
GPU 2 TB=5 arrived at iteration barrier (5/10) leaving iter=52 t=85971035
Node 3 chan 1: transfer complete from peer 1 dst=(1,3) totalBytes=2097152 at t=86005302
GPU 3 TB=3 arrived at iteration barrier (9/10) leaving iter=51 t=86005302
Node 1 chan 1: RDMA send to 3 physically drained (sender side) bid=9 sid=0 iter=51 nElems=524288 at t=86008787
Node 3 chan 0: transfer complete from peer 1 dst=(1,2) totalBytes=2097152 at t=86018914
GPU 3 TB=2 arrived at iteration barrier (10/10) leaving iter=51 t=86018914
GPU 3: iteration barrier releasing 10 threadblock(s) at t=86018914
GPU 3 TB=0 sid=0 DISPATCHING RunStep t=86018914
GPU 3 TB=1 sid=0 DISPATCHING RunStep t=86018914
GPU 3 TB=2 sid=0 DISPATCHING RunStep t=86018914
GPU 3 TB=3 sid=0 DISPATCHING RunStep t=86018914
GPU 3 TB=4 sid=0 DISPATCHING RunStep t=86018914
GPU 3 TB=5 sid=0 DISPATCHING RunStep t=86018914
GPU 3 TB=6 sid=0 DISPATCHING RunStep t=86018914
GPU 3 TB=7 sid=0 BLOCKED on network completion of TB=5 step=0 needFlag=53248 netFlag=52224 t=86018914
GPU 3 TB=8 sid=0 BLOCKED on network completion of TB=5 step=0 needFlag=53248 netFlag=52224 t=86018914
GPU 3 TB=9 sid=0 DISPATCHING RunStep t=86018914
Node 3 chan 0: RDMA send to 0 totalBytes=2097152 over 1 lane(s) bid=5 sid=0 iter=52 part=0 rateGBps=0 at t=86018914
Node 3 chan 1: RDMA send to 0 totalBytes=2097152 over 1 lane(s) bid=6 sid=0 iter=52 part=0 rateGBps=0 at t=86018914
Node 3 chan 0: RDMA send to 2 totalBytes=2097152 over 1 lane(s) bid=9 sid=0 iter=52 part=0 rateGBps=0 at t=86018914
Node 3 chan 0: RDMA send to 2 totalBytes=2097152 over 1 lane(s) bid=9 sid=0 iter=52 part=1 rateGBps=0 at t=86018914
GPU 3 TB=5 arrived at iteration barrier (1/10) leaving iter=52 t=86018914
GPU 3 TB=6 arrived at iteration barrier (2/10) leaving iter=52 t=86018914
GPU 3 TB=9 arrived at iteration barrier (3/10) leaving iter=52 t=86018914
Node 1 chan 0: RDMA send to 3 physically drained (sender side) bid=8 sid=0 iter=51 nElems=524288 at t=86022406
Node 3 chan 1: transfer complete from peer 0 dst=(1,1) totalBytes=2097152 at t=86087710
GPU 3 TB=1 arrived at iteration barrier (4/10) leaving iter=52 t=86087710
Node 3 chan 0: transfer complete from peer 0 dst=(1,0) totalBytes=2097152 at t=86089378
GPU 3 TB=0 arrived at iteration barrier (5/10) leaving iter=52 t=86089378
Node 0 chan 1: RDMA send to 3 physically drained (sender side) bid=9 sid=0 iter=52 nElems=524288 at t=86091272
Node 0 chan 0: RDMA send to 3 physically drained (sender side) bid=8 sid=0 iter=52 nElems=524288 at t=86093604
Node 1 chan 0: transfer complete from peer 0 dst=(1,1) totalBytes=2097152 at t=86134147
GPU 1 TB=0 arrived at iteration barrier (6/10) leaving iter=52 t=86134147
Node 0 chan 0: RDMA send to 1 physically drained (sender side) bid=5 sid=0 iter=52 nElems=524288 at t=86136168
GPU 0 TB=7 sid=0 DISPATCHING RunStep t=86136168
GPU 0 TB=6 sid=0 DISPATCHING RunStep t=86136168
Node 0 chan 1: RDMA send to 2 totalBytes=2097152 over 1 lane(s) bid=7 sid=0 iter=52 part=0 rateGBps=0 at t=86136168
Node 0 chan 0: RDMA send to 2 totalBytes=2097152 over 1 lane(s) bid=6 sid=0 iter=52 part=0 rateGBps=0 at t=86136168
GPU 0 TB=7 arrived at iteration barrier (4/10) leaving iter=52 t=86136168
GPU 0 TB=6 arrived at iteration barrier (5/10) leaving iter=52 t=86136168
Node 3 chan 0: transfer complete from peer 2 dst=(1,5) totalBytes=2097152 at t=86235392
GPU 3 TB=4 arrived at iteration barrier (6/10) leaving iter=52 t=86235392
Node 2 chan 0: RDMA send to 3 physically drained (sender side) bid=9 sid=0 iter=52 nElems=524288 at t=86236984
Node 0 chan 0: transfer complete from peer 1 dst=(1,2) totalBytes=2097152 at t=86369360
Node 1 chan 0: RDMA send to 0 physically drained (sender side) bid=5 sid=0 iter=52 nElems=524288 at t=86370768
Node 2 chan 0: transfer complete from peer 1 dst=(1,2) totalBytes=2097152 at t=86538624
GPU 2 TB=2 arrived at iteration barrier (6/10) leaving iter=52 t=86538624
Node 2 chan 1: transfer complete from peer 1 dst=(1,3) totalBytes=2097152 at t=86539288
GPU 2 TB=3 arrived at iteration barrier (7/10) leaving iter=52 t=86539288
Node 1 chan 0: RDMA send to 2 physically drained (sender side) bid=6 sid=0 iter=52 nElems=524288 at t=86542746
Node 1 chan 1: RDMA send to 2 physically drained (sender side) bid=7 sid=0 iter=52 nElems=524288 at t=86543078
Node 2 chan 0: transfer complete from peer 3 dst=(1,6) totalBytes=2097152 at t=86618352
Node 3 chan 0: RDMA send to 2 physically drained (sender side) bid=9 sid=0 iter=52 nElems=524288 at t=86619760
Node 0 chan 1: transfer complete from peer 2 dst=(1,5) totalBytes=2097152 at t=86823592
GPU 0 TB=2 arrived at iteration barrier (6/10) leaving iter=52 t=86823592
Node 0 chan 0: transfer complete from peer 2 dst=(1,4) totalBytes=2097152 at t=86825256
GPU 0 TB=1 arrived at iteration barrier (7/10) leaving iter=52 t=86825256
Node 2 chan 1: RDMA send to 0 physically drained (sender side) bid=6 sid=0 iter=52 nElems=524288 at t=86826644
Node 2 chan 0: RDMA send to 0 physically drained (sender side) bid=5 sid=0 iter=52 nElems=524288 at t=86828308
Node 2 chan 0: transfer complete from peer 0 dst=(1,0) totalBytes=2097152 at t=86832624
GPU 2 TB=0 arrived at iteration barrier (8/10) leaving iter=52 t=86832624
Node 2 chan 1: transfer complete from peer 0 dst=(1,1) totalBytes=2097152 at t=86834616
GPU 2 TB=1 arrived at iteration barrier (9/10) leaving iter=52 t=86834616
Node 0 chan 0: RDMA send to 2 physically drained (sender side) bid=6 sid=0 iter=52 nElems=524288 at t=86835560
Node 0 chan 1: RDMA send to 2 physically drained (sender side) bid=7 sid=0 iter=52 nElems=524288 at t=86838552
Node 0 chan 1: transfer complete from peer 3 dst=(1,7) totalBytes=2097152 at t=86872748
GPU 0 TB=4 arrived at iteration barrier (8/10) leaving iter=52 t=86872748
Node 3 chan 1: RDMA send to 0 physically drained (sender side) bid=6 sid=0 iter=52 nElems=524288 at t=86875574
Node 0 chan 0: transfer complete from peer 3 dst=(1,6) totalBytes=2097152 at t=86878060
GPU 0 TB=3 arrived at iteration barrier (9/10) leaving iter=52 t=86878060
Node 3 chan 0: RDMA send to 0 physically drained (sender side) bid=5 sid=0 iter=52 nElems=524288 at t=86880886
GPU 3 TB=8 sid=0 DISPATCHING RunStep t=86880886
GPU 3 TB=7 sid=0 DISPATCHING RunStep t=86880886
Node 3 chan 1: RDMA send to 1 totalBytes=2097152 over 1 lane(s) bid=8 sid=0 iter=52 part=0 rateGBps=0 at t=86880886
Node 3 chan 0: RDMA send to 1 totalBytes=2097152 over 1 lane(s) bid=7 sid=0 iter=52 part=0 rateGBps=0 at t=86880886
GPU 3 TB=8 arrived at iteration barrier (7/10) leaving iter=52 t=86880886
GPU 3 TB=7 arrived at iteration barrier (8/10) leaving iter=52 t=86880886
Node 0 chan 0: transfer complete from peer 1 dst=(1,3) totalBytes=2097152 at t=86924872
GPU 0 TB=0 arrived at iteration barrier (10/10) leaving iter=52 t=86924872
GPU 0: iteration barrier releasing 10 threadblock(s) at t=86924872
GPU 0 TB=0 sid=0 DISPATCHING RunStep t=86924872
GPU 0 TB=1 sid=0 DISPATCHING RunStep t=86924872
GPU 0 TB=2 sid=0 DISPATCHING RunStep t=86924872
GPU 0 TB=3 sid=0 DISPATCHING RunStep t=86924872
GPU 0 TB=4 sid=0 DISPATCHING RunStep t=86924872
GPU 0 TB=5 sid=0 DISPATCHING RunStep t=86924872
GPU 0 TB=6 sid=0 BLOCKED on network completion of TB=5 step=0 needFlag=54272 netFlag=53248 t=86924872
GPU 0 TB=7 sid=0 BLOCKED on network completion of TB=5 step=0 needFlag=54272 netFlag=53248 t=86924872
GPU 0 TB=8 sid=0 DISPATCHING RunStep t=86924872
GPU 0 TB=9 sid=0 DISPATCHING RunStep t=86924872
Node 0 chan 0: RDMA send to 1 totalBytes=2097152 over 1 lane(s) bid=5 sid=0 iter=53 part=0 rateGBps=0 at t=86924872
Node 0 chan 0: RDMA send to 1 totalBytes=2097152 over 1 lane(s) bid=5 sid=0 iter=53 part=1 rateGBps=0 at t=86924872
Node 0 chan 0: RDMA send to 3 totalBytes=2097152 over 1 lane(s) bid=8 sid=0 iter=53 part=0 rateGBps=0 at t=86924872
Node 0 chan 1: RDMA send to 3 totalBytes=2097152 over 1 lane(s) bid=9 sid=0 iter=53 part=0 rateGBps=0 at t=86924872
GPU 0 TB=5 arrived at iteration barrier (1/10) leaving iter=53 t=86924872
GPU 0 TB=8 arrived at iteration barrier (2/10) leaving iter=53 t=86924872
GPU 0 TB=9 arrived at iteration barrier (3/10) leaving iter=53 t=86924872
Node 1 chan 0: RDMA send to 0 physically drained (sender side) bid=5 sid=0 iter=52 nElems=524288 at t=86926280
GPU 1 TB=9 sid=0 DISPATCHING RunStep t=86926280
GPU 1 TB=8 sid=0 DISPATCHING RunStep t=86926280
Node 1 chan 1: RDMA send to 3 totalBytes=2097152 over 1 lane(s) bid=9 sid=0 iter=52 part=0 rateGBps=0 at t=86926280
Node 1 chan 0: RDMA send to 3 totalBytes=2097152 over 1 lane(s) bid=8 sid=0 iter=52 part=0 rateGBps=0 at t=86926280
GPU 1 TB=9 arrived at iteration barrier (7/10) leaving iter=52 t=86926280
GPU 1 TB=8 arrived at iteration barrier (8/10) leaving iter=52 t=86926280
Node 2 chan 0: transfer complete from peer 3 dst=(1,7) totalBytes=2097152 at t=87044096
GPU 2 TB=4 arrived at iteration barrier (10/10) leaving iter=52 t=87044096
GPU 2: iteration barrier releasing 10 threadblock(s) at t=87044096
GPU 2 TB=0 sid=0 DISPATCHING RunStep t=87044096
GPU 2 TB=1 sid=0 DISPATCHING RunStep t=87044096
GPU 2 TB=2 sid=0 DISPATCHING RunStep t=87044096
GPU 2 TB=3 sid=0 DISPATCHING RunStep t=87044096
GPU 2 TB=4 sid=0 DISPATCHING RunStep t=87044096
GPU 2 TB=5 sid=0 BLOCKED on network completion of TB=7 step=0 needFlag=54272 netFlag=53248 t=87044096
GPU 2 TB=6 sid=0 BLOCKED on network completion of TB=7 step=0 needFlag=54272 netFlag=53248 t=87044096
GPU 2 TB=7 sid=0 DISPATCHING RunStep t=87044096
GPU 2 TB=8 sid=0 DISPATCHING RunStep t=87044096
GPU 2 TB=9 sid=0 DISPATCHING RunStep t=87044096
Node 2 chan 0: RDMA send to 1 totalBytes=2097152 over 1 lane(s) bid=7 sid=0 iter=53 part=0 rateGBps=0 at t=87044096
Node 2 chan 1: RDMA send to 1 totalBytes=2097152 over 1 lane(s) bid=8 sid=0 iter=53 part=0 rateGBps=0 at t=87044096
Node 2 chan 0: RDMA send to 3 totalBytes=2097152 over 1 lane(s) bid=9 sid=0 iter=53 part=0 rateGBps=0 at t=87044096
Node 2 chan 0: RDMA send to 3 totalBytes=2097152 over 1 lane(s) bid=9 sid=0 iter=53 part=1 rateGBps=0 at t=87044096
GPU 2 TB=7 arrived at iteration barrier (1/10) leaving iter=53 t=87044096
GPU 2 TB=8 arrived at iteration barrier (2/10) leaving iter=53 t=87044096
GPU 2 TB=9 arrived at iteration barrier (3/10) leaving iter=53 t=87044096
Node 3 chan 0: RDMA send to 2 physically drained (sender side) bid=9 sid=0 iter=52 nElems=524288 at t=87045708
Node 0 chan 0: RDMA send to 1 physically drained (sender side) bid=5 sid=0 iter=53 nElems=524288 at t=87594972
Node 1 chan 0: transfer complete from peer 3 dst=(1,6) totalBytes=2097152 at t=87647712
GPU 1 TB=3 arrived at iteration barrier (9/10) leaving iter=52 t=87647712
Node 3 chan 0: RDMA send to 1 physically drained (sender side) bid=7 sid=0 iter=52 nElems=524288 at t=87651992
Node 1 chan 1: transfer complete from peer 3 dst=(1,7) totalBytes=2097152 at t=87655020
GPU 1 TB=4 arrived at iteration barrier (10/10) leaving iter=52 t=87655020
GPU 1: iteration barrier releasing 10 threadblock(s) at t=87655020
GPU 1 TB=0 sid=0 DISPATCHING RunStep t=87655020
GPU 1 TB=1 sid=0 DISPATCHING RunStep t=87655020
GPU 1 TB=2 sid=0 DISPATCHING RunStep t=87655020
GPU 1 TB=3 sid=0 DISPATCHING RunStep t=87655020
GPU 1 TB=4 sid=0 DISPATCHING RunStep t=87655020
GPU 1 TB=5 sid=0 DISPATCHING RunStep t=87655020
GPU 1 TB=6 sid=0 DISPATCHING RunStep t=87655020
GPU 1 TB=7 sid=0 DISPATCHING RunStep t=87655020
GPU 1 TB=8 sid=0 BLOCKED on network completion of TB=5 step=0 needFlag=54272 netFlag=53248 t=87655020
GPU 1 TB=9 sid=0 BLOCKED on network completion of TB=5 step=0 needFlag=54272 netFlag=53248 t=87655020
Node 1 chan 0: RDMA send to 0 totalBytes=2097152 over 1 lane(s) bid=5 sid=0 iter=53 part=0 rateGBps=0 at t=87655020
Node 1 chan 0: RDMA send to 0 totalBytes=2097152 over 1 lane(s) bid=5 sid=0 iter=53 part=1 rateGBps=0 at t=87655020
Node 1 chan 0: RDMA send to 2 totalBytes=2097152 over 1 lane(s) bid=6 sid=0 iter=53 part=0 rateGBps=0 at t=87655020
Node 1 chan 1: RDMA send to 2 totalBytes=2097152 over 1 lane(s) bid=7 sid=0 iter=53 part=0 rateGBps=0 at t=87655020
GPU 1 TB=5 arrived at iteration barrier (1/10) leaving iter=53 t=87655020
GPU 1 TB=6 arrived at iteration barrier (2/10) leaving iter=53 t=87655020
GPU 1 TB=7 arrived at iteration barrier (3/10) leaving iter=53 t=87655020
Node 3 chan 1: RDMA send to 1 physically drained (sender side) bid=8 sid=0 iter=52 nElems=524288 at t=87657976
Node 3 chan 0: transfer complete from peer 1 dst=(1,2) totalBytes=2097152 at t=87775504
GPU 3 TB=2 arrived at iteration barrier (9/10) leaving iter=52 t=87775504
Node 1 chan 0: RDMA send to 3 physically drained (sender side) bid=8 sid=0 iter=52 nElems=524288 at t=87778384
Node 2 chan 0: RDMA send to 3 physically drained (sender side) bid=9 sid=0 iter=53 nElems=524288 at t=87778473
Node 3 chan 1: transfer complete from peer 1 dst=(1,3) totalBytes=2097152 at t=87779156
GPU 3 TB=3 arrived at iteration barrier (10/10) leaving iter=52 t=87779156
GPU 3: iteration barrier releasing 10 threadblock(s) at t=87779156
GPU 3 TB=0 sid=0 DISPATCHING RunStep t=87779156
GPU 3 TB=1 sid=0 DISPATCHING RunStep t=87779156
GPU 3 TB=2 sid=0 DISPATCHING RunStep t=87779156
GPU 3 TB=3 sid=0 DISPATCHING RunStep t=87779156
GPU 3 TB=4 sid=0 DISPATCHING RunStep t=87779156
GPU 3 TB=5 sid=0 DISPATCHING RunStep t=87779156
GPU 3 TB=6 sid=0 DISPATCHING RunStep t=87779156
GPU 3 TB=7 sid=0 BLOCKED on network completion of TB=5 step=0 needFlag=54272 netFlag=53248 t=87779156
GPU 3 TB=8 sid=0 BLOCKED on network completion of TB=5 step=0 needFlag=54272 netFlag=53248 t=87779156
GPU 3 TB=9 sid=0 DISPATCHING RunStep t=87779156
Node 3 chan 0: RDMA send to 0 totalBytes=2097152 over 1 lane(s) bid=5 sid=0 iter=53 part=0 rateGBps=0 at t=87779156
Node 3 chan 1: RDMA send to 0 totalBytes=2097152 over 1 lane(s) bid=6 sid=0 iter=53 part=0 rateGBps=0 at t=87779156
Node 3 chan 0: RDMA send to 2 totalBytes=2097152 over 1 lane(s) bid=9 sid=0 iter=53 part=0 rateGBps=0 at t=87779156
Node 3 chan 0: RDMA send to 2 totalBytes=2097152 over 1 lane(s) bid=9 sid=0 iter=53 part=1 rateGBps=0 at t=87779156
GPU 3 TB=5 arrived at iteration barrier (1/10) leaving iter=53 t=87779156
GPU 3 TB=6 arrived at iteration barrier (2/10) leaving iter=53 t=87779156
GPU 3 TB=9 arrived at iteration barrier (3/10) leaving iter=53 t=87779156
Node 3 chan 0: transfer complete from peer 0 dst=(1,0) totalBytes=2097152 at t=87780484
GPU 3 TB=0 arrived at iteration barrier (4/10) leaving iter=53 t=87780484
Node 1 chan 1: RDMA send to 3 physically drained (sender side) bid=9 sid=0 iter=52 nElems=524288 at t=87782712
Node 3 chan 1: transfer complete from peer 0 dst=(1,1) totalBytes=2097152 at t=87783140
GPU 3 TB=1 arrived at iteration barrier (5/10) leaving iter=53 t=87783140
Node 0 chan 0: RDMA send to 3 physically drained (sender side) bid=8 sid=0 iter=53 nElems=524288 at t=87784788
Node 0 chan 1: RDMA send to 3 physically drained (sender side) bid=9 sid=0 iter=53 nElems=524288 at t=87786966
Node 1 chan 0: transfer complete from peer 2 dst=(1,4) totalBytes=2097152 at t=87831920
GPU 1 TB=1 arrived at iteration barrier (4/10) leaving iter=53 t=87831920
Node 2 chan 0: RDMA send to 1 physically drained (sender side) bid=7 sid=0 iter=53 nElems=524288 at t=87835689
GPU 2 TB=6 sid=0 DISPATCHING RunStep t=87835689
GPU 2 TB=5 sid=0 DISPATCHING RunStep t=87835689
Node 2 chan 1: RDMA send to 0 totalBytes=2097152 over 1 lane(s) bid=6 sid=0 iter=53 part=0 rateGBps=0 at t=87835689
Node 2 chan 0: RDMA send to 0 totalBytes=2097152 over 1 lane(s) bid=5 sid=0 iter=53 part=0 rateGBps=0 at t=87835689
GPU 2 TB=6 arrived at iteration barrier (4/10) leaving iter=53 t=87835689
GPU 2 TB=5 arrived at iteration barrier (5/10) leaving iter=53 t=87835689
Node 1 chan 1: transfer complete from peer 2 dst=(1,5) totalBytes=2097152 at t=87840896
GPU 1 TB=2 arrived at iteration barrier (5/10) leaving iter=53 t=87840896
Node 2 chan 1: RDMA send to 1 physically drained (sender side) bid=8 sid=0 iter=53 nElems=524288 at t=87844997
Node 1 chan 0: transfer complete from peer 0 dst=(1,1) totalBytes=2097152 at t=87920016
GPU 1 TB=0 arrived at iteration barrier (6/10) leaving iter=53 t=87920016
Node 0 chan 0: RDMA send to 1 physically drained (sender side) bid=5 sid=0 iter=53 nElems=524288 at t=87921589
GPU 0 TB=7 sid=0 DISPATCHING RunStep t=87921589
GPU 0 TB=6 sid=0 DISPATCHING RunStep t=87921589
Node 0 chan 1: RDMA send to 2 totalBytes=2097152 over 1 lane(s) bid=7 sid=0 iter=53 part=0 rateGBps=0 at t=87921589
Node 0 chan 0: RDMA send to 2 totalBytes=2097152 over 1 lane(s) bid=6 sid=0 iter=53 part=0 rateGBps=0 at t=87921589
GPU 0 TB=7 arrived at iteration barrier (4/10) leaving iter=53 t=87921589
GPU 0 TB=6 arrived at iteration barrier (5/10) leaving iter=53 t=87921589
Node 3 chan 0: transfer complete from peer 2 dst=(1,5) totalBytes=2097152 at t=88058525
GPU 3 TB=4 arrived at iteration barrier (6/10) leaving iter=53 t=88058525
Node 2 chan 0: RDMA send to 3 physically drained (sender side) bid=9 sid=0 iter=53 nElems=524288 at t=88060121
Node 0 chan 0: transfer complete from peer 1 dst=(1,2) totalBytes=2097152 at t=88348793
Node 1 chan 0: RDMA send to 0 physically drained (sender side) bid=5 sid=0 iter=53 nElems=524288 at t=88350205
Node 2 chan 0: transfer complete from peer 1 dst=(1,2) totalBytes=2097152 at t=88414249
GPU 2 TB=2 arrived at iteration barrier (6/10) leaving iter=53 t=88414249
Node 1 chan 0: RDMA send to 2 physically drained (sender side) bid=6 sid=0 iter=53 nElems=524288 at t=88417195
Node 2 chan 1: transfer complete from peer 1 dst=(1,3) totalBytes=2097152 at t=88424553
GPU 2 TB=3 arrived at iteration barrier (7/10) leaving iter=53 t=88424553
Node 1 chan 1: RDMA send to 2 physically drained (sender side) bid=7 sid=0 iter=53 nElems=524288 at t=88428050
Node 2 chan 0: transfer complete from peer 3 dst=(1,6) totalBytes=2097152 at t=88442817
Node 3 chan 0: RDMA send to 2 physically drained (sender side) bid=9 sid=0 iter=53 nElems=524288 at t=88444225
Node 0 chan 0: transfer complete from peer 3 dst=(1,6) totalBytes=2097152 at t=88608973
GPU 0 TB=3 arrived at iteration barrier (6/10) leaving iter=53 t=88608973
Node 3 chan 0: RDMA send to 0 physically drained (sender side) bid=5 sid=0 iter=53 nElems=524288 at t=88612782
GPU 3 TB=8 sid=0 DISPATCHING RunStep t=88612782
GPU 3 TB=7 sid=0 DISPATCHING RunStep t=88612782
Node 3 chan 1: RDMA send to 1 totalBytes=2097152 over 1 lane(s) bid=8 sid=0 iter=53 part=0 rateGBps=0 at t=88612782
Node 3 chan 0: RDMA send to 1 totalBytes=2097152 over 1 lane(s) bid=7 sid=0 iter=53 part=0 rateGBps=0 at t=88612782
GPU 3 TB=8 arrived at iteration barrier (7/10) leaving iter=53 t=88612782
GPU 3 TB=7 arrived at iteration barrier (8/10) leaving iter=53 t=88612782
Node 0 chan 1: transfer complete from peer 3 dst=(1,7) totalBytes=2097152 at t=88634893
GPU 0 TB=4 arrived at iteration barrier (7/10) leaving iter=53 t=88634893
Node 3 chan 1: RDMA send to 0 physically drained (sender side) bid=6 sid=0 iter=53 nElems=524288 at t=88638707
Node 2 chan 0: transfer complete from peer 0 dst=(1,0) totalBytes=2097152 at t=88656769
GPU 2 TB=0 arrived at iteration barrier (8/10) leaving iter=53 t=88656769
Node 0 chan 0: RDMA send to 2 physically drained (sender side) bid=6 sid=0 iter=53 nElems=524288 at t=88661153
Node 2 chan 1: transfer complete from peer 0 dst=(1,1) totalBytes=2097152 at t=88661421
GPU 2 TB=1 arrived at iteration barrier (9/10) leaving iter=53 t=88661421
Node 0 chan 1: RDMA send to 2 physically drained (sender side) bid=7 sid=0 iter=53 nElems=524288 at t=88665805
Node 0 chan 0: transfer complete from peer 2 dst=(1,4) totalBytes=2097152 at t=88685725
GPU 0 TB=1 arrived at iteration barrier (8/10) leaving iter=53 t=88685725
Node 2 chan 0: RDMA send to 0 physically drained (sender side) bid=5 sid=0 iter=53 nElems=524288 at t=88688554
Node 0 chan 1: transfer complete from peer 2 dst=(1,5) totalBytes=2097152 at t=88700001
GPU 0 TB=2 arrived at iteration barrier (9/10) leaving iter=53 t=88700001
Node 2 chan 1: RDMA send to 0 physically drained (sender side) bid=6 sid=0 iter=53 nElems=524288 at t=88702830
Node 0 chan 0: transfer complete from peer 1 dst=(1,3) totalBytes=2097152 at t=88770385
GPU 0 TB=0 arrived at iteration barrier (10/10) leaving iter=53 t=88770385
GPU 0: iteration barrier releasing 10 threadblock(s) at t=88770385
GPU 0 TB=0 sid=0 DISPATCHING RunStep t=88770385
GPU 0 TB=1 sid=0 DISPATCHING RunStep t=88770385
GPU 0 TB=2 sid=0 DISPATCHING RunStep t=88770385
GPU 0 TB=3 sid=0 DISPATCHING RunStep t=88770385
GPU 0 TB=4 sid=0 DISPATCHING RunStep t=88770385
GPU 0 TB=5 sid=0 DISPATCHING RunStep t=88770385
GPU 0 TB=6 sid=0 BLOCKED on network completion of TB=5 step=0 needFlag=55296 netFlag=54272 t=88770385
GPU 0 TB=7 sid=0 BLOCKED on network completion of TB=5 step=0 needFlag=55296 netFlag=54272 t=88770385
GPU 0 TB=8 sid=0 DISPATCHING RunStep t=88770385
GPU 0 TB=9 sid=0 DISPATCHING RunStep t=88770385
Node 0 chan 0: RDMA send to 1 totalBytes=2097152 over 1 lane(s) bid=5 sid=0 iter=54 part=0 rateGBps=0 at t=88770385
Node 0 chan 0: RDMA send to 1 totalBytes=2097152 over 1 lane(s) bid=5 sid=0 iter=54 part=1 rateGBps=0 at t=88770385
Node 0 chan 0: RDMA send to 3 totalBytes=2097152 over 1 lane(s) bid=8 sid=0 iter=54 part=0 rateGBps=0 at t=88770385
Node 0 chan 1: RDMA send to 3 totalBytes=2097152 over 1 lane(s) bid=9 sid=0 iter=54 part=0 rateGBps=0 at t=88770385
GPU 0 TB=5 arrived at iteration barrier (1/10) leaving iter=54 t=88770385
GPU 0 TB=8 arrived at iteration barrier (2/10) leaving iter=54 t=88770385
GPU 0 TB=9 arrived at iteration barrier (3/10) leaving iter=54 t=88770385
Node 1 chan 0: RDMA send to 0 physically drained (sender side) bid=5 sid=0 iter=53 nElems=524288 at t=88771793
GPU 1 TB=9 sid=0 DISPATCHING RunStep t=88771793
GPU 1 TB=8 sid=0 DISPATCHING RunStep t=88771793
Node 1 chan 1: RDMA send to 3 totalBytes=2097152 over 1 lane(s) bid=9 sid=0 iter=53 part=0 rateGBps=0 at t=88771793
Node 1 chan 0: RDMA send to 3 totalBytes=2097152 over 1 lane(s) bid=8 sid=0 iter=53 part=0 rateGBps=0 at t=88771793
GPU 1 TB=9 arrived at iteration barrier (7/10) leaving iter=53 t=88771793
GPU 1 TB=8 arrived at iteration barrier (8/10) leaving iter=53 t=88771793
Node 2 chan 0: transfer complete from peer 3 dst=(1,7) totalBytes=2097152 at t=88899886
GPU 2 TB=4 arrived at iteration barrier (10/10) leaving iter=53 t=88899886
GPU 2: iteration barrier releasing 10 threadblock(s) at t=88899886
GPU 2 TB=0 sid=0 DISPATCHING RunStep t=88899886
GPU 2 TB=1 sid=0 DISPATCHING RunStep t=88899886
GPU 2 TB=2 sid=0 DISPATCHING RunStep t=88899886
GPU 2 TB=3 sid=0 DISPATCHING RunStep t=88899886
GPU 2 TB=4 sid=0 DISPATCHING RunStep t=88899886
GPU 2 TB=5 sid=0 BLOCKED on network completion of TB=7 step=0 needFlag=55296 netFlag=54272 t=88899886
GPU 2 TB=6 sid=0 BLOCKED on network completion of TB=7 step=0 needFlag=55296 netFlag=54272 t=88899886
GPU 2 TB=7 sid=0 DISPATCHING RunStep t=88899886
GPU 2 TB=8 sid=0 DISPATCHING RunStep t=88899886
GPU 2 TB=9 sid=0 DISPATCHING RunStep t=88899886
Node 2 chan 0: RDMA send to 1 totalBytes=2097152 over 1 lane(s) bid=7 sid=0 iter=54 part=0 rateGBps=0 at t=88899886
Node 2 chan 1: RDMA send to 1 totalBytes=2097152 over 1 lane(s) bid=8 sid=0 iter=54 part=0 rateGBps=0 at t=88899886
Node 2 chan 0: RDMA send to 3 totalBytes=2097152 over 1 lane(s) bid=9 sid=0 iter=54 part=0 rateGBps=0 at t=88899886
Node 2 chan 0: RDMA send to 3 totalBytes=2097152 over 1 lane(s) bid=9 sid=0 iter=54 part=1 rateGBps=0 at t=88899886
GPU 2 TB=7 arrived at iteration barrier (1/10) leaving iter=54 t=88899886
GPU 2 TB=8 arrived at iteration barrier (2/10) leaving iter=54 t=88899886
GPU 2 TB=9 arrived at iteration barrier (3/10) leaving iter=54 t=88899886
Node 3 chan 0: RDMA send to 2 physically drained (sender side) bid=9 sid=0 iter=53 nElems=524288 at t=88901529
Node 1 chan 1: transfer complete from peer 3 dst=(1,7) totalBytes=2097152 at t=89296198
GPU 1 TB=4 arrived at iteration barrier (9/10) leaving iter=53 t=89296198
Node 1 chan 0: transfer complete from peer 3 dst=(1,6) totalBytes=2097152 at t=89298194
GPU 1 TB=3 arrived at iteration barrier (10/10) leaving iter=53 t=89298194
GPU 1: iteration barrier releasing 10 threadblock(s) at t=89298194
GPU 1 TB=0 sid=0 DISPATCHING RunStep t=89298194
GPU 1 TB=1 sid=0 DISPATCHING RunStep t=89298194
GPU 1 TB=2 sid=0 DISPATCHING RunStep t=89298194
GPU 1 TB=3 sid=0 DISPATCHING RunStep t=89298194
GPU 1 TB=4 sid=0 DISPATCHING RunStep t=89298194
GPU 1 TB=5 sid=0 DISPATCHING RunStep t=89298194
GPU 1 TB=6 sid=0 DISPATCHING RunStep t=89298194
GPU 1 TB=7 sid=0 DISPATCHING RunStep t=89298194
GPU 1 TB=8 sid=0 BLOCKED on network completion of TB=5 step=0 needFlag=55296 netFlag=54272 t=89298194
GPU 1 TB=9 sid=0 BLOCKED on network completion of TB=5 step=0 needFlag=55296 netFlag=54272 t=89298194
Node 1 chan 0: RDMA send to 0 totalBytes=2097152 over 1 lane(s) bid=5 sid=0 iter=54 part=0 rateGBps=0 at t=89298194
Node 1 chan 0: RDMA send to 0 totalBytes=2097152 over 1 lane(s) bid=5 sid=0 iter=54 part=1 rateGBps=0 at t=89298194
Node 1 chan 0: RDMA send to 2 totalBytes=2097152 over 1 lane(s) bid=6 sid=0 iter=54 part=0 rateGBps=0 at t=89298194
Node 1 chan 1: RDMA send to 2 totalBytes=2097152 over 1 lane(s) bid=7 sid=0 iter=54 part=0 rateGBps=0 at t=89298194
GPU 1 TB=5 arrived at iteration barrier (1/10) leaving iter=54 t=89298194
GPU 1 TB=6 arrived at iteration barrier (2/10) leaving iter=54 t=89298194
GPU 1 TB=7 arrived at iteration barrier (3/10) leaving iter=54 t=89298194
Node 3 chan 1: RDMA send to 1 physically drained (sender side) bid=8 sid=0 iter=53 nElems=524288 at t=89299185
Node 3 chan 0: RDMA send to 1 physically drained (sender side) bid=7 sid=0 iter=53 nElems=524288 at t=89302509
Node 1 chan 0: transfer complete from peer 0 dst=(1,0) totalBytes=2097152 at t=89379302
Node 0 chan 0: RDMA send to 1 physically drained (sender side) bid=5 sid=0 iter=54 nElems=524288 at t=89380746
Node 2 chan 0: RDMA send to 3 physically drained (sender side) bid=9 sid=0 iter=54 nElems=524288 at t=89544617
Node 1 chan 0: transfer complete from peer 2 dst=(1,4) totalBytes=2097152 at t=89610398
GPU 1 TB=1 arrived at iteration barrier (4/10) leaving iter=54 t=89610398
Node 1 chan 1: transfer complete from peer 2 dst=(1,5) totalBytes=2097152 at t=89613386
GPU 1 TB=2 arrived at iteration barrier (5/10) leaving iter=54 t=89613386
Node 2 chan 0: RDMA send to 1 physically drained (sender side) bid=7 sid=0 iter=54 nElems=524288 at t=89614415
GPU 2 TB=6 sid=0 DISPATCHING RunStep t=89614415
GPU 2 TB=5 sid=0 DISPATCHING RunStep t=89614415
Node 2 chan 1: RDMA send to 0 totalBytes=2097152 over 1 lane(s) bid=6 sid=0 iter=54 part=0 rateGBps=0 at t=89614415
Node 2 chan 0: RDMA send to 0 totalBytes=2097152 over 1 lane(s) bid=5 sid=0 iter=54 part=0 rateGBps=0 at t=89614415
GPU 2 TB=6 arrived at iteration barrier (4/10) leaving iter=54 t=89614415
GPU 2 TB=5 arrived at iteration barrier (5/10) leaving iter=54 t=89614415
Node 2 chan 1: RDMA send to 1 physically drained (sender side) bid=8 sid=0 iter=54 nElems=524288 at t=89617080
Node 0 chan 0: RDMA send to 3 physically drained (sender side) bid=8 sid=0 iter=54 nElems=524288 at t=89655106
Node 3 chan 0: transfer complete from peer 1 dst=(1,2) totalBytes=2097152 at t=89667377
GPU 3 TB=2 arrived at iteration barrier (9/10) leaving iter=53 t=89667377
Node 1 chan 0: RDMA send to 3 physically drained (sender side) bid=8 sid=0 iter=53 nElems=524288 at t=89671134
Node 0 chan 1: RDMA send to 3 physically drained (sender side) bid=9 sid=0 iter=54 nElems=524288 at t=89675066
Node 3 chan 1: transfer complete from peer 1 dst=(1,3) totalBytes=2097152 at t=89676009
GPU 3 TB=3 arrived at iteration barrier (10/10) leaving iter=53 t=89676009
GPU 3: iteration barrier releasing 10 threadblock(s) at t=89676009
GPU 3 TB=0 sid=0 DISPATCHING RunStep t=89676009
GPU 3 TB=1 sid=0 DISPATCHING RunStep t=89676009
GPU 3 TB=2 sid=0 DISPATCHING RunStep t=89676009
GPU 3 TB=3 sid=0 DISPATCHING RunStep t=89676009
GPU 3 TB=4 sid=0 DISPATCHING RunStep t=89676009
GPU 3 TB=5 sid=0 DISPATCHING RunStep t=89676009
GPU 3 TB=6 sid=0 DISPATCHING RunStep t=89676009
GPU 3 TB=7 sid=0 BLOCKED on network completion of TB=5 step=0 needFlag=55296 netFlag=54272 t=89676009
GPU 3 TB=8 sid=0 BLOCKED on network completion of TB=5 step=0 needFlag=55296 netFlag=54272 t=89676009
GPU 3 TB=9 sid=0 DISPATCHING RunStep t=89676009
Node 3 chan 0: RDMA send to 0 totalBytes=2097152 over 1 lane(s) bid=5 sid=0 iter=54 part=0 rateGBps=0 at t=89676009
Node 3 chan 1: RDMA send to 0 totalBytes=2097152 over 1 lane(s) bid=6 sid=0 iter=54 part=0 rateGBps=0 at t=89676009
Node 3 chan 0: RDMA send to 2 totalBytes=2097152 over 1 lane(s) bid=9 sid=0 iter=54 part=0 rateGBps=0 at t=89676009
Node 3 chan 0: RDMA send to 2 totalBytes=2097152 over 1 lane(s) bid=9 sid=0 iter=54 part=1 rateGBps=0 at t=89676009
GPU 3 TB=0 arrived at iteration barrier (1/10) leaving iter=54 t=89676009
GPU 3 TB=1 arrived at iteration barrier (2/10) leaving iter=54 t=89676009
GPU 3 TB=5 arrived at iteration barrier (3/10) leaving iter=54 t=89676009
GPU 3 TB=6 arrived at iteration barrier (4/10) leaving iter=54 t=89676009
GPU 3 TB=9 arrived at iteration barrier (5/10) leaving iter=54 t=89676009
Node 1 chan 1: RDMA send to 3 physically drained (sender side) bid=9 sid=0 iter=53 nElems=524288 at t=89679786
Node 1 chan 0: transfer complete from peer 0 dst=(1,1) totalBytes=2097152 at t=89694750
GPU 1 TB=0 arrived at iteration barrier (6/10) leaving iter=54 t=89694750
Node 0 chan 0: RDMA send to 1 physically drained (sender side) bid=5 sid=0 iter=54 nElems=524288 at t=89696350
GPU 0 TB=7 sid=0 DISPATCHING RunStep t=89696350
GPU 0 TB=6 sid=0 DISPATCHING RunStep t=89696350
Node 0 chan 1: RDMA send to 2 totalBytes=2097152 over 1 lane(s) bid=7 sid=0 iter=54 part=0 rateGBps=0 at t=89696350
Node 0 chan 0: RDMA send to 2 totalBytes=2097152 over 1 lane(s) bid=6 sid=0 iter=54 part=0 rateGBps=0 at t=89696350
GPU 0 TB=7 arrived at iteration barrier (4/10) leaving iter=54 t=89696350
GPU 0 TB=6 arrived at iteration barrier (5/10) leaving iter=54 t=89696350
Node 3 chan 0: transfer complete from peer 2 dst=(1,5) totalBytes=2097152 at t=89879385
GPU 3 TB=4 arrived at iteration barrier (6/10) leaving iter=54 t=89879385
Node 2 chan 0: RDMA send to 3 physically drained (sender side) bid=9 sid=0 iter=54 nElems=524288 at t=89881101
Node 0 chan 0: transfer complete from peer 1 dst=(1,2) totalBytes=2097152 at t=89919578
Node 1 chan 0: RDMA send to 0 physically drained (sender side) bid=5 sid=0 iter=54 nElems=524288 at t=89920986
Node 2 chan 0: transfer complete from peer 1 dst=(1,2) totalBytes=2097152 at t=90140217
GPU 2 TB=2 arrived at iteration barrier (6/10) leaving iter=54 t=90140217
Node 1 chan 0: RDMA send to 2 physically drained (sender side) bid=6 sid=0 iter=54 nElems=524288 at t=90144358
Node 2 chan 1: transfer complete from peer 1 dst=(1,3) totalBytes=2097152 at t=90156165
GPU 2 TB=3 arrived at iteration barrier (7/10) leaving iter=54 t=90156165
Node 1 chan 1: RDMA send to 2 physically drained (sender side) bid=7 sid=0 iter=54 nElems=524288 at t=90159740
Node 2 chan 0: transfer complete from peer 3 dst=(1,6) totalBytes=2097152 at t=90319277
Node 3 chan 0: RDMA send to 2 physically drained (sender side) bid=9 sid=0 iter=54 nElems=524288 at t=90320685
Node 2 chan 1: transfer complete from peer 0 dst=(1,1) totalBytes=2097152 at t=90411633
GPU 2 TB=1 arrived at iteration barrier (8/10) leaving iter=54 t=90411633
Node 0 chan 1: RDMA send to 2 physically drained (sender side) bid=7 sid=0 iter=54 nElems=524288 at t=90415330
Node 2 chan 0: transfer complete from peer 0 dst=(1,0) totalBytes=2097152 at t=90415617
GPU 2 TB=0 arrived at iteration barrier (9/10) leaving iter=54 t=90415617
Node 0 chan 0: RDMA send to 2 physically drained (sender side) bid=6 sid=0 iter=54 nElems=524288 at t=90419318
Node 0 chan 0: transfer complete from peer 2 dst=(1,4) totalBytes=2097152 at t=90449862
GPU 0 TB=1 arrived at iteration barrier (6/10) leaving iter=54 t=90449862
Node 2 chan 0: RDMA send to 0 physically drained (sender side) bid=5 sid=0 iter=54 nElems=524288 at t=90452957
Node 0 chan 1: transfer complete from peer 2 dst=(1,5) totalBytes=2097152 at t=90454510
GPU 0 TB=2 arrived at iteration barrier (7/10) leaving iter=54 t=90454510
Node 2 chan 1: RDMA send to 0 physically drained (sender side) bid=6 sid=0 iter=54 nElems=524288 at t=90457605
Node 0 chan 0: transfer complete from peer 3 dst=(1,6) totalBytes=2097152 at t=90521574
GPU 0 TB=3 arrived at iteration barrier (8/10) leaving iter=54 t=90521574
Node 0 chan 1: transfer complete from peer 3 dst=(1,7) totalBytes=2097152 at t=90523566
GPU 0 TB=4 arrived at iteration barrier (9/10) leaving iter=54 t=90523566
Node 3 chan 0: RDMA send to 0 physically drained (sender side) bid=5 sid=0 iter=54 nElems=524288 at t=90524400
GPU 3 TB=8 sid=0 DISPATCHING RunStep t=90524400
GPU 3 TB=7 sid=0 DISPATCHING RunStep t=90524400
Node 3 chan 1: RDMA send to 1 totalBytes=2097152 over 1 lane(s) bid=8 sid=0 iter=54 part=0 rateGBps=0 at t=90524400
Node 3 chan 0: RDMA send to 1 totalBytes=2097152 over 1 lane(s) bid=7 sid=0 iter=54 part=0 rateGBps=0 at t=90524400
GPU 3 TB=8 arrived at iteration barrier (7/10) leaving iter=54 t=90524400
GPU 3 TB=7 arrived at iteration barrier (8/10) leaving iter=54 t=90524400
Node 3 chan 1: RDMA send to 0 physically drained (sender side) bid=6 sid=0 iter=54 nElems=524288 at t=90526392
Node 0 chan 0: transfer complete from peer 1 dst=(1,3) totalBytes=2097152 at t=90549130
GPU 0 TB=0 arrived at iteration barrier (10/10) leaving iter=54 t=90549130
GPU 0: iteration barrier releasing 10 threadblock(s) at t=90549130
GPU 0 TB=0 sid=0 DISPATCHING RunStep t=90549130
GPU 0 TB=1 sid=0 DISPATCHING RunStep t=90549130
GPU 0 TB=2 sid=0 DISPATCHING RunStep t=90549130
GPU 0 TB=3 sid=0 DISPATCHING RunStep t=90549130
GPU 0 TB=4 sid=0 DISPATCHING RunStep t=90549130
GPU 0 TB=5 sid=0 DISPATCHING RunStep t=90549130
GPU 0 TB=6 sid=0 BLOCKED on network completion of TB=5 step=0 needFlag=56320 netFlag=55296 t=90549130
GPU 0 TB=7 sid=0 BLOCKED on network completion of TB=5 step=0 needFlag=56320 netFlag=55296 t=90549130
GPU 0 TB=8 sid=0 DISPATCHING RunStep t=90549130
GPU 0 TB=9 sid=0 DISPATCHING RunStep t=90549130
Node 0 chan 0: RDMA send to 1 totalBytes=2097152 over 1 lane(s) bid=5 sid=0 iter=55 part=0 rateGBps=0 at t=90549130
Node 0 chan 0: RDMA send to 1 totalBytes=2097152 over 1 lane(s) bid=5 sid=0 iter=55 part=1 rateGBps=0 at t=90549130
Node 0 chan 0: RDMA send to 3 totalBytes=2097152 over 1 lane(s) bid=8 sid=0 iter=55 part=0 rateGBps=0 at t=90549130
Node 0 chan 1: RDMA send to 3 totalBytes=2097152 over 1 lane(s) bid=9 sid=0 iter=55 part=0 rateGBps=0 at t=90549130
GPU 0 TB=5 arrived at iteration barrier (1/10) leaving iter=55 t=90549130
GPU 0 TB=8 arrived at iteration barrier (2/10) leaving iter=55 t=90549130
GPU 0 TB=9 arrived at iteration barrier (3/10) leaving iter=55 t=90549130
Node 1 chan 0: RDMA send to 0 physically drained (sender side) bid=5 sid=0 iter=54 nElems=524288 at t=90550637
GPU 1 TB=9 sid=0 DISPATCHING RunStep t=90550637
GPU 1 TB=8 sid=0 DISPATCHING RunStep t=90550637
Node 1 chan 1: RDMA send to 3 totalBytes=2097152 over 1 lane(s) bid=9 sid=0 iter=54 part=0 rateGBps=0 at t=90550637
Node 1 chan 0: RDMA send to 3 totalBytes=2097152 over 1 lane(s) bid=8 sid=0 iter=54 part=0 rateGBps=0 at t=90550637
GPU 1 TB=9 arrived at iteration barrier (7/10) leaving iter=54 t=90550637
GPU 1 TB=8 arrived at iteration barrier (8/10) leaving iter=54 t=90550637
Node 2 chan 0: transfer complete from peer 3 dst=(1,7) totalBytes=2097152 at t=90711157
GPU 2 TB=4 arrived at iteration barrier (10/10) leaving iter=54 t=90711157
GPU 2: iteration barrier releasing 10 threadblock(s) at t=90711157
GPU 2 TB=0 sid=0 DISPATCHING RunStep t=90711157
GPU 2 TB=1 sid=0 DISPATCHING RunStep t=90711157
GPU 2 TB=2 sid=0 DISPATCHING RunStep t=90711157
GPU 2 TB=3 sid=0 DISPATCHING RunStep t=90711157
GPU 2 TB=4 sid=0 DISPATCHING RunStep t=90711157
GPU 2 TB=5 sid=0 BLOCKED on network completion of TB=7 step=0 needFlag=56320 netFlag=55296 t=90711157
GPU 2 TB=6 sid=0 BLOCKED on network completion of TB=7 step=0 needFlag=56320 netFlag=55296 t=90711157
GPU 2 TB=7 sid=0 DISPATCHING RunStep t=90711157
GPU 2 TB=8 sid=0 DISPATCHING RunStep t=90711157
GPU 2 TB=9 sid=0 DISPATCHING RunStep t=90711157
Node 2 chan 0: RDMA send to 1 totalBytes=2097152 over 1 lane(s) bid=7 sid=0 iter=55 part=0 rateGBps=0 at t=90711157
Node 2 chan 1: RDMA send to 1 totalBytes=2097152 over 1 lane(s) bid=8 sid=0 iter=55 part=0 rateGBps=0 at t=90711157
Node 2 chan 0: RDMA send to 3 totalBytes=2097152 over 1 lane(s) bid=9 sid=0 iter=55 part=0 rateGBps=0 at t=90711157
Node 2 chan 0: RDMA send to 3 totalBytes=2097152 over 1 lane(s) bid=9 sid=0 iter=55 part=1 rateGBps=0 at t=90711157
GPU 2 TB=7 arrived at iteration barrier (1/10) leaving iter=55 t=90711157
GPU 2 TB=8 arrived at iteration barrier (2/10) leaving iter=55 t=90711157
GPU 2 TB=9 arrived at iteration barrier (3/10) leaving iter=55 t=90711157
Node 3 chan 0: RDMA send to 2 physically drained (sender side) bid=9 sid=0 iter=54 nElems=524288 at t=90712701
Node 0 chan 0: RDMA send to 1 physically drained (sender side) bid=5 sid=0 iter=55 nElems=524288 at t=91186921
Node 1 chan 1: transfer complete from peer 3 dst=(1,7) totalBytes=2097152 at t=91282845
GPU 1 TB=4 arrived at iteration barrier (9/10) leaving iter=54 t=91282845
Node 3 chan 1: RDMA send to 1 physically drained (sender side) bid=8 sid=0 iter=54 nElems=524288 at t=91286433
Node 1 chan 0: transfer complete from peer 3 dst=(1,6) totalBytes=2097152 at t=91287497
GPU 1 TB=3 arrived at iteration barrier (10/10) leaving iter=54 t=91287497
GPU 1: iteration barrier releasing 10 threadblock(s) at t=91287497
GPU 1 TB=0 sid=0 DISPATCHING RunStep t=91287497
GPU 1 TB=1 sid=0 DISPATCHING RunStep t=91287497
GPU 1 TB=2 sid=0 DISPATCHING RunStep t=91287497
GPU 1 TB=3 sid=0 DISPATCHING RunStep t=91287497
GPU 1 TB=4 sid=0 DISPATCHING RunStep t=91287497
GPU 1 TB=5 sid=0 DISPATCHING RunStep t=91287497
GPU 1 TB=6 sid=0 DISPATCHING RunStep t=91287497
GPU 1 TB=7 sid=0 DISPATCHING RunStep t=91287497
GPU 1 TB=8 sid=0 BLOCKED on network completion of TB=5 step=0 needFlag=56320 netFlag=55296 t=91287497
GPU 1 TB=9 sid=0 BLOCKED on network completion of TB=5 step=0 needFlag=56320 netFlag=55296 t=91287497
Node 1 chan 0: RDMA send to 0 totalBytes=2097152 over 1 lane(s) bid=5 sid=0 iter=55 part=0 rateGBps=0 at t=91287497
Node 1 chan 0: RDMA send to 0 totalBytes=2097152 over 1 lane(s) bid=5 sid=0 iter=55 part=1 rateGBps=0 at t=91287497
Node 1 chan 0: RDMA send to 2 totalBytes=2097152 over 1 lane(s) bid=6 sid=0 iter=55 part=0 rateGBps=0 at t=91287497
Node 1 chan 1: RDMA send to 2 totalBytes=2097152 over 1 lane(s) bid=7 sid=0 iter=55 part=0 rateGBps=0 at t=91287497
GPU 1 TB=5 arrived at iteration barrier (1/10) leaving iter=55 t=91287497
GPU 1 TB=6 arrived at iteration barrier (2/10) leaving iter=55 t=91287497
GPU 1 TB=7 arrived at iteration barrier (3/10) leaving iter=55 t=91287497
Node 3 chan 0: RDMA send to 1 physically drained (sender side) bid=7 sid=0 iter=54 nElems=524288 at t=91291417
Node 3 chan 0: transfer complete from peer 1 dst=(1,2) totalBytes=2097152 at t=91379065
GPU 3 TB=2 arrived at iteration barrier (9/10) leaving iter=54 t=91379065
Node 1 chan 0: RDMA send to 3 physically drained (sender side) bid=8 sid=0 iter=54 nElems=524288 at t=91382925
Node 3 chan 1: transfer complete from peer 1 dst=(1,3) totalBytes=2097152 at t=91385705
GPU 3 TB=3 arrived at iteration barrier (10/10) leaving iter=54 t=91385705
GPU 3: iteration barrier releasing 10 threadblock(s) at t=91385705
GPU 3 TB=0 sid=0 DISPATCHING RunStep t=91385705
GPU 3 TB=1 sid=0 DISPATCHING RunStep t=91385705
GPU 3 TB=2 sid=0 DISPATCHING RunStep t=91385705
GPU 3 TB=3 sid=0 DISPATCHING RunStep t=91385705
GPU 3 TB=4 sid=0 DISPATCHING RunStep t=91385705
GPU 3 TB=5 sid=0 DISPATCHING RunStep t=91385705
GPU 3 TB=6 sid=0 DISPATCHING RunStep t=91385705
GPU 3 TB=7 sid=0 BLOCKED on network completion of TB=5 step=0 needFlag=56320 netFlag=55296 t=91385705
GPU 3 TB=8 sid=0 BLOCKED on network completion of TB=5 step=0 needFlag=56320 netFlag=55296 t=91385705
GPU 3 TB=9 sid=0 DISPATCHING RunStep t=91385705
Node 3 chan 0: RDMA send to 0 totalBytes=2097152 over 1 lane(s) bid=5 sid=0 iter=55 part=0 rateGBps=0 at t=91385705
Node 3 chan 1: RDMA send to 0 totalBytes=2097152 over 1 lane(s) bid=6 sid=0 iter=55 part=0 rateGBps=0 at t=91385705
Node 3 chan 0: RDMA send to 2 totalBytes=2097152 over 1 lane(s) bid=9 sid=0 iter=55 part=0 rateGBps=0 at t=91385705
Node 3 chan 0: RDMA send to 2 totalBytes=2097152 over 1 lane(s) bid=9 sid=0 iter=55 part=1 rateGBps=0 at t=91385705
GPU 3 TB=5 arrived at iteration barrier (1/10) leaving iter=55 t=91385705
GPU 3 TB=6 arrived at iteration barrier (2/10) leaving iter=55 t=91385705
GPU 3 TB=9 arrived at iteration barrier (3/10) leaving iter=55 t=91385705
Node 3 chan 0: transfer complete from peer 0 dst=(1,0) totalBytes=2097152 at t=91387697
GPU 3 TB=0 arrived at iteration barrier (4/10) leaving iter=55 t=91387697
Node 1 chan 1: RDMA send to 3 physically drained (sender side) bid=9 sid=0 iter=54 nElems=524288 at t=91389913
Node 3 chan 1: transfer complete from peer 0 dst=(1,1) totalBytes=2097152 at t=91391349
GPU 3 TB=1 arrived at iteration barrier (5/10) leaving iter=55 t=91391349
Node 0 chan 0: RDMA send to 3 physically drained (sender side) bid=8 sid=0 iter=55 nElems=524288 at t=91391993
Node 0 chan 1: RDMA send to 3 physically drained (sender side) bid=9 sid=0 iter=55 nElems=524288 at t=91395498
Node 3 chan 0: transfer complete from peer 2 dst=(1,4) totalBytes=2097152 at t=91413774
Node 2 chan 0: RDMA send to 3 physically drained (sender side) bid=9 sid=0 iter=55 nElems=524288 at t=91415386
Node 1 chan 1: transfer complete from peer 2 dst=(1,5) totalBytes=2097152 at t=91501297
GPU 1 TB=2 arrived at iteration barrier (4/10) leaving iter=55 t=91501297
Node 2 chan 1: RDMA send to 1 physically drained (sender side) bid=8 sid=0 iter=55 nElems=524288 at t=91504174
Node 1 chan 0: transfer complete from peer 2 dst=(1,4) totalBytes=2097152 at t=91506953
GPU 1 TB=1 arrived at iteration barrier (5/10) leaving iter=55 t=91506953
Node 2 chan 0: RDMA send to 1 physically drained (sender side) bid=7 sid=0 iter=55 nElems=524288 at t=91510498
GPU 2 TB=6 sid=0 DISPATCHING RunStep t=91510498
GPU 2 TB=5 sid=0 DISPATCHING RunStep t=91510498
Node 2 chan 1: RDMA send to 0 totalBytes=2097152 over 1 lane(s) bid=6 sid=0 iter=55 part=0 rateGBps=0 at t=91510498
Node 2 chan 0: RDMA send to 0 totalBytes=2097152 over 1 lane(s) bid=5 sid=0 iter=55 part=0 rateGBps=0 at t=91510498
GPU 2 TB=6 arrived at iteration barrier (4/10) leaving iter=55 t=91510498
GPU 2 TB=5 arrived at iteration barrier (5/10) leaving iter=55 t=91510498
Node 1 chan 0: transfer complete from peer 0 dst=(1,1) totalBytes=2097152 at t=91557153
GPU 1 TB=0 arrived at iteration barrier (6/10) leaving iter=55 t=91557153
Node 0 chan 0: RDMA send to 1 physically drained (sender side) bid=5 sid=0 iter=55 nElems=524288 at t=91558727
GPU 0 TB=7 sid=0 DISPATCHING RunStep t=91558727
GPU 0 TB=6 sid=0 DISPATCHING RunStep t=91558727
Node 0 chan 1: RDMA send to 2 totalBytes=2097152 over 1 lane(s) bid=7 sid=0 iter=55 part=0 rateGBps=0 at t=91558727
Node 0 chan 0: RDMA send to 2 totalBytes=2097152 over 1 lane(s) bid=6 sid=0 iter=55 part=0 rateGBps=0 at t=91558727
GPU 0 TB=7 arrived at iteration barrier (4/10) leaving iter=55 t=91558727
GPU 0 TB=6 arrived at iteration barrier (5/10) leaving iter=55 t=91558727
Node 3 chan 0: transfer complete from peer 2 dst=(1,5) totalBytes=2097152 at t=91695098
GPU 3 TB=4 arrived at iteration barrier (6/10) leaving iter=55 t=91695098
Node 2 chan 0: RDMA send to 3 physically drained (sender side) bid=9 sid=0 iter=55 nElems=524288 at t=91696682
Node 0 chan 0: transfer complete from peer 1 dst=(1,2) totalBytes=2097152 at t=91950715
Node 1 chan 0: RDMA send to 0 physically drained (sender side) bid=5 sid=0 iter=55 nElems=524288 at t=91952123
Node 2 chan 0: transfer complete from peer 3 dst=(1,6) totalBytes=2097152 at t=92031218
Node 3 chan 0: RDMA send to 2 physically drained (sender side) bid=9 sid=0 iter=55 nElems=524288 at t=92032630
Node 2 chan 1: transfer complete from peer 1 dst=(1,3) totalBytes=2097152 at t=92038522
GPU 2 TB=3 arrived at iteration barrier (6/10) leaving iter=55 t=92038522
Node 2 chan 0: transfer complete from peer 1 dst=(1,2) totalBytes=2097152 at t=92038854
GPU 2 TB=2 arrived at iteration barrier (7/10) leaving iter=55 t=92038854
Node 1 chan 0: RDMA send to 2 physically drained (sender side) bid=6 sid=0 iter=55 nElems=524288 at t=92041680
Node 1 chan 1: RDMA send to 2 physically drained (sender side) bid=7 sid=0 iter=55 nElems=524288 at t=92042097
Node 0 chan 0: transfer complete from peer 3 dst=(1,6) totalBytes=2097152 at t=92193611
GPU 0 TB=3 arrived at iteration barrier (6/10) leaving iter=55 t=92193611
Node 3 chan 0: RDMA send to 0 physically drained (sender side) bid=5 sid=0 iter=55 nElems=524288 at t=92196437
GPU 3 TB=8 sid=0 DISPATCHING RunStep t=92196437
GPU 3 TB=7 sid=0 DISPATCHING RunStep t=92196437
Node 3 chan 1: RDMA send to 1 totalBytes=2097152 over 1 lane(s) bid=8 sid=0 iter=55 part=0 rateGBps=0 at t=92196437
Node 3 chan 0: RDMA send to 1 totalBytes=2097152 over 1 lane(s) bid=7 sid=0 iter=55 part=0 rateGBps=0 at t=92196437
GPU 3 TB=8 arrived at iteration barrier (7/10) leaving iter=55 t=92196437
GPU 3 TB=7 arrived at iteration barrier (8/10) leaving iter=55 t=92196437
Node 0 chan 1: transfer complete from peer 3 dst=(1,7) totalBytes=2097152 at t=92197935
GPU 0 TB=4 arrived at iteration barrier (7/10) leaving iter=55 t=92197935
Node 3 chan 1: RDMA send to 0 physically drained (sender side) bid=6 sid=0 iter=55 nElems=524288 at t=92202404
Node 2 chan 1: transfer complete from peer 0 dst=(1,1) totalBytes=2097152 at t=92284370
GPU 2 TB=1 arrived at iteration barrier (8/10) leaving iter=55 t=92284370
Node 2 chan 0: transfer complete from peer 0 dst=(1,0) totalBytes=2097152 at t=92285698
GPU 2 TB=0 arrived at iteration barrier (9/10) leaving iter=55 t=92285698
Node 0 chan 1: RDMA send to 2 physically drained (sender side) bid=7 sid=0 iter=55 nElems=524288 at t=92288663
Node 0 chan 0: RDMA send to 2 physically drained (sender side) bid=6 sid=0 iter=55 nElems=524288 at t=92289995
Node 0 chan 0: transfer complete from peer 2 dst=(1,4) totalBytes=2097152 at t=92355399
GPU 0 TB=1 arrived at iteration barrier (8/10) leaving iter=55 t=92355399
Node 0 chan 1: transfer complete from peer 2 dst=(1,5) totalBytes=2097152 at t=92357391
GPU 0 TB=2 arrived at iteration barrier (9/10) leaving iter=55 t=92357391
Node 2 chan 0: RDMA send to 0 physically drained (sender side) bid=5 sid=0 iter=55 nElems=524288 at t=92358225
Node 2 chan 1: RDMA send to 0 physically drained (sender side) bid=6 sid=0 iter=55 nElems=524288 at t=92360217
Node 0 chan 0: transfer complete from peer 1 dst=(1,3) totalBytes=2097152 at t=92392915
GPU 0 TB=0 arrived at iteration barrier (10/10) leaving iter=55 t=92392915
GPU 0: iteration barrier releasing 10 threadblock(s) at t=92392915
GPU 0 TB=0 sid=0 DISPATCHING RunStep t=92392915
GPU 0 TB=1 sid=0 DISPATCHING RunStep t=92392915
GPU 0 TB=2 sid=0 DISPATCHING RunStep t=92392915
GPU 0 TB=3 sid=0 DISPATCHING RunStep t=92392915
GPU 0 TB=4 sid=0 DISPATCHING RunStep t=92392915
GPU 0 TB=5 sid=0 DISPATCHING RunStep t=92392915
GPU 0 TB=6 sid=0 BLOCKED on network completion of TB=5 step=0 needFlag=57344 netFlag=56320 t=92392915
GPU 0 TB=7 sid=0 BLOCKED on network completion of TB=5 step=0 needFlag=57344 netFlag=56320 t=92392915
GPU 0 TB=8 sid=0 DISPATCHING RunStep t=92392915
GPU 0 TB=9 sid=0 DISPATCHING RunStep t=92392915
Node 0 chan 0: RDMA send to 1 totalBytes=2097152 over 1 lane(s) bid=5 sid=0 iter=56 part=0 rateGBps=0 at t=92392915
Node 0 chan 0: RDMA send to 1 totalBytes=2097152 over 1 lane(s) bid=5 sid=0 iter=56 part=1 rateGBps=0 at t=92392915
Node 0 chan 0: RDMA send to 3 totalBytes=2097152 over 1 lane(s) bid=8 sid=0 iter=56 part=0 rateGBps=0 at t=92392915
Node 0 chan 1: RDMA send to 3 totalBytes=2097152 over 1 lane(s) bid=9 sid=0 iter=56 part=0 rateGBps=0 at t=92392915
GPU 0 TB=5 arrived at iteration barrier (1/10) leaving iter=56 t=92392915
GPU 0 TB=8 arrived at iteration barrier (2/10) leaving iter=56 t=92392915
GPU 0 TB=9 arrived at iteration barrier (3/10) leaving iter=56 t=92392915
Node 1 chan 0: RDMA send to 0 physically drained (sender side) bid=5 sid=0 iter=55 nElems=524288 at t=92394323
GPU 1 TB=9 sid=0 DISPATCHING RunStep t=92394323
GPU 1 TB=8 sid=0 DISPATCHING RunStep t=92394323
Node 1 chan 1: RDMA send to 3 totalBytes=2097152 over 1 lane(s) bid=9 sid=0 iter=55 part=0 rateGBps=0 at t=92394323
Node 1 chan 0: RDMA send to 3 totalBytes=2097152 over 1 lane(s) bid=8 sid=0 iter=55 part=0 rateGBps=0 at t=92394323
GPU 1 TB=9 arrived at iteration barrier (7/10) leaving iter=55 t=92394323
GPU 1 TB=8 arrived at iteration barrier (8/10) leaving iter=55 t=92394323
Node 2 chan 0: transfer complete from peer 3 dst=(1,7) totalBytes=2097152 at t=92479593
GPU 2 TB=4 arrived at iteration barrier (10/10) leaving iter=55 t=92479593
GPU 2: iteration barrier releasing 10 threadblock(s) at t=92479593
GPU 2 TB=0 sid=0 DISPATCHING RunStep t=92479593
GPU 2 TB=1 sid=0 DISPATCHING RunStep t=92479593
GPU 2 TB=2 sid=0 DISPATCHING RunStep t=92479593
GPU 2 TB=3 sid=0 DISPATCHING RunStep t=92479593
GPU 2 TB=4 sid=0 DISPATCHING RunStep t=92479593
GPU 2 TB=5 sid=0 BLOCKED on network completion of TB=7 step=0 needFlag=57344 netFlag=56320 t=92479593
GPU 2 TB=6 sid=0 BLOCKED on network completion of TB=7 step=0 needFlag=57344 netFlag=56320 t=92479593
GPU 2 TB=7 sid=0 DISPATCHING RunStep t=92479593
GPU 2 TB=8 sid=0 DISPATCHING RunStep t=92479593
GPU 2 TB=9 sid=0 DISPATCHING RunStep t=92479593
Node 2 chan 0: RDMA send to 1 totalBytes=2097152 over 1 lane(s) bid=7 sid=0 iter=56 part=0 rateGBps=0 at t=92479593
Node 2 chan 1: RDMA send to 1 totalBytes=2097152 over 1 lane(s) bid=8 sid=0 iter=56 part=0 rateGBps=0 at t=92479593
Node 2 chan 0: RDMA send to 3 totalBytes=2097152 over 1 lane(s) bid=9 sid=0 iter=56 part=0 rateGBps=0 at t=92479593
Node 2 chan 0: RDMA send to 3 totalBytes=2097152 over 1 lane(s) bid=9 sid=0 iter=56 part=1 rateGBps=0 at t=92479593
GPU 2 TB=7 arrived at iteration barrier (1/10) leaving iter=56 t=92479593
GPU 2 TB=8 arrived at iteration barrier (2/10) leaving iter=56 t=92479593
GPU 2 TB=9 arrived at iteration barrier (3/10) leaving iter=56 t=92479593
Node 3 chan 0: RDMA send to 2 physically drained (sender side) bid=9 sid=0 iter=55 nElems=524288 at t=92481239
Node 1 chan 0: transfer complete from peer 3 dst=(1,6) totalBytes=2097152 at t=92905591
GPU 1 TB=3 arrived at iteration barrier (9/10) leaving iter=55 t=92905591
Node 3 chan 0: RDMA send to 1 physically drained (sender side) bid=7 sid=0 iter=55 nElems=524288 at t=92908467
Node 1 chan 1: transfer complete from peer 3 dst=(1,7) totalBytes=2097152 at t=92915227
GPU 1 TB=4 arrived at iteration barrier (10/10) leaving iter=55 t=92915227
GPU 1: iteration barrier releasing 10 threadblock(s) at t=92915227
GPU 1 TB=0 sid=0 DISPATCHING RunStep t=92915227
GPU 1 TB=1 sid=0 DISPATCHING RunStep t=92915227
GPU 1 TB=2 sid=0 DISPATCHING RunStep t=92915227
GPU 1 TB=3 sid=0 DISPATCHING RunStep t=92915227
GPU 1 TB=4 sid=0 DISPATCHING RunStep t=92915227
GPU 1 TB=5 sid=0 DISPATCHING RunStep t=92915227
GPU 1 TB=6 sid=0 DISPATCHING RunStep t=92915227
GPU 1 TB=7 sid=0 DISPATCHING RunStep t=92915227
GPU 1 TB=8 sid=0 BLOCKED on network completion of TB=5 step=0 needFlag=57344 netFlag=56320 t=92915227
GPU 1 TB=9 sid=0 BLOCKED on network completion of TB=5 step=0 needFlag=57344 netFlag=56320 t=92915227
Node 1 chan 0: RDMA send to 0 totalBytes=2097152 over 1 lane(s) bid=5 sid=0 iter=56 part=0 rateGBps=0 at t=92915227
Node 1 chan 0: RDMA send to 0 totalBytes=2097152 over 1 lane(s) bid=5 sid=0 iter=56 part=1 rateGBps=0 at t=92915227
Node 1 chan 0: RDMA send to 2 totalBytes=2097152 over 1 lane(s) bid=6 sid=0 iter=56 part=0 rateGBps=0 at t=92915227
Node 1 chan 1: RDMA send to 2 totalBytes=2097152 over 1 lane(s) bid=7 sid=0 iter=56 part=0 rateGBps=0 at t=92915227
GPU 1 TB=5 arrived at iteration barrier (1/10) leaving iter=56 t=92915227
GPU 1 TB=6 arrived at iteration barrier (2/10) leaving iter=56 t=92915227
GPU 1 TB=7 arrived at iteration barrier (3/10) leaving iter=56 t=92915227
Node 3 chan 1: RDMA send to 1 physically drained (sender side) bid=8 sid=0 iter=55 nElems=524288 at t=92919095
Node 1 chan 0: transfer complete from peer 0 dst=(1,0) totalBytes=2097152 at t=93019279
Node 0 chan 0: RDMA send to 1 physically drained (sender side) bid=5 sid=0 iter=56 nElems=524288 at t=93020723
Node 2 chan 0: RDMA send to 3 physically drained (sender side) bid=9 sid=0 iter=56 nElems=524288 at t=93144048
Node 1 chan 0: transfer complete from peer 2 dst=(1,4) totalBytes=2097152 at t=93195511
GPU 1 TB=1 arrived at iteration barrier (4/10) leaving iter=56 t=93195511
Node 1 chan 1: transfer complete from peer 2 dst=(1,5) totalBytes=2097152 at t=93197839
GPU 1 TB=2 arrived at iteration barrier (5/10) leaving iter=56 t=93197839
Node 2 chan 0: RDMA send to 1 physically drained (sender side) bid=7 sid=0 iter=56 nElems=524288 at t=93199880
GPU 2 TB=6 sid=0 DISPATCHING RunStep t=93199880
GPU 2 TB=5 sid=0 DISPATCHING RunStep t=93199880
Node 2 chan 1: RDMA send to 0 totalBytes=2097152 over 1 lane(s) bid=6 sid=0 iter=56 part=0 rateGBps=0 at t=93199880
Node 2 chan 0: RDMA send to 0 totalBytes=2097152 over 1 lane(s) bid=5 sid=0 iter=56 part=0 rateGBps=0 at t=93199880
GPU 2 TB=6 arrived at iteration barrier (4/10) leaving iter=56 t=93199880
GPU 2 TB=5 arrived at iteration barrier (5/10) leaving iter=56 t=93199880
Node 2 chan 1: RDMA send to 1 physically drained (sender side) bid=8 sid=0 iter=56 nElems=524288 at t=93201879
Node 0 chan 0: RDMA send to 3 physically drained (sender side) bid=8 sid=0 iter=56 nElems=524288 at t=93301116
Node 0 chan 1: RDMA send to 3 physically drained (sender side) bid=9 sid=0 iter=56 nElems=524288 at t=93305112
Node 3 chan 0: transfer complete from peer 1 dst=(1,2) totalBytes=2097152 at t=93307867
GPU 3 TB=2 arrived at iteration barrier (9/10) leaving iter=55 t=93307867
Node 3 chan 1: transfer complete from peer 1 dst=(1,3) totalBytes=2097152 at t=93308199
GPU 3 TB=3 arrived at iteration barrier (10/10) leaving iter=55 t=93308199
GPU 3: iteration barrier releasing 10 threadblock(s) at t=93308199
GPU 3 TB=0 sid=0 DISPATCHING RunStep t=93308199
GPU 3 TB=1 sid=0 DISPATCHING RunStep t=93308199
GPU 3 TB=2 sid=0 DISPATCHING RunStep t=93308199
GPU 3 TB=3 sid=0 DISPATCHING RunStep t=93308199
GPU 3 TB=4 sid=0 DISPATCHING RunStep t=93308199
GPU 3 TB=5 sid=0 DISPATCHING RunStep t=93308199
GPU 3 TB=6 sid=0 DISPATCHING RunStep t=93308199
GPU 3 TB=7 sid=0 BLOCKED on network completion of TB=5 step=0 needFlag=57344 netFlag=56320 t=93308199
GPU 3 TB=8 sid=0 BLOCKED on network completion of TB=5 step=0 needFlag=57344 netFlag=56320 t=93308199
GPU 3 TB=9 sid=0 DISPATCHING RunStep t=93308199
Node 3 chan 0: RDMA send to 0 totalBytes=2097152 over 1 lane(s) bid=5 sid=0 iter=56 part=0 rateGBps=0 at t=93308199
Node 3 chan 1: RDMA send to 0 totalBytes=2097152 over 1 lane(s) bid=6 sid=0 iter=56 part=0 rateGBps=0 at t=93308199
Node 3 chan 0: RDMA send to 2 totalBytes=2097152 over 1 lane(s) bid=9 sid=0 iter=56 part=0 rateGBps=0 at t=93308199
Node 3 chan 0: RDMA send to 2 totalBytes=2097152 over 1 lane(s) bid=9 sid=0 iter=56 part=1 rateGBps=0 at t=93308199
GPU 3 TB=0 arrived at iteration barrier (1/10) leaving iter=56 t=93308199
GPU 3 TB=1 arrived at iteration barrier (2/10) leaving iter=56 t=93308199
GPU 3 TB=5 arrived at iteration barrier (3/10) leaving iter=56 t=93308199
GPU 3 TB=6 arrived at iteration barrier (4/10) leaving iter=56 t=93308199
GPU 3 TB=9 arrived at iteration barrier (5/10) leaving iter=56 t=93308199
Node 1 chan 1: RDMA send to 3 physically drained (sender side) bid=9 sid=0 iter=55 nElems=524288 at t=93311763
Node 1 chan 0: RDMA send to 3 physically drained (sender side) bid=8 sid=0 iter=55 nElems=524288 at t=93312099
Node 1 chan 0: transfer complete from peer 0 dst=(1,1) totalBytes=2097152 at t=93320083
GPU 1 TB=0 arrived at iteration barrier (6/10) leaving iter=56 t=93320083
Node 0 chan 0: RDMA send to 1 physically drained (sender side) bid=5 sid=0 iter=56 nElems=524288 at t=93321740
GPU 0 TB=7 sid=0 DISPATCHING RunStep t=93321740
GPU 0 TB=6 sid=0 DISPATCHING RunStep t=93321740
Node 0 chan 1: RDMA send to 2 totalBytes=2097152 over 1 lane(s) bid=7 sid=0 iter=56 part=0 rateGBps=0 at t=93321740
Node 0 chan 0: RDMA send to 2 totalBytes=2097152 over 1 lane(s) bid=6 sid=0 iter=56 part=0 rateGBps=0 at t=93321740
GPU 0 TB=7 arrived at iteration barrier (4/10) leaving iter=56 t=93321740
GPU 0 TB=6 arrived at iteration barrier (5/10) leaving iter=56 t=93321740
Node 3 chan 0: transfer complete from peer 2 dst=(1,5) totalBytes=2097152 at t=93491476
GPU 3 TB=4 arrived at iteration barrier (6/10) leaving iter=56 t=93491476
Node 2 chan 0: RDMA send to 3 physically drained (sender side) bid=9 sid=0 iter=56 nElems=524288 at t=93493008
Node 0 chan 0: transfer complete from peer 1 dst=(1,2) totalBytes=2097152 at t=93529360
Node 1 chan 0: RDMA send to 0 physically drained (sender side) bid=5 sid=0 iter=56 nElems=524288 at t=93530768
Node 2 chan 1: transfer complete from peer 1 dst=(1,3) totalBytes=2097152 at t=93781696
GPU 2 TB=3 arrived at iteration barrier (6/10) leaving iter=56 t=93781696
Node 1 chan 1: RDMA send to 2 physically drained (sender side) bid=7 sid=0 iter=56 nElems=524288 at t=93785514
Node 2 chan 0: transfer complete from peer 1 dst=(1,2) totalBytes=2097152 at t=93791992
GPU 2 TB=2 arrived at iteration barrier (7/10) leaving iter=56 t=93791992
Node 1 chan 0: RDMA send to 2 physically drained (sender side) bid=6 sid=0 iter=56 nElems=524288 at t=93795801
Node 2 chan 0: transfer complete from peer 3 dst=(1,6) totalBytes=2097152 at t=93951452
Node 3 chan 0: RDMA send to 2 physically drained (sender side) bid=9 sid=0 iter=56 nElems=524288 at t=93952860
Node 0 chan 0: transfer complete from peer 2 dst=(1,4) totalBytes=2097152 at t=94005820
GPU 0 TB=1 arrived at iteration barrier (6/10) leaving iter=56 t=94005820
Node 0 chan 1: transfer complete from peer 2 dst=(1,5) totalBytes=2097152 at t=94006816
GPU 0 TB=2 arrived at iteration barrier (7/10) leaving iter=56 t=94006816
Node 2 chan 0: RDMA send to 0 physically drained (sender side) bid=5 sid=0 iter=56 nElems=524288 at t=94009260
Node 2 chan 1: RDMA send to 0 physically drained (sender side) bid=6 sid=0 iter=56 nElems=524288 at t=94009928
Node 2 chan 1: transfer complete from peer 0 dst=(1,1) totalBytes=2097152 at t=94041468
GPU 2 TB=1 arrived at iteration barrier (8/10) leaving iter=56 t=94041468
Node 2 chan 0: transfer complete from peer 0 dst=(1,0) totalBytes=2097152 at t=94043128
GPU 2 TB=0 arrived at iteration barrier (9/10) leaving iter=56 t=94043128
Node 0 chan 1: RDMA send to 2 physically drained (sender side) bid=7 sid=0 iter=56 nElems=524288 at t=94045036
Node 0 chan 0: RDMA send to 2 physically drained (sender side) bid=6 sid=0 iter=56 nElems=524288 at t=94047032
Node 0 chan 0: transfer complete from peer 3 dst=(1,6) totalBytes=2097152 at t=94122064
GPU 0 TB=3 arrived at iteration barrier (8/10) leaving iter=56 t=94122064
Node 0 chan 1: transfer complete from peer 3 dst=(1,7) totalBytes=2097152 at t=94122728
GPU 0 TB=4 arrived at iteration barrier (9/10) leaving iter=56 t=94122728
Node 3 chan 0: RDMA send to 0 physically drained (sender side) bid=5 sid=0 iter=56 nElems=524288 at t=94124890
GPU 3 TB=8 sid=0 DISPATCHING RunStep t=94124890
GPU 3 TB=7 sid=0 DISPATCHING RunStep t=94124890
Node 3 chan 1: RDMA send to 1 totalBytes=2097152 over 1 lane(s) bid=8 sid=0 iter=56 part=0 rateGBps=0 at t=94124890
Node 3 chan 0: RDMA send to 1 totalBytes=2097152 over 1 lane(s) bid=7 sid=0 iter=56 part=0 rateGBps=0 at t=94124890
GPU 3 TB=8 arrived at iteration barrier (7/10) leaving iter=56 t=94124890
GPU 3 TB=7 arrived at iteration barrier (8/10) leaving iter=56 t=94124890
Node 3 chan 1: RDMA send to 0 physically drained (sender side) bid=6 sid=0 iter=56 nElems=524288 at t=94125554
Node 0 chan 0: transfer complete from peer 1 dst=(1,3) totalBytes=2097152 at t=94146300
GPU 0 TB=0 arrived at iteration barrier (10/10) leaving iter=56 t=94146300
GPU 0: iteration barrier releasing 10 threadblock(s) at t=94146300
GPU 0 TB=0 sid=0 DISPATCHING RunStep t=94146300
GPU 0 TB=1 sid=0 DISPATCHING RunStep t=94146300
GPU 0 TB=2 sid=0 DISPATCHING RunStep t=94146300
GPU 0 TB=3 sid=0 DISPATCHING RunStep t=94146300
GPU 0 TB=4 sid=0 DISPATCHING RunStep t=94146300
GPU 0 TB=5 sid=0 DISPATCHING RunStep t=94146300
GPU 0 TB=6 sid=0 BLOCKED on network completion of TB=5 step=0 needFlag=58368 netFlag=57344 t=94146300
GPU 0 TB=7 sid=0 BLOCKED on network completion of TB=5 step=0 needFlag=58368 netFlag=57344 t=94146300
GPU 0 TB=8 sid=0 DISPATCHING RunStep t=94146300
GPU 0 TB=9 sid=0 DISPATCHING RunStep t=94146300
Node 0 chan 0: RDMA send to 1 totalBytes=2097152 over 1 lane(s) bid=5 sid=0 iter=57 part=0 rateGBps=0 at t=94146300
Node 0 chan 0: RDMA send to 1 totalBytes=2097152 over 1 lane(s) bid=5 sid=0 iter=57 part=1 rateGBps=0 at t=94146300
Node 0 chan 0: RDMA send to 3 totalBytes=2097152 over 1 lane(s) bid=8 sid=0 iter=57 part=0 rateGBps=0 at t=94146300
Node 0 chan 1: RDMA send to 3 totalBytes=2097152 over 1 lane(s) bid=9 sid=0 iter=57 part=0 rateGBps=0 at t=94146300
GPU 0 TB=5 arrived at iteration barrier (1/10) leaving iter=57 t=94146300
GPU 0 TB=8 arrived at iteration barrier (2/10) leaving iter=57 t=94146300
GPU 0 TB=9 arrived at iteration barrier (3/10) leaving iter=57 t=94146300
Node 1 chan 0: RDMA send to 0 physically drained (sender side) bid=5 sid=0 iter=56 nElems=524288 at t=94147889
GPU 1 TB=9 sid=0 DISPATCHING RunStep t=94147889
GPU 1 TB=8 sid=0 DISPATCHING RunStep t=94147889
Node 1 chan 1: RDMA send to 3 totalBytes=2097152 over 1 lane(s) bid=9 sid=0 iter=56 part=0 rateGBps=0 at t=94147889
Node 1 chan 0: RDMA send to 3 totalBytes=2097152 over 1 lane(s) bid=8 sid=0 iter=56 part=0 rateGBps=0 at t=94147889
GPU 1 TB=9 arrived at iteration barrier (7/10) leaving iter=56 t=94147889
GPU 1 TB=8 arrived at iteration barrier (8/10) leaving iter=56 t=94147889
Node 2 chan 0: transfer complete from peer 3 dst=(1,7) totalBytes=2097152 at t=94361941
GPU 2 TB=4 arrived at iteration barrier (10/10) leaving iter=56 t=94361941
GPU 2: iteration barrier releasing 10 threadblock(s) at t=94361941
GPU 2 TB=0 sid=0 DISPATCHING RunStep t=94361941
GPU 2 TB=1 sid=0 DISPATCHING RunStep t=94361941
GPU 2 TB=2 sid=0 DISPATCHING RunStep t=94361941
GPU 2 TB=3 sid=0 DISPATCHING RunStep t=94361941
GPU 2 TB=4 sid=0 DISPATCHING RunStep t=94361941
GPU 2 TB=5 sid=0 BLOCKED on network completion of TB=7 step=0 needFlag=58368 netFlag=57344 t=94361941
GPU 2 TB=6 sid=0 BLOCKED on network completion of TB=7 step=0 needFlag=58368 netFlag=57344 t=94361941
GPU 2 TB=7 sid=0 DISPATCHING RunStep t=94361941
GPU 2 TB=8 sid=0 DISPATCHING RunStep t=94361941
GPU 2 TB=9 sid=0 DISPATCHING RunStep t=94361941
Node 2 chan 0: RDMA send to 1 totalBytes=2097152 over 1 lane(s) bid=7 sid=0 iter=57 part=0 rateGBps=0 at t=94361941
Node 2 chan 1: RDMA send to 1 totalBytes=2097152 over 1 lane(s) bid=8 sid=0 iter=57 part=0 rateGBps=0 at t=94361941
Node 2 chan 0: RDMA send to 3 totalBytes=2097152 over 1 lane(s) bid=9 sid=0 iter=57 part=0 rateGBps=0 at t=94361941
Node 2 chan 0: RDMA send to 3 totalBytes=2097152 over 1 lane(s) bid=9 sid=0 iter=57 part=1 rateGBps=0 at t=94361941
GPU 2 TB=7 arrived at iteration barrier (1/10) leaving iter=57 t=94361941
GPU 2 TB=8 arrived at iteration barrier (2/10) leaving iter=57 t=94361941
GPU 2 TB=9 arrived at iteration barrier (3/10) leaving iter=57 t=94361941
Node 3 chan 0: RDMA send to 2 physically drained (sender side) bid=9 sid=0 iter=56 nElems=524288 at t=94363489
Node 0 chan 0: RDMA send to 1 physically drained (sender side) bid=5 sid=0 iter=57 nElems=524288 at t=94730357
Node 1 chan 0: transfer complete from peer 3 dst=(1,6) totalBytes=2097152 at t=94850205
GPU 1 TB=3 arrived at iteration barrier (9/10) leaving iter=56 t=94850205
Node 3 chan 0: RDMA send to 1 physically drained (sender side) bid=7 sid=0 iter=56 nElems=524288 at t=94854165
Node 1 chan 1: transfer complete from peer 3 dst=(1,7) totalBytes=2097152 at t=94863165
GPU 1 TB=4 arrived at iteration barrier (10/10) leaving iter=56 t=94863165
GPU 1: iteration barrier releasing 10 threadblock(s) at t=94863165
GPU 1 TB=0 sid=0 DISPATCHING RunStep t=94863165
GPU 1 TB=1 sid=0 DISPATCHING RunStep t=94863165
GPU 1 TB=2 sid=0 DISPATCHING RunStep t=94863165
GPU 1 TB=3 sid=0 DISPATCHING RunStep t=94863165
GPU 1 TB=4 sid=0 DISPATCHING RunStep t=94863165
GPU 1 TB=5 sid=0 DISPATCHING RunStep t=94863165
GPU 1 TB=6 sid=0 DISPATCHING RunStep t=94863165
GPU 1 TB=7 sid=0 DISPATCHING RunStep t=94863165
GPU 1 TB=8 sid=0 BLOCKED on network completion of TB=5 step=0 needFlag=58368 netFlag=57344 t=94863165
GPU 1 TB=9 sid=0 BLOCKED on network completion of TB=5 step=0 needFlag=58368 netFlag=57344 t=94863165
Node 1 chan 0: RDMA send to 0 totalBytes=2097152 over 1 lane(s) bid=5 sid=0 iter=57 part=0 rateGBps=0 at t=94863165
Node 1 chan 0: RDMA send to 0 totalBytes=2097152 over 1 lane(s) bid=5 sid=0 iter=57 part=1 rateGBps=0 at t=94863165
Node 1 chan 0: RDMA send to 2 totalBytes=2097152 over 1 lane(s) bid=6 sid=0 iter=57 part=0 rateGBps=0 at t=94863165
Node 1 chan 1: RDMA send to 2 totalBytes=2097152 over 1 lane(s) bid=7 sid=0 iter=57 part=0 rateGBps=0 at t=94863165
GPU 1 TB=5 arrived at iteration barrier (1/10) leaving iter=57 t=94863165
GPU 1 TB=6 arrived at iteration barrier (2/10) leaving iter=57 t=94863165
GPU 1 TB=7 arrived at iteration barrier (3/10) leaving iter=57 t=94863165
Node 3 chan 1: RDMA send to 1 physically drained (sender side) bid=8 sid=0 iter=56 nElems=524288 at t=94867453
Node 3 chan 0: transfer complete from peer 1 dst=(1,2) totalBytes=2097152 at t=94965393
GPU 3 TB=2 arrived at iteration barrier (9/10) leaving iter=56 t=94965393
Node 3 chan 1: transfer complete from peer 1 dst=(1,3) totalBytes=2097152 at t=94966389
GPU 3 TB=3 arrived at iteration barrier (10/10) leaving iter=56 t=94966389
GPU 3: iteration barrier releasing 10 threadblock(s) at t=94966389
GPU 3 TB=0 sid=0 DISPATCHING RunStep t=94966389
GPU 3 TB=1 sid=0 DISPATCHING RunStep t=94966389
GPU 3 TB=2 sid=0 DISPATCHING RunStep t=94966389
GPU 3 TB=3 sid=0 DISPATCHING RunStep t=94966389
GPU 3 TB=4 sid=0 DISPATCHING RunStep t=94966389
GPU 3 TB=5 sid=0 DISPATCHING RunStep t=94966389
GPU 3 TB=6 sid=0 DISPATCHING RunStep t=94966389
GPU 3 TB=7 sid=0 BLOCKED on network completion of TB=5 step=0 needFlag=58368 netFlag=57344 t=94966389
GPU 3 TB=8 sid=0 BLOCKED on network completion of TB=5 step=0 needFlag=58368 netFlag=57344 t=94966389
GPU 3 TB=9 sid=0 DISPATCHING RunStep t=94966389
Node 3 chan 0: RDMA send to 0 totalBytes=2097152 over 1 lane(s) bid=5 sid=0 iter=57 part=0 rateGBps=0 at t=94966389
Node 3 chan 1: RDMA send to 0 totalBytes=2097152 over 1 lane(s) bid=6 sid=0 iter=57 part=0 rateGBps=0 at t=94966389
Node 3 chan 0: RDMA send to 2 totalBytes=2097152 over 1 lane(s) bid=9 sid=0 iter=57 part=0 rateGBps=0 at t=94966389
Node 3 chan 0: RDMA send to 2 totalBytes=2097152 over 1 lane(s) bid=9 sid=0 iter=57 part=1 rateGBps=0 at t=94966389
GPU 3 TB=5 arrived at iteration barrier (1/10) leaving iter=57 t=94966389
GPU 3 TB=6 arrived at iteration barrier (2/10) leaving iter=57 t=94966389
GPU 3 TB=9 arrived at iteration barrier (3/10) leaving iter=57 t=94966389
Node 1 chan 0: RDMA send to 3 physically drained (sender side) bid=8 sid=0 iter=56 nElems=524288 at t=94968233
Node 1 chan 1: RDMA send to 3 physically drained (sender side) bid=9 sid=0 iter=56 nElems=524288 at t=94970569
Node 3 chan 1: transfer complete from peer 0 dst=(1,1) totalBytes=2097152 at t=94971701
GPU 3 TB=1 arrived at iteration barrier (4/10) leaving iter=57 t=94971701
Node 3 chan 0: transfer complete from peer 0 dst=(1,0) totalBytes=2097152 at t=94973361
GPU 3 TB=0 arrived at iteration barrier (5/10) leaving iter=57 t=94973361
Node 0 chan 1: RDMA send to 3 physically drained (sender side) bid=9 sid=0 iter=57 nElems=524288 at t=94975641
Node 0 chan 0: RDMA send to 3 physically drained (sender side) bid=8 sid=0 iter=57 nElems=524288 at t=94977637
Node 3 chan 0: transfer complete from peer 2 dst=(1,4) totalBytes=2097152 at t=95025928
Node 2 chan 0: RDMA send to 3 physically drained (sender side) bid=9 sid=0 iter=57 nElems=524288 at t=95027862
Node 1 chan 0: transfer complete from peer 2 dst=(1,4) totalBytes=2097152 at t=95153445
GPU 1 TB=1 arrived at iteration barrier (4/10) leaving iter=57 t=95153445
Node 1 chan 1: transfer complete from peer 2 dst=(1,5) totalBytes=2097152 at t=95154773
GPU 1 TB=2 arrived at iteration barrier (5/10) leaving iter=57 t=95154773
Node 1 chan 0: transfer complete from peer 0 dst=(1,1) totalBytes=2097152 at t=95156765
GPU 1 TB=0 arrived at iteration barrier (6/10) leaving iter=57 t=95156765
Node 2 chan 0: RDMA send to 1 physically drained (sender side) bid=7 sid=0 iter=57 nElems=524288 at t=95157558
GPU 2 TB=6 sid=0 DISPATCHING RunStep t=95157558
GPU 2 TB=5 sid=0 DISPATCHING RunStep t=95157558
Node 2 chan 1: RDMA send to 0 totalBytes=2097152 over 1 lane(s) bid=6 sid=0 iter=57 part=0 rateGBps=0 at t=95157558
Node 2 chan 0: RDMA send to 0 totalBytes=2097152 over 1 lane(s) bid=5 sid=0 iter=57 part=0 rateGBps=0 at t=95157558
GPU 2 TB=6 arrived at iteration barrier (4/10) leaving iter=57 t=95157558
GPU 2 TB=5 arrived at iteration barrier (5/10) leaving iter=57 t=95157558
Node 0 chan 0: RDMA send to 1 physically drained (sender side) bid=5 sid=0 iter=57 nElems=524288 at t=95158284
GPU 0 TB=7 sid=0 DISPATCHING RunStep t=95158284
GPU 0 TB=6 sid=0 DISPATCHING RunStep t=95158284
Node 0 chan 1: RDMA send to 2 totalBytes=2097152 over 1 lane(s) bid=7 sid=0 iter=57 part=0 rateGBps=0 at t=95158284
Node 0 chan 0: RDMA send to 2 totalBytes=2097152 over 1 lane(s) bid=6 sid=0 iter=57 part=0 rateGBps=0 at t=95158284
GPU 0 TB=7 arrived at iteration barrier (4/10) leaving iter=57 t=95158284
GPU 0 TB=6 arrived at iteration barrier (5/10) leaving iter=57 t=95158284
Node 2 chan 1: RDMA send to 1 physically drained (sender side) bid=8 sid=0 iter=57 nElems=524288 at t=95158890
Node 3 chan 0: transfer complete from peer 2 dst=(1,5) totalBytes=2097152 at t=95306924
GPU 3 TB=4 arrived at iteration barrier (6/10) leaving iter=57 t=95306924
Node 2 chan 0: RDMA send to 3 physically drained (sender side) bid=9 sid=0 iter=57 nElems=524288 at t=95308838
Node 0 chan 0: transfer complete from peer 1 dst=(1,2) totalBytes=2097152 at t=95469880
Node 1 chan 0: RDMA send to 0 physically drained (sender side) bid=5 sid=0 iter=57 nElems=524288 at t=95471288
Node 2 chan 0: transfer complete from peer 3 dst=(1,6) totalBytes=2097152 at t=95597854
Node 3 chan 0: RDMA send to 2 physically drained (sender side) bid=9 sid=0 iter=57 nElems=524288 at t=95599262
Node 2 chan 0: transfer complete from peer 1 dst=(1,2) totalBytes=2097152 at t=95605830
GPU 2 TB=2 arrived at iteration barrier (6/10) leaving iter=57 t=95605830
Node 1 chan 0: RDMA send to 2 physically drained (sender side) bid=6 sid=0 iter=57 nElems=524288 at t=95608656
Node 2 chan 1: transfer complete from peer 1 dst=(1,3) totalBytes=2097152 at t=95610810
GPU 2 TB=3 arrived at iteration barrier (7/10) leaving iter=57 t=95610810
Node 1 chan 1: RDMA send to 2 physically drained (sender side) bid=7 sid=0 iter=57 nElems=524288 at t=95614366
Node 0 chan 1: transfer complete from peer 3 dst=(1,7) totalBytes=2097152 at t=95756956
GPU 0 TB=4 arrived at iteration barrier (6/10) leaving iter=57 t=95756956
Node 0 chan 0: transfer complete from peer 3 dst=(1,6) totalBytes=2097152 at t=95758288
GPU 0 TB=3 arrived at iteration barrier (7/10) leaving iter=57 t=95758288
Node 3 chan 1: RDMA send to 0 physically drained (sender side) bid=6 sid=0 iter=57 nElems=524288 at t=95759782
Node 3 chan 0: RDMA send to 0 physically drained (sender side) bid=5 sid=0 iter=57 nElems=524288 at t=95761114
GPU 3 TB=8 sid=0 DISPATCHING RunStep t=95761114
GPU 3 TB=7 sid=0 DISPATCHING RunStep t=95761114
Node 3 chan 1: RDMA send to 1 totalBytes=2097152 over 1 lane(s) bid=8 sid=0 iter=57 part=0 rateGBps=0 at t=95761114
Node 3 chan 0: RDMA send to 1 totalBytes=2097152 over 1 lane(s) bid=7 sid=0 iter=57 part=0 rateGBps=0 at t=95761114
GPU 3 TB=8 arrived at iteration barrier (7/10) leaving iter=57 t=95761114
GPU 3 TB=7 arrived at iteration barrier (8/10) leaving iter=57 t=95761114
Node 2 chan 0: transfer complete from peer 0 dst=(1,0) totalBytes=2097152 at t=95871614
GPU 2 TB=0 arrived at iteration barrier (8/10) leaving iter=57 t=95871614
Node 2 chan 1: transfer complete from peer 0 dst=(1,1) totalBytes=2097152 at t=95872942
GPU 2 TB=1 arrived at iteration barrier (9/10) leaving iter=57 t=95872942
Node 0 chan 0: RDMA send to 2 physically drained (sender side) bid=6 sid=0 iter=57 nElems=524288 at t=95875936
Node 0 chan 1: RDMA send to 2 physically drained (sender side) bid=7 sid=0 iter=57 nElems=524288 at t=95877268
Node 0 chan 0: transfer complete from peer 1 dst=(1,3) totalBytes=2097152 at t=95968568
GPU 0 TB=0 arrived at iteration barrier (8/10) leaving iter=57 t=95968568
Node 1 chan 0: RDMA send to 0 physically drained (sender side) bid=5 sid=0 iter=57 nElems=524288 at t=95970010
GPU 1 TB=9 sid=0 DISPATCHING RunStep t=95970010
GPU 1 TB=8 sid=0 DISPATCHING RunStep t=95970010
Node 1 chan 1: RDMA send to 3 totalBytes=2097152 over 1 lane(s) bid=9 sid=0 iter=57 part=0 rateGBps=0 at t=95970010
Node 1 chan 0: RDMA send to 3 totalBytes=2097152 over 1 lane(s) bid=8 sid=0 iter=57 part=0 rateGBps=0 at t=95970010
GPU 1 TB=9 arrived at iteration barrier (7/10) leaving iter=57 t=95970010
GPU 1 TB=8 arrived at iteration barrier (8/10) leaving iter=57 t=95970010
Node 0 chan 0: transfer complete from peer 2 dst=(1,4) totalBytes=2097152 at t=95975650
GPU 0 TB=1 arrived at iteration barrier (9/10) leaving iter=57 t=95975650
Node 2 chan 0: RDMA send to 0 physically drained (sender side) bid=5 sid=0 iter=57 nElems=524288 at t=95979481
Node 0 chan 1: transfer complete from peer 2 dst=(1,5) totalBytes=2097152 at t=95980574
GPU 0 TB=2 arrived at iteration barrier (10/10) leaving iter=57 t=95980574
GPU 0: iteration barrier releasing 10 threadblock(s) at t=95980574
GPU 0 TB=0 sid=0 DISPATCHING RunStep t=95980574
GPU 0 TB=1 sid=0 DISPATCHING RunStep t=95980574
GPU 0 TB=2 sid=0 DISPATCHING RunStep t=95980574
GPU 0 TB=3 sid=0 DISPATCHING RunStep t=95980574
GPU 0 TB=4 sid=0 DISPATCHING RunStep t=95980574
GPU 0 TB=5 sid=0 DISPATCHING RunStep t=95980574
GPU 0 TB=6 sid=0 BLOCKED on network completion of TB=5 step=0 needFlag=59392 netFlag=58368 t=95980574
GPU 0 TB=7 sid=0 BLOCKED on network completion of TB=5 step=0 needFlag=59392 netFlag=58368 t=95980574
GPU 0 TB=8 sid=0 DISPATCHING RunStep t=95980574
GPU 0 TB=9 sid=0 DISPATCHING RunStep t=95980574
Node 0 chan 0: RDMA send to 1 totalBytes=2097152 over 1 lane(s) bid=5 sid=0 iter=58 part=0 rateGBps=0 at t=95980574
Node 0 chan 0: RDMA send to 1 totalBytes=2097152 over 1 lane(s) bid=5 sid=0 iter=58 part=1 rateGBps=0 at t=95980574
Node 0 chan 0: RDMA send to 3 totalBytes=2097152 over 1 lane(s) bid=8 sid=0 iter=58 part=0 rateGBps=0 at t=95980574
Node 0 chan 1: RDMA send to 3 totalBytes=2097152 over 1 lane(s) bid=9 sid=0 iter=58 part=0 rateGBps=0 at t=95980574
GPU 0 TB=5 arrived at iteration barrier (1/10) leaving iter=58 t=95980574
GPU 0 TB=8 arrived at iteration barrier (2/10) leaving iter=58 t=95980574
GPU 0 TB=9 arrived at iteration barrier (3/10) leaving iter=58 t=95980574
Node 2 chan 1: RDMA send to 0 physically drained (sender side) bid=6 sid=0 iter=57 nElems=524288 at t=95984138
Node 2 chan 0: transfer complete from peer 3 dst=(1,7) totalBytes=2097152 at t=96030858
GPU 2 TB=4 arrived at iteration barrier (10/10) leaving iter=57 t=96030858
GPU 2: iteration barrier releasing 10 threadblock(s) at t=96030858
GPU 2 TB=0 sid=0 DISPATCHING RunStep t=96030858
GPU 2 TB=1 sid=0 DISPATCHING RunStep t=96030858
GPU 2 TB=2 sid=0 DISPATCHING RunStep t=96030858
GPU 2 TB=3 sid=0 DISPATCHING RunStep t=96030858
GPU 2 TB=4 sid=0 DISPATCHING RunStep t=96030858
GPU 2 TB=5 sid=0 BLOCKED on network completion of TB=7 step=0 needFlag=59392 netFlag=58368 t=96030858
GPU 2 TB=6 sid=0 BLOCKED on network completion of TB=7 step=0 needFlag=59392 netFlag=58368 t=96030858
GPU 2 TB=7 sid=0 DISPATCHING RunStep t=96030858
GPU 2 TB=8 sid=0 DISPATCHING RunStep t=96030858
GPU 2 TB=9 sid=0 DISPATCHING RunStep t=96030858
Node 2 chan 0: RDMA send to 1 totalBytes=2097152 over 1 lane(s) bid=7 sid=0 iter=58 part=0 rateGBps=0 at t=96030858
Node 2 chan 1: RDMA send to 1 totalBytes=2097152 over 1 lane(s) bid=8 sid=0 iter=58 part=0 rateGBps=0 at t=96030858
Node 2 chan 0: RDMA send to 3 totalBytes=2097152 over 1 lane(s) bid=9 sid=0 iter=58 part=0 rateGBps=0 at t=96030858
Node 2 chan 0: RDMA send to 3 totalBytes=2097152 over 1 lane(s) bid=9 sid=0 iter=58 part=1 rateGBps=0 at t=96030858
GPU 2 TB=7 arrived at iteration barrier (1/10) leaving iter=58 t=96030858
GPU 2 TB=8 arrived at iteration barrier (2/10) leaving iter=58 t=96030858
GPU 2 TB=9 arrived at iteration barrier (3/10) leaving iter=58 t=96030858
Node 3 chan 0: RDMA send to 2 physically drained (sender side) bid=9 sid=0 iter=57 nElems=524288 at t=96032386
Node 1 chan 0: transfer complete from peer 3 dst=(1,6) totalBytes=2097152 at t=96499554
GPU 1 TB=3 arrived at iteration barrier (9/10) leaving iter=57 t=96499554
Node 1 chan 1: transfer complete from peer 3 dst=(1,7) totalBytes=2097152 at t=96499886
GPU 1 TB=4 arrived at iteration barrier (10/10) leaving iter=57 t=96499886
GPU 1: iteration barrier releasing 10 threadblock(s) at t=96499886
GPU 1 TB=0 sid=0 DISPATCHING RunStep t=96499886
GPU 1 TB=1 sid=0 DISPATCHING RunStep t=96499886
GPU 1 TB=2 sid=0 DISPATCHING RunStep t=96499886
GPU 1 TB=3 sid=0 DISPATCHING RunStep t=96499886
GPU 1 TB=4 sid=0 DISPATCHING RunStep t=96499886
GPU 1 TB=5 sid=0 DISPATCHING RunStep t=96499886
GPU 1 TB=6 sid=0 DISPATCHING RunStep t=96499886
GPU 1 TB=7 sid=0 DISPATCHING RunStep t=96499886
GPU 1 TB=8 sid=0 BLOCKED on network completion of TB=5 step=0 needFlag=59392 netFlag=58368 t=96499886
GPU 1 TB=9 sid=0 BLOCKED on network completion of TB=5 step=0 needFlag=59392 netFlag=58368 t=96499886
Node 1 chan 0: RDMA send to 0 totalBytes=2097152 over 1 lane(s) bid=5 sid=0 iter=58 part=0 rateGBps=0 at t=96499886
Node 1 chan 0: RDMA send to 0 totalBytes=2097152 over 1 lane(s) bid=5 sid=0 iter=58 part=1 rateGBps=0 at t=96499886
Node 1 chan 0: RDMA send to 2 totalBytes=2097152 over 1 lane(s) bid=6 sid=0 iter=58 part=0 rateGBps=0 at t=96499886
Node 1 chan 1: RDMA send to 2 totalBytes=2097152 over 1 lane(s) bid=7 sid=0 iter=58 part=0 rateGBps=0 at t=96499886
GPU 1 TB=5 arrived at iteration barrier (1/10) leaving iter=58 t=96499886
GPU 1 TB=6 arrived at iteration barrier (2/10) leaving iter=58 t=96499886
GPU 1 TB=7 arrived at iteration barrier (3/10) leaving iter=58 t=96499886
Node 3 chan 0: RDMA send to 1 physically drained (sender side) bid=7 sid=0 iter=57 nElems=524288 at t=96503130
Node 3 chan 1: RDMA send to 1 physically drained (sender side) bid=8 sid=0 iter=57 nElems=524288 at t=96503798
Node 1 chan 0: transfer complete from peer 0 dst=(1,0) totalBytes=2097152 at t=96621562
Node 0 chan 0: RDMA send to 1 physically drained (sender side) bid=5 sid=0 iter=58 nElems=524288 at t=96623006
Node 2 chan 0: RDMA send to 3 physically drained (sender side) bid=9 sid=0 iter=58 nElems=524288 at t=96709450
Node 1 chan 1: transfer complete from peer 2 dst=(1,5) totalBytes=2097152 at t=96771526
GPU 1 TB=2 arrived at iteration barrier (4/10) leaving iter=58 t=96771526
Node 1 chan 0: transfer complete from peer 2 dst=(1,4) totalBytes=2097152 at t=96775186
GPU 1 TB=1 arrived at iteration barrier (5/10) leaving iter=58 t=96775186
Node 2 chan 1: RDMA send to 1 physically drained (sender side) bid=8 sid=0 iter=58 nElems=524288 at t=96775922
Node 2 chan 0: RDMA send to 1 physically drained (sender side) bid=7 sid=0 iter=58 nElems=524288 at t=96779616
GPU 2 TB=6 sid=0 DISPATCHING RunStep t=96779616
GPU 2 TB=5 sid=0 DISPATCHING RunStep t=96779616
Node 2 chan 1: RDMA send to 0 totalBytes=2097152 over 1 lane(s) bid=6 sid=0 iter=58 part=0 rateGBps=0 at t=96779616
Node 2 chan 0: RDMA send to 0 totalBytes=2097152 over 1 lane(s) bid=5 sid=0 iter=58 part=0 rateGBps=0 at t=96779616
GPU 2 TB=6 arrived at iteration barrier (4/10) leaving iter=58 t=96779616
GPU 2 TB=5 arrived at iteration barrier (5/10) leaving iter=58 t=96779616
Node 3 chan 0: transfer complete from peer 1 dst=(1,2) totalBytes=2097152 at t=96881282
GPU 3 TB=2 arrived at iteration barrier (9/10) leaving iter=57 t=96881282
Node 3 chan 1: transfer complete from peer 1 dst=(1,3) totalBytes=2097152 at t=96883274
GPU 3 TB=3 arrived at iteration barrier (10/10) leaving iter=57 t=96883274
GPU 3: iteration barrier releasing 10 threadblock(s) at t=96883274
GPU 3 TB=0 sid=0 DISPATCHING RunStep t=96883274
GPU 3 TB=1 sid=0 DISPATCHING RunStep t=96883274
GPU 3 TB=2 sid=0 DISPATCHING RunStep t=96883274
GPU 3 TB=3 sid=0 DISPATCHING RunStep t=96883274
GPU 3 TB=4 sid=0 DISPATCHING RunStep t=96883274
GPU 3 TB=5 sid=0 DISPATCHING RunStep t=96883274
GPU 3 TB=6 sid=0 DISPATCHING RunStep t=96883274
GPU 3 TB=7 sid=0 BLOCKED on network completion of TB=5 step=0 needFlag=59392 netFlag=58368 t=96883274
GPU 3 TB=8 sid=0 BLOCKED on network completion of TB=5 step=0 needFlag=59392 netFlag=58368 t=96883274
GPU 3 TB=9 sid=0 DISPATCHING RunStep t=96883274
Node 3 chan 0: RDMA send to 0 totalBytes=2097152 over 1 lane(s) bid=5 sid=0 iter=58 part=0 rateGBps=0 at t=96883274
Node 3 chan 1: RDMA send to 0 totalBytes=2097152 over 1 lane(s) bid=6 sid=0 iter=58 part=0 rateGBps=0 at t=96883274
Node 3 chan 0: RDMA send to 2 totalBytes=2097152 over 1 lane(s) bid=9 sid=0 iter=58 part=0 rateGBps=0 at t=96883274
Node 3 chan 0: RDMA send to 2 totalBytes=2097152 over 1 lane(s) bid=9 sid=0 iter=58 part=1 rateGBps=0 at t=96883274
GPU 3 TB=5 arrived at iteration barrier (1/10) leaving iter=58 t=96883274
GPU 3 TB=6 arrived at iteration barrier (2/10) leaving iter=58 t=96883274
GPU 3 TB=9 arrived at iteration barrier (3/10) leaving iter=58 t=96883274
Node 1 chan 0: RDMA send to 3 physically drained (sender side) bid=8 sid=0 iter=57 nElems=524288 at t=96885340
Node 1 chan 1: RDMA send to 3 physically drained (sender side) bid=9 sid=0 iter=57 nElems=524288 at t=96887008
Node 3 chan 1: transfer complete from peer 0 dst=(1,1) totalBytes=2097152 at t=96888254
GPU 3 TB=1 arrived at iteration barrier (4/10) leaving iter=58 t=96888254
Node 0 chan 1: RDMA send to 3 physically drained (sender side) bid=9 sid=0 iter=58 nElems=524288 at t=96891982
Node 3 chan 0: transfer complete from peer 0 dst=(1,0) totalBytes=2097152 at t=96892570
GPU 3 TB=0 arrived at iteration barrier (5/10) leaving iter=58 t=96892570
Node 0 chan 0: RDMA send to 3 physically drained (sender side) bid=8 sid=0 iter=58 nElems=524288 at t=96896646
Node 1 chan 0: transfer complete from peer 0 dst=(1,1) totalBytes=2097152 at t=96910616
GPU 1 TB=0 arrived at iteration barrier (6/10) leaving iter=58 t=96910616
Node 0 chan 0: RDMA send to 1 physically drained (sender side) bid=5 sid=0 iter=58 nElems=524288 at t=96912278
GPU 0 TB=7 sid=0 DISPATCHING RunStep t=96912278
GPU 0 TB=6 sid=0 DISPATCHING RunStep t=96912278
Node 0 chan 1: RDMA send to 2 totalBytes=2097152 over 1 lane(s) bid=7 sid=0 iter=58 part=0 rateGBps=0 at t=96912278
Node 0 chan 0: RDMA send to 2 totalBytes=2097152 over 1 lane(s) bid=6 sid=0 iter=58 part=0 rateGBps=0 at t=96912278
GPU 0 TB=7 arrived at iteration barrier (4/10) leaving iter=58 t=96912278
GPU 0 TB=6 arrived at iteration barrier (5/10) leaving iter=58 t=96912278
Node 3 chan 0: transfer complete from peer 2 dst=(1,5) totalBytes=2097152 at t=97061718
GPU 3 TB=4 arrived at iteration barrier (6/10) leaving iter=58 t=97061718
Node 2 chan 0: RDMA send to 3 physically drained (sender side) bid=9 sid=0 iter=58 nElems=524288 at t=97063295
Node 0 chan 0: transfer complete from peer 1 dst=(1,2) totalBytes=2097152 at t=97113914
Node 1 chan 0: RDMA send to 0 physically drained (sender side) bid=5 sid=0 iter=58 nElems=524288 at t=97115322
Node 2 chan 1: transfer complete from peer 1 dst=(1,3) totalBytes=2097152 at t=97355635
GPU 2 TB=3 arrived at iteration barrier (6/10) leaving iter=58 t=97355635
Node 2 chan 0: transfer complete from peer 1 dst=(1,2) totalBytes=2097152 at t=97359619
GPU 2 TB=2 arrived at iteration barrier (7/10) leaving iter=58 t=97359619
Node 1 chan 1: RDMA send to 2 physically drained (sender side) bid=7 sid=0 iter=58 nElems=524288 at t=97359734
Node 1 chan 0: RDMA send to 2 physically drained (sender side) bid=6 sid=0 iter=58 nElems=524288 at t=97363380
Node 2 chan 0: transfer complete from peer 3 dst=(1,6) totalBytes=2097152 at t=97527715
Node 3 chan 0: RDMA send to 2 physically drained (sender side) bid=9 sid=0 iter=58 nElems=524288 at t=97529123
Node 0 chan 1: transfer complete from peer 2 dst=(1,5) totalBytes=2097152 at t=97574426
GPU 0 TB=2 arrived at iteration barrier (6/10) leaving iter=58 t=97574426
Node 2 chan 1: RDMA send to 0 physically drained (sender side) bid=6 sid=0 iter=58 nElems=524288 at t=97578547
Node 0 chan 0: transfer complete from peer 2 dst=(1,4) totalBytes=2097152 at t=97600018
GPU 0 TB=1 arrived at iteration barrier (7/10) leaving iter=58 t=97600018
Node 2 chan 0: RDMA send to 0 physically drained (sender side) bid=5 sid=0 iter=58 nElems=524288 at t=97604455
Node 2 chan 1: transfer complete from peer 0 dst=(1,1) totalBytes=2097152 at t=97627363
GPU 2 TB=1 arrived at iteration barrier (8/10) leaving iter=58 t=97627363
Node 2 chan 0: transfer complete from peer 0 dst=(1,0) totalBytes=2097152 at t=97630351
GPU 2 TB=0 arrived at iteration barrier (9/10) leaving iter=58 t=97630351
Node 0 chan 1: RDMA send to 2 physically drained (sender side) bid=7 sid=0 iter=58 nElems=524288 at t=97631258
Node 0 chan 0: RDMA send to 2 physically drained (sender side) bid=6 sid=0 iter=58 nElems=524288 at t=97634582
Node 0 chan 1: transfer complete from peer 3 dst=(1,7) totalBytes=2097152 at t=97702310
GPU 0 TB=4 arrived at iteration barrier (8/10) leaving iter=58 t=97702310
Node 3 chan 1: RDMA send to 0 physically drained (sender side) bid=6 sid=0 iter=58 nElems=524288 at t=97705136
Node 0 chan 0: transfer complete from peer 3 dst=(1,6) totalBytes=2097152 at t=97710610
GPU 0 TB=3 arrived at iteration barrier (9/10) leaving iter=58 t=97710610
Node 3 chan 0: RDMA send to 0 physically drained (sender side) bid=5 sid=0 iter=58 nElems=524288 at t=97713436
GPU 3 TB=8 sid=0 DISPATCHING RunStep t=97713436
GPU 3 TB=7 sid=0 DISPATCHING RunStep t=97713436
Node 3 chan 1: RDMA send to 1 totalBytes=2097152 over 1 lane(s) bid=8 sid=0 iter=58 part=0 rateGBps=0 at t=97713436
Node 3 chan 0: RDMA send to 1 totalBytes=2097152 over 1 lane(s) bid=7 sid=0 iter=58 part=0 rateGBps=0 at t=97713436
GPU 3 TB=8 arrived at iteration barrier (7/10) leaving iter=58 t=97713436
GPU 3 TB=7 arrived at iteration barrier (8/10) leaving iter=58 t=97713436
Node 0 chan 0: transfer complete from peer 1 dst=(1,3) totalBytes=2097152 at t=97727210
GPU 0 TB=0 arrived at iteration barrier (10/10) leaving iter=58 t=97727210
GPU 0: iteration barrier releasing 10 threadblock(s) at t=97727210
GPU 0 TB=0 sid=0 DISPATCHING RunStep t=97727210
GPU 0 TB=1 sid=0 DISPATCHING RunStep t=97727210
GPU 0 TB=2 sid=0 DISPATCHING RunStep t=97727210
GPU 0 TB=3 sid=0 DISPATCHING RunStep t=97727210
GPU 0 TB=4 sid=0 DISPATCHING RunStep t=97727210
GPU 0 TB=5 sid=0 DISPATCHING RunStep t=97727210
GPU 0 TB=6 sid=0 BLOCKED on network completion of TB=5 step=0 needFlag=60416 netFlag=59392 t=97727210
GPU 0 TB=7 sid=0 BLOCKED on network completion of TB=5 step=0 needFlag=60416 netFlag=59392 t=97727210
GPU 0 TB=8 sid=0 DISPATCHING RunStep t=97727210
GPU 0 TB=9 sid=0 DISPATCHING RunStep t=97727210
Node 0 chan 0: RDMA send to 1 totalBytes=2097152 over 1 lane(s) bid=5 sid=0 iter=59 part=0 rateGBps=0 at t=97727210
Node 0 chan 0: RDMA send to 1 totalBytes=2097152 over 1 lane(s) bid=5 sid=0 iter=59 part=1 rateGBps=0 at t=97727210
Node 0 chan 0: RDMA send to 3 totalBytes=2097152 over 1 lane(s) bid=8 sid=0 iter=59 part=0 rateGBps=0 at t=97727210
Node 0 chan 1: RDMA send to 3 totalBytes=2097152 over 1 lane(s) bid=9 sid=0 iter=59 part=0 rateGBps=0 at t=97727210
GPU 0 TB=5 arrived at iteration barrier (1/10) leaving iter=59 t=97727210
GPU 0 TB=8 arrived at iteration barrier (2/10) leaving iter=59 t=97727210
GPU 0 TB=9 arrived at iteration barrier (3/10) leaving iter=59 t=97727210
Node 1 chan 0: RDMA send to 0 physically drained (sender side) bid=5 sid=0 iter=58 nElems=524288 at t=97728847
GPU 1 TB=9 sid=0 DISPATCHING RunStep t=97728847
GPU 1 TB=8 sid=0 DISPATCHING RunStep t=97728847
Node 1 chan 1: RDMA send to 3 totalBytes=2097152 over 1 lane(s) bid=9 sid=0 iter=58 part=0 rateGBps=0 at t=97728847
Node 1 chan 0: RDMA send to 3 totalBytes=2097152 over 1 lane(s) bid=8 sid=0 iter=58 part=0 rateGBps=0 at t=97728847
GPU 1 TB=9 arrived at iteration barrier (7/10) leaving iter=58 t=97728847
GPU 1 TB=8 arrived at iteration barrier (8/10) leaving iter=58 t=97728847
Node 2 chan 0: transfer complete from peer 3 dst=(1,7) totalBytes=2097152 at t=97931595
GPU 2 TB=4 arrived at iteration barrier (10/10) leaving iter=58 t=97931595
GPU 2: iteration barrier releasing 10 threadblock(s) at t=97931595
GPU 2 TB=0 sid=0 DISPATCHING RunStep t=97931595
GPU 2 TB=1 sid=0 DISPATCHING RunStep t=97931595
GPU 2 TB=2 sid=0 DISPATCHING RunStep t=97931595
GPU 2 TB=3 sid=0 DISPATCHING RunStep t=97931595
GPU 2 TB=4 sid=0 DISPATCHING RunStep t=97931595
GPU 2 TB=5 sid=0 BLOCKED on network completion of TB=7 step=0 needFlag=60416 netFlag=59392 t=97931595
GPU 2 TB=6 sid=0 BLOCKED on network completion of TB=7 step=0 needFlag=60416 netFlag=59392 t=97931595
GPU 2 TB=7 sid=0 DISPATCHING RunStep t=97931595
GPU 2 TB=8 sid=0 DISPATCHING RunStep t=97931595
GPU 2 TB=9 sid=0 DISPATCHING RunStep t=97931595
Node 2 chan 0: RDMA send to 1 totalBytes=2097152 over 1 lane(s) bid=7 sid=0 iter=59 part=0 rateGBps=0 at t=97931595
Node 2 chan 1: RDMA send to 1 totalBytes=2097152 over 1 lane(s) bid=8 sid=0 iter=59 part=0 rateGBps=0 at t=97931595
Node 2 chan 0: RDMA send to 3 totalBytes=2097152 over 1 lane(s) bid=9 sid=0 iter=59 part=0 rateGBps=0 at t=97931595
Node 2 chan 0: RDMA send to 3 totalBytes=2097152 over 1 lane(s) bid=9 sid=0 iter=59 part=1 rateGBps=0 at t=97931595
GPU 2 TB=7 arrived at iteration barrier (1/10) leaving iter=59 t=97931595
GPU 2 TB=8 arrived at iteration barrier (2/10) leaving iter=59 t=97931595
GPU 2 TB=9 arrived at iteration barrier (3/10) leaving iter=59 t=97931595
Node 3 chan 0: RDMA send to 2 physically drained (sender side) bid=9 sid=0 iter=58 nElems=524288 at t=97933139
Node 0 chan 0: RDMA send to 1 physically drained (sender side) bid=5 sid=0 iter=59 nElems=524288 at t=98329587
Node 1 chan 1: transfer complete from peer 3 dst=(1,7) totalBytes=2097152 at t=98457407
GPU 1 TB=4 arrived at iteration barrier (9/10) leaving iter=58 t=98457407
Node 1 chan 0: transfer complete from peer 3 dst=(1,6) totalBytes=2097152 at t=98458735
GPU 1 TB=3 arrived at iteration barrier (10/10) leaving iter=58 t=98458735
GPU 1: iteration barrier releasing 10 threadblock(s) at t=98458735
GPU 1 TB=0 sid=0 DISPATCHING RunStep t=98458735
GPU 1 TB=1 sid=0 DISPATCHING RunStep t=98458735
GPU 1 TB=2 sid=0 DISPATCHING RunStep t=98458735
GPU 1 TB=3 sid=0 DISPATCHING RunStep t=98458735
GPU 1 TB=4 sid=0 DISPATCHING RunStep t=98458735
GPU 1 TB=5 sid=0 DISPATCHING RunStep t=98458735
GPU 1 TB=6 sid=0 DISPATCHING RunStep t=98458735
GPU 1 TB=7 sid=0 DISPATCHING RunStep t=98458735
GPU 1 TB=8 sid=0 BLOCKED on network completion of TB=5 step=0 needFlag=60416 netFlag=59392 t=98458735
GPU 1 TB=9 sid=0 BLOCKED on network completion of TB=5 step=0 needFlag=60416 netFlag=59392 t=98458735
Node 1 chan 0: RDMA send to 0 totalBytes=2097152 over 1 lane(s) bid=5 sid=0 iter=59 part=0 rateGBps=0 at t=98458735
Node 1 chan 0: RDMA send to 0 totalBytes=2097152 over 1 lane(s) bid=5 sid=0 iter=59 part=1 rateGBps=0 at t=98458735
Node 1 chan 0: RDMA send to 2 totalBytes=2097152 over 1 lane(s) bid=6 sid=0 iter=59 part=0 rateGBps=0 at t=98458735
Node 1 chan 1: RDMA send to 2 totalBytes=2097152 over 1 lane(s) bid=7 sid=0 iter=59 part=0 rateGBps=0 at t=98458735
GPU 1 TB=5 arrived at iteration barrier (1/10) leaving iter=59 t=98458735
GPU 1 TB=6 arrived at iteration barrier (2/10) leaving iter=59 t=98458735
GPU 1 TB=7 arrived at iteration barrier (3/10) leaving iter=59 t=98458735
Node 3 chan 1: RDMA send to 1 physically drained (sender side) bid=8 sid=0 iter=58 nElems=524288 at t=98460363
Node 3 chan 0: RDMA send to 1 physically drained (sender side) bid=7 sid=0 iter=58 nElems=524288 at t=98462691
Node 3 chan 0: transfer complete from peer 1 dst=(1,2) totalBytes=2097152 at t=98539051
GPU 3 TB=2 arrived at iteration barrier (9/10) leaving iter=58 t=98539051
Node 1 chan 0: RDMA send to 3 physically drained (sender side) bid=8 sid=0 iter=58 nElems=524288 at t=98542191
Node 3 chan 1: transfer complete from peer 1 dst=(1,3) totalBytes=2097152 at t=98548347
GPU 3 TB=3 arrived at iteration barrier (10/10) leaving iter=58 t=98548347
GPU 3: iteration barrier releasing 10 threadblock(s) at t=98548347
GPU 3 TB=0 sid=0 DISPATCHING RunStep t=98548347
GPU 3 TB=1 sid=0 DISPATCHING RunStep t=98548347
GPU 3 TB=2 sid=0 DISPATCHING RunStep t=98548347
GPU 3 TB=3 sid=0 DISPATCHING RunStep t=98548347
GPU 3 TB=4 sid=0 DISPATCHING RunStep t=98548347
GPU 3 TB=5 sid=0 DISPATCHING RunStep t=98548347
GPU 3 TB=6 sid=0 DISPATCHING RunStep t=98548347
GPU 3 TB=7 sid=0 BLOCKED on network completion of TB=5 step=0 needFlag=60416 netFlag=59392 t=98548347
GPU 3 TB=8 sid=0 BLOCKED on network completion of TB=5 step=0 needFlag=60416 netFlag=59392 t=98548347
GPU 3 TB=9 sid=0 DISPATCHING RunStep t=98548347
Node 3 chan 0: RDMA send to 0 totalBytes=2097152 over 1 lane(s) bid=5 sid=0 iter=59 part=0 rateGBps=0 at t=98548347
Node 3 chan 1: RDMA send to 0 totalBytes=2097152 over 1 lane(s) bid=6 sid=0 iter=59 part=0 rateGBps=0 at t=98548347
Node 3 chan 0: RDMA send to 2 totalBytes=2097152 over 1 lane(s) bid=9 sid=0 iter=59 part=0 rateGBps=0 at t=98548347
Node 3 chan 0: RDMA send to 2 totalBytes=2097152 over 1 lane(s) bid=9 sid=0 iter=59 part=1 rateGBps=0 at t=98548347
GPU 3 TB=5 arrived at iteration barrier (1/10) leaving iter=59 t=98548347
GPU 3 TB=6 arrived at iteration barrier (2/10) leaving iter=59 t=98548347
GPU 3 TB=9 arrived at iteration barrier (3/10) leaving iter=59 t=98548347
Node 3 chan 0: transfer complete from peer 0 dst=(1,0) totalBytes=2097152 at t=98549011
GPU 3 TB=0 arrived at iteration barrier (4/10) leaving iter=59 t=98549011
Node 1 chan 1: RDMA send to 3 physically drained (sender side) bid=9 sid=0 iter=58 nElems=524288 at t=98551175
Node 0 chan 0: RDMA send to 3 physically drained (sender side) bid=8 sid=0 iter=59 nElems=524288 at t=98552455
Node 3 chan 1: transfer complete from peer 0 dst=(1,1) totalBytes=2097152 at t=98553327
GPU 3 TB=1 arrived at iteration barrier (5/10) leaving iter=59 t=98553327
Node 0 chan 1: RDMA send to 3 physically drained (sender side) bid=9 sid=0 iter=59 nElems=524288 at t=98557416
Node 3 chan 0: transfer complete from peer 2 dst=(1,4) totalBytes=2097152 at t=98607875
Node 2 chan 0: RDMA send to 3 physically drained (sender side) bid=9 sid=0 iter=59 nElems=524288 at t=98609816
Node 1 chan 1: transfer complete from peer 2 dst=(1,5) totalBytes=2097152 at t=98725407
GPU 1 TB=2 arrived at iteration barrier (4/10) leaving iter=59 t=98725407
Node 1 chan 0: transfer complete from peer 2 dst=(1,4) totalBytes=2097152 at t=98727735
GPU 1 TB=1 arrived at iteration barrier (5/10) leaving iter=59 t=98727735
Node 2 chan 1: RDMA send to 1 physically drained (sender side) bid=8 sid=0 iter=59 nElems=524288 at t=98729204
Node 2 chan 0: RDMA send to 1 physically drained (sender side) bid=7 sid=0 iter=59 nElems=524288 at t=98731868
GPU 2 TB=6 sid=0 DISPATCHING RunStep t=98731868
GPU 2 TB=5 sid=0 DISPATCHING RunStep t=98731868
Node 2 chan 1: RDMA send to 0 totalBytes=2097152 over 1 lane(s) bid=6 sid=0 iter=59 part=0 rateGBps=0 at t=98731868
Node 2 chan 0: RDMA send to 0 totalBytes=2097152 over 1 lane(s) bid=5 sid=0 iter=59 part=0 rateGBps=0 at t=98731868
GPU 2 TB=6 arrived at iteration barrier (4/10) leaving iter=59 t=98731868
GPU 2 TB=5 arrived at iteration barrier (5/10) leaving iter=59 t=98731868
Node 1 chan 0: transfer complete from peer 0 dst=(1,1) totalBytes=2097152 at t=98742695
GPU 1 TB=0 arrived at iteration barrier (6/10) leaving iter=59 t=98742695
Node 0 chan 0: RDMA send to 1 physically drained (sender side) bid=5 sid=0 iter=59 nElems=524288 at t=98744203
GPU 0 TB=7 sid=0 DISPATCHING RunStep t=98744203
GPU 0 TB=6 sid=0 DISPATCHING RunStep t=98744203
Node 0 chan 1: RDMA send to 2 totalBytes=2097152 over 1 lane(s) bid=7 sid=0 iter=59 part=0 rateGBps=0 at t=98744203
Node 0 chan 0: RDMA send to 2 totalBytes=2097152 over 1 lane(s) bid=6 sid=0 iter=59 part=0 rateGBps=0 at t=98744203
GPU 0 TB=7 arrived at iteration barrier (4/10) leaving iter=59 t=98744203
GPU 0 TB=6 arrived at iteration barrier (5/10) leaving iter=59 t=98744203
Node 3 chan 0: transfer complete from peer 2 dst=(1,5) totalBytes=2097152 at t=98885207
GPU 3 TB=4 arrived at iteration barrier (6/10) leaving iter=59 t=98885207
Node 2 chan 0: RDMA send to 3 physically drained (sender side) bid=9 sid=0 iter=59 nElems=524288 at t=98886800
Node 0 chan 0: transfer complete from peer 1 dst=(1,2) totalBytes=2097152 at t=99097327
Node 1 chan 0: RDMA send to 0 physically drained (sender side) bid=5 sid=0 iter=59 nElems=524288 at t=99098735
Node 2 chan 1: transfer complete from peer 1 dst=(1,3) totalBytes=2097152 at t=99186448
GPU 2 TB=3 arrived at iteration barrier (6/10) leaving iter=59 t=99186448
Node 1 chan 1: RDMA send to 2 physically drained (sender side) bid=7 sid=0 iter=59 nElems=524288 at t=99189274
Node 2 chan 0: transfer complete from peer 3 dst=(1,6) totalBytes=2097152 at t=99192760
Node 3 chan 0: RDMA send to 2 physically drained (sender side) bid=9 sid=0 iter=59 nElems=524288 at t=99194172
Node 2 chan 0: transfer complete from peer 1 dst=(1,2) totalBytes=2097152 at t=99196084
GPU 2 TB=2 arrived at iteration barrier (7/10) leaving iter=59 t=99196084
Node 1 chan 0: RDMA send to 2 physically drained (sender side) bid=6 sid=0 iter=59 nElems=524288 at t=99199958
Node 0 chan 0: transfer complete from peer 3 dst=(1,6) totalBytes=2097152 at t=99336227
GPU 0 TB=3 arrived at iteration barrier (6/10) leaving iter=59 t=99336227
Node 0 chan 1: transfer complete from peer 3 dst=(1,7) totalBytes=2097152 at t=99337227
GPU 0 TB=4 arrived at iteration barrier (7/10) leaving iter=59 t=99337227
Node 3 chan 0: RDMA send to 0 physically drained (sender side) bid=5 sid=0 iter=59 nElems=524288 at t=99339372
GPU 3 TB=8 sid=0 DISPATCHING RunStep t=99339372
GPU 3 TB=7 sid=0 DISPATCHING RunStep t=99339372
Node 3 chan 1: RDMA send to 1 totalBytes=2097152 over 1 lane(s) bid=8 sid=0 iter=59 part=0 rateGBps=0 at t=99339372
Node 3 chan 0: RDMA send to 1 totalBytes=2097152 over 1 lane(s) bid=7 sid=0 iter=59 part=0 rateGBps=0 at t=99339372
GPU 3 TB=8 arrived at iteration barrier (7/10) leaving iter=59 t=99339372
GPU 3 TB=7 arrived at iteration barrier (8/10) leaving iter=59 t=99339372
Node 3 chan 1: RDMA send to 0 physically drained (sender side) bid=6 sid=0 iter=59 nElems=524288 at t=99340053
Node 2 chan 0: transfer complete from peer 0 dst=(1,0) totalBytes=2097152 at t=99459208
GPU 2 TB=0 arrived at iteration barrier (8/10) leaving iter=59 t=99459208
Node 2 chan 1: transfer complete from peer 0 dst=(1,1) totalBytes=2097152 at t=99461536
GPU 2 TB=1 arrived at iteration barrier (9/10) leaving iter=59 t=99461536
Node 0 chan 0: RDMA send to 2 physically drained (sender side) bid=6 sid=0 iter=59 nElems=524288 at t=99463183
Node 0 chan 1: RDMA send to 2 physically drained (sender side) bid=7 sid=0 iter=59 nElems=524288 at t=99465511
Node 0 chan 0: transfer complete from peer 1 dst=(1,3) totalBytes=2097152 at t=99563119
GPU 0 TB=0 arrived at iteration barrier (8/10) leaving iter=59 t=99563119
Node 0 chan 1: transfer complete from peer 2 dst=(1,5) totalBytes=2097152 at t=99564115
GPU 0 TB=2 arrived at iteration barrier (9/10) leaving iter=59 t=99564115
Node 0 chan 0: transfer complete from peer 2 dst=(1,4) totalBytes=2097152 at t=99564447
GPU 0 TB=1 arrived at iteration barrier (10/10) leaving iter=59 t=99564447
GPU 0: iteration barrier releasing 10 threadblock(s) at t=99564447
GPU 0 TB=0 sid=0 DISPATCHING RunStep t=99564447
GPU 0 TB=1 sid=0 DISPATCHING RunStep t=99564447
GPU 0 TB=2 sid=0 DISPATCHING RunStep t=99564447
GPU 0 TB=3 sid=0 DISPATCHING RunStep t=99564447
GPU 0 TB=4 sid=0 DISPATCHING RunStep t=99564447
GPU 0 TB=5 sid=0 DISPATCHING RunStep t=99564447
GPU 0 TB=6 sid=0 BLOCKED on network completion of TB=5 step=0 needFlag=61440 netFlag=60416 t=99564447
GPU 0 TB=7 sid=0 BLOCKED on network completion of TB=5 step=0 needFlag=61440 netFlag=60416 t=99564447
GPU 0 TB=8 sid=0 DISPATCHING RunStep t=99564447
GPU 0 TB=9 sid=0 DISPATCHING RunStep t=99564447
Node 0 chan 0: RDMA send to 1 totalBytes=2097152 over 1 lane(s) bid=5 sid=0 iter=60 part=0 rateGBps=0 at t=99564447
Node 0 chan 0: RDMA send to 1 totalBytes=2097152 over 1 lane(s) bid=5 sid=0 iter=60 part=1 rateGBps=0 at t=99564447
Node 0 chan 0: RDMA send to 3 totalBytes=2097152 over 1 lane(s) bid=8 sid=0 iter=60 part=0 rateGBps=0 at t=99564447
Node 0 chan 1: RDMA send to 3 totalBytes=2097152 over 1 lane(s) bid=9 sid=0 iter=60 part=0 rateGBps=0 at t=99564447
GPU 0 TB=5 arrived at iteration barrier (1/10) leaving iter=60 t=99564447
GPU 0 TB=8 arrived at iteration barrier (2/10) leaving iter=60 t=99564447
GPU 0 TB=9 arrived at iteration barrier (3/10) leaving iter=60 t=99564447
Node 1 chan 0: RDMA send to 0 physically drained (sender side) bid=5 sid=0 iter=59 nElems=524288 at t=99564596
GPU 1 TB=9 sid=0 DISPATCHING RunStep t=99564596
GPU 1 TB=8 sid=0 DISPATCHING RunStep t=99564596
Node 1 chan 1: RDMA send to 3 totalBytes=2097152 over 1 lane(s) bid=9 sid=0 iter=59 part=0 rateGBps=0 at t=99564596
Node 1 chan 0: RDMA send to 3 totalBytes=2097152 over 1 lane(s) bid=8 sid=0 iter=59 part=0 rateGBps=0 at t=99564596
GPU 1 TB=9 arrived at iteration barrier (7/10) leaving iter=59 t=99564596
GPU 1 TB=8 arrived at iteration barrier (8/10) leaving iter=59 t=99564596
Node 2 chan 1: RDMA send to 0 physically drained (sender side) bid=6 sid=0 iter=59 nElems=524288 at t=99566941
Node 2 chan 0: RDMA send to 0 physically drained (sender side) bid=5 sid=0 iter=59 nElems=524288 at t=99567273
Node 2 chan 0: transfer complete from peer 3 dst=(1,7) totalBytes=2097152 at t=99619601
GPU 2 TB=4 arrived at iteration barrier (10/10) leaving iter=59 t=99619601
GPU 2: iteration barrier releasing 10 threadblock(s) at t=99619601
GPU 2 TB=0 sid=0 DISPATCHING RunStep t=99619601
GPU 2 TB=1 sid=0 DISPATCHING RunStep t=99619601
GPU 2 TB=2 sid=0 DISPATCHING RunStep t=99619601
GPU 2 TB=3 sid=0 DISPATCHING RunStep t=99619601
GPU 2 TB=4 sid=0 DISPATCHING RunStep t=99619601
GPU 2 TB=5 sid=0 BLOCKED on network completion of TB=7 step=0 needFlag=61440 netFlag=60416 t=99619601
GPU 2 TB=6 sid=0 BLOCKED on network completion of TB=7 step=0 needFlag=61440 netFlag=60416 t=99619601
GPU 2 TB=7 sid=0 DISPATCHING RunStep t=99619601
GPU 2 TB=8 sid=0 DISPATCHING RunStep t=99619601
GPU 2 TB=9 sid=0 DISPATCHING RunStep t=99619601
Node 2 chan 0: RDMA send to 1 totalBytes=2097152 over 1 lane(s) bid=7 sid=0 iter=60 part=0 rateGBps=0 at t=99619601
Node 2 chan 1: RDMA send to 1 totalBytes=2097152 over 1 lane(s) bid=8 sid=0 iter=60 part=0 rateGBps=0 at t=99619601
Node 2 chan 0: RDMA send to 3 totalBytes=2097152 over 1 lane(s) bid=9 sid=0 iter=60 part=0 rateGBps=0 at t=99619601
Node 2 chan 0: RDMA send to 3 totalBytes=2097152 over 1 lane(s) bid=9 sid=0 iter=60 part=1 rateGBps=0 at t=99619601
GPU 2 TB=7 arrived at iteration barrier (1/10) leaving iter=60 t=99619601
GPU 2 TB=8 arrived at iteration barrier (2/10) leaving iter=60 t=99619601
GPU 2 TB=9 arrived at iteration barrier (3/10) leaving iter=60 t=99619601
Node 3 chan 0: RDMA send to 2 physically drained (sender side) bid=9 sid=0 iter=59 nElems=524288 at t=99621260
Node 1 chan 1: transfer complete from peer 3 dst=(1,7) totalBytes=2097152 at t=100067888
GPU 1 TB=4 arrived at iteration barrier (9/10) leaving iter=59 t=100067888
Node 1 chan 0: transfer complete from peer 3 dst=(1,6) totalBytes=2097152 at t=100068884
GPU 1 TB=3 arrived at iteration barrier (10/10) leaving iter=59 t=100068884
GPU 1: iteration barrier releasing 10 threadblock(s) at t=100068884
GPU 1 TB=0 sid=0 DISPATCHING RunStep t=100068884
GPU 1 TB=1 sid=0 DISPATCHING RunStep t=100068884
GPU 1 TB=2 sid=0 DISPATCHING RunStep t=100068884
GPU 1 TB=3 sid=0 DISPATCHING RunStep t=100068884
GPU 1 TB=4 sid=0 DISPATCHING RunStep t=100068884
GPU 1 TB=5 sid=0 DISPATCHING RunStep t=100068884
GPU 1 TB=6 sid=0 DISPATCHING RunStep t=100068884
GPU 1 TB=7 sid=0 DISPATCHING RunStep t=100068884
GPU 1 TB=8 sid=0 BLOCKED on network completion of TB=5 step=0 needFlag=61440 netFlag=60416 t=100068884
GPU 1 TB=9 sid=0 BLOCKED on network completion of TB=5 step=0 needFlag=61440 netFlag=60416 t=100068884
Node 1 chan 0: RDMA send to 0 totalBytes=2097152 over 1 lane(s) bid=5 sid=0 iter=60 part=0 rateGBps=0 at t=100068884
Node 1 chan 0: RDMA send to 0 totalBytes=2097152 over 1 lane(s) bid=5 sid=0 iter=60 part=1 rateGBps=0 at t=100068884
Node 1 chan 0: RDMA send to 2 totalBytes=2097152 over 1 lane(s) bid=6 sid=0 iter=60 part=0 rateGBps=0 at t=100068884
Node 1 chan 1: RDMA send to 2 totalBytes=2097152 over 1 lane(s) bid=7 sid=0 iter=60 part=0 rateGBps=0 at t=100068884
GPU 1 TB=5 arrived at iteration barrier (1/10) leaving iter=60 t=100068884
GPU 1 TB=6 arrived at iteration barrier (2/10) leaving iter=60 t=100068884
GPU 1 TB=7 arrived at iteration barrier (3/10) leaving iter=60 t=100068884
Node 3 chan 1: RDMA send to 1 physically drained (sender side) bid=8 sid=0 iter=59 nElems=524288 at t=100071080
Node 3 chan 0: RDMA send to 1 physically drained (sender side) bid=7 sid=0 iter=59 nElems=524288 at t=100071748
Node 1 chan 0: transfer complete from peer 0 dst=(1,0) totalBytes=2097152 at t=100202196
Node 0 chan 0: RDMA send to 1 physically drained (sender side) bid=5 sid=0 iter=60 nElems=524288 at t=100203640
Node 2 chan 0: RDMA send to 3 physically drained (sender side) bid=9 sid=0 iter=60 nElems=524288 at t=100291378
Node 1 chan 0: transfer complete from peer 2 dst=(1,4) totalBytes=2097152 at t=100347172
GPU 1 TB=1 arrived at iteration barrier (4/10) leaving iter=60 t=100347172
Node 1 chan 1: transfer complete from peer 2 dst=(1,5) totalBytes=2097152 at t=100348500
GPU 1 TB=2 arrived at iteration barrier (5/10) leaving iter=60 t=100348500
Node 2 chan 0: RDMA send to 1 physically drained (sender side) bid=7 sid=0 iter=60 nElems=524288 at t=100351201
GPU 2 TB=6 sid=0 DISPATCHING RunStep t=100351201
GPU 2 TB=5 sid=0 DISPATCHING RunStep t=100351201
Node 2 chan 1: RDMA send to 0 totalBytes=2097152 over 1 lane(s) bid=6 sid=0 iter=60 part=0 rateGBps=0 at t=100351201
Node 2 chan 0: RDMA send to 0 totalBytes=2097152 over 1 lane(s) bid=5 sid=0 iter=60 part=0 rateGBps=0 at t=100351201
GPU 2 TB=6 arrived at iteration barrier (4/10) leaving iter=60 t=100351201
GPU 2 TB=5 arrived at iteration barrier (5/10) leaving iter=60 t=100351201
Node 2 chan 1: RDMA send to 1 physically drained (sender side) bid=8 sid=0 iter=60 nElems=524288 at t=100352529
Node 0 chan 1: RDMA send to 3 physically drained (sender side) bid=9 sid=0 iter=60 nElems=524288 at t=100486112
Node 0 chan 0: RDMA send to 3 physically drained (sender side) bid=8 sid=0 iter=60 nElems=524288 at t=100487116
Node 3 chan 0: transfer complete from peer 1 dst=(1,2) totalBytes=2097152 at t=100489736
GPU 3 TB=2 arrived at iteration barrier (9/10) leaving iter=59 t=100489736
Node 1 chan 0: transfer complete from peer 0 dst=(1,1) totalBytes=2097152 at t=100490696
GPU 1 TB=0 arrived at iteration barrier (6/10) leaving iter=60 t=100490696
Node 3 chan 1: transfer complete from peer 1 dst=(1,3) totalBytes=2097152 at t=100491728
GPU 3 TB=3 arrived at iteration barrier (10/10) leaving iter=59 t=100491728
GPU 3: iteration barrier releasing 10 threadblock(s) at t=100491728
GPU 3 TB=0 sid=0 DISPATCHING RunStep t=100491728
GPU 3 TB=1 sid=0 DISPATCHING RunStep t=100491728
GPU 3 TB=2 sid=0 DISPATCHING RunStep t=100491728
GPU 3 TB=3 sid=0 DISPATCHING RunStep t=100491728
GPU 3 TB=4 sid=0 DISPATCHING RunStep t=100491728
GPU 3 TB=5 sid=0 DISPATCHING RunStep t=100491728
GPU 3 TB=6 sid=0 DISPATCHING RunStep t=100491728
GPU 3 TB=7 sid=0 BLOCKED on network completion of TB=5 step=0 needFlag=61440 netFlag=60416 t=100491728
GPU 3 TB=8 sid=0 BLOCKED on network completion of TB=5 step=0 needFlag=61440 netFlag=60416 t=100491728
GPU 3 TB=9 sid=0 DISPATCHING RunStep t=100491728
Node 3 chan 0: RDMA send to 0 totalBytes=2097152 over 1 lane(s) bid=5 sid=0 iter=60 part=0 rateGBps=0 at t=100491728
Node 3 chan 1: RDMA send to 0 totalBytes=2097152 over 1 lane(s) bid=6 sid=0 iter=60 part=0 rateGBps=0 at t=100491728
Node 3 chan 0: RDMA send to 2 totalBytes=2097152 over 1 lane(s) bid=9 sid=0 iter=60 part=0 rateGBps=0 at t=100491728
Node 3 chan 0: RDMA send to 2 totalBytes=2097152 over 1 lane(s) bid=9 sid=0 iter=60 part=1 rateGBps=0 at t=100491728
GPU 3 TB=0 arrived at iteration barrier (1/10) leaving iter=60 t=100491728
GPU 3 TB=1 arrived at iteration barrier (2/10) leaving iter=60 t=100491728
GPU 3 TB=5 arrived at iteration barrier (3/10) leaving iter=60 t=100491728
GPU 3 TB=6 arrived at iteration barrier (4/10) leaving iter=60 t=100491728
GPU 3 TB=9 arrived at iteration barrier (5/10) leaving iter=60 t=100491728
Node 0 chan 0: RDMA send to 1 physically drained (sender side) bid=5 sid=0 iter=60 nElems=524288 at t=100492440
GPU 0 TB=7 sid=0 DISPATCHING RunStep t=100492440
GPU 0 TB=6 sid=0 DISPATCHING RunStep t=100492440
Node 0 chan 1: RDMA send to 2 totalBytes=2097152 over 1 lane(s) bid=7 sid=0 iter=60 part=0 rateGBps=0 at t=100492440
Node 0 chan 0: RDMA send to 2 totalBytes=2097152 over 1 lane(s) bid=6 sid=0 iter=60 part=0 rateGBps=0 at t=100492440
GPU 0 TB=7 arrived at iteration barrier (4/10) leaving iter=60 t=100492440
GPU 0 TB=6 arrived at iteration barrier (5/10) leaving iter=60 t=100492440
Node 1 chan 0: RDMA send to 3 physically drained (sender side) bid=8 sid=0 iter=59 nElems=524288 at t=100493049
Node 1 chan 1: RDMA send to 3 physically drained (sender side) bid=9 sid=0 iter=59 nElems=524288 at t=100495709
Node 3 chan 0: transfer complete from peer 2 dst=(1,5) totalBytes=2097152 at t=100661896
GPU 3 TB=4 arrived at iteration barrier (6/10) leaving iter=60 t=100661896
Node 2 chan 0: RDMA send to 3 physically drained (sender side) bid=9 sid=0 iter=60 nElems=524288 at t=100663550
Node 0 chan 0: transfer complete from peer 1 dst=(1,2) totalBytes=2097152 at t=100671820
Node 1 chan 0: RDMA send to 0 physically drained (sender side) bid=5 sid=0 iter=60 nElems=524288 at t=100673228
Node 2 chan 0: transfer complete from peer 1 dst=(1,2) totalBytes=2097152 at t=100951574
GPU 2 TB=2 arrived at iteration barrier (6/10) leaving iter=60 t=100951574
Node 2 chan 1: transfer complete from peer 1 dst=(1,3) totalBytes=2097152 at t=100953566
GPU 2 TB=3 arrived at iteration barrier (7/10) leaving iter=60 t=100953566
Node 1 chan 0: RDMA send to 2 physically drained (sender side) bid=6 sid=0 iter=60 nElems=524288 at t=100955061
Node 1 chan 1: RDMA send to 2 physically drained (sender side) bid=7 sid=0 iter=60 nElems=524288 at t=100957167
Node 0 chan 1: transfer complete from peer 2 dst=(1,5) totalBytes=2097152 at t=101129996
GPU 0 TB=2 arrived at iteration barrier (6/10) leaving iter=60 t=101129996
Node 2 chan 0: transfer complete from peer 3 dst=(1,6) totalBytes=2097152 at t=101130962
Node 3 chan 0: RDMA send to 2 physically drained (sender side) bid=9 sid=0 iter=60 nElems=524288 at t=101132370
Node 2 chan 1: RDMA send to 0 physically drained (sender side) bid=6 sid=0 iter=60 nElems=524288 at t=101134286
Node 0 chan 0: transfer complete from peer 2 dst=(1,4) totalBytes=2097152 at t=101142624
GPU 0 TB=1 arrived at iteration barrier (7/10) leaving iter=60 t=101142624
Node 2 chan 0: RDMA send to 0 physically drained (sender side) bid=5 sid=0 iter=60 nElems=524288 at t=101145578
Node 2 chan 1: transfer complete from peer 0 dst=(1,1) totalBytes=2097152 at t=101209654
GPU 2 TB=1 arrived at iteration barrier (8/10) leaving iter=60 t=101209654
Node 2 chan 0: transfer complete from peer 0 dst=(1,0) totalBytes=2097152 at t=101211646
GPU 2 TB=0 arrived at iteration barrier (9/10) leaving iter=60 t=101211646
Node 0 chan 1: RDMA send to 2 physically drained (sender side) bid=7 sid=0 iter=60 nElems=524288 at t=101213744
Node 0 chan 0: RDMA send to 2 physically drained (sender side) bid=6 sid=0 iter=60 nElems=524288 at t=101215408
Node 0 chan 1: transfer complete from peer 3 dst=(1,7) totalBytes=2097152 at t=101287784
GPU 0 TB=4 arrived at iteration barrier (8/10) leaving iter=60 t=101287784
Node 3 chan 1: RDMA send to 0 physically drained (sender side) bid=6 sid=0 iter=60 nElems=524288 at t=101290610
Node 0 chan 0: transfer complete from peer 3 dst=(1,6) totalBytes=2097152 at t=101292100
GPU 0 TB=3 arrived at iteration barrier (9/10) leaving iter=60 t=101292100
Node 3 chan 0: RDMA send to 0 physically drained (sender side) bid=5 sid=0 iter=60 nElems=524288 at t=101294926
GPU 3 TB=8 sid=0 DISPATCHING RunStep t=101294926
GPU 3 TB=7 sid=0 DISPATCHING RunStep t=101294926
Node 3 chan 1: RDMA send to 1 totalBytes=2097152 over 1 lane(s) bid=8 sid=0 iter=60 part=0 rateGBps=0 at t=101294926
Node 3 chan 0: RDMA send to 1 totalBytes=2097152 over 1 lane(s) bid=7 sid=0 iter=60 part=0 rateGBps=0 at t=101294926
GPU 3 TB=8 arrived at iteration barrier (7/10) leaving iter=60 t=101294926
GPU 3 TB=7 arrived at iteration barrier (8/10) leaving iter=60 t=101294926
Node 0 chan 0: transfer complete from peer 1 dst=(1,3) totalBytes=2097152 at t=101299736
GPU 0 TB=0 arrived at iteration barrier (10/10) leaving iter=60 t=101299736
GPU 0: iteration barrier releasing 10 threadblock(s) at t=101299736
GPU 0 TB=0 sid=0 DISPATCHING RunStep t=101299736
GPU 0 TB=1 sid=0 DISPATCHING RunStep t=101299736
GPU 0 TB=2 sid=0 DISPATCHING RunStep t=101299736
GPU 0 TB=3 sid=0 DISPATCHING RunStep t=101299736
GPU 0 TB=4 sid=0 DISPATCHING RunStep t=101299736
GPU 0 TB=5 sid=0 DISPATCHING RunStep t=101299736
GPU 0 TB=6 sid=0 BLOCKED on network completion of TB=5 step=0 needFlag=62464 netFlag=61440 t=101299736
GPU 0 TB=7 sid=0 BLOCKED on network completion of TB=5 step=0 needFlag=62464 netFlag=61440 t=101299736
GPU 0 TB=8 sid=0 DISPATCHING RunStep t=101299736
GPU 0 TB=9 sid=0 DISPATCHING RunStep t=101299736
Node 0 chan 0: RDMA send to 1 totalBytes=2097152 over 1 lane(s) bid=5 sid=0 iter=61 part=0 rateGBps=0 at t=101299736
Node 0 chan 0: RDMA send to 1 totalBytes=2097152 over 1 lane(s) bid=5 sid=0 iter=61 part=1 rateGBps=0 at t=101299736
Node 0 chan 0: RDMA send to 3 totalBytes=2097152 over 1 lane(s) bid=8 sid=0 iter=61 part=0 rateGBps=0 at t=101299736
Node 0 chan 1: RDMA send to 3 totalBytes=2097152 over 1 lane(s) bid=9 sid=0 iter=61 part=0 rateGBps=0 at t=101299736
GPU 0 TB=5 arrived at iteration barrier (1/10) leaving iter=61 t=101299736
GPU 0 TB=8 arrived at iteration barrier (2/10) leaving iter=61 t=101299736
GPU 0 TB=9 arrived at iteration barrier (3/10) leaving iter=61 t=101299736
Node 1 chan 0: RDMA send to 0 physically drained (sender side) bid=5 sid=0 iter=60 nElems=524288 at t=101301366
GPU 1 TB=9 sid=0 DISPATCHING RunStep t=101301366
GPU 1 TB=8 sid=0 DISPATCHING RunStep t=101301366
Node 1 chan 1: RDMA send to 3 totalBytes=2097152 over 1 lane(s) bid=9 sid=0 iter=60 part=0 rateGBps=0 at t=101301366
Node 1 chan 0: RDMA send to 3 totalBytes=2097152 over 1 lane(s) bid=8 sid=0 iter=60 part=0 rateGBps=0 at t=101301366
GPU 1 TB=9 arrived at iteration barrier (7/10) leaving iter=60 t=101301366
GPU 1 TB=8 arrived at iteration barrier (8/10) leaving iter=60 t=101301366
Node 2 chan 0: transfer complete from peer 3 dst=(1,7) totalBytes=2097152 at t=101540026
GPU 2 TB=4 arrived at iteration barrier (10/10) leaving iter=60 t=101540026
GPU 2: iteration barrier releasing 10 threadblock(s) at t=101540026
GPU 2 TB=0 sid=0 DISPATCHING RunStep t=101540026
GPU 2 TB=1 sid=0 DISPATCHING RunStep t=101540026
GPU 2 TB=2 sid=0 DISPATCHING RunStep t=101540026
GPU 2 TB=3 sid=0 DISPATCHING RunStep t=101540026
GPU 2 TB=4 sid=0 DISPATCHING RunStep t=101540026
GPU 2 TB=5 sid=0 BLOCKED on network completion of TB=7 step=0 needFlag=62464 netFlag=61440 t=101540026
GPU 2 TB=6 sid=0 BLOCKED on network completion of TB=7 step=0 needFlag=62464 netFlag=61440 t=101540026
GPU 2 TB=7 sid=0 DISPATCHING RunStep t=101540026
GPU 2 TB=8 sid=0 DISPATCHING RunStep t=101540026
GPU 2 TB=9 sid=0 DISPATCHING RunStep t=101540026
Node 2 chan 0: RDMA send to 1 totalBytes=2097152 over 1 lane(s) bid=7 sid=0 iter=61 part=0 rateGBps=0 at t=101540026
Node 2 chan 1: RDMA send to 1 totalBytes=2097152 over 1 lane(s) bid=8 sid=0 iter=61 part=0 rateGBps=0 at t=101540026
Node 2 chan 0: RDMA send to 3 totalBytes=2097152 over 1 lane(s) bid=9 sid=0 iter=61 part=0 rateGBps=0 at t=101540026
Node 2 chan 0: RDMA send to 3 totalBytes=2097152 over 1 lane(s) bid=9 sid=0 iter=61 part=1 rateGBps=0 at t=101540026
GPU 2 TB=7 arrived at iteration barrier (1/10) leaving iter=61 t=101540026
GPU 2 TB=8 arrived at iteration barrier (2/10) leaving iter=61 t=101540026
GPU 2 TB=9 arrived at iteration barrier (3/10) leaving iter=61 t=101540026
Node 3 chan 0: RDMA send to 2 physically drained (sender side) bid=9 sid=0 iter=60 nElems=524288 at t=101541570
Node 0 chan 0: RDMA send to 1 physically drained (sender side) bid=5 sid=0 iter=61 nElems=524288 at t=101868558
Node 1 chan 1: transfer complete from peer 3 dst=(1,7) totalBytes=2097152 at t=102026610
GPU 1 TB=4 arrived at iteration barrier (9/10) leaving iter=60 t=102026610
Node 1 chan 0: transfer complete from peer 3 dst=(1,6) totalBytes=2097152 at t=102028270
GPU 1 TB=3 arrived at iteration barrier (10/10) leaving iter=60 t=102028270
GPU 1: iteration barrier releasing 10 threadblock(s) at t=102028270
GPU 1 TB=0 sid=0 DISPATCHING RunStep t=102028270
GPU 1 TB=1 sid=0 DISPATCHING RunStep t=102028270
GPU 1 TB=2 sid=0 DISPATCHING RunStep t=102028270
GPU 1 TB=3 sid=0 DISPATCHING RunStep t=102028270
GPU 1 TB=4 sid=0 DISPATCHING RunStep t=102028270
GPU 1 TB=5 sid=0 DISPATCHING RunStep t=102028270
GPU 1 TB=6 sid=0 DISPATCHING RunStep t=102028270
GPU 1 TB=7 sid=0 DISPATCHING RunStep t=102028270
GPU 1 TB=8 sid=0 BLOCKED on network completion of TB=5 step=0 needFlag=62464 netFlag=61440 t=102028270
GPU 1 TB=9 sid=0 BLOCKED on network completion of TB=5 step=0 needFlag=62464 netFlag=61440 t=102028270
Node 1 chan 0: RDMA send to 0 totalBytes=2097152 over 1 lane(s) bid=5 sid=0 iter=61 part=0 rateGBps=0 at t=102028270
Node 1 chan 0: RDMA send to 0 totalBytes=2097152 over 1 lane(s) bid=5 sid=0 iter=61 part=1 rateGBps=0 at t=102028270
Node 1 chan 0: RDMA send to 2 totalBytes=2097152 over 1 lane(s) bid=6 sid=0 iter=61 part=0 rateGBps=0 at t=102028270
Node 1 chan 1: RDMA send to 2 totalBytes=2097152 over 1 lane(s) bid=7 sid=0 iter=61 part=0 rateGBps=0 at t=102028270
GPU 1 TB=5 arrived at iteration barrier (1/10) leaving iter=61 t=102028270
GPU 1 TB=6 arrived at iteration barrier (2/10) leaving iter=61 t=102028270
GPU 1 TB=7 arrived at iteration barrier (3/10) leaving iter=61 t=102028270
Node 3 chan 1: RDMA send to 1 physically drained (sender side) bid=8 sid=0 iter=60 nElems=524288 at t=102029590
Node 3 chan 0: RDMA send to 1 physically drained (sender side) bid=7 sid=0 iter=60 nElems=524288 at t=102031254
Node 3 chan 0: transfer complete from peer 1 dst=(1,2) totalBytes=2097152 at t=102102302
GPU 3 TB=2 arrived at iteration barrier (9/10) leaving iter=60 t=102102302
Node 1 chan 0: RDMA send to 3 physically drained (sender side) bid=8 sid=0 iter=60 nElems=524288 at t=102105406
Node 0 chan 0: RDMA send to 3 physically drained (sender side) bid=8 sid=0 iter=61 nElems=524288 at t=102113742
Node 3 chan 1: transfer complete from peer 1 dst=(1,3) totalBytes=2097152 at t=102117242
GPU 3 TB=3 arrived at iteration barrier (10/10) leaving iter=60 t=102117242
GPU 3: iteration barrier releasing 10 threadblock(s) at t=102117242
GPU 3 TB=0 sid=0 DISPATCHING RunStep t=102117242
GPU 3 TB=1 sid=0 DISPATCHING RunStep t=102117242
GPU 3 TB=2 sid=0 DISPATCHING RunStep t=102117242
GPU 3 TB=3 sid=0 DISPATCHING RunStep t=102117242
GPU 3 TB=4 sid=0 DISPATCHING RunStep t=102117242
GPU 3 TB=5 sid=0 DISPATCHING RunStep t=102117242
GPU 3 TB=6 sid=0 DISPATCHING RunStep t=102117242
GPU 3 TB=7 sid=0 BLOCKED on network completion of TB=5 step=0 needFlag=62464 netFlag=61440 t=102117242
GPU 3 TB=8 sid=0 BLOCKED on network completion of TB=5 step=0 needFlag=62464 netFlag=61440 t=102117242
GPU 3 TB=9 sid=0 DISPATCHING RunStep t=102117242
Node 3 chan 0: RDMA send to 0 totalBytes=2097152 over 1 lane(s) bid=5 sid=0 iter=61 part=0 rateGBps=0 at t=102117242
Node 3 chan 1: RDMA send to 0 totalBytes=2097152 over 1 lane(s) bid=6 sid=0 iter=61 part=0 rateGBps=0 at t=102117242
Node 3 chan 0: RDMA send to 2 totalBytes=2097152 over 1 lane(s) bid=9 sid=0 iter=61 part=0 rateGBps=0 at t=102117242
Node 3 chan 0: RDMA send to 2 totalBytes=2097152 over 1 lane(s) bid=9 sid=0 iter=61 part=1 rateGBps=0 at t=102117242
GPU 3 TB=0 arrived at iteration barrier (1/10) leaving iter=61 t=102117242
GPU 3 TB=5 arrived at iteration barrier (2/10) leaving iter=61 t=102117242
GPU 3 TB=6 arrived at iteration barrier (3/10) leaving iter=61 t=102117242
GPU 3 TB=9 arrived at iteration barrier (4/10) leaving iter=61 t=102117242
Node 1 chan 1: RDMA send to 3 physically drained (sender side) bid=9 sid=0 iter=60 nElems=524288 at t=102121042
Node 3 chan 1: transfer complete from peer 0 dst=(1,1) totalBytes=2097152 at t=102122554
GPU 3 TB=1 arrived at iteration barrier (5/10) leaving iter=61 t=102122554
Node 0 chan 1: RDMA send to 3 physically drained (sender side) bid=9 sid=0 iter=61 nElems=524288 at t=102127026
Node 3 chan 0: transfer complete from peer 2 dst=(1,4) totalBytes=2097152 at t=102187383
Node 2 chan 0: RDMA send to 3 physically drained (sender side) bid=9 sid=0 iter=61 nElems=524288 at t=102189319
Node 1 chan 0: transfer complete from peer 0 dst=(1,1) totalBytes=2097152 at t=102310238
GPU 1 TB=0 arrived at iteration barrier (4/10) leaving iter=61 t=102310238
Node 0 chan 0: RDMA send to 1 physically drained (sender side) bid=5 sid=0 iter=61 nElems=524288 at t=102312002
GPU 0 TB=7 sid=0 DISPATCHING RunStep t=102312002
GPU 0 TB=6 sid=0 DISPATCHING RunStep t=102312002
Node 0 chan 1: RDMA send to 2 totalBytes=2097152 over 1 lane(s) bid=7 sid=0 iter=61 part=0 rateGBps=0 at t=102312002
Node 0 chan 0: RDMA send to 2 totalBytes=2097152 over 1 lane(s) bid=6 sid=0 iter=61 part=0 rateGBps=0 at t=102312002
GPU 0 TB=7 arrived at iteration barrier (4/10) leaving iter=61 t=102312002
GPU 0 TB=6 arrived at iteration barrier (5/10) leaving iter=61 t=102312002
Node 1 chan 0: transfer complete from peer 2 dst=(1,4) totalBytes=2097152 at t=102326455
GPU 1 TB=1 arrived at iteration barrier (5/10) leaving iter=61 t=102326455
Node 1 chan 1: transfer complete from peer 2 dst=(1,5) totalBytes=2097152 at t=102330094
GPU 1 TB=2 arrived at iteration barrier (6/10) leaving iter=61 t=102330094
Node 2 chan 0: RDMA send to 1 physically drained (sender side) bid=7 sid=0 iter=61 nElems=524288 at t=102330319
GPU 2 TB=6 sid=0 DISPATCHING RunStep t=102330319
GPU 2 TB=5 sid=0 DISPATCHING RunStep t=102330319
Node 2 chan 1: RDMA send to 0 totalBytes=2097152 over 1 lane(s) bid=6 sid=0 iter=61 part=0 rateGBps=0 at t=102330319
Node 2 chan 0: RDMA send to 0 totalBytes=2097152 over 1 lane(s) bid=5 sid=0 iter=61 part=0 rateGBps=0 at t=102330319
GPU 2 TB=6 arrived at iteration barrier (4/10) leaving iter=61 t=102330319
GPU 2 TB=5 arrived at iteration barrier (5/10) leaving iter=61 t=102330319
Node 2 chan 1: RDMA send to 1 physically drained (sender side) bid=8 sid=0 iter=61 nElems=524288 at t=102334311
Node 3 chan 0: transfer complete from peer 2 dst=(1,5) totalBytes=2097152 at t=102470039
GPU 3 TB=4 arrived at iteration barrier (6/10) leaving iter=61 t=102470039
Node 2 chan 0: RDMA send to 3 physically drained (sender side) bid=9 sid=0 iter=61 nElems=524288 at t=102471619
Node 0 chan 0: transfer complete from peer 1 dst=(1,2) totalBytes=2097152 at t=102633402
Node 1 chan 0: RDMA send to 0 physically drained (sender side) bid=5 sid=0 iter=61 nElems=524288 at t=102634810
Node 2 chan 0: transfer complete from peer 1 dst=(1,2) totalBytes=2097152 at t=102751667
GPU 2 TB=2 arrived at iteration barrier (6/10) leaving iter=61 t=102751667
Node 2 chan 0: transfer complete from peer 3 dst=(1,6) totalBytes=2097152 at t=102753999
Node 1 chan 0: RDMA send to 2 physically drained (sender side) bid=6 sid=0 iter=61 nElems=524288 at t=102755556
Node 3 chan 0: RDMA send to 2 physically drained (sender side) bid=9 sid=0 iter=61 nElems=524288 at t=102755735
Node 2 chan 1: transfer complete from peer 1 dst=(1,3) totalBytes=2097152 at t=102762631
GPU 2 TB=3 arrived at iteration barrier (7/10) leaving iter=61 t=102762631
Node 1 chan 1: RDMA send to 2 physically drained (sender side) bid=7 sid=0 iter=61 nElems=524288 at t=102766193
Node 0 chan 0: transfer complete from peer 3 dst=(1,6) totalBytes=2097152 at t=102893562
GPU 0 TB=3 arrived at iteration barrier (6/10) leaving iter=61 t=102893562
Node 0 chan 1: transfer complete from peer 3 dst=(1,7) totalBytes=2097152 at t=102895226
GPU 0 TB=4 arrived at iteration barrier (7/10) leaving iter=61 t=102895226
Node 3 chan 0: RDMA send to 0 physically drained (sender side) bid=5 sid=0 iter=61 nElems=524288 at t=102896388
GPU 3 TB=8 sid=0 DISPATCHING RunStep t=102896388
GPU 3 TB=7 sid=0 DISPATCHING RunStep t=102896388
Node 3 chan 1: RDMA send to 1 totalBytes=2097152 over 1 lane(s) bid=8 sid=0 iter=61 part=0 rateGBps=0 at t=102896388
Node 3 chan 0: RDMA send to 1 totalBytes=2097152 over 1 lane(s) bid=7 sid=0 iter=61 part=0 rateGBps=0 at t=102896388
GPU 3 TB=8 arrived at iteration barrier (7/10) leaving iter=61 t=102896388
GPU 3 TB=7 arrived at iteration barrier (8/10) leaving iter=61 t=102896388
Node 3 chan 1: RDMA send to 0 physically drained (sender side) bid=6 sid=0 iter=61 nElems=524288 at t=102898052
Node 2 chan 1: transfer complete from peer 0 dst=(1,1) totalBytes=2097152 at t=103024431
GPU 2 TB=1 arrived at iteration barrier (8/10) leaving iter=61 t=103024431
Node 2 chan 0: transfer complete from peer 0 dst=(1,0) totalBytes=2097152 at t=103026759
GPU 2 TB=0 arrived at iteration barrier (9/10) leaving iter=61 t=103026759
Node 0 chan 1: RDMA send to 2 physically drained (sender side) bid=7 sid=0 iter=61 nElems=524288 at t=103028162
Node 0 chan 0: RDMA send to 2 physically drained (sender side) bid=6 sid=0 iter=61 nElems=524288 at t=103030822
Node 0 chan 0: transfer complete from peer 1 dst=(1,3) totalBytes=2097152 at t=103115482
GPU 0 TB=0 arrived at iteration barrier (8/10) leaving iter=61 t=103115482
Node 1 chan 0: RDMA send to 0 physically drained (sender side) bid=5 sid=0 iter=61 nElems=524288 at t=103116890
GPU 1 TB=9 sid=0 DISPATCHING RunStep t=103116890
GPU 1 TB=8 sid=0 DISPATCHING RunStep t=103116890
Node 1 chan 1: RDMA send to 3 totalBytes=2097152 over 1 lane(s) bid=9 sid=0 iter=61 part=0 rateGBps=0 at t=103116890
Node 1 chan 0: RDMA send to 3 totalBytes=2097152 over 1 lane(s) bid=8 sid=0 iter=61 part=0 rateGBps=0 at t=103116890
GPU 1 TB=9 arrived at iteration barrier (7/10) leaving iter=61 t=103116890
GPU 1 TB=8 arrived at iteration barrier (8/10) leaving iter=61 t=103116890
Node 0 chan 1: transfer complete from peer 2 dst=(1,5) totalBytes=2097152 at t=103146324
GPU 0 TB=2 arrived at iteration barrier (9/10) leaving iter=61 t=103146324
Node 0 chan 0: transfer complete from peer 2 dst=(1,4) totalBytes=2097152 at t=103148657
GPU 0 TB=1 arrived at iteration barrier (10/10) leaving iter=61 t=103148657
GPU 0: iteration barrier releasing 10 threadblock(s) at t=103148657
GPU 0 TB=0 sid=0 DISPATCHING RunStep t=103148657
GPU 0 TB=1 sid=0 DISPATCHING RunStep t=103148657
GPU 0 TB=2 sid=0 DISPATCHING RunStep t=103148657
GPU 0 TB=3 sid=0 DISPATCHING RunStep t=103148657
GPU 0 TB=4 sid=0 DISPATCHING RunStep t=103148657
GPU 0 TB=5 sid=0 DISPATCHING RunStep t=103148657
GPU 0 TB=6 sid=0 BLOCKED on network completion of TB=5 step=0 needFlag=63488 netFlag=62464 t=103148657
GPU 0 TB=7 sid=0 BLOCKED on network completion of TB=5 step=0 needFlag=63488 netFlag=62464 t=103148657
GPU 0 TB=8 sid=0 DISPATCHING RunStep t=103148657
GPU 0 TB=9 sid=0 DISPATCHING RunStep t=103148657
Node 0 chan 0: RDMA send to 1 totalBytes=2097152 over 1 lane(s) bid=5 sid=0 iter=62 part=0 rateGBps=0 at t=103148657
Node 0 chan 0: RDMA send to 1 totalBytes=2097152 over 1 lane(s) bid=5 sid=0 iter=62 part=1 rateGBps=0 at t=103148657
Node 0 chan 0: RDMA send to 3 totalBytes=2097152 over 1 lane(s) bid=8 sid=0 iter=62 part=0 rateGBps=0 at t=103148657
Node 0 chan 1: RDMA send to 3 totalBytes=2097152 over 1 lane(s) bid=9 sid=0 iter=62 part=0 rateGBps=0 at t=103148657
GPU 0 TB=5 arrived at iteration barrier (1/10) leaving iter=62 t=103148657
GPU 0 TB=8 arrived at iteration barrier (2/10) leaving iter=62 t=103148657
GPU 0 TB=9 arrived at iteration barrier (3/10) leaving iter=62 t=103148657
Node 2 chan 1: RDMA send to 0 physically drained (sender side) bid=6 sid=0 iter=61 nElems=524288 at t=103150301
Node 2 chan 0: RDMA send to 0 physically drained (sender side) bid=5 sid=0 iter=61 nElems=524288 at t=103152302
Node 2 chan 0: transfer complete from peer 3 dst=(1,7) totalBytes=2097152 at t=103176791
GPU 2 TB=4 arrived at iteration barrier (10/10) leaving iter=61 t=103176791
GPU 2: iteration barrier releasing 10 threadblock(s) at t=103176791
GPU 2 TB=0 sid=0 DISPATCHING RunStep t=103176791
GPU 2 TB=1 sid=0 DISPATCHING RunStep t=103176791
GPU 2 TB=2 sid=0 DISPATCHING RunStep t=103176791
GPU 2 TB=3 sid=0 DISPATCHING RunStep t=103176791
GPU 2 TB=4 sid=0 DISPATCHING RunStep t=103176791
GPU 2 TB=5 sid=0 BLOCKED on network completion of TB=7 step=0 needFlag=63488 netFlag=62464 t=103176791
GPU 2 TB=6 sid=0 BLOCKED on network completion of TB=7 step=0 needFlag=63488 netFlag=62464 t=103176791
GPU 2 TB=7 sid=0 DISPATCHING RunStep t=103176791
GPU 2 TB=8 sid=0 DISPATCHING RunStep t=103176791
GPU 2 TB=9 sid=0 DISPATCHING RunStep t=103176791
Node 2 chan 0: RDMA send to 1 totalBytes=2097152 over 1 lane(s) bid=7 sid=0 iter=62 part=0 rateGBps=0 at t=103176791
Node 2 chan 1: RDMA send to 1 totalBytes=2097152 over 1 lane(s) bid=8 sid=0 iter=62 part=0 rateGBps=0 at t=103176791
Node 2 chan 0: RDMA send to 3 totalBytes=2097152 over 1 lane(s) bid=9 sid=0 iter=62 part=0 rateGBps=0 at t=103176791
Node 2 chan 0: RDMA send to 3 totalBytes=2097152 over 1 lane(s) bid=9 sid=0 iter=62 part=1 rateGBps=0 at t=103176791
GPU 2 TB=7 arrived at iteration barrier (1/10) leaving iter=62 t=103176791
GPU 2 TB=8 arrived at iteration barrier (2/10) leaving iter=62 t=103176791
GPU 2 TB=9 arrived at iteration barrier (3/10) leaving iter=62 t=103176791
Node 3 chan 0: RDMA send to 2 physically drained (sender side) bid=9 sid=0 iter=61 nElems=524288 at t=103178252
Node 1 chan 1: transfer complete from peer 3 dst=(1,7) totalBytes=2097152 at t=103635681
GPU 1 TB=4 arrived at iteration barrier (9/10) leaving iter=61 t=103635681
Node 1 chan 0: transfer complete from peer 3 dst=(1,6) totalBytes=2097152 at t=103637673
GPU 1 TB=3 arrived at iteration barrier (10/10) leaving iter=61 t=103637673
GPU 1: iteration barrier releasing 10 threadblock(s) at t=103637673
GPU 1 TB=0 sid=0 DISPATCHING RunStep t=103637673
GPU 1 TB=1 sid=0 DISPATCHING RunStep t=103637673
GPU 1 TB=2 sid=0 DISPATCHING RunStep t=103637673
GPU 1 TB=3 sid=0 DISPATCHING RunStep t=103637673
GPU 1 TB=4 sid=0 DISPATCHING RunStep t=103637673
GPU 1 TB=5 sid=0 DISPATCHING RunStep t=103637673
GPU 1 TB=6 sid=0 DISPATCHING RunStep t=103637673
GPU 1 TB=7 sid=0 DISPATCHING RunStep t=103637673
GPU 1 TB=8 sid=0 BLOCKED on network completion of TB=5 step=0 needFlag=63488 netFlag=62464 t=103637673
GPU 1 TB=9 sid=0 BLOCKED on network completion of TB=5 step=0 needFlag=63488 netFlag=62464 t=103637673
Node 1 chan 0: RDMA send to 0 totalBytes=2097152 over 1 lane(s) bid=5 sid=0 iter=62 part=0 rateGBps=0 at t=103637673
Node 1 chan 0: RDMA send to 0 totalBytes=2097152 over 1 lane(s) bid=5 sid=0 iter=62 part=1 rateGBps=0 at t=103637673
Node 1 chan 0: RDMA send to 2 totalBytes=2097152 over 1 lane(s) bid=6 sid=0 iter=62 part=0 rateGBps=0 at t=103637673
Node 1 chan 1: RDMA send to 2 totalBytes=2097152 over 1 lane(s) bid=7 sid=0 iter=62 part=0 rateGBps=0 at t=103637673
GPU 1 TB=5 arrived at iteration barrier (1/10) leaving iter=62 t=103637673
GPU 1 TB=6 arrived at iteration barrier (2/10) leaving iter=62 t=103637673
GPU 1 TB=7 arrived at iteration barrier (3/10) leaving iter=62 t=103637673
Node 3 chan 1: RDMA send to 1 physically drained (sender side) bid=8 sid=0 iter=61 nElems=524288 at t=103639692
Node 3 chan 0: RDMA send to 1 physically drained (sender side) bid=7 sid=0 iter=61 nElems=524288 at t=103641688
Node 1 chan 0: transfer complete from peer 0 dst=(1,0) totalBytes=2097152 at t=103795257
Node 0 chan 0: RDMA send to 1 physically drained (sender side) bid=5 sid=0 iter=62 nElems=524288 at t=103797029
Node 2 chan 0: RDMA send to 3 physically drained (sender side) bid=9 sid=0 iter=62 nElems=524288 at t=103853750
Node 1 chan 1: transfer complete from peer 2 dst=(1,5) totalBytes=2097152 at t=103905985
GPU 1 TB=2 arrived at iteration barrier (4/10) leaving iter=62 t=103905985
Node 1 chan 0: transfer complete from peer 2 dst=(1,4) totalBytes=2097152 at t=103908981
GPU 1 TB=1 arrived at iteration barrier (5/10) leaving iter=62 t=103908981
Node 2 chan 1: RDMA send to 1 physically drained (sender side) bid=8 sid=0 iter=62 nElems=524288 at t=103910036
Node 2 chan 0: RDMA send to 1 physically drained (sender side) bid=7 sid=0 iter=62 nElems=524288 at t=103912586
GPU 2 TB=6 sid=0 DISPATCHING RunStep t=103912586
GPU 2 TB=5 sid=0 DISPATCHING RunStep t=103912586
Node 2 chan 1: RDMA send to 0 totalBytes=2097152 over 1 lane(s) bid=6 sid=0 iter=62 part=0 rateGBps=0 at t=103912586
Node 2 chan 0: RDMA send to 0 totalBytes=2097152 over 1 lane(s) bid=5 sid=0 iter=62 part=0 rateGBps=0 at t=103912586
GPU 2 TB=6 arrived at iteration barrier (4/10) leaving iter=62 t=103912586
GPU 2 TB=5 arrived at iteration barrier (5/10) leaving iter=62 t=103912586
Node 3 chan 1: transfer complete from peer 1 dst=(1,3) totalBytes=2097152 at t=103995268
GPU 3 TB=3 arrived at iteration barrier (9/10) leaving iter=61 t=103995268
Node 1 chan 1: RDMA send to 3 physically drained (sender side) bid=9 sid=0 iter=61 nElems=524288 at t=103998626
Node 3 chan 0: transfer complete from peer 1 dst=(1,2) totalBytes=2097152 at t=104004232
GPU 3 TB=2 arrived at iteration barrier (10/10) leaving iter=61 t=104004232
GPU 3: iteration barrier releasing 10 threadblock(s) at t=104004232
GPU 3 TB=0 sid=0 DISPATCHING RunStep t=104004232
GPU 3 TB=1 sid=0 DISPATCHING RunStep t=104004232
GPU 3 TB=2 sid=0 DISPATCHING RunStep t=104004232
GPU 3 TB=3 sid=0 DISPATCHING RunStep t=104004232
GPU 3 TB=4 sid=0 DISPATCHING RunStep t=104004232
GPU 3 TB=5 sid=0 DISPATCHING RunStep t=104004232
GPU 3 TB=6 sid=0 DISPATCHING RunStep t=104004232
GPU 3 TB=7 sid=0 BLOCKED on network completion of TB=5 step=0 needFlag=63488 netFlag=62464 t=104004232
GPU 3 TB=8 sid=0 BLOCKED on network completion of TB=5 step=0 needFlag=63488 netFlag=62464 t=104004232
GPU 3 TB=9 sid=0 DISPATCHING RunStep t=104004232
Node 3 chan 0: RDMA send to 0 totalBytes=2097152 over 1 lane(s) bid=5 sid=0 iter=62 part=0 rateGBps=0 at t=104004232
Node 3 chan 1: RDMA send to 0 totalBytes=2097152 over 1 lane(s) bid=6 sid=0 iter=62 part=0 rateGBps=0 at t=104004232
Node 3 chan 0: RDMA send to 2 totalBytes=2097152 over 1 lane(s) bid=9 sid=0 iter=62 part=0 rateGBps=0 at t=104004232
Node 3 chan 0: RDMA send to 2 totalBytes=2097152 over 1 lane(s) bid=9 sid=0 iter=62 part=1 rateGBps=0 at t=104004232
GPU 3 TB=5 arrived at iteration barrier (1/10) leaving iter=62 t=104004232
GPU 3 TB=6 arrived at iteration barrier (2/10) leaving iter=62 t=104004232
GPU 3 TB=9 arrived at iteration barrier (3/10) leaving iter=62 t=104004232
Node 1 chan 0: RDMA send to 3 physically drained (sender side) bid=8 sid=0 iter=61 nElems=524288 at t=104007934
Node 3 chan 1: transfer complete from peer 0 dst=(1,1) totalBytes=2097152 at t=104047428
GPU 3 TB=1 arrived at iteration barrier (4/10) leaving iter=62 t=104047428
Node 3 chan 0: transfer complete from peer 0 dst=(1,0) totalBytes=2097152 at t=104048424
GPU 3 TB=0 arrived at iteration barrier (5/10) leaving iter=62 t=104048424
Node 0 chan 1: RDMA send to 3 physically drained (sender side) bid=9 sid=0 iter=62 nElems=524288 at t=104051394
Node 0 chan 0: RDMA send to 3 physically drained (sender side) bid=8 sid=0 iter=62 nElems=524288 at t=104052066
Node 1 chan 0: transfer complete from peer 0 dst=(1,1) totalBytes=2097152 at t=104077762
GPU 1 TB=0 arrived at iteration barrier (6/10) leaving iter=62 t=104077762
Node 0 chan 0: RDMA send to 1 physically drained (sender side) bid=5 sid=0 iter=62 nElems=524288 at t=104079334
GPU 0 TB=7 sid=0 DISPATCHING RunStep t=104079334
GPU 0 TB=6 sid=0 DISPATCHING RunStep t=104079334
Node 0 chan 1: RDMA send to 2 totalBytes=2097152 over 1 lane(s) bid=7 sid=0 iter=62 part=0 rateGBps=0 at t=104079334
Node 0 chan 0: RDMA send to 2 totalBytes=2097152 over 1 lane(s) bid=6 sid=0 iter=62 part=0 rateGBps=0 at t=104079334
GPU 0 TB=7 arrived at iteration barrier (4/10) leaving iter=62 t=104079334
GPU 0 TB=6 arrived at iteration barrier (5/10) leaving iter=62 t=104079334
Node 3 chan 0: transfer complete from peer 2 dst=(1,5) totalBytes=2097152 at t=104199240
GPU 3 TB=4 arrived at iteration barrier (6/10) leaving iter=62 t=104199240
Node 2 chan 0: RDMA send to 3 physically drained (sender side) bid=9 sid=0 iter=62 nElems=524288 at t=104200820
Node 0 chan 0: transfer complete from peer 1 dst=(1,2) totalBytes=2097152 at t=104259042
Node 1 chan 0: RDMA send to 0 physically drained (sender side) bid=5 sid=0 iter=62 nElems=524288 at t=104260450
Node 2 chan 1: transfer complete from peer 1 dst=(1,3) totalBytes=2097152 at t=104485188
GPU 2 TB=3 arrived at iteration barrier (6/10) leaving iter=62 t=104485188
Node 1 chan 1: RDMA send to 2 physically drained (sender side) bid=7 sid=0 iter=62 nElems=524288 at t=104488750
Node 2 chan 0: transfer complete from peer 1 dst=(1,2) totalBytes=2097152 at t=104494492
GPU 2 TB=2 arrived at iteration barrier (7/10) leaving iter=62 t=104494492
Node 1 chan 0: RDMA send to 2 physically drained (sender side) bid=6 sid=0 iter=62 nElems=524288 at t=104498302
Node 2 chan 0: transfer complete from peer 3 dst=(1,6) totalBytes=2097152 at t=104610760
Node 3 chan 0: RDMA send to 2 physically drained (sender side) bid=9 sid=0 iter=62 nElems=524288 at t=104612168
Node 0 chan 1: transfer complete from peer 2 dst=(1,5) totalBytes=2097152 at t=104726870
GPU 0 TB=2 arrived at iteration barrier (6/10) leaving iter=62 t=104726870
Node 2 chan 1: RDMA send to 0 physically drained (sender side) bid=6 sid=0 iter=62 nElems=524288 at t=104730696
Node 0 chan 0: transfer complete from peer 2 dst=(1,4) totalBytes=2097152 at t=104737174
GPU 0 TB=1 arrived at iteration barrier (7/10) leaving iter=62 t=104737174
Node 2 chan 0: RDMA send to 0 physically drained (sender side) bid=5 sid=0 iter=62 nElems=524288 at t=104741324
Node 2 chan 0: transfer complete from peer 0 dst=(1,0) totalBytes=2097152 at t=104784152
GPU 2 TB=0 arrived at iteration barrier (8/10) leaving iter=62 t=104784152
Node 2 chan 1: transfer complete from peer 0 dst=(1,1) totalBytes=2097152 at t=104786476
GPU 2 TB=1 arrived at iteration barrier (9/10) leaving iter=62 t=104786476
Node 0 chan 0: RDMA send to 2 physically drained (sender side) bid=6 sid=0 iter=62 nElems=524288 at t=104787358
Node 0 chan 1: RDMA send to 2 physically drained (sender side) bid=7 sid=0 iter=62 nElems=524288 at t=104790350
Node 0 chan 1: transfer complete from peer 3 dst=(1,7) totalBytes=2097152 at t=104834838
GPU 0 TB=4 arrived at iteration barrier (8/10) leaving iter=62 t=104834838
Node 0 chan 0: transfer complete from peer 3 dst=(1,6) totalBytes=2097152 at t=104836166
GPU 0 TB=3 arrived at iteration barrier (9/10) leaving iter=62 t=104836166
Node 3 chan 1: RDMA send to 0 physically drained (sender side) bid=6 sid=0 iter=62 nElems=524288 at t=104837664
Node 3 chan 0: RDMA send to 0 physically drained (sender side) bid=5 sid=0 iter=62 nElems=524288 at t=104838992
GPU 3 TB=8 sid=0 DISPATCHING RunStep t=104838992
GPU 3 TB=7 sid=0 DISPATCHING RunStep t=104838992
Node 3 chan 1: RDMA send to 1 totalBytes=2097152 over 1 lane(s) bid=8 sid=0 iter=62 part=0 rateGBps=0 at t=104838992
Node 3 chan 0: RDMA send to 1 totalBytes=2097152 over 1 lane(s) bid=7 sid=0 iter=62 part=0 rateGBps=0 at t=104838992
GPU 3 TB=8 arrived at iteration barrier (7/10) leaving iter=62 t=104838992
GPU 3 TB=7 arrived at iteration barrier (8/10) leaving iter=62 t=104838992
Node 0 chan 0: transfer complete from peer 1 dst=(1,3) totalBytes=2097152 at t=104861730
GPU 0 TB=0 arrived at iteration barrier (10/10) leaving iter=62 t=104861730
GPU 0: iteration barrier releasing 10 threadblock(s) at t=104861730
GPU 0 TB=0 sid=0 DISPATCHING RunStep t=104861730
GPU 0 TB=1 sid=0 DISPATCHING RunStep t=104861730
GPU 0 TB=2 sid=0 DISPATCHING RunStep t=104861730
GPU 0 TB=3 sid=0 DISPATCHING RunStep t=104861730
GPU 0 TB=4 sid=0 DISPATCHING RunStep t=104861730
GPU 0 TB=5 sid=0 DISPATCHING RunStep t=104861730
GPU 0 TB=6 sid=0 BLOCKED on network completion of TB=5 step=0 needFlag=64512 netFlag=63488 t=104861730
GPU 0 TB=7 sid=0 BLOCKED on network completion of TB=5 step=0 needFlag=64512 netFlag=63488 t=104861730
GPU 0 TB=8 sid=0 DISPATCHING RunStep t=104861730
GPU 0 TB=9 sid=0 DISPATCHING RunStep t=104861730
Node 0 chan 0: RDMA send to 1 totalBytes=2097152 over 1 lane(s) bid=5 sid=0 iter=63 part=0 rateGBps=0 at t=104861730
Node 0 chan 0: RDMA send to 1 totalBytes=2097152 over 1 lane(s) bid=5 sid=0 iter=63 part=1 rateGBps=0 at t=104861730
Node 0 chan 0: RDMA send to 3 totalBytes=2097152 over 1 lane(s) bid=8 sid=0 iter=63 part=0 rateGBps=0 at t=104861730
Node 0 chan 1: RDMA send to 3 totalBytes=2097152 over 1 lane(s) bid=9 sid=0 iter=63 part=0 rateGBps=0 at t=104861730
Node 1 chan 0: RDMA send to 0 physically drained (sender side) bid=5 sid=0 iter=62 nElems=524288 at t=104863138
GPU 1 TB=9 sid=0 DISPATCHING RunStep t=104863138
GPU 1 TB=8 sid=0 DISPATCHING RunStep t=104863138
Node 1 chan 1: RDMA send to 3 totalBytes=2097152 over 1 lane(s) bid=9 sid=0 iter=62 part=0 rateGBps=0 at t=104863138
Node 1 chan 0: RDMA send to 3 totalBytes=2097152 over 1 lane(s) bid=8 sid=0 iter=62 part=0 rateGBps=0 at t=104863138
GPU 1 TB=9 arrived at iteration barrier (7/10) leaving iter=62 t=104863138
GPU 1 TB=8 arrived at iteration barrier (8/10) leaving iter=62 t=104863138
Node 2 chan 0: transfer complete from peer 3 dst=(1,7) totalBytes=2097152 at t=105033888
GPU 2 TB=4 arrived at iteration barrier (10/10) leaving iter=62 t=105033888
GPU 2: iteration barrier releasing 10 threadblock(s) at t=105033888
GPU 2 TB=0 sid=0 DISPATCHING RunStep t=105033888
GPU 2 TB=1 sid=0 DISPATCHING RunStep t=105033888
GPU 2 TB=2 sid=0 DISPATCHING RunStep t=105033888
GPU 2 TB=3 sid=0 DISPATCHING RunStep t=105033888
GPU 2 TB=4 sid=0 DISPATCHING RunStep t=105033888
GPU 2 TB=5 sid=0 BLOCKED on network completion of TB=7 step=0 needFlag=64512 netFlag=63488 t=105033888
GPU 2 TB=6 sid=0 BLOCKED on network completion of TB=7 step=0 needFlag=64512 netFlag=63488 t=105033888
GPU 2 TB=7 sid=0 DISPATCHING RunStep t=105033888
GPU 2 TB=8 sid=0 DISPATCHING RunStep t=105033888
GPU 2 TB=9 sid=0 DISPATCHING RunStep t=105033888
Node 2 chan 0: RDMA send to 1 totalBytes=2097152 over 1 lane(s) bid=7 sid=0 iter=63 part=0 rateGBps=0 at t=105033888
Node 2 chan 1: RDMA send to 1 totalBytes=2097152 over 1 lane(s) bid=8 sid=0 iter=63 part=0 rateGBps=0 at t=105033888
Node 2 chan 0: RDMA send to 3 totalBytes=2097152 over 1 lane(s) bid=9 sid=0 iter=63 part=0 rateGBps=0 at t=105033888
Node 2 chan 0: RDMA send to 3 totalBytes=2097152 over 1 lane(s) bid=9 sid=0 iter=63 part=1 rateGBps=0 at t=105033888
Node 3 chan 0: RDMA send to 2 physically drained (sender side) bid=9 sid=0 iter=62 nElems=524288 at t=105035434
Node 0 chan 0: RDMA send to 1 physically drained (sender side) bid=5 sid=0 iter=63 nElems=524288 at t=105489376
Node 1 chan 0: transfer complete from peer 3 dst=(1,6) totalBytes=2097152 at t=105595936
GPU 1 TB=3 arrived at iteration barrier (9/10) leaving iter=62 t=105595936
Node 1 chan 1: transfer complete from peer 3 dst=(1,7) totalBytes=2097152 at t=105598264
GPU 1 TB=4 arrived at iteration barrier (10/10) leaving iter=62 t=105598264
GPU 1: iteration barrier releasing 10 threadblock(s) at t=105598264
GPU 1 TB=0 sid=0 DISPATCHING RunStep t=105598264
GPU 1 TB=1 sid=0 DISPATCHING RunStep t=105598264
GPU 1 TB=2 sid=0 DISPATCHING RunStep t=105598264
GPU 1 TB=3 sid=0 DISPATCHING RunStep t=105598264
GPU 1 TB=4 sid=0 DISPATCHING RunStep t=105598264
GPU 1 TB=5 sid=0 DISPATCHING RunStep t=105598264
GPU 1 TB=6 sid=0 DISPATCHING RunStep t=105598264
GPU 1 TB=7 sid=0 DISPATCHING RunStep t=105598264
GPU 1 TB=8 sid=0 BLOCKED on network completion of TB=5 step=0 needFlag=64512 netFlag=63488 t=105598264
GPU 1 TB=9 sid=0 BLOCKED on network completion of TB=5 step=0 needFlag=64512 netFlag=63488 t=105598264
Node 1 chan 0: RDMA send to 0 totalBytes=2097152 over 1 lane(s) bid=5 sid=0 iter=63 part=0 rateGBps=0 at t=105598264
Node 1 chan 0: RDMA send to 0 totalBytes=2097152 over 1 lane(s) bid=5 sid=0 iter=63 part=1 rateGBps=0 at t=105598264
Node 1 chan 0: RDMA send to 2 totalBytes=2097152 over 1 lane(s) bid=6 sid=0 iter=63 part=0 rateGBps=0 at t=105598264
Node 1 chan 1: RDMA send to 2 totalBytes=2097152 over 1 lane(s) bid=7 sid=0 iter=63 part=0 rateGBps=0 at t=105598264
Node 3 chan 0: RDMA send to 1 physically drained (sender side) bid=7 sid=0 iter=62 nElems=524288 at t=105599858
Node 3 chan 1: RDMA send to 1 physically drained (sender side) bid=8 sid=0 iter=62 nElems=524288 at t=105602518
Node 3 chan 0: transfer complete from peer 1 dst=(1,2) totalBytes=2097152 at t=105688838
GPU 3 TB=2 arrived at iteration barrier (9/10) leaving iter=62 t=105688838
Node 1 chan 0: RDMA send to 3 physically drained (sender side) bid=8 sid=0 iter=62 nElems=524288 at t=105692692
Node 3 chan 1: transfer complete from peer 1 dst=(1,3) totalBytes=2097152 at t=105695810
GPU 3 TB=3 arrived at iteration barrier (10/10) leaving iter=62 t=105695810
GPU 3: iteration barrier releasing 10 threadblock(s) at t=105695810
GPU 3 TB=0 sid=0 DISPATCHING RunStep t=105695810
GPU 3 TB=1 sid=0 DISPATCHING RunStep t=105695810
GPU 3 TB=2 sid=0 DISPATCHING RunStep t=105695810
GPU 3 TB=3 sid=0 DISPATCHING RunStep t=105695810
GPU 3 TB=4 sid=0 DISPATCHING RunStep t=105695810
GPU 3 TB=5 sid=0 DISPATCHING RunStep t=105695810
GPU 3 TB=6 sid=0 DISPATCHING RunStep t=105695810
GPU 3 TB=7 sid=0 BLOCKED on network completion of TB=5 step=0 needFlag=64512 netFlag=63488 t=105695810
GPU 3 TB=8 sid=0 BLOCKED on network completion of TB=5 step=0 needFlag=64512 netFlag=63488 t=105695810
GPU 3 TB=9 sid=0 DISPATCHING RunStep t=105695810
Node 3 chan 0: RDMA send to 0 totalBytes=2097152 over 1 lane(s) bid=5 sid=0 iter=63 part=0 rateGBps=0 at t=105695810
Node 3 chan 1: RDMA send to 0 totalBytes=2097152 over 1 lane(s) bid=6 sid=0 iter=63 part=0 rateGBps=0 at t=105695810
Node 3 chan 0: RDMA send to 2 totalBytes=2097152 over 1 lane(s) bid=9 sid=0 iter=63 part=0 rateGBps=0 at t=105695810
Node 3 chan 0: RDMA send to 2 totalBytes=2097152 over 1 lane(s) bid=9 sid=0 iter=63 part=1 rateGBps=0 at t=105695810
Node 0 chan 0: RDMA send to 3 physically drained (sender side) bid=8 sid=0 iter=63 nElems=524288 at t=105698428
Node 3 chan 1: transfer complete from peer 0 dst=(1,1) totalBytes=2097152 at t=105699130
Node 1 chan 1: RDMA send to 3 physically drained (sender side) bid=9 sid=0 iter=62 nElems=524288 at t=105699680
Node 0 chan 1: RDMA send to 3 physically drained (sender side) bid=9 sid=0 iter=63 nElems=524288 at t=105703088
Node 3 chan 0: transfer complete from peer 2 dst=(1,4) totalBytes=2097152 at t=105731101
Node 2 chan 0: RDMA send to 3 physically drained (sender side) bid=9 sid=0 iter=63 nElems=524288 at t=105733039
Node 1 chan 0: transfer complete from peer 2 dst=(1,4) totalBytes=2097152 at t=105833012
Node 1 chan 1: transfer complete from peer 2 dst=(1,5) totalBytes=2097152 at t=105835668
Node 2 chan 0: RDMA send to 1 physically drained (sender side) bid=7 sid=0 iter=63 nElems=524288 at t=105836795
GPU 2 TB=6 sid=0 DISPATCHING RunStep t=105836795
GPU 2 TB=5 sid=0 DISPATCHING RunStep t=105836795
Node 2 chan 1: RDMA send to 0 totalBytes=2097152 over 1 lane(s) bid=6 sid=0 iter=63 part=0 rateGBps=0 at t=105836795
Node 2 chan 0: RDMA send to 0 totalBytes=2097152 over 1 lane(s) bid=5 sid=0 iter=63 part=0 rateGBps=0 at t=105836795
Node 2 chan 1: RDMA send to 1 physically drained (sender side) bid=8 sid=0 iter=63 nElems=524288 at t=105840123
Node 1 chan 0: transfer complete from peer 0 dst=(1,1) totalBytes=2097152 at t=105870912
Node 0 chan 0: RDMA send to 1 physically drained (sender side) bid=5 sid=0 iter=63 nElems=524288 at t=105872684
GPU 0 TB=7 sid=0 DISPATCHING RunStep t=105872684
GPU 0 TB=6 sid=0 DISPATCHING RunStep t=105872684
Node 0 chan 1: RDMA send to 2 totalBytes=2097152 over 1 lane(s) bid=7 sid=0 iter=63 part=0 rateGBps=0 at t=105872684
Node 0 chan 0: RDMA send to 2 totalBytes=2097152 over 1 lane(s) bid=6 sid=0 iter=63 part=0 rateGBps=0 at t=105872684
Node 3 chan 0: transfer complete from peer 2 dst=(1,5) totalBytes=2097152 at t=106014417
Node 2 chan 0: RDMA send to 3 physically drained (sender side) bid=9 sid=0 iter=63 nElems=524288 at t=106016003
Node 0 chan 0: transfer complete from peer 1 dst=(1,2) totalBytes=2097152 at t=106255036
Node 1 chan 0: RDMA send to 0 physically drained (sender side) bid=5 sid=0 iter=63 nElems=524288 at t=106256444
Node 2 chan 0: transfer complete from peer 1 dst=(1,2) totalBytes=2097152 at t=106332927
Node 1 chan 0: RDMA send to 2 physically drained (sender side) bid=6 sid=0 iter=63 nElems=524288 at t=106337064
Node 2 chan 1: transfer complete from peer 1 dst=(1,3) totalBytes=2097152 at t=106341899
Node 1 chan 1: RDMA send to 2 physically drained (sender side) bid=7 sid=0 iter=63 nElems=524288 at t=106345776
Node 2 chan 0: transfer complete from peer 3 dst=(1,6) totalBytes=2097152 at t=106351531
Node 3 chan 0: RDMA send to 2 physically drained (sender side) bid=9 sid=0 iter=63 nElems=524288 at t=106352939
Node 0 chan 0: transfer complete from peer 3 dst=(1,6) totalBytes=2097152 at t=106500264
Node 0 chan 1: transfer complete from peer 3 dst=(1,7) totalBytes=2097152 at t=106502924
Node 3 chan 0: RDMA send to 0 physically drained (sender side) bid=5 sid=0 iter=63 nElems=524288 at t=106504401
GPU 3 TB=8 sid=0 DISPATCHING RunStep t=106504401
GPU 3 TB=7 sid=0 DISPATCHING RunStep t=106504401
Node 3 chan 1: RDMA send to 1 totalBytes=2097152 over 1 lane(s) bid=8 sid=0 iter=63 part=0 rateGBps=0 at t=106504401
Node 3 chan 0: RDMA send to 1 totalBytes=2097152 over 1 lane(s) bid=7 sid=0 iter=63 part=0 rateGBps=0 at t=106504401
Node 3 chan 1: RDMA send to 0 physically drained (sender side) bid=6 sid=0 iter=63 nElems=524288 at t=106507065
Node 2 chan 0: transfer complete from peer 0 dst=(1,0) totalBytes=2097152 at t=106591731
Node 2 chan 1: transfer complete from peer 0 dst=(1,1) totalBytes=2097152 at t=106593391
Node 0 chan 0: RDMA send to 2 physically drained (sender side) bid=6 sid=0 iter=63 nElems=524288 at t=106595648
Node 0 chan 1: RDMA send to 2 physically drained (sender side) bid=7 sid=0 iter=63 nElems=524288 at t=106597644
Node 0 chan 1: transfer complete from peer 2 dst=(1,5) totalBytes=2097152 at t=106666368
Node 2 chan 1: RDMA send to 0 physically drained (sender side) bid=6 sid=0 iter=63 nElems=524288 at t=106669194
Node 0 chan 0: transfer complete from peer 2 dst=(1,4) totalBytes=2097152 at t=106680976
Node 2 chan 0: RDMA send to 0 physically drained (sender side) bid=5 sid=0 iter=63 nElems=524288 at t=106683802
Node 0 chan 0: transfer complete from peer 1 dst=(1,3) totalBytes=2097152 at t=106705544
Node 1 chan 0: RDMA send to 0 physically drained (sender side) bid=5 sid=0 iter=63 nElems=524288 at t=106706952
GPU 1 TB=9 sid=0 DISPATCHING RunStep t=106706952
GPU 1 TB=8 sid=0 DISPATCHING RunStep t=106706952
Node 1 chan 1: RDMA send to 3 totalBytes=2097152 over 1 lane(s) bid=9 sid=0 iter=63 part=0 rateGBps=0 at t=106706952
Node 1 chan 0: RDMA send to 3 totalBytes=2097152 over 1 lane(s) bid=8 sid=0 iter=63 part=0 rateGBps=0 at t=106706952
Node 2 chan 0: transfer complete from peer 3 dst=(1,7) totalBytes=2097152 at t=106786195
Node 3 chan 0: RDMA send to 2 physically drained (sender side) bid=9 sid=0 iter=63 nElems=524288 at t=106787615
Node 1 chan 1: transfer complete from peer 3 dst=(1,7) totalBytes=2097152 at t=106954870
Node 1 chan 0: transfer complete from peer 3 dst=(1,6) totalBytes=2097152 at t=106958531
Node 3 chan 1: RDMA send to 1 physically drained (sender side) bid=8 sid=0 iter=63 nElems=524288 at t=106958756
Node 3 chan 0: RDMA send to 1 physically drained (sender side) bid=7 sid=0 iter=63 nElems=524288 at t=106962744
Node 3 chan 0: transfer complete from peer 1 dst=(1,2) totalBytes=2097152 at t=107051720
Node 3 chan 1: transfer complete from peer 1 dst=(1,3) totalBytes=2097152 at t=107052052
Node 1 chan 0: RDMA send to 3 physically drained (sender side) bid=8 sid=0 iter=63 nElems=524288 at t=107054546
Node 1 chan 1: RDMA send to 3 physically drained (sender side) bid=9 sid=0 iter=63 nElems=524288 at t=107054878
