Algorithm XML: honoring 31 network dependence(s) and 4 epoch-pacing depid(s) over 58 send step(s); 0 remote gate(s) fed by 0 remote notification(s) (enforced only with HonorRemoteDeps).
Node 0 chan 0: RDMA send to 1 totalBytes=2097152 over 1 lane(s) bid=8 sid=0 iter=0 part=0 rateGBps=12.5 at t=0
Node 0 chan 0: RDMA send to 1 totalBytes=2097152 over 1 lane(s) bid=8 sid=0 iter=0 part=1 rateGBps=12.5 at t=0
Node 0 chan 0: RDMA send to 1 totalBytes=2097152 over 1 lane(s) bid=8 sid=0 iter=0 part=2 rateGBps=12.5 at t=0
Node 0 chan 0: RDMA send to 1 totalBytes=2097152 over 1 lane(s) bid=8 sid=0 iter=0 part=3 rateGBps=12.5 at t=0
Node 0 chan 0: RDMA send to 4 totalBytes=2097152 over 1 lane(s) bid=11 sid=0 iter=0 part=0 rateGBps=6.25 at t=0
Node 0 chan 0: RDMA send to 4 totalBytes=2097152 over 1 lane(s) bid=11 sid=0 iter=0 part=1 rateGBps=6.25 at t=0
Node 0 chan 0: RDMA send to 5 totalBytes=2097152 over 1 lane(s) bid=12 sid=0 iter=0 part=0 rateGBps=6.25 at t=0
Node 0 chan 0: RDMA send to 5 totalBytes=2097152 over 1 lane(s) bid=12 sid=0 iter=0 part=1 rateGBps=6.25 at t=0
Node 2 chan 0: RDMA send to 0 totalBytes=2097152 over 1 lane(s) bid=8 sid=0 iter=0 part=0 rateGBps=12.5 at t=0
Node 2 chan 0: RDMA send to 0 totalBytes=2097152 over 1 lane(s) bid=8 sid=0 iter=0 part=1 rateGBps=12.5 at t=0
Node 2 chan 0: RDMA send to 0 totalBytes=2097152 over 1 lane(s) bid=8 sid=0 iter=0 part=2 rateGBps=12.5 at t=0
Node 2 chan 0: RDMA send to 0 totalBytes=2097152 over 1 lane(s) bid=8 sid=0 iter=0 part=3 rateGBps=12.5 at t=0
Node 2 chan 0: RDMA send to 3 totalBytes=2097152 over 1 lane(s) bid=9 sid=0 iter=0 part=0 rateGBps=12.5 at t=0
Node 2 chan 0: RDMA send to 3 totalBytes=2097152 over 1 lane(s) bid=9 sid=0 iter=0 part=1 rateGBps=12.5 at t=0
Node 2 chan 0: RDMA send to 3 totalBytes=2097152 over 1 lane(s) bid=9 sid=0 iter=0 part=2 rateGBps=12.5 at t=0
Node 2 chan 0: RDMA send to 3 totalBytes=2097152 over 1 lane(s) bid=9 sid=0 iter=0 part=3 rateGBps=12.5 at t=0
Node 3 chan 0: RDMA send to 2 totalBytes=2097152 over 1 lane(s) bid=9 sid=0 iter=0 part=0 rateGBps=12.5 at t=0
Node 3 chan 0: RDMA send to 2 totalBytes=2097152 over 1 lane(s) bid=9 sid=0 iter=0 part=1 rateGBps=12.5 at t=0
Node 3 chan 0: RDMA send to 2 totalBytes=2097152 over 1 lane(s) bid=9 sid=0 iter=0 part=2 rateGBps=12.5 at t=0
Node 3 chan 0: RDMA send to 2 totalBytes=2097152 over 1 lane(s) bid=9 sid=0 iter=0 part=3 rateGBps=12.5 at t=0
Node 3 chan 0: RDMA send to 5 totalBytes=2097152 over 1 lane(s) bid=11 sid=0 iter=0 part=0 rateGBps=6.25 at t=0
Node 3 chan 0: RDMA send to 5 totalBytes=2097152 over 1 lane(s) bid=11 sid=0 iter=0 part=1 rateGBps=6.25 at t=0
Node 3 chan 0: RDMA send to 6 totalBytes=2097152 over 1 lane(s) bid=13 sid=0 iter=0 part=0 rateGBps=6.25 at t=0
Node 3 chan 0: RDMA send to 6 totalBytes=2097152 over 1 lane(s) bid=13 sid=0 iter=0 part=1 rateGBps=6.25 at t=0
Node 4 chan 0: RDMA send to 2 totalBytes=2097152 over 1 lane(s) bid=8 sid=0 iter=0 part=0 rateGBps=6.25 at t=0
Node 4 chan 0: RDMA send to 2 totalBytes=2097152 over 1 lane(s) bid=8 sid=0 iter=0 part=1 rateGBps=6.25 at t=0
Node 4 chan 1: RDMA send to 2 totalBytes=2097152 over 1 lane(s) bid=9 sid=0 iter=0 part=0 rateGBps=6.25 at t=0
Node 4 chan 1: RDMA send to 2 totalBytes=2097152 over 1 lane(s) bid=9 sid=0 iter=0 part=1 rateGBps=6.25 at t=0
Node 4 chan 0: RDMA send to 5 totalBytes=2097152 over 1 lane(s) bid=12 sid=0 iter=0 part=0 rateGBps=12.5 at t=0
Node 4 chan 0: RDMA send to 5 totalBytes=2097152 over 1 lane(s) bid=12 sid=0 iter=0 part=1 rateGBps=12.5 at t=0
Node 4 chan 0: RDMA send to 5 totalBytes=2097152 over 1 lane(s) bid=12 sid=0 iter=0 part=2 rateGBps=12.5 at t=0
Node 4 chan 0: RDMA send to 5 totalBytes=2097152 over 1 lane(s) bid=12 sid=0 iter=0 part=3 rateGBps=12.5 at t=0
Node 5 chan 0: RDMA send to 3 totalBytes=2097152 over 1 lane(s) bid=10 sid=0 iter=0 part=0 rateGBps=3.125 at t=0
Node 5 chan 1: RDMA send to 3 totalBytes=2097152 over 1 lane(s) bid=11 sid=0 iter=0 part=0 rateGBps=3.125 at t=0
Node 5 chan 0: RDMA send to 4 totalBytes=2097152 over 1 lane(s) bid=12 sid=0 iter=0 part=0 rateGBps=12.5 at t=0
Node 5 chan 0: RDMA send to 4 totalBytes=2097152 over 1 lane(s) bid=12 sid=0 iter=0 part=1 rateGBps=12.5 at t=0
Node 5 chan 0: RDMA send to 4 totalBytes=2097152 over 1 lane(s) bid=12 sid=0 iter=0 part=2 rateGBps=12.5 at t=0
Node 5 chan 0: RDMA send to 4 totalBytes=2097152 over 1 lane(s) bid=12 sid=0 iter=0 part=3 rateGBps=12.5 at t=0
Node 5 chan 0: RDMA send to 6 totalBytes=2097152 over 1 lane(s) bid=13 sid=0 iter=0 part=0 rateGBps=6.25 at t=0
Node 5 chan 0: RDMA send to 6 totalBytes=2097152 over 1 lane(s) bid=13 sid=0 iter=0 part=1 rateGBps=6.25 at t=0
Node 6 chan 0: RDMA send to 3 totalBytes=2097152 over 1 lane(s) bid=10 sid=0 iter=0 part=0 rateGBps=3.125 at t=0
Node 6 chan 1: RDMA send to 3 totalBytes=2097152 over 1 lane(s) bid=11 sid=0 iter=0 part=0 rateGBps=3.125 at t=0
Node 6 chan 0: RDMA send to 4 totalBytes=2097152 over 1 lane(s) bid=12 sid=0 iter=0 part=0 rateGBps=6.25 at t=0
Node 6 chan 0: RDMA send to 4 totalBytes=2097152 over 1 lane(s) bid=12 sid=0 iter=0 part=1 rateGBps=6.25 at t=0
Node 6 chan 0: RDMA send to 7 totalBytes=2097152 over 1 lane(s) bid=13 sid=0 iter=0 part=0 rateGBps=12.5 at t=0
Node 6 chan 0: RDMA send to 7 totalBytes=2097152 over 1 lane(s) bid=13 sid=0 iter=0 part=1 rateGBps=12.5 at t=0
Node 6 chan 0: RDMA send to 7 totalBytes=2097152 over 1 lane(s) bid=13 sid=0 iter=0 part=2 rateGBps=12.5 at t=0
Node 6 chan 0: RDMA send to 7 totalBytes=2097152 over 1 lane(s) bid=13 sid=0 iter=0 part=3 rateGBps=12.5 at t=0
Node 0 chan 0: RDMA send to 1 physically drained (sender side) bid=8 sid=0 iter=0 nElems=524288 at t=172788
Node 6 chan 0: RDMA send to 7 physically drained (sender side) bid=13 sid=0 iter=0 nElems=524288 at t=172788
Node 3 chan 0: RDMA send to 2 physically drained (sender side) bid=9 sid=0 iter=0 nElems=524288 at t=173046
Node 2 chan 0: RDMA send to 3 physically drained (sender side) bid=9 sid=0 iter=0 nElems=524288 at t=173046
Node 5 chan 0: RDMA send to 4 physically drained (sender side) bid=12 sid=0 iter=0 nElems=524288 at t=173046
Node 4 chan 0: RDMA send to 5 physically drained (sender side) bid=12 sid=0 iter=0 nElems=524288 at t=173046
Node 2 chan 0: RDMA send to 0 physically drained (sender side) bid=8 sid=0 iter=0 nElems=524288 at t=173700
Node 0 chan 0: RDMA send to 1 physically drained (sender side) bid=8 sid=0 iter=0 nElems=524288 at t=342772
Node 6 chan 0: RDMA send to 7 physically drained (sender side) bid=13 sid=0 iter=0 nElems=524288 at t=342772
Node 3 chan 0: RDMA send to 2 physically drained (sender side) bid=9 sid=0 iter=0 nElems=524288 at t=343030
Node 2 chan 0: RDMA send to 3 physically drained (sender side) bid=9 sid=0 iter=0 nElems=524288 at t=343030
Node 5 chan 0: RDMA send to 4 physically drained (sender side) bid=12 sid=0 iter=0 nElems=524288 at t=343030
Node 4 chan 0: RDMA send to 5 physically drained (sender side) bid=12 sid=0 iter=0 nElems=524288 at t=343030
Node 2 chan 0: RDMA send to 0 physically drained (sender side) bid=8 sid=0 iter=0 nElems=524288 at t=343944
Node 6 chan 0: RDMA send to 4 physically drained (sender side) bid=12 sid=0 iter=0 nElems=524288 at t=344860
Node 5 chan 0: RDMA send to 6 physically drained (sender side) bid=13 sid=0 iter=0 nElems=524288 at t=344976
Node 3 chan 0: RDMA send to 5 physically drained (sender side) bid=11 sid=0 iter=0 nElems=524288 at t=347592
Node 4 chan 0: RDMA send to 2 physically drained (sender side) bid=8 sid=0 iter=0 nElems=524288 at t=348192
Node 0 chan 0: RDMA send to 4 physically drained (sender side) bid=11 sid=0 iter=0 nElems=524288 at t=348524
Node 4 chan 1: RDMA send to 2 physically drained (sender side) bid=9 sid=0 iter=0 nElems=524288 at t=348528
Node 0 chan 0: RDMA send to 5 physically drained (sender side) bid=12 sid=0 iter=0 nElems=524288 at t=348528
Node 3 chan 0: RDMA send to 6 physically drained (sender side) bid=13 sid=0 iter=0 nElems=524288 at t=349256
Node 0 chan 0: RDMA send to 1 physically drained (sender side) bid=8 sid=0 iter=0 nElems=524288 at t=512756
Node 6 chan 0: RDMA send to 7 physically drained (sender side) bid=13 sid=0 iter=0 nElems=524288 at t=512756
Node 3 chan 0: RDMA send to 2 physically drained (sender side) bid=9 sid=0 iter=0 nElems=524288 at t=513014
Node 2 chan 0: RDMA send to 3 physically drained (sender side) bid=9 sid=0 iter=0 nElems=524288 at t=513014
Node 5 chan 0: RDMA send to 4 physically drained (sender side) bid=12 sid=0 iter=0 nElems=524288 at t=513014
Node 4 chan 0: RDMA send to 5 physically drained (sender side) bid=12 sid=0 iter=0 nElems=524288 at t=513014
Node 2 chan 0: RDMA send to 0 physically drained (sender side) bid=8 sid=0 iter=0 nElems=524288 at t=514180
Node 1 chan 1: RDMA send to 6 totalBytes=2097152 over 1 lane(s) bid=4 sid=0 iter=0 part=0 rateGBps=6.25 at t=681336
Node 1 chan 1: RDMA send to 6 totalBytes=2097152 over 1 lane(s) bid=4 sid=0 iter=0 part=1 rateGBps=6.25 at t=681336
Node 1 chan 0: RDMA send to 6 totalBytes=2097152 over 1 lane(s) bid=3 sid=0 iter=0 part=0 rateGBps=6.25 at t=681336
Node 1 chan 0: RDMA send to 6 totalBytes=2097152 over 1 lane(s) bid=3 sid=0 iter=0 part=1 rateGBps=6.25 at t=681336
Node 7 chan 0: RDMA send to 5 totalBytes=2097152 over 1 lane(s) bid=2 sid=0 iter=0 part=0 rateGBps=12.5 at t=681336
Node 7 chan 0: RDMA send to 5 totalBytes=2097152 over 1 lane(s) bid=2 sid=0 iter=0 part=1 rateGBps=12.5 at t=681336
Node 7 chan 0: RDMA send to 5 totalBytes=2097152 over 1 lane(s) bid=2 sid=0 iter=0 part=2 rateGBps=12.5 at t=681336
Node 7 chan 0: RDMA send to 5 totalBytes=2097152 over 1 lane(s) bid=2 sid=0 iter=0 part=3 rateGBps=12.5 at t=681336
Node 0 chan 0: RDMA send to 1 physically drained (sender side) bid=8 sid=0 iter=0 nElems=524288 at t=682740
Node 6 chan 0: RDMA send to 7 physically drained (sender side) bid=13 sid=0 iter=0 nElems=524288 at t=682740
Node 2 chan 0: RDMA send to 3 physically drained (sender side) bid=9 sid=0 iter=0 nElems=524288 at t=682740
Node 3 chan 0: RDMA send to 2 physically drained (sender side) bid=9 sid=0 iter=0 nElems=524288 at t=682740
Node 4 chan 0: RDMA send to 5 physically drained (sender side) bid=12 sid=0 iter=0 nElems=524288 at t=682740
Node 5 chan 0: RDMA send to 4 physically drained (sender side) bid=12 sid=0 iter=0 nElems=524288 at t=682740
Node 2 chan 0: RDMA send to 0 physically drained (sender side) bid=8 sid=0 iter=0 nElems=524288 at t=684416
Node 2 chan 1: RDMA send to 4 totalBytes=2097152 over 1 lane(s) bid=11 sid=0 iter=0 part=0 rateGBps=6.25 at t=684416
Node 2 chan 1: RDMA send to 4 totalBytes=2097152 over 1 lane(s) bid=11 sid=0 iter=0 part=1 rateGBps=6.25 at t=684416
Node 2 chan 0: RDMA send to 4 totalBytes=2097152 over 1 lane(s) bid=10 sid=0 iter=0 part=0 rateGBps=6.25 at t=684416
Node 2 chan 0: RDMA send to 4 totalBytes=2097152 over 1 lane(s) bid=10 sid=0 iter=0 part=1 rateGBps=6.25 at t=684416
Node 6 chan 0: RDMA send to 4 physically drained (sender side) bid=12 sid=0 iter=0 nElems=524288 at t=684844
Node 5 chan 0: RDMA send to 6 physically drained (sender side) bid=13 sid=0 iter=0 nElems=524288 at t=685080
Node 5 chan 0: RDMA send to 3 physically drained (sender side) bid=10 sid=0 iter=0 nElems=524288 at t=687408
Node 5 chan 1: RDMA send to 2 totalBytes=2097152 over 1 lane(s) bid=9 sid=0 iter=0 part=0 rateGBps=6.25 at t=687408
Node 5 chan 1: RDMA send to 2 totalBytes=2097152 over 1 lane(s) bid=9 sid=0 iter=0 part=1 rateGBps=6.25 at t=687408
Node 5 chan 0: RDMA send to 2 totalBytes=2097152 over 1 lane(s) bid=8 sid=0 iter=0 part=0 rateGBps=6.25 at t=687408
Node 5 chan 0: RDMA send to 2 totalBytes=2097152 over 1 lane(s) bid=8 sid=0 iter=0 part=1 rateGBps=6.25 at t=687408
Node 0 chan 0: RDMA send to 4 physically drained (sender side) bid=11 sid=0 iter=0 nElems=524288 at t=687556
Node 0 chan 0: RDMA send to 3 totalBytes=2097152 over 1 lane(s) bid=10 sid=0 iter=0 part=0 rateGBps=12.5 at t=687556
Node 0 chan 0: RDMA send to 3 totalBytes=2097152 over 1 lane(s) bid=10 sid=0 iter=0 part=1 rateGBps=12.5 at t=687556
Node 0 chan 0: RDMA send to 3 totalBytes=2097152 over 1 lane(s) bid=10 sid=0 iter=0 part=2 rateGBps=12.5 at t=687556
Node 0 chan 0: RDMA send to 3 totalBytes=2097152 over 1 lane(s) bid=10 sid=0 iter=0 part=3 rateGBps=12.5 at t=687556
Node 6 chan 1: RDMA send to 3 physically drained (sender side) bid=11 sid=0 iter=0 nElems=524288 at t=687832
Node 3 chan 0: RDMA send to 6 physically drained (sender side) bid=13 sid=0 iter=0 nElems=524288 at t=688320
Node 5 chan 1: RDMA send to 3 physically drained (sender side) bid=11 sid=0 iter=0 nElems=524288 at t=688408
Node 3 chan 0: RDMA send to 5 physically drained (sender side) bid=11 sid=0 iter=0 nElems=524288 at t=688560
Node 3 chan 0: RDMA send to 1 totalBytes=2097152 over 1 lane(s) bid=8 sid=0 iter=0 part=0 rateGBps=12.5 at t=688560
Node 3 chan 0: RDMA send to 1 totalBytes=2097152 over 1 lane(s) bid=8 sid=0 iter=0 part=1 rateGBps=12.5 at t=688560
Node 3 chan 0: RDMA send to 1 totalBytes=2097152 over 1 lane(s) bid=8 sid=0 iter=0 part=2 rateGBps=12.5 at t=688560
Node 3 chan 0: RDMA send to 1 totalBytes=2097152 over 1 lane(s) bid=8 sid=0 iter=0 part=3 rateGBps=12.5 at t=688560
Node 6 chan 0: RDMA send to 3 physically drained (sender side) bid=10 sid=0 iter=0 nElems=524288 at t=688832
Node 6 chan 1: RDMA send to 0 totalBytes=2097152 over 1 lane(s) bid=7 sid=0 iter=0 part=0 rateGBps=6.25 at t=688832
Node 6 chan 1: RDMA send to 0 totalBytes=2097152 over 1 lane(s) bid=7 sid=0 iter=0 part=1 rateGBps=6.25 at t=688832
Node 6 chan 0: RDMA send to 0 totalBytes=2097152 over 1 lane(s) bid=6 sid=0 iter=0 part=0 rateGBps=6.25 at t=688832
Node 6 chan 0: RDMA send to 0 totalBytes=2097152 over 1 lane(s) bid=6 sid=0 iter=0 part=1 rateGBps=6.25 at t=688832
Node 4 chan 0: RDMA send to 2 physically drained (sender side) bid=8 sid=0 iter=0 nElems=524288 at t=689216
Node 4 chan 0: RDMA send to 7 totalBytes=2097152 over 1 lane(s) bid=13 sid=0 iter=0 part=0 rateGBps=12.5 at t=689216
Node 4 chan 0: RDMA send to 7 totalBytes=2097152 over 1 lane(s) bid=13 sid=0 iter=0 part=1 rateGBps=12.5 at t=689216
Node 4 chan 0: RDMA send to 7 totalBytes=2097152 over 1 lane(s) bid=13 sid=0 iter=0 part=2 rateGBps=12.5 at t=689216
Node 4 chan 0: RDMA send to 7 totalBytes=2097152 over 1 lane(s) bid=13 sid=0 iter=0 part=3 rateGBps=12.5 at t=689216
Node 4 chan 1: RDMA send to 2 physically drained (sender side) bid=9 sid=0 iter=0 nElems=524288 at t=689552
Node 0 chan 0: RDMA send to 5 physically drained (sender side) bid=12 sid=0 iter=0 nElems=524288 at t=691548
Node 7 chan 0: RDMA send to 5 physically drained (sender side) bid=2 sid=0 iter=0 nElems=524288 at t=857236
Node 0 chan 0: RDMA send to 3 physically drained (sender side) bid=10 sid=0 iter=0 nElems=524288 at t=861488
Node 3 chan 0: RDMA send to 1 physically drained (sender side) bid=8 sid=0 iter=0 nElems=524288 at t=862184
Node 4 chan 0: RDMA send to 7 physically drained (sender side) bid=13 sid=0 iter=0 nElems=524288 at t=862780
Node 7 chan 0: RDMA send to 5 physically drained (sender side) bid=2 sid=0 iter=0 nElems=524288 at t=1027512
Node 1 chan 1: RDMA send to 6 physically drained (sender side) bid=4 sid=0 iter=0 nElems=524288 at t=1029108
Node 1 chan 0: RDMA send to 6 physically drained (sender side) bid=3 sid=0 iter=0 nElems=524288 at t=1029444
Node 0 chan 0: RDMA send to 3 physically drained (sender side) bid=10 sid=0 iter=0 nElems=524288 at t=1031764
Node 3 chan 0: RDMA send to 1 physically drained (sender side) bid=8 sid=0 iter=0 nElems=524288 at t=1032424
Node 2 chan 0: RDMA send to 4 physically drained (sender side) bid=10 sid=0 iter=0 nElems=524288 at t=1032432
Node 2 chan 1: RDMA send to 4 physically drained (sender side) bid=11 sid=0 iter=0 nElems=524288 at t=1032436
Node 4 chan 0: RDMA send to 7 physically drained (sender side) bid=13 sid=0 iter=0 nElems=524288 at t=1033020
Node 5 chan 1: RDMA send to 2 physically drained (sender side) bid=9 sid=0 iter=0 nElems=524288 at t=1034860
Node 5 chan 0: RDMA send to 2 physically drained (sender side) bid=8 sid=0 iter=0 nElems=524288 at t=1035528
Node 6 chan 1: RDMA send to 0 physically drained (sender side) bid=7 sid=0 iter=0 nElems=524288 at t=1036944
Node 6 chan 0: RDMA send to 0 physically drained (sender side) bid=6 sid=0 iter=0 nElems=524288 at t=1037280
Node 7 chan 0: RDMA send to 5 physically drained (sender side) bid=2 sid=0 iter=0 nElems=524288 at t=1197792
Node 0 chan 0: RDMA send to 3 physically drained (sender side) bid=10 sid=0 iter=0 nElems=524288 at t=1201692
Node 3 chan 0: RDMA send to 1 physically drained (sender side) bid=8 sid=0 iter=0 nElems=524288 at t=1202664
Node 4 chan 0: RDMA send to 7 physically drained (sender side) bid=13 sid=0 iter=0 nElems=524288 at t=1203592
Node 7 chan 0: RDMA send to 5 physically drained (sender side) bid=2 sid=0 iter=0 nElems=524288 at t=1368072
Node 1 chan 1: RDMA send to 6 physically drained (sender side) bid=4 sid=0 iter=0 nElems=524288 at t=1369592
Node 1 chan 0: RDMA send to 6 physically drained (sender side) bid=3 sid=0 iter=0 nElems=524288 at t=1370260
Node 1 chan 0: RDMA send to 0 totalBytes=2097152 over 1 lane(s) bid=2 sid=0 iter=0 part=0 rateGBps=12.5 at t=1371256
Node 1 chan 0: RDMA send to 0 totalBytes=2097152 over 1 lane(s) bid=2 sid=0 iter=0 part=1 rateGBps=12.5 at t=1371256
Node 1 chan 0: RDMA send to 0 totalBytes=2097152 over 1 lane(s) bid=2 sid=0 iter=0 part=2 rateGBps=12.5 at t=1371256
Node 1 chan 0: RDMA send to 0 totalBytes=2097152 over 1 lane(s) bid=2 sid=0 iter=0 part=3 rateGBps=12.5 at t=1371256
GPU 1: iteration barrier releasing 5 threadblock(s) at t=1371256
Node 0 chan 0: RDMA send to 3 physically drained (sender side) bid=10 sid=0 iter=0 nElems=524288 at t=1371932
Node 0 chan 0: RDMA send to 2 totalBytes=2097152 over 1 lane(s) bid=9 sid=0 iter=0 part=0 rateGBps=12.5 at t=1371932
Node 0 chan 0: RDMA send to 2 totalBytes=2097152 over 1 lane(s) bid=9 sid=0 iter=0 part=1 rateGBps=12.5 at t=1371932
Node 0 chan 0: RDMA send to 2 totalBytes=2097152 over 1 lane(s) bid=9 sid=0 iter=0 part=2 rateGBps=12.5 at t=1371932
Node 0 chan 0: RDMA send to 2 totalBytes=2097152 over 1 lane(s) bid=9 sid=0 iter=0 part=3 rateGBps=12.5 at t=1371932
Node 7 chan 0: RDMA send to 6 totalBytes=2097152 over 1 lane(s) bid=3 sid=0 iter=0 part=0 rateGBps=12.5 at t=1372056
Node 7 chan 0: RDMA send to 6 totalBytes=2097152 over 1 lane(s) bid=3 sid=0 iter=0 part=1 rateGBps=12.5 at t=1372056
Node 7 chan 0: RDMA send to 6 totalBytes=2097152 over 1 lane(s) bid=3 sid=0 iter=0 part=2 rateGBps=12.5 at t=1372056
Node 7 chan 0: RDMA send to 6 totalBytes=2097152 over 1 lane(s) bid=3 sid=0 iter=0 part=3 rateGBps=12.5 at t=1372056
GPU 7: iteration barrier releasing 4 threadblock(s) at t=1372056
Node 2 chan 0: RDMA send to 4 physically drained (sender side) bid=10 sid=0 iter=0 nElems=524288 at t=1372596
Node 2 chan 0: RDMA send to 6 totalBytes=2097152 over 1 lane(s) bid=13 sid=0 iter=0 part=0 rateGBps=6.25 at t=1372596
Node 2 chan 0: RDMA send to 6 totalBytes=2097152 over 1 lane(s) bid=13 sid=0 iter=0 part=1 rateGBps=6.25 at t=1372596
Node 2 chan 0: RDMA send to 5 totalBytes=2097152 over 1 lane(s) bid=12 sid=0 iter=0 part=0 rateGBps=6.25 at t=1372596
Node 2 chan 0: RDMA send to 5 totalBytes=2097152 over 1 lane(s) bid=12 sid=0 iter=0 part=1 rateGBps=6.25 at t=1372596
Node 2 chan 0: RDMA send to 5 totalBytes=2097152 over 1 lane(s) bid=12 sid=1 iter=0 part=0 rateGBps=6.25 at t=1372596
Node 2 chan 0: RDMA send to 5 totalBytes=2097152 over 1 lane(s) bid=12 sid=1 iter=0 part=1 rateGBps=6.25 at t=1372596
Node 2 chan 1: RDMA send to 4 physically drained (sender side) bid=11 sid=0 iter=0 nElems=524288 at t=1372600
Node 3 chan 0: RDMA send to 1 physically drained (sender side) bid=8 sid=0 iter=0 nElems=524288 at t=1372664
Node 3 chan 1: RDMA send to 5 totalBytes=2097152 over 1 lane(s) bid=12 sid=0 iter=0 part=0 rateGBps=6.25 at t=1372664
Node 3 chan 1: RDMA send to 5 totalBytes=2097152 over 1 lane(s) bid=12 sid=0 iter=0 part=1 rateGBps=6.25 at t=1372664
Node 3 chan 0: RDMA send to 4 totalBytes=2097152 over 1 lane(s) bid=10 sid=0 iter=0 part=0 rateGBps=6.25 at t=1372664
Node 3 chan 0: RDMA send to 4 totalBytes=2097152 over 1 lane(s) bid=10 sid=0 iter=0 part=1 rateGBps=6.25 at t=1372664
Node 4 chan 0: RDMA send to 7 physically drained (sender side) bid=13 sid=0 iter=0 nElems=524288 at t=1373464
Node 4 chan 1: RDMA send to 0 totalBytes=2097152 over 1 lane(s) bid=7 sid=0 iter=0 part=0 rateGBps=6.25 at t=1373464
Node 4 chan 1: RDMA send to 0 totalBytes=2097152 over 1 lane(s) bid=7 sid=0 iter=0 part=1 rateGBps=6.25 at t=1373464
Node 4 chan 0: RDMA send to 0 totalBytes=2097152 over 1 lane(s) bid=6 sid=0 iter=0 part=0 rateGBps=6.25 at t=1373464
Node 4 chan 0: RDMA send to 0 totalBytes=2097152 over 1 lane(s) bid=6 sid=0 iter=0 part=1 rateGBps=6.25 at t=1373464
Node 5 chan 1: RDMA send to 2 physically drained (sender side) bid=9 sid=0 iter=0 nElems=524288 at t=1375076
Node 5 chan 0: RDMA send to 2 physically drained (sender side) bid=8 sid=0 iter=0 nElems=524288 at t=1375408
Node 5 chan 0: RDMA send to 6 totalBytes=2097152 over 1 lane(s) bid=13 sid=1 iter=0 part=0 rateGBps=6.25 at t=1375408
Node 5 chan 0: RDMA send to 6 totalBytes=2097152 over 1 lane(s) bid=13 sid=1 iter=0 part=1 rateGBps=6.25 at t=1375408
Node 5 chan 1: RDMA send to 3 totalBytes=2097152 over 1 lane(s) bid=11 sid=1 iter=0 part=0 rateGBps=3.125 at t=1375408
Node 5 chan 0: RDMA send to 3 totalBytes=2097152 over 1 lane(s) bid=10 sid=1 iter=0 part=0 rateGBps=3.125 at t=1375408
Node 6 chan 1: RDMA send to 0 physically drained (sender side) bid=7 sid=0 iter=0 nElems=524288 at t=1377392
Node 6 chan 0: RDMA send to 0 physically drained (sender side) bid=6 sid=0 iter=0 nElems=524288 at t=1377396
Node 6 chan 0: RDMA send to 4 totalBytes=2097152 over 1 lane(s) bid=12 sid=1 iter=0 part=0 rateGBps=6.25 at t=1377396
Node 6 chan 0: RDMA send to 4 totalBytes=2097152 over 1 lane(s) bid=12 sid=1 iter=0 part=1 rateGBps=6.25 at t=1377396
Node 6 chan 1: RDMA send to 3 totalBytes=2097152 over 1 lane(s) bid=11 sid=1 iter=0 part=0 rateGBps=3.125 at t=1377396
Node 6 chan 0: RDMA send to 3 totalBytes=2097152 over 1 lane(s) bid=10 sid=1 iter=0 part=0 rateGBps=3.125 at t=1377396
Node 1 chan 0: RDMA send to 0 physically drained (sender side) bid=2 sid=0 iter=0 nElems=524288 at t=1544044
Node 7 chan 0: RDMA send to 6 physically drained (sender side) bid=3 sid=0 iter=0 nElems=524288 at t=1544844
Node 0 chan 0: RDMA send to 2 physically drained (sender side) bid=9 sid=0 iter=0 nElems=524288 at t=1545836
Node 1 chan 0: RDMA send to 0 physically drained (sender side) bid=2 sid=0 iter=0 nElems=524288 at t=1714028
Node 7 chan 0: RDMA send to 6 physically drained (sender side) bid=3 sid=0 iter=0 nElems=524288 at t=1714828
Node 0 chan 0: RDMA send to 2 physically drained (sender side) bid=9 sid=0 iter=0 nElems=524288 at t=1716076
Node 2 chan 0: RDMA send to 5 physically drained (sender side) bid=12 sid=0 iter=0 nElems=524288 at t=1720128
Node 2 chan 0: RDMA send to 6 physically drained (sender side) bid=13 sid=0 iter=0 nElems=524288 at t=1720132
Node 5 chan 0: RDMA send to 6 physically drained (sender side) bid=13 sid=1 iter=0 nElems=524288 at t=1720200
Node 3 chan 1: RDMA send to 5 physically drained (sender side) bid=12 sid=0 iter=0 nElems=524288 at t=1720724
Node 3 chan 0: RDMA send to 4 physically drained (sender side) bid=10 sid=0 iter=0 nElems=524288 at t=1721060
Node 4 chan 1: RDMA send to 0 physically drained (sender side) bid=7 sid=0 iter=0 nElems=524288 at t=1721604
Node 4 chan 0: RDMA send to 0 physically drained (sender side) bid=6 sid=0 iter=0 nElems=524288 at t=1721940
Node 6 chan 0: RDMA send to 4 physically drained (sender side) bid=12 sid=1 iter=0 nElems=524288 at t=1721988
Node 1 chan 0: RDMA send to 0 physically drained (sender side) bid=2 sid=0 iter=0 nElems=524288 at t=1884012
Node 7 chan 0: RDMA send to 6 physically drained (sender side) bid=3 sid=0 iter=0 nElems=524288 at t=1884812
Node 0 chan 0: RDMA send to 2 physically drained (sender side) bid=9 sid=0 iter=0 nElems=524288 at t=1886316
Node 1 chan 0: RDMA send to 0 physically drained (sender side) bid=2 sid=0 iter=0 nElems=524288 at t=2053996
Node 7 chan 0: RDMA send to 6 physically drained (sender side) bid=3 sid=0 iter=0 nElems=524288 at t=2054796
Node 0 chan 0: RDMA send to 2 physically drained (sender side) bid=9 sid=0 iter=0 nElems=524288 at t=2056556
Node 0 chan 0: RDMA send to 5 totalBytes=2097152 over 1 lane(s) bid=12 sid=1 iter=0 part=0 rateGBps=6.25 at t=2056556
Node 0 chan 0: RDMA send to 5 totalBytes=2097152 over 1 lane(s) bid=12 sid=1 iter=0 part=1 rateGBps=6.25 at t=2056556
Node 0 chan 0: RDMA send to 4 totalBytes=2097152 over 1 lane(s) bid=11 sid=1 iter=0 part=0 rateGBps=6.25 at t=2056556
Node 0 chan 0: RDMA send to 4 totalBytes=2097152 over 1 lane(s) bid=11 sid=1 iter=0 part=1 rateGBps=6.25 at t=2056556
Node 5 chan 0: RDMA send to 6 physically drained (sender side) bid=13 sid=1 iter=0 nElems=524288 at t=2060012
Node 2 chan 0: RDMA send to 5 physically drained (sender side) bid=12 sid=0 iter=0 nElems=524288 at t=2060172
Node 2 chan 0: RDMA send to 6 totalBytes=2097152 over 1 lane(s) bid=13 sid=1 iter=0 part=0 rateGBps=6.25 at t=2060172
Node 2 chan 0: RDMA send to 6 totalBytes=2097152 over 1 lane(s) bid=13 sid=1 iter=0 part=1 rateGBps=6.25 at t=2060172
Node 2 chan 0: RDMA send to 6 physically drained (sender side) bid=13 sid=0 iter=0 nElems=524288 at t=2060500
Node 3 chan 1: RDMA send to 5 physically drained (sender side) bid=12 sid=0 iter=0 nElems=524288 at t=2060540
Node 3 chan 0: RDMA send to 4 physically drained (sender side) bid=10 sid=0 iter=0 nElems=524288 at t=2060876
Node 6 chan 0: RDMA send to 4 physically drained (sender side) bid=12 sid=1 iter=0 nElems=524288 at t=2061492
Node 4 chan 1: RDMA send to 0 physically drained (sender side) bid=7 sid=0 iter=0 nElems=524288 at t=2061688
Node 4 chan 0: RDMA send to 0 physically drained (sender side) bid=6 sid=0 iter=0 nElems=524288 at t=2062352
Node 4 chan 1: RDMA send to 3 totalBytes=2097152 over 1 lane(s) bid=11 sid=0 iter=0 part=0 rateGBps=6.25 at t=2062352
Node 4 chan 1: RDMA send to 3 totalBytes=2097152 over 1 lane(s) bid=11 sid=0 iter=0 part=1 rateGBps=6.25 at t=2062352
Node 4 chan 0: RDMA send to 3 totalBytes=2097152 over 1 lane(s) bid=10 sid=0 iter=0 part=0 rateGBps=6.25 at t=2062352
Node 4 chan 0: RDMA send to 3 totalBytes=2097152 over 1 lane(s) bid=10 sid=0 iter=0 part=1 rateGBps=6.25 at t=2062352
Node 5 chan 1: RDMA send to 3 physically drained (sender side) bid=11 sid=1 iter=0 nElems=524288 at t=2063012
Node 5 chan 0: RDMA send to 3 physically drained (sender side) bid=10 sid=1 iter=0 nElems=524288 at t=2063352
Node 6 chan 1: RDMA send to 3 physically drained (sender side) bid=11 sid=1 iter=0 nElems=524288 at t=2064348
Node 6 chan 0: RDMA send to 3 physically drained (sender side) bid=10 sid=1 iter=0 nElems=524288 at t=2064356
Node 6 chan 0: RDMA send to 2 totalBytes=2097152 over 1 lane(s) bid=8 sid=0 iter=0 part=0 rateGBps=6.25 at t=2064356
Node 6 chan 0: RDMA send to 2 totalBytes=2097152 over 1 lane(s) bid=8 sid=0 iter=0 part=1 rateGBps=6.25 at t=2064356
Node 6 chan 1: RDMA send to 2 totalBytes=2097152 over 1 lane(s) bid=9 sid=0 iter=0 part=0 rateGBps=6.25 at t=2064356
Node 6 chan 1: RDMA send to 2 totalBytes=2097152 over 1 lane(s) bid=9 sid=0 iter=0 part=1 rateGBps=6.25 at t=2064356
Node 2 chan 0: RDMA send to 5 physically drained (sender side) bid=12 sid=1 iter=0 nElems=524288 at t=2400324
Node 0 chan 0: RDMA send to 5 physically drained (sender side) bid=12 sid=1 iter=0 nElems=524288 at t=2403652
Node 0 chan 0: RDMA send to 4 physically drained (sender side) bid=11 sid=1 iter=0 nElems=524288 at t=2403984
Node 2 chan 0: RDMA send to 6 physically drained (sender side) bid=13 sid=1 iter=0 nElems=524288 at t=2407972
Node 4 chan 1: RDMA send to 3 physically drained (sender side) bid=11 sid=0 iter=0 nElems=524288 at t=2409804
Node 4 chan 0: RDMA send to 3 physically drained (sender side) bid=10 sid=0 iter=0 nElems=524288 at t=2409812
Node 6 chan 0: RDMA send to 2 physically drained (sender side) bid=8 sid=0 iter=0 nElems=524288 at t=2411804
Node 6 chan 1: RDMA send to 2 physically drained (sender side) bid=9 sid=0 iter=0 nElems=524288 at t=2412468
Node 2 chan 0: RDMA send to 5 physically drained (sender side) bid=12 sid=1 iter=0 nElems=524288 at t=2740804
Node 5 chan 0: RDMA send to 0 totalBytes=2097152 over 1 lane(s) bid=6 sid=0 iter=0 part=0 rateGBps=6.25 at t=2741640
Node 5 chan 0: RDMA send to 0 totalBytes=2097152 over 1 lane(s) bid=6 sid=0 iter=0 part=1 rateGBps=6.25 at t=2741640
Node 5 chan 1: RDMA send to 0 totalBytes=2097152 over 1 lane(s) bid=7 sid=0 iter=0 part=0 rateGBps=6.25 at t=2741640
Node 5 chan 1: RDMA send to 0 totalBytes=2097152 over 1 lane(s) bid=7 sid=0 iter=0 part=1 rateGBps=6.25 at t=2741640
GPU 5: iteration barrier releasing 14 threadblock(s) at t=2741640
Node 5 chan 0: RDMA send to 3 totalBytes=2097152 over 1 lane(s) bid=10 sid=0 iter=1 part=0 rateGBps=3.125 at t=2741640
Node 5 chan 1: RDMA send to 3 totalBytes=2097152 over 1 lane(s) bid=11 sid=0 iter=1 part=0 rateGBps=3.125 at t=2741640
Node 5 chan 0: RDMA send to 4 totalBytes=2097152 over 1 lane(s) bid=12 sid=0 iter=1 part=0 rateGBps=12.5 at t=2741640
Node 5 chan 0: RDMA send to 4 totalBytes=2097152 over 1 lane(s) bid=12 sid=0 iter=1 part=1 rateGBps=12.5 at t=2741640
Node 5 chan 0: RDMA send to 4 totalBytes=2097152 over 1 lane(s) bid=12 sid=0 iter=1 part=2 rateGBps=12.5 at t=2741640
Node 5 chan 0: RDMA send to 4 totalBytes=2097152 over 1 lane(s) bid=12 sid=0 iter=1 part=3 rateGBps=12.5 at t=2741640
Node 5 chan 0: RDMA send to 6 totalBytes=2097152 over 1 lane(s) bid=13 sid=0 iter=1 part=0 rateGBps=6.25 at t=2741640
Node 5 chan 0: RDMA send to 6 totalBytes=2097152 over 1 lane(s) bid=13 sid=0 iter=1 part=1 rateGBps=6.25 at t=2741640
Node 0 chan 0: RDMA send to 4 physically drained (sender side) bid=11 sid=1 iter=0 nElems=524288 at t=2743800
Node 0 chan 0: RDMA send to 5 physically drained (sender side) bid=12 sid=1 iter=0 nElems=524288 at t=2744796
Node 2 chan 0: RDMA send to 6 physically drained (sender side) bid=13 sid=1 iter=0 nElems=524288 at t=2746788
Node 3 chan 0: RDMA send to 4 totalBytes=2097152 over 1 lane(s) bid=10 sid=1 iter=0 part=0 rateGBps=6.25 at t=2747452
Node 3 chan 0: RDMA send to 4 totalBytes=2097152 over 1 lane(s) bid=10 sid=1 iter=0 part=1 rateGBps=6.25 at t=2747452
Node 3 chan 0: RDMA send to 6 totalBytes=2097152 over 1 lane(s) bid=13 sid=1 iter=0 part=0 rateGBps=6.25 at t=2747452
Node 3 chan 0: RDMA send to 6 totalBytes=2097152 over 1 lane(s) bid=13 sid=1 iter=0 part=1 rateGBps=6.25 at t=2747452
GPU 3: iteration barrier releasing 14 threadblock(s) at t=2747784
Node 3 chan 0: RDMA send to 2 totalBytes=2097152 over 1 lane(s) bid=9 sid=0 iter=1 part=0 rateGBps=12.5 at t=2747784
Node 3 chan 0: RDMA send to 2 totalBytes=2097152 over 1 lane(s) bid=9 sid=0 iter=1 part=1 rateGBps=12.5 at t=2747784
Node 3 chan 0: RDMA send to 2 totalBytes=2097152 over 1 lane(s) bid=9 sid=0 iter=1 part=2 rateGBps=12.5 at t=2747784
Node 3 chan 0: RDMA send to 2 totalBytes=2097152 over 1 lane(s) bid=9 sid=0 iter=1 part=3 rateGBps=12.5 at t=2747784
Node 3 chan 0: RDMA send to 5 totalBytes=2097152 over 1 lane(s) bid=11 sid=0 iter=1 part=0 rateGBps=6.25 at t=2747784
Node 3 chan 0: RDMA send to 5 totalBytes=2097152 over 1 lane(s) bid=11 sid=0 iter=1 part=1 rateGBps=6.25 at t=2747784
Node 3 chan 0: RDMA send to 6 totalBytes=2097152 over 1 lane(s) bid=13 sid=0 iter=1 part=0 rateGBps=6.25 at t=2747784
Node 3 chan 0: RDMA send to 6 totalBytes=2097152 over 1 lane(s) bid=13 sid=0 iter=1 part=1 rateGBps=6.25 at t=2747784
GPU 2: iteration barrier releasing 14 threadblock(s) at t=2749776
Node 2 chan 0: RDMA send to 0 totalBytes=2097152 over 1 lane(s) bid=8 sid=0 iter=1 part=0 rateGBps=12.5 at t=2749776
Node 2 chan 0: RDMA send to 0 totalBytes=2097152 over 1 lane(s) bid=8 sid=0 iter=1 part=1 rateGBps=12.5 at t=2749776
Node 2 chan 0: RDMA send to 0 totalBytes=2097152 over 1 lane(s) bid=8 sid=0 iter=1 part=2 rateGBps=12.5 at t=2749776
Node 2 chan 0: RDMA send to 0 totalBytes=2097152 over 1 lane(s) bid=8 sid=0 iter=1 part=3 rateGBps=12.5 at t=2749776
Node 2 chan 0: RDMA send to 3 totalBytes=2097152 over 1 lane(s) bid=9 sid=0 iter=1 part=0 rateGBps=12.5 at t=2749776
Node 2 chan 0: RDMA send to 3 totalBytes=2097152 over 1 lane(s) bid=9 sid=0 iter=1 part=1 rateGBps=12.5 at t=2749776
Node 2 chan 0: RDMA send to 3 totalBytes=2097152 over 1 lane(s) bid=9 sid=0 iter=1 part=2 rateGBps=12.5 at t=2749776
Node 2 chan 0: RDMA send to 3 totalBytes=2097152 over 1 lane(s) bid=9 sid=0 iter=1 part=3 rateGBps=12.5 at t=2749776
Node 4 chan 0: RDMA send to 3 physically drained (sender side) bid=10 sid=0 iter=0 nElems=524288 at t=2750268
Node 4 chan 1: RDMA send to 3 physically drained (sender side) bid=11 sid=0 iter=0 nElems=524288 at t=2750604
Node 6 chan 0: RDMA send to 2 physically drained (sender side) bid=8 sid=0 iter=0 nElems=524288 at t=2751928
Node 6 chan 1: RDMA send to 2 physically drained (sender side) bid=9 sid=0 iter=0 nElems=524288 at t=2752592
Node 5 chan 0: RDMA send to 4 physically drained (sender side) bid=12 sid=0 iter=1 nElems=524288 at t=2914428
Node 3 chan 0: RDMA send to 2 physically drained (sender side) bid=9 sid=0 iter=1 nElems=524288 at t=2920830
Node 2 chan 0: RDMA send to 3 physically drained (sender side) bid=9 sid=0 iter=1 nElems=524288 at t=2922822
Node 2 chan 0: RDMA send to 0 physically drained (sender side) bid=8 sid=0 iter=1 nElems=524288 at t=3032132
Node 5 chan 0: RDMA send to 4 physically drained (sender side) bid=12 sid=0 iter=1 nElems=524288 at t=3084412
Node 3 chan 0: RDMA send to 2 physically drained (sender side) bid=9 sid=0 iter=1 nElems=524288 at t=3090814
Node 2 chan 0: RDMA send to 3 physically drained (sender side) bid=9 sid=0 iter=1 nElems=524288 at t=3092806
Node 5 chan 0: RDMA send to 4 physically drained (sender side) bid=12 sid=0 iter=1 nElems=524288 at t=3254396
Node 3 chan 0: RDMA send to 2 physically drained (sender side) bid=9 sid=0 iter=1 nElems=524288 at t=3260798
Node 2 chan 0: RDMA send to 3 physically drained (sender side) bid=9 sid=0 iter=1 nElems=524288 at t=3262790
Node 3 chan 0: RDMA send to 6 physically drained (sender side) bid=13 sid=1 iter=0 nElems=524288 at t=3264280
Node 3 chan 0: RDMA send to 4 physically drained (sender side) bid=10 sid=1 iter=0 nElems=524288 at t=3264284
Node 3 chan 0: RDMA send to 5 physically drained (sender side) bid=11 sid=0 iter=1 nElems=524288 at t=3264944
Node 2 chan 0: RDMA send to 0 physically drained (sender side) bid=8 sid=0 iter=1 nElems=524288 at t=3315328
Node 5 chan 0: RDMA send to 4 physically drained (sender side) bid=12 sid=0 iter=1 nElems=524288 at t=3424380
Node 3 chan 0: RDMA send to 2 physically drained (sender side) bid=9 sid=0 iter=1 nElems=524288 at t=3430782
Node 2 chan 0: RDMA send to 3 physically drained (sender side) bid=9 sid=0 iter=1 nElems=524288 at t=3432516
Node 5 chan 0: RDMA send to 6 physically drained (sender side) bid=13 sid=0 iter=1 nElems=524288 at t=3595452
Node 5 chan 1: RDMA send to 3 physically drained (sender side) bid=11 sid=0 iter=1 nElems=524288 at t=3598364
Node 5 chan 0: RDMA send to 3 physically drained (sender side) bid=10 sid=0 iter=1 nElems=524288 at t=3598380
Node 5 chan 1: RDMA send to 2 totalBytes=2097152 over 1 lane(s) bid=9 sid=0 iter=1 part=0 rateGBps=6.25 at t=3598380
Node 5 chan 1: RDMA send to 2 totalBytes=2097152 over 1 lane(s) bid=9 sid=0 iter=1 part=1 rateGBps=6.25 at t=3598380
Node 5 chan 0: RDMA send to 2 totalBytes=2097152 over 1 lane(s) bid=8 sid=0 iter=1 part=0 rateGBps=6.25 at t=3598380
Node 5 chan 0: RDMA send to 2 totalBytes=2097152 over 1 lane(s) bid=8 sid=0 iter=1 part=1 rateGBps=6.25 at t=3598380
Node 2 chan 0: RDMA send to 0 physically drained (sender side) bid=8 sid=0 iter=1 nElems=524288 at t=3598856
Node 5 chan 1: RDMA send to 0 physically drained (sender side) bid=7 sid=0 iter=0 nElems=524288 at t=3603356
Node 5 chan 0: RDMA send to 0 physically drained (sender side) bid=6 sid=0 iter=0 nElems=524288 at t=3603688
GPU 6: iteration barrier releasing 14 threadblock(s) at t=3771008
Node 6 chan 0: RDMA send to 3 totalBytes=2097152 over 1 lane(s) bid=10 sid=0 iter=1 part=0 rateGBps=3.125 at t=3771008
Node 6 chan 1: RDMA send to 3 totalBytes=2097152 over 1 lane(s) bid=11 sid=0 iter=1 part=0 rateGBps=3.125 at t=3771008
Node 6 chan 0: RDMA send to 4 totalBytes=2097152 over 1 lane(s) bid=12 sid=0 iter=1 part=0 rateGBps=6.25 at t=3771008
Node 6 chan 0: RDMA send to 4 totalBytes=2097152 over 1 lane(s) bid=12 sid=0 iter=1 part=1 rateGBps=6.25 at t=3771008
Node 6 chan 0: RDMA send to 7 totalBytes=2097152 over 1 lane(s) bid=13 sid=0 iter=1 part=0 rateGBps=12.5 at t=3771008
Node 6 chan 0: RDMA send to 7 totalBytes=2097152 over 1 lane(s) bid=13 sid=0 iter=1 part=1 rateGBps=12.5 at t=3771008
Node 6 chan 0: RDMA send to 7 totalBytes=2097152 over 1 lane(s) bid=13 sid=0 iter=1 part=2 rateGBps=12.5 at t=3771008
Node 6 chan 0: RDMA send to 7 totalBytes=2097152 over 1 lane(s) bid=13 sid=0 iter=1 part=3 rateGBps=12.5 at t=3771008
GPU 4: iteration barrier releasing 14 threadblock(s) at t=3771340
Node 4 chan 0: RDMA send to 2 totalBytes=2097152 over 1 lane(s) bid=8 sid=0 iter=1 part=0 rateGBps=6.25 at t=3771340
Node 4 chan 0: RDMA send to 2 totalBytes=2097152 over 1 lane(s) bid=8 sid=0 iter=1 part=1 rateGBps=6.25 at t=3771340
Node 4 chan 1: RDMA send to 2 totalBytes=2097152 over 1 lane(s) bid=9 sid=0 iter=1 part=0 rateGBps=6.25 at t=3771340
Node 4 chan 1: RDMA send to 2 totalBytes=2097152 over 1 lane(s) bid=9 sid=0 iter=1 part=1 rateGBps=6.25 at t=3771340
Node 4 chan 0: RDMA send to 5 totalBytes=2097152 over 1 lane(s) bid=12 sid=0 iter=1 part=0 rateGBps=12.5 at t=3771340
Node 4 chan 0: RDMA send to 5 totalBytes=2097152 over 1 lane(s) bid=12 sid=0 iter=1 part=1 rateGBps=12.5 at t=3771340
Node 4 chan 0: RDMA send to 5 totalBytes=2097152 over 1 lane(s) bid=12 sid=0 iter=1 part=2 rateGBps=12.5 at t=3771340
Node 4 chan 0: RDMA send to 5 totalBytes=2097152 over 1 lane(s) bid=12 sid=0 iter=1 part=3 rateGBps=12.5 at t=3771340
Node 3 chan 0: RDMA send to 6 physically drained (sender side) bid=13 sid=1 iter=0 nElems=524288 at t=3774160
Node 3 chan 0: RDMA send to 4 physically drained (sender side) bid=10 sid=1 iter=0 nElems=524288 at t=3774496
Node 3 chan 0: RDMA send to 5 physically drained (sender side) bid=11 sid=0 iter=1 nElems=524288 at t=3775160
Node 3 chan 0: RDMA send to 1 totalBytes=2097152 over 1 lane(s) bid=8 sid=0 iter=1 part=0 rateGBps=12.5 at t=3775160
Node 3 chan 0: RDMA send to 1 totalBytes=2097152 over 1 lane(s) bid=8 sid=0 iter=1 part=1 rateGBps=12.5 at t=3775160
Node 3 chan 0: RDMA send to 1 totalBytes=2097152 over 1 lane(s) bid=8 sid=0 iter=1 part=2 rateGBps=12.5 at t=3775160
Node 3 chan 0: RDMA send to 1 totalBytes=2097152 over 1 lane(s) bid=8 sid=0 iter=1 part=3 rateGBps=12.5 at t=3775160
Node 2 chan 0: RDMA send to 0 physically drained (sender side) bid=8 sid=0 iter=1 nElems=524288 at t=3880852
Node 2 chan 1: RDMA send to 4 totalBytes=2097152 over 1 lane(s) bid=11 sid=0 iter=1 part=0 rateGBps=6.25 at t=3880852
Node 2 chan 1: RDMA send to 4 totalBytes=2097152 over 1 lane(s) bid=11 sid=0 iter=1 part=1 rateGBps=6.25 at t=3880852
Node 2 chan 0: RDMA send to 4 totalBytes=2097152 over 1 lane(s) bid=10 sid=0 iter=1 part=0 rateGBps=6.25 at t=3880852
Node 2 chan 0: RDMA send to 4 totalBytes=2097152 over 1 lane(s) bid=10 sid=0 iter=1 part=1 rateGBps=6.25 at t=3880852
Node 6 chan 0: RDMA send to 7 physically drained (sender side) bid=13 sid=0 iter=1 nElems=524288 at t=3943796
Node 4 chan 0: RDMA send to 5 physically drained (sender side) bid=12 sid=0 iter=1 nElems=524288 at t=3944128
Node 6 chan 0: RDMA send to 7 physically drained (sender side) bid=13 sid=0 iter=1 nElems=524288 at t=4113780
Node 4 chan 0: RDMA send to 5 physically drained (sender side) bid=12 sid=0 iter=1 nElems=524288 at t=4114112
Node 3 chan 0: RDMA send to 6 physically drained (sender side) bid=13 sid=0 iter=1 nElems=524288 at t=4114116
Node 3 chan 0: RDMA send to 1 physically drained (sender side) bid=8 sid=0 iter=1 nElems=524288 at t=4118444
Node 6 chan 0: RDMA send to 7 physically drained (sender side) bid=13 sid=0 iter=1 nElems=524288 at t=4283764
Node 4 chan 0: RDMA send to 5 physically drained (sender side) bid=12 sid=0 iter=1 nElems=524288 at t=4284096
Node 6 chan 0: RDMA send to 4 physically drained (sender side) bid=12 sid=0 iter=1 nElems=524288 at t=4316576
Node 4 chan 0: RDMA send to 2 physically drained (sender side) bid=8 sid=0 iter=1 nElems=524288 at t=4327016
Node 4 chan 1: RDMA send to 2 physically drained (sender side) bid=9 sid=0 iter=1 nElems=524288 at t=4330344
Node 2 chan 1: RDMA send to 4 physically drained (sender side) bid=11 sid=0 iter=1 nElems=524288 at t=4351560
Node 2 chan 0: RDMA send to 4 physically drained (sender side) bid=10 sid=0 iter=1 nElems=524288 at t=4352892
Node 5 chan 0: RDMA send to 6 physically drained (sender side) bid=13 sid=0 iter=1 nElems=524288 at t=4441064
GPU 0: iteration barrier releasing 13 threadblock(s) at t=4442156
Node 0 chan 0: RDMA send to 1 totalBytes=2097152 over 1 lane(s) bid=8 sid=0 iter=1 part=0 rateGBps=12.5 at t=4442156
Node 0 chan 0: RDMA send to 1 totalBytes=2097152 over 1 lane(s) bid=8 sid=0 iter=1 part=1 rateGBps=12.5 at t=4442156
Node 0 chan 0: RDMA send to 1 totalBytes=2097152 over 1 lane(s) bid=8 sid=0 iter=1 part=2 rateGBps=12.5 at t=4442156
Node 0 chan 0: RDMA send to 1 totalBytes=2097152 over 1 lane(s) bid=8 sid=0 iter=1 part=3 rateGBps=12.5 at t=4442156
Node 0 chan 0: RDMA send to 4 totalBytes=2097152 over 1 lane(s) bid=11 sid=0 iter=1 part=0 rateGBps=6.25 at t=4442156
Node 0 chan 0: RDMA send to 4 totalBytes=2097152 over 1 lane(s) bid=11 sid=0 iter=1 part=1 rateGBps=6.25 at t=4442156
Node 0 chan 0: RDMA send to 5 totalBytes=2097152 over 1 lane(s) bid=12 sid=0 iter=1 part=0 rateGBps=6.25 at t=4442156
Node 0 chan 0: RDMA send to 5 totalBytes=2097152 over 1 lane(s) bid=12 sid=0 iter=1 part=1 rateGBps=6.25 at t=4442156
Node 5 chan 1: RDMA send to 0 physically drained (sender side) bid=7 sid=0 iter=0 nElems=524288 at t=4443132
Node 5 chan 0: RDMA send to 0 physically drained (sender side) bid=6 sid=0 iter=0 nElems=524288 at t=4445152
Node 7 chan 0: RDMA send to 5 totalBytes=2097152 over 1 lane(s) bid=2 sid=0 iter=1 part=0 rateGBps=12.5 at t=4452344
Node 7 chan 0: RDMA send to 5 totalBytes=2097152 over 1 lane(s) bid=2 sid=0 iter=1 part=1 rateGBps=12.5 at t=4452344
Node 7 chan 0: RDMA send to 5 totalBytes=2097152 over 1 lane(s) bid=2 sid=0 iter=1 part=2 rateGBps=12.5 at t=4452344
Node 7 chan 0: RDMA send to 5 totalBytes=2097152 over 1 lane(s) bid=2 sid=0 iter=1 part=3 rateGBps=12.5 at t=4452344
Node 6 chan 0: RDMA send to 7 physically drained (sender side) bid=13 sid=0 iter=1 nElems=524288 at t=4453748
Node 4 chan 0: RDMA send to 5 physically drained (sender side) bid=12 sid=0 iter=1 nElems=524288 at t=4454080
Node 3 chan 0: RDMA send to 1 physically drained (sender side) bid=8 sid=0 iter=1 nElems=524288 at t=4454120
Node 3 chan 0: RDMA send to 6 physically drained (sender side) bid=13 sid=0 iter=1 nElems=524288 at t=4455768
Node 6 chan 0: RDMA send to 3 physically drained (sender side) bid=10 sid=0 iter=1 nElems=524288 at t=4457460
Node 6 chan 1: RDMA send to 0 totalBytes=2097152 over 1 lane(s) bid=7 sid=0 iter=1 part=0 rateGBps=6.25 at t=4457460
Node 6 chan 1: RDMA send to 0 totalBytes=2097152 over 1 lane(s) bid=7 sid=0 iter=1 part=1 rateGBps=6.25 at t=4457460
Node 6 chan 0: RDMA send to 0 totalBytes=2097152 over 1 lane(s) bid=6 sid=0 iter=1 part=0 rateGBps=6.25 at t=4457460
Node 6 chan 0: RDMA send to 0 totalBytes=2097152 over 1 lane(s) bid=6 sid=0 iter=1 part=1 rateGBps=6.25 at t=4457460
Node 6 chan 1: RDMA send to 3 physically drained (sender side) bid=11 sid=0 iter=1 nElems=524288 at t=4459788
Node 5 chan 0: RDMA send to 2 physically drained (sender side) bid=8 sid=0 iter=1 nElems=524288 at t=4478712
Node 5 chan 1: RDMA send to 2 physically drained (sender side) bid=9 sid=0 iter=1 nElems=524288 at t=4479712
Node 0 chan 0: RDMA send to 1 physically drained (sender side) bid=8 sid=0 iter=1 nElems=524288 at t=4614944
Node 3 chan 0: RDMA send to 1 physically drained (sender side) bid=8 sid=0 iter=1 nElems=524288 at t=4624084
Node 0 chan 0: RDMA send to 1 physically drained (sender side) bid=8 sid=0 iter=1 nElems=524288 at t=4784928
Node 7 chan 0: RDMA send to 5 physically drained (sender side) bid=2 sid=0 iter=1 nElems=524288 at t=4789820
Node 3 chan 0: RDMA send to 1 physically drained (sender side) bid=8 sid=0 iter=1 nElems=524288 at t=4794068
Node 3 chan 1: RDMA send to 5 totalBytes=2097152 over 1 lane(s) bid=12 sid=0 iter=1 part=0 rateGBps=6.25 at t=4794068
Node 3 chan 1: RDMA send to 5 totalBytes=2097152 over 1 lane(s) bid=12 sid=0 iter=1 part=1 rateGBps=6.25 at t=4794068
Node 3 chan 0: RDMA send to 4 totalBytes=2097152 over 1 lane(s) bid=10 sid=0 iter=1 part=0 rateGBps=6.25 at t=4794068
Node 3 chan 0: RDMA send to 4 totalBytes=2097152 over 1 lane(s) bid=10 sid=0 iter=1 part=1 rateGBps=6.25 at t=4794068
Node 0 chan 0: RDMA send to 5 physically drained (sender side) bid=12 sid=0 iter=1 nElems=524288 at t=4797788
Node 6 chan 1: RDMA send to 0 physically drained (sender side) bid=7 sid=0 iter=1 nElems=524288 at t=4875360
Node 6 chan 0: RDMA send to 0 physically drained (sender side) bid=6 sid=0 iter=1 nElems=524288 at t=4876500
Node 2 chan 0: RDMA send to 4 physically drained (sender side) bid=10 sid=0 iter=1 nElems=524288 at t=4944800
Node 2 chan 0: RDMA send to 6 totalBytes=2097152 over 1 lane(s) bid=13 sid=0 iter=1 part=0 rateGBps=6.25 at t=4944800
Node 2 chan 0: RDMA send to 6 totalBytes=2097152 over 1 lane(s) bid=13 sid=0 iter=1 part=1 rateGBps=6.25 at t=4944800
Node 2 chan 0: RDMA send to 5 totalBytes=2097152 over 1 lane(s) bid=12 sid=0 iter=1 part=0 rateGBps=6.25 at t=4944800
Node 2 chan 0: RDMA send to 5 totalBytes=2097152 over 1 lane(s) bid=12 sid=0 iter=1 part=1 rateGBps=6.25 at t=4944800
Node 2 chan 0: RDMA send to 5 totalBytes=2097152 over 1 lane(s) bid=12 sid=1 iter=1 part=0 rateGBps=6.25 at t=4944800
Node 2 chan 0: RDMA send to 5 totalBytes=2097152 over 1 lane(s) bid=12 sid=1 iter=1 part=1 rateGBps=6.25 at t=4944800
Node 0 chan 0: RDMA send to 1 physically drained (sender side) bid=8 sid=0 iter=1 nElems=524288 at t=4954912
Node 2 chan 1: RDMA send to 4 physically drained (sender side) bid=11 sid=0 iter=1 nElems=524288 at t=4965732
Node 4 chan 0: RDMA send to 2 physically drained (sender side) bid=8 sid=0 iter=1 nElems=524288 at t=4967780
Node 4 chan 0: RDMA send to 7 totalBytes=2097152 over 1 lane(s) bid=13 sid=0 iter=1 part=0 rateGBps=12.5 at t=4967780
Node 4 chan 0: RDMA send to 7 totalBytes=2097152 over 1 lane(s) bid=13 sid=0 iter=1 part=1 rateGBps=12.5 at t=4967780
Node 4 chan 0: RDMA send to 7 totalBytes=2097152 over 1 lane(s) bid=13 sid=0 iter=1 part=2 rateGBps=12.5 at t=4967780
Node 4 chan 0: RDMA send to 7 totalBytes=2097152 over 1 lane(s) bid=13 sid=0 iter=1 part=3 rateGBps=12.5 at t=4967780
Node 4 chan 1: RDMA send to 2 physically drained (sender side) bid=9 sid=0 iter=1 nElems=524288 at t=4980420
Node 5 chan 0: RDMA send to 2 physically drained (sender side) bid=8 sid=0 iter=1 nElems=524288 at t=5069944
Node 5 chan 0: RDMA send to 6 totalBytes=2097152 over 1 lane(s) bid=13 sid=1 iter=1 part=0 rateGBps=6.25 at t=5069944
Node 5 chan 0: RDMA send to 6 totalBytes=2097152 over 1 lane(s) bid=13 sid=1 iter=1 part=1 rateGBps=6.25 at t=5069944
Node 5 chan 1: RDMA send to 3 totalBytes=2097152 over 1 lane(s) bid=11 sid=1 iter=1 part=0 rateGBps=3.125 at t=5069944
Node 5 chan 0: RDMA send to 3 totalBytes=2097152 over 1 lane(s) bid=10 sid=1 iter=1 part=0 rateGBps=3.125 at t=5069944
Node 5 chan 1: RDMA send to 2 physically drained (sender side) bid=9 sid=0 iter=1 nElems=524288 at t=5070948
Node 0 chan 0: RDMA send to 4 physically drained (sender side) bid=11 sid=0 iter=1 nElems=524288 at t=5078868
Node 1 chan 1: RDMA send to 6 totalBytes=2097152 over 1 lane(s) bid=4 sid=0 iter=1 part=0 rateGBps=6.25 at t=5123492
Node 1 chan 1: RDMA send to 6 totalBytes=2097152 over 1 lane(s) bid=4 sid=0 iter=1 part=1 rateGBps=6.25 at t=5123492
Node 1 chan 0: RDMA send to 6 totalBytes=2097152 over 1 lane(s) bid=3 sid=0 iter=1 part=0 rateGBps=6.25 at t=5123492
Node 1 chan 0: RDMA send to 6 totalBytes=2097152 over 1 lane(s) bid=3 sid=0 iter=1 part=1 rateGBps=6.25 at t=5123492
Node 0 chan 0: RDMA send to 1 physically drained (sender side) bid=8 sid=0 iter=1 nElems=524288 at t=5124896
Node 4 chan 0: RDMA send to 7 physically drained (sender side) bid=13 sid=0 iter=1 nElems=524288 at t=5141352
Node 6 chan 0: RDMA send to 4 physically drained (sender side) bid=12 sid=0 iter=1 nElems=524288 at t=5149836
Node 6 chan 1: RDMA send to 0 physically drained (sender side) bid=7 sid=0 iter=1 nElems=524288 at t=5271864
Node 6 chan 0: RDMA send to 0 physically drained (sender side) bid=6 sid=0 iter=1 nElems=524288 at t=5272532
Node 6 chan 0: RDMA send to 4 totalBytes=2097152 over 1 lane(s) bid=12 sid=1 iter=1 part=0 rateGBps=6.25 at t=5272532
Node 6 chan 0: RDMA send to 4 totalBytes=2097152 over 1 lane(s) bid=12 sid=1 iter=1 part=1 rateGBps=6.25 at t=5272532
Node 6 chan 1: RDMA send to 3 totalBytes=2097152 over 1 lane(s) bid=11 sid=1 iter=1 part=0 rateGBps=3.125 at t=5272532
Node 6 chan 0: RDMA send to 3 totalBytes=2097152 over 1 lane(s) bid=10 sid=1 iter=1 part=0 rateGBps=3.125 at t=5272532
Node 4 chan 0: RDMA send to 7 physically drained (sender side) bid=13 sid=0 iter=1 nElems=524288 at t=5311512
Node 3 chan 0: RDMA send to 4 physically drained (sender side) bid=10 sid=0 iter=1 nElems=524288 at t=5387312
Node 7 chan 0: RDMA send to 5 physically drained (sender side) bid=2 sid=0 iter=1 nElems=524288 at t=5395148
Node 0 chan 0: RDMA send to 5 physically drained (sender side) bid=12 sid=0 iter=1 nElems=524288 at t=5410064
Node 3 chan 1: RDMA send to 5 physically drained (sender side) bid=12 sid=0 iter=1 nElems=524288 at t=5420888
Node 2 chan 0: RDMA send to 6 physically drained (sender side) bid=13 sid=0 iter=1 nElems=524288 at t=5458540
Node 4 chan 0: RDMA send to 7 physically drained (sender side) bid=13 sid=0 iter=1 nElems=524288 at t=5481752
Node 0 chan 0: RDMA send to 4 physically drained (sender side) bid=11 sid=0 iter=1 nElems=524288 at t=5644404
Node 0 chan 0: RDMA send to 3 totalBytes=2097152 over 1 lane(s) bid=10 sid=0 iter=1 part=0 rateGBps=12.5 at t=5644404
Node 0 chan 0: RDMA send to 3 totalBytes=2097152 over 1 lane(s) bid=10 sid=0 iter=1 part=1 rateGBps=12.5 at t=5644404
Node 0 chan 0: RDMA send to 3 totalBytes=2097152 over 1 lane(s) bid=10 sid=0 iter=1 part=2 rateGBps=12.5 at t=5644404
Node 0 chan 0: RDMA send to 3 totalBytes=2097152 over 1 lane(s) bid=10 sid=0 iter=1 part=3 rateGBps=12.5 at t=5644404
Node 4 chan 0: RDMA send to 7 physically drained (sender side) bid=13 sid=0 iter=1 nElems=524288 at t=5651992
Node 4 chan 1: RDMA send to 0 totalBytes=2097152 over 1 lane(s) bid=7 sid=0 iter=1 part=0 rateGBps=6.25 at t=5651992
Node 4 chan 1: RDMA send to 0 totalBytes=2097152 over 1 lane(s) bid=7 sid=0 iter=1 part=1 rateGBps=6.25 at t=5651992
Node 4 chan 0: RDMA send to 0 totalBytes=2097152 over 1 lane(s) bid=6 sid=0 iter=1 part=0 rateGBps=6.25 at t=5651992
Node 4 chan 0: RDMA send to 0 totalBytes=2097152 over 1 lane(s) bid=6 sid=0 iter=1 part=1 rateGBps=6.25 at t=5651992
Node 6 chan 0: RDMA send to 4 physically drained (sender side) bid=12 sid=1 iter=1 nElems=524288 at t=5657556
Node 2 chan 0: RDMA send to 5 physically drained (sender side) bid=12 sid=0 iter=1 nElems=524288 at t=5675332
Node 5 chan 0: RDMA send to 6 physically drained (sender side) bid=13 sid=1 iter=1 nElems=524288 at t=5697172
Node 1 chan 1: RDMA send to 6 physically drained (sender side) bid=4 sid=0 iter=1 nElems=524288 at t=5765544
Node 5 chan 0: RDMA send to 3 physically drained (sender side) bid=10 sid=1 iter=1 nElems=524288 at t=5792564
Node 5 chan 1: RDMA send to 3 physically drained (sender side) bid=11 sid=1 iter=1 nElems=524288 at t=5792568
Node 3 chan 1: RDMA send to 5 physically drained (sender side) bid=12 sid=0 iter=1 nElems=524288 at t=5850096
Node 3 chan 0: RDMA send to 4 physically drained (sender side) bid=10 sid=0 iter=1 nElems=524288 at t=5851428
Node 7 chan 0: RDMA send to 5 physically drained (sender side) bid=2 sid=0 iter=1 nElems=524288 at t=5887648
Node 1 chan 0: RDMA send to 6 physically drained (sender side) bid=3 sid=0 iter=1 nElems=524288 at t=5926088
Node 6 chan 1: RDMA send to 3 physically drained (sender side) bid=11 sid=1 iter=1 nElems=524288 at t=5970116
Node 6 chan 0: RDMA send to 3 physically drained (sender side) bid=10 sid=1 iter=1 nElems=524288 at t=5970784
Node 6 chan 0: RDMA send to 2 totalBytes=2097152 over 1 lane(s) bid=8 sid=0 iter=1 part=0 rateGBps=6.25 at t=5970784
Node 6 chan 0: RDMA send to 2 totalBytes=2097152 over 1 lane(s) bid=8 sid=0 iter=1 part=1 rateGBps=6.25 at t=5970784
Node 6 chan 1: RDMA send to 2 totalBytes=2097152 over 1 lane(s) bid=9 sid=0 iter=1 part=0 rateGBps=6.25 at t=5970784
Node 6 chan 1: RDMA send to 2 totalBytes=2097152 over 1 lane(s) bid=9 sid=0 iter=1 part=1 rateGBps=6.25 at t=5970784
Node 4 chan 0: RDMA send to 0 physically drained (sender side) bid=6 sid=0 iter=1 nElems=524288 at t=5999578
Node 4 chan 1: RDMA send to 0 physically drained (sender side) bid=7 sid=0 iter=1 nElems=524288 at t=5999660
Node 6 chan 0: RDMA send to 4 physically drained (sender side) bid=12 sid=1 iter=1 nElems=524288 at t=6005360
Node 0 chan 0: RDMA send to 3 physically drained (sender side) bid=10 sid=0 iter=1 nElems=524288 at t=6027144
Node 2 chan 0: RDMA send to 6 physically drained (sender side) bid=13 sid=0 iter=1 nElems=524288 at t=6056692
Node 2 chan 0: RDMA send to 5 physically drained (sender side) bid=12 sid=0 iter=1 nElems=524288 at t=6081284
Node 2 chan 0: RDMA send to 6 totalBytes=2097152 over 1 lane(s) bid=13 sid=1 iter=1 part=0 rateGBps=6.25 at t=6081284
Node 2 chan 0: RDMA send to 6 totalBytes=2097152 over 1 lane(s) bid=13 sid=1 iter=1 part=1 rateGBps=6.25 at t=6081284
Node 0 chan 0: RDMA send to 3 physically drained (sender side) bid=10 sid=0 iter=1 nElems=524288 at t=6197420
Node 7 chan 0: RDMA send to 5 physically drained (sender side) bid=2 sid=0 iter=1 nElems=524288 at t=6229428
Node 7 chan 0: RDMA send to 6 totalBytes=2097152 over 1 lane(s) bid=3 sid=0 iter=1 part=0 rateGBps=12.5 at t=6229428
Node 7 chan 0: RDMA send to 6 totalBytes=2097152 over 1 lane(s) bid=3 sid=0 iter=1 part=1 rateGBps=12.5 at t=6229428
Node 7 chan 0: RDMA send to 6 totalBytes=2097152 over 1 lane(s) bid=3 sid=0 iter=1 part=2 rateGBps=12.5 at t=6229428
Node 7 chan 0: RDMA send to 6 totalBytes=2097152 over 1 lane(s) bid=3 sid=0 iter=1 part=3 rateGBps=12.5 at t=6229428
GPU 7: iteration barrier releasing 4 threadblock(s) at t=6229428
Node 6 chan 1: RDMA send to 2 physically drained (sender side) bid=9 sid=0 iter=1 nElems=524288 at t=6328548
Node 6 chan 0: RDMA send to 2 physically drained (sender side) bid=8 sid=0 iter=1 nElems=524288 at t=6329548
Node 4 chan 1: RDMA send to 0 physically drained (sender side) bid=7 sid=0 iter=1 nElems=524288 at t=6339890
Node 4 chan 0: RDMA send to 0 physically drained (sender side) bid=6 sid=0 iter=1 nElems=524288 at t=6340226
Node 4 chan 1: RDMA send to 3 totalBytes=2097152 over 1 lane(s) bid=11 sid=0 iter=1 part=0 rateGBps=6.25 at t=6340226
Node 4 chan 1: RDMA send to 3 totalBytes=2097152 over 1 lane(s) bid=11 sid=0 iter=1 part=1 rateGBps=6.25 at t=6340226
Node 4 chan 0: RDMA send to 3 totalBytes=2097152 over 1 lane(s) bid=10 sid=0 iter=1 part=0 rateGBps=6.25 at t=6340226
Node 4 chan 0: RDMA send to 3 totalBytes=2097152 over 1 lane(s) bid=10 sid=0 iter=1 part=1 rateGBps=6.25 at t=6340226
Node 1 chan 1: RDMA send to 6 physically drained (sender side) bid=4 sid=0 iter=1 nElems=524288 at t=6362642
Node 7 chan 0: RDMA send to 6 physically drained (sender side) bid=3 sid=0 iter=1 nElems=524288 at t=6402216
Node 0 chan 0: RDMA send to 3 physically drained (sender side) bid=10 sid=0 iter=1 nElems=524288 at t=6409600
Node 2 chan 0: RDMA send to 5 physically drained (sender side) bid=12 sid=1 iter=1 nElems=524288 at t=6413052
Node 1 chan 0: RDMA send to 6 physically drained (sender side) bid=3 sid=0 iter=1 nElems=524288 at t=6488226
Node 1 chan 0: RDMA send to 0 totalBytes=2097152 over 1 lane(s) bid=2 sid=0 iter=1 part=0 rateGBps=12.5 at t=6488226
Node 1 chan 0: RDMA send to 0 totalBytes=2097152 over 1 lane(s) bid=2 sid=0 iter=1 part=1 rateGBps=12.5 at t=6488226
Node 1 chan 0: RDMA send to 0 totalBytes=2097152 over 1 lane(s) bid=2 sid=0 iter=1 part=2 rateGBps=12.5 at t=6488226
Node 1 chan 0: RDMA send to 0 totalBytes=2097152 over 1 lane(s) bid=2 sid=0 iter=1 part=3 rateGBps=12.5 at t=6488226
GPU 1: iteration barrier releasing 5 threadblock(s) at t=6488226
Node 5 chan 0: RDMA send to 6 physically drained (sender side) bid=13 sid=1 iter=1 nElems=524288 at t=6499902
Node 7 chan 0: RDMA send to 6 physically drained (sender side) bid=3 sid=0 iter=1 nElems=524288 at t=6572200
Node 2 chan 0: RDMA send to 6 physically drained (sender side) bid=13 sid=1 iter=1 nElems=524288 at t=6590310
Node 1 chan 0: RDMA send to 0 physically drained (sender side) bid=2 sid=0 iter=1 nElems=524288 at t=6661014
Node 6 chan 1: RDMA send to 2 physically drained (sender side) bid=9 sid=0 iter=1 nElems=524288 at t=6670554
Node 6 chan 0: RDMA send to 2 physically drained (sender side) bid=8 sid=0 iter=1 nElems=524288 at t=6670562
Node 7 chan 0: RDMA send to 6 physically drained (sender side) bid=3 sid=0 iter=1 nElems=524288 at t=6742184
Node 2 chan 0: RDMA send to 5 physically drained (sender side) bid=12 sid=1 iter=1 nElems=524288 at t=6753108
Node 4 chan 1: RDMA send to 3 physically drained (sender side) bid=11 sid=0 iter=1 nElems=524288 at t=6818040
Node 4 chan 0: RDMA send to 3 physically drained (sender side) bid=10 sid=0 iter=1 nElems=524288 at t=6823636
Node 1 chan 0: RDMA send to 0 physically drained (sender side) bid=2 sid=0 iter=1 nElems=524288 at t=6830998
Node 7 chan 0: RDMA send to 6 physically drained (sender side) bid=3 sid=0 iter=1 nElems=524288 at t=6912168
Node 2 chan 0: RDMA send to 6 physically drained (sender side) bid=13 sid=1 iter=1 nElems=524288 at t=6928054
Node 1 chan 0: RDMA send to 0 physically drained (sender side) bid=2 sid=0 iter=1 nElems=524288 at t=7000982
Node 0 chan 0: RDMA send to 3 physically drained (sender side) bid=10 sid=0 iter=1 nElems=524288 at t=7041064
Node 0 chan 0: RDMA send to 2 totalBytes=2097152 over 1 lane(s) bid=9 sid=0 iter=1 part=0 rateGBps=12.5 at t=7041064
Node 0 chan 0: RDMA send to 2 totalBytes=2097152 over 1 lane(s) bid=9 sid=0 iter=1 part=1 rateGBps=12.5 at t=7041064
Node 0 chan 0: RDMA send to 2 totalBytes=2097152 over 1 lane(s) bid=9 sid=0 iter=1 part=2 rateGBps=12.5 at t=7041064
Node 0 chan 0: RDMA send to 2 totalBytes=2097152 over 1 lane(s) bid=9 sid=0 iter=1 part=3 rateGBps=12.5 at t=7041064
Node 1 chan 0: RDMA send to 0 physically drained (sender side) bid=2 sid=0 iter=1 nElems=524288 at t=7170966
Node 0 chan 0: RDMA send to 2 physically drained (sender side) bid=9 sid=0 iter=1 nElems=524288 at t=7214188
Node 3 chan 0: RDMA send to 4 totalBytes=2097152 over 1 lane(s) bid=10 sid=1 iter=1 part=0 rateGBps=6.25 at t=7215616
Node 3 chan 0: RDMA send to 4 totalBytes=2097152 over 1 lane(s) bid=10 sid=1 iter=1 part=1 rateGBps=6.25 at t=7215616
Node 3 chan 0: RDMA send to 6 totalBytes=2097152 over 1 lane(s) bid=13 sid=1 iter=1 part=0 rateGBps=6.25 at t=7215616
Node 3 chan 0: RDMA send to 6 totalBytes=2097152 over 1 lane(s) bid=13 sid=1 iter=1 part=1 rateGBps=6.25 at t=7215616
GPU 3: iteration barrier releasing 14 threadblock(s) at t=7215616
Node 3 chan 0: RDMA send to 2 totalBytes=2097152 over 1 lane(s) bid=9 sid=0 iter=2 part=0 rateGBps=12.5 at t=7215616
Node 3 chan 0: RDMA send to 2 totalBytes=2097152 over 1 lane(s) bid=9 sid=0 iter=2 part=1 rateGBps=12.5 at t=7215616
Node 3 chan 0: RDMA send to 2 totalBytes=2097152 over 1 lane(s) bid=9 sid=0 iter=2 part=2 rateGBps=12.5 at t=7215616
Node 3 chan 0: RDMA send to 2 totalBytes=2097152 over 1 lane(s) bid=9 sid=0 iter=2 part=3 rateGBps=12.5 at t=7215616
Node 3 chan 0: RDMA send to 5 totalBytes=2097152 over 1 lane(s) bid=11 sid=0 iter=2 part=0 rateGBps=6.25 at t=7215616
Node 3 chan 0: RDMA send to 5 totalBytes=2097152 over 1 lane(s) bid=11 sid=0 iter=2 part=1 rateGBps=6.25 at t=7215616
Node 3 chan 0: RDMA send to 6 totalBytes=2097152 over 1 lane(s) bid=13 sid=0 iter=2 part=0 rateGBps=6.25 at t=7215616
Node 3 chan 0: RDMA send to 6 totalBytes=2097152 over 1 lane(s) bid=13 sid=0 iter=2 part=1 rateGBps=6.25 at t=7215616
Node 4 chan 1: RDMA send to 3 physically drained (sender side) bid=11 sid=0 iter=1 nElems=524288 at t=7217436
Node 4 chan 0: RDMA send to 3 physically drained (sender side) bid=10 sid=0 iter=1 nElems=524288 at t=7218432
Node 0 chan 0: RDMA send to 2 physically drained (sender side) bid=9 sid=0 iter=1 nElems=524288 at t=7384172
Node 3 chan 0: RDMA send to 2 physically drained (sender side) bid=9 sid=0 iter=2 nElems=524288 at t=7388404
Node 0 chan 0: RDMA send to 2 physically drained (sender side) bid=9 sid=0 iter=1 nElems=524288 at t=7554156
Node 3 chan 0: RDMA send to 2 physically drained (sender side) bid=9 sid=0 iter=2 nElems=524288 at t=7558388
GPU 2: iteration barrier releasing 14 threadblock(s) at t=7722732
Node 2 chan 0: RDMA send to 0 totalBytes=2097152 over 1 lane(s) bid=8 sid=0 iter=2 part=0 rateGBps=12.5 at t=7722732
Node 2 chan 0: RDMA send to 0 totalBytes=2097152 over 1 lane(s) bid=8 sid=0 iter=2 part=1 rateGBps=12.5 at t=7722732
Node 2 chan 0: RDMA send to 0 totalBytes=2097152 over 1 lane(s) bid=8 sid=0 iter=2 part=2 rateGBps=12.5 at t=7722732
Node 2 chan 0: RDMA send to 0 totalBytes=2097152 over 1 lane(s) bid=8 sid=0 iter=2 part=3 rateGBps=12.5 at t=7722732
Node 2 chan 0: RDMA send to 3 totalBytes=2097152 over 1 lane(s) bid=9 sid=0 iter=2 part=0 rateGBps=12.5 at t=7722732
Node 2 chan 0: RDMA send to 3 totalBytes=2097152 over 1 lane(s) bid=9 sid=0 iter=2 part=1 rateGBps=12.5 at t=7722732
Node 2 chan 0: RDMA send to 3 totalBytes=2097152 over 1 lane(s) bid=9 sid=0 iter=2 part=2 rateGBps=12.5 at t=7722732
Node 2 chan 0: RDMA send to 3 totalBytes=2097152 over 1 lane(s) bid=9 sid=0 iter=2 part=3 rateGBps=12.5 at t=7722732
Node 0 chan 0: RDMA send to 2 physically drained (sender side) bid=9 sid=0 iter=1 nElems=524288 at t=7724140
Node 0 chan 0: RDMA send to 5 totalBytes=2097152 over 1 lane(s) bid=12 sid=1 iter=1 part=0 rateGBps=6.25 at t=7724140
Node 0 chan 0: RDMA send to 5 totalBytes=2097152 over 1 lane(s) bid=12 sid=1 iter=1 part=1 rateGBps=6.25 at t=7724140
Node 0 chan 0: RDMA send to 4 totalBytes=2097152 over 1 lane(s) bid=11 sid=1 iter=1 part=0 rateGBps=6.25 at t=7724140
Node 0 chan 0: RDMA send to 4 totalBytes=2097152 over 1 lane(s) bid=11 sid=1 iter=1 part=1 rateGBps=6.25 at t=7724140
Node 3 chan 0: RDMA send to 2 physically drained (sender side) bid=9 sid=0 iter=2 nElems=524288 at t=7728450
Node 3 chan 0: RDMA send to 6 physically drained (sender side) bid=13 sid=1 iter=1 nElems=524288 at t=7732080
Node 3 chan 0: RDMA send to 5 physically drained (sender side) bid=11 sid=0 iter=2 nElems=524288 at t=7732084
Node 3 chan 0: RDMA send to 4 physically drained (sender side) bid=10 sid=1 iter=1 nElems=524288 at t=7732516
Node 2 chan 0: RDMA send to 3 physically drained (sender side) bid=9 sid=0 iter=2 nElems=524288 at t=7895626
Node 2 chan 0: RDMA send to 0 physically drained (sender side) bid=8 sid=0 iter=2 nElems=524288 at t=7896200
Node 3 chan 0: RDMA send to 2 physically drained (sender side) bid=9 sid=0 iter=2 nElems=524288 at t=7898434
Node 2 chan 0: RDMA send to 3 physically drained (sender side) bid=9 sid=0 iter=2 nElems=524288 at t=8065504
Node 2 chan 0: RDMA send to 0 physically drained (sender side) bid=8 sid=0 iter=2 nElems=524288 at t=8066516
Node 0 chan 0: RDMA send to 5 physically drained (sender side) bid=12 sid=1 iter=1 nElems=524288 at t=8070552
Node 0 chan 0: RDMA send to 4 physically drained (sender side) bid=11 sid=1 iter=1 nElems=524288 at t=8189904
GPU 6: iteration barrier releasing 14 threadblock(s) at t=8226040
Node 6 chan 0: RDMA send to 3 totalBytes=2097152 over 1 lane(s) bid=10 sid=0 iter=2 part=0 rateGBps=3.125 at t=8226040
Node 6 chan 1: RDMA send to 3 totalBytes=2097152 over 1 lane(s) bid=11 sid=0 iter=2 part=0 rateGBps=3.125 at t=8226040
Node 6 chan 0: RDMA send to 4 totalBytes=2097152 over 1 lane(s) bid=12 sid=0 iter=2 part=0 rateGBps=6.25 at t=8226040
Node 6 chan 0: RDMA send to 4 totalBytes=2097152 over 1 lane(s) bid=12 sid=0 iter=2 part=1 rateGBps=6.25 at t=8226040
Node 6 chan 0: RDMA send to 7 totalBytes=2097152 over 1 lane(s) bid=13 sid=0 iter=2 part=0 rateGBps=12.5 at t=8226040
Node 6 chan 0: RDMA send to 7 totalBytes=2097152 over 1 lane(s) bid=13 sid=0 iter=2 part=1 rateGBps=12.5 at t=8226040
Node 6 chan 0: RDMA send to 7 totalBytes=2097152 over 1 lane(s) bid=13 sid=0 iter=2 part=2 rateGBps=12.5 at t=8226040
Node 6 chan 0: RDMA send to 7 totalBytes=2097152 over 1 lane(s) bid=13 sid=0 iter=2 part=3 rateGBps=12.5 at t=8226040
Node 3 chan 0: RDMA send to 6 physically drained (sender side) bid=13 sid=1 iter=1 nElems=524288 at t=8228856
Node 2 chan 0: RDMA send to 3 physically drained (sender side) bid=9 sid=0 iter=2 nElems=524288 at t=8235488
Node 2 chan 0: RDMA send to 0 physically drained (sender side) bid=8 sid=0 iter=2 nElems=524288 at t=8236524
Node 3 chan 0: RDMA send to 5 physically drained (sender side) bid=11 sid=0 iter=2 nElems=524288 at t=8267716
Node 3 chan 0: RDMA send to 1 totalBytes=2097152 over 1 lane(s) bid=8 sid=0 iter=2 part=0 rateGBps=12.5 at t=8267716
Node 3 chan 0: RDMA send to 1 totalBytes=2097152 over 1 lane(s) bid=8 sid=0 iter=2 part=1 rateGBps=12.5 at t=8267716
Node 3 chan 0: RDMA send to 1 totalBytes=2097152 over 1 lane(s) bid=8 sid=0 iter=2 part=2 rateGBps=12.5 at t=8267716
Node 3 chan 0: RDMA send to 1 totalBytes=2097152 over 1 lane(s) bid=8 sid=0 iter=2 part=3 rateGBps=12.5 at t=8267716
Node 3 chan 0: RDMA send to 4 physically drained (sender side) bid=10 sid=1 iter=1 nElems=524288 at t=8276984
Node 6 chan 0: RDMA send to 7 physically drained (sender side) bid=13 sid=0 iter=2 nElems=524288 at t=8398828
Node 2 chan 0: RDMA send to 3 physically drained (sender side) bid=9 sid=0 iter=2 nElems=524288 at t=8405472
Node 2 chan 0: RDMA send to 0 physically drained (sender side) bid=8 sid=0 iter=2 nElems=524288 at t=8406772
Node 2 chan 1: RDMA send to 4 totalBytes=2097152 over 1 lane(s) bid=11 sid=0 iter=2 part=0 rateGBps=6.25 at t=8406772
Node 2 chan 1: RDMA send to 4 totalBytes=2097152 over 1 lane(s) bid=11 sid=0 iter=2 part=1 rateGBps=6.25 at t=8406772
Node 2 chan 0: RDMA send to 4 totalBytes=2097152 over 1 lane(s) bid=10 sid=0 iter=2 part=0 rateGBps=6.25 at t=8406772
Node 2 chan 0: RDMA send to 4 totalBytes=2097152 over 1 lane(s) bid=10 sid=0 iter=2 part=1 rateGBps=6.25 at t=8406772
Node 5 chan 0: RDMA send to 0 totalBytes=2097152 over 1 lane(s) bid=6 sid=0 iter=1 part=0 rateGBps=6.25 at t=8408768
Node 5 chan 0: RDMA send to 0 totalBytes=2097152 over 1 lane(s) bid=6 sid=0 iter=1 part=1 rateGBps=6.25 at t=8408768
Node 5 chan 1: RDMA send to 0 totalBytes=2097152 over 1 lane(s) bid=7 sid=0 iter=1 part=0 rateGBps=6.25 at t=8408768
Node 5 chan 1: RDMA send to 0 totalBytes=2097152 over 1 lane(s) bid=7 sid=0 iter=1 part=1 rateGBps=6.25 at t=8408768
GPU 5: iteration barrier releasing 14 threadblock(s) at t=8408768
Node 5 chan 0: RDMA send to 3 totalBytes=2097152 over 1 lane(s) bid=10 sid=0 iter=2 part=0 rateGBps=3.125 at t=8408768
Node 5 chan 1: RDMA send to 3 totalBytes=2097152 over 1 lane(s) bid=11 sid=0 iter=2 part=0 rateGBps=3.125 at t=8408768
Node 5 chan 0: RDMA send to 4 totalBytes=2097152 over 1 lane(s) bid=12 sid=0 iter=2 part=0 rateGBps=12.5 at t=8408768
Node 5 chan 0: RDMA send to 4 totalBytes=2097152 over 1 lane(s) bid=12 sid=0 iter=2 part=1 rateGBps=12.5 at t=8408768
Node 5 chan 0: RDMA send to 4 totalBytes=2097152 over 1 lane(s) bid=12 sid=0 iter=2 part=2 rateGBps=12.5 at t=8408768
Node 5 chan 0: RDMA send to 4 totalBytes=2097152 over 1 lane(s) bid=12 sid=0 iter=2 part=3 rateGBps=12.5 at t=8408768
Node 5 chan 0: RDMA send to 6 totalBytes=2097152 over 1 lane(s) bid=13 sid=0 iter=2 part=0 rateGBps=6.25 at t=8408768
Node 5 chan 0: RDMA send to 6 totalBytes=2097152 over 1 lane(s) bid=13 sid=0 iter=2 part=1 rateGBps=6.25 at t=8408768
Node 0 chan 0: RDMA send to 5 physically drained (sender side) bid=12 sid=1 iter=1 nElems=524288 at t=8411584
Node 6 chan 0: RDMA send to 7 physically drained (sender side) bid=13 sid=0 iter=2 nElems=524288 at t=8568812
Node 3 chan 0: RDMA send to 6 physically drained (sender side) bid=13 sid=0 iter=2 nElems=524288 at t=8573764
Node 5 chan 0: RDMA send to 4 physically drained (sender side) bid=12 sid=0 iter=2 nElems=524288 at t=8581556
Node 3 chan 0: RDMA send to 1 physically drained (sender side) bid=8 sid=0 iter=2 nElems=524288 at t=8610860
GPU 4: iteration barrier releasing 14 threadblock(s) at t=8657308
Node 4 chan 0: RDMA send to 2 totalBytes=2097152 over 1 lane(s) bid=8 sid=0 iter=2 part=0 rateGBps=6.25 at t=8657308
Node 4 chan 0: RDMA send to 2 totalBytes=2097152 over 1 lane(s) bid=8 sid=0 iter=2 part=1 rateGBps=6.25 at t=8657308
Node 4 chan 1: RDMA send to 2 totalBytes=2097152 over 1 lane(s) bid=9 sid=0 iter=2 part=0 rateGBps=6.25 at t=8657308
Node 4 chan 1: RDMA send to 2 totalBytes=2097152 over 1 lane(s) bid=9 sid=0 iter=2 part=1 rateGBps=6.25 at t=8657308
Node 4 chan 0: RDMA send to 5 totalBytes=2097152 over 1 lane(s) bid=12 sid=0 iter=2 part=0 rateGBps=12.5 at t=8657308
Node 4 chan 0: RDMA send to 5 totalBytes=2097152 over 1 lane(s) bid=12 sid=0 iter=2 part=1 rateGBps=12.5 at t=8657308
Node 4 chan 0: RDMA send to 5 totalBytes=2097152 over 1 lane(s) bid=12 sid=0 iter=2 part=2 rateGBps=12.5 at t=8657308
Node 4 chan 0: RDMA send to 5 totalBytes=2097152 over 1 lane(s) bid=12 sid=0 iter=2 part=3 rateGBps=12.5 at t=8657308
Node 0 chan 0: RDMA send to 4 physically drained (sender side) bid=11 sid=1 iter=1 nElems=524288 at t=8660584
Node 6 chan 0: RDMA send to 7 physically drained (sender side) bid=13 sid=0 iter=2 nElems=524288 at t=8738796
Node 5 chan 0: RDMA send to 4 physically drained (sender side) bid=12 sid=0 iter=2 nElems=524288 at t=8751670
Node 6 chan 0: RDMA send to 4 physically drained (sender side) bid=12 sid=0 iter=2 nElems=524288 at t=8809308
Node 4 chan 0: RDMA send to 5 physically drained (sender side) bid=12 sid=0 iter=2 nElems=524288 at t=8830150
Node 7 chan 0: RDMA send to 5 totalBytes=2097152 over 1 lane(s) bid=2 sid=0 iter=2 part=0 rateGBps=12.5 at t=8907376
Node 7 chan 0: RDMA send to 5 totalBytes=2097152 over 1 lane(s) bid=2 sid=0 iter=2 part=1 rateGBps=12.5 at t=8907376
Node 7 chan 0: RDMA send to 5 totalBytes=2097152 over 1 lane(s) bid=2 sid=0 iter=2 part=2 rateGBps=12.5 at t=8907376
Node 7 chan 0: RDMA send to 5 totalBytes=2097152 over 1 lane(s) bid=2 sid=0 iter=2 part=3 rateGBps=12.5 at t=8907376
Node 6 chan 0: RDMA send to 7 physically drained (sender side) bid=13 sid=0 iter=2 nElems=524288 at t=8908780
Node 3 chan 0: RDMA send to 6 physically drained (sender side) bid=13 sid=0 iter=2 nElems=524288 at t=8913452
Node 5 chan 0: RDMA send to 4 physically drained (sender side) bid=12 sid=0 iter=2 nElems=524288 at t=8921654
Node 3 chan 0: RDMA send to 1 physically drained (sender side) bid=8 sid=0 iter=2 nElems=524288 at t=8930400
Node 6 chan 1: RDMA send to 3 physically drained (sender side) bid=11 sid=0 iter=2 nElems=524288 at t=8931324
Node 6 chan 0: RDMA send to 3 physically drained (sender side) bid=10 sid=0 iter=2 nElems=524288 at t=8931776
Node 6 chan 1: RDMA send to 0 totalBytes=2097152 over 1 lane(s) bid=7 sid=0 iter=2 part=0 rateGBps=6.25 at t=8931776
Node 6 chan 1: RDMA send to 0 totalBytes=2097152 over 1 lane(s) bid=7 sid=0 iter=2 part=1 rateGBps=6.25 at t=8931776
Node 6 chan 0: RDMA send to 0 totalBytes=2097152 over 1 lane(s) bid=6 sid=0 iter=2 part=0 rateGBps=6.25 at t=8931776
Node 6 chan 0: RDMA send to 0 totalBytes=2097152 over 1 lane(s) bid=6 sid=0 iter=2 part=1 rateGBps=6.25 at t=8931776
Node 2 chan 1: RDMA send to 4 physically drained (sender side) bid=11 sid=0 iter=2 nElems=524288 at t=8945824
Node 2 chan 0: RDMA send to 4 physically drained (sender side) bid=10 sid=0 iter=2 nElems=524288 at t=8946492
Node 4 chan 0: RDMA send to 5 physically drained (sender side) bid=12 sid=0 iter=2 nElems=524288 at t=9000134
Node 7 chan 0: RDMA send to 5 physically drained (sender side) bid=2 sid=0 iter=2 nElems=524288 at t=9081072
Node 5 chan 0: RDMA send to 4 physically drained (sender side) bid=12 sid=0 iter=2 nElems=524288 at t=9091638
Node 3 chan 0: RDMA send to 1 physically drained (sender side) bid=8 sid=0 iter=2 nElems=524288 at t=9100408
Node 4 chan 0: RDMA send to 2 physically drained (sender side) bid=8 sid=0 iter=2 nElems=524288 at t=9120364
Node 4 chan 1: RDMA send to 2 physically drained (sender side) bid=9 sid=0 iter=2 nElems=524288 at t=9121364
Node 4 chan 0: RDMA send to 5 physically drained (sender side) bid=12 sid=0 iter=2 nElems=524288 at t=9170064
Node 7 chan 0: RDMA send to 5 physically drained (sender side) bid=2 sid=0 iter=2 nElems=524288 at t=9251312
Node 5 chan 0: RDMA send to 6 physically drained (sender side) bid=13 sid=0 iter=2 nElems=524288 at t=9262552
Node 3 chan 0: RDMA send to 1 physically drained (sender side) bid=8 sid=0 iter=2 nElems=524288 at t=9270496
Node 3 chan 1: RDMA send to 5 totalBytes=2097152 over 1 lane(s) bid=12 sid=0 iter=2 part=0 rateGBps=6.25 at t=9270496
Node 3 chan 1: RDMA send to 5 totalBytes=2097152 over 1 lane(s) bid=12 sid=0 iter=2 part=1 rateGBps=6.25 at t=9270496
Node 3 chan 0: RDMA send to 4 totalBytes=2097152 over 1 lane(s) bid=10 sid=0 iter=2 part=0 rateGBps=6.25 at t=9270496
Node 3 chan 0: RDMA send to 4 totalBytes=2097152 over 1 lane(s) bid=10 sid=0 iter=2 part=1 rateGBps=6.25 at t=9270496
Node 5 chan 1: RDMA send to 0 physically drained (sender side) bid=7 sid=0 iter=1 nElems=524288 at t=9292480
Node 5 chan 1: RDMA send to 3 physically drained (sender side) bid=11 sid=0 iter=2 nElems=524288 at t=9292484
Node 5 chan 0: RDMA send to 0 physically drained (sender side) bid=6 sid=0 iter=1 nElems=524288 at t=9292820
Node 5 chan 0: RDMA send to 3 physically drained (sender side) bid=10 sid=0 iter=2 nElems=524288 at t=9293156
Node 5 chan 1: RDMA send to 2 totalBytes=2097152 over 1 lane(s) bid=9 sid=0 iter=2 part=0 rateGBps=6.25 at t=9293156
Node 5 chan 1: RDMA send to 2 totalBytes=2097152 over 1 lane(s) bid=9 sid=0 iter=2 part=1 rateGBps=6.25 at t=9293156
Node 5 chan 0: RDMA send to 2 totalBytes=2097152 over 1 lane(s) bid=8 sid=0 iter=2 part=0 rateGBps=6.25 at t=9293156
Node 5 chan 0: RDMA send to 2 totalBytes=2097152 over 1 lane(s) bid=8 sid=0 iter=2 part=1 rateGBps=6.25 at t=9293156
Node 4 chan 0: RDMA send to 5 physically drained (sender side) bid=12 sid=0 iter=2 nElems=524288 at t=9340048
Node 2 chan 1: RDMA send to 4 physically drained (sender side) bid=11 sid=0 iter=2 nElems=524288 at t=9429272
Node 2 chan 0: RDMA send to 4 physically drained (sender side) bid=10 sid=0 iter=2 nElems=524288 at t=9440568
Node 2 chan 0: RDMA send to 6 totalBytes=2097152 over 1 lane(s) bid=13 sid=0 iter=2 part=0 rateGBps=6.25 at t=9440568
Node 2 chan 0: RDMA send to 6 totalBytes=2097152 over 1 lane(s) bid=13 sid=0 iter=2 part=1 rateGBps=6.25 at t=9440568
Node 2 chan 0: RDMA send to 5 totalBytes=2097152 over 1 lane(s) bid=12 sid=0 iter=2 part=0 rateGBps=6.25 at t=9440568
Node 2 chan 0: RDMA send to 5 totalBytes=2097152 over 1 lane(s) bid=12 sid=0 iter=2 part=1 rateGBps=6.25 at t=9440568
Node 2 chan 0: RDMA send to 5 totalBytes=2097152 over 1 lane(s) bid=12 sid=1 iter=2 part=0 rateGBps=6.25 at t=9440568
Node 2 chan 0: RDMA send to 5 totalBytes=2097152 over 1 lane(s) bid=12 sid=1 iter=2 part=1 rateGBps=6.25 at t=9440568
Node 6 chan 0: RDMA send to 4 physically drained (sender side) bid=12 sid=0 iter=2 nElems=524288 at t=9486142
Node 6 chan 0: RDMA send to 0 physically drained (sender side) bid=6 sid=0 iter=2 nElems=524288 at t=9524388
Node 6 chan 1: RDMA send to 0 physically drained (sender side) bid=7 sid=0 iter=2 nElems=524288 at t=9528388
Node 7 chan 0: RDMA send to 5 physically drained (sender side) bid=2 sid=0 iter=2 nElems=524288 at t=9636090
Node 4 chan 1: RDMA send to 2 physically drained (sender side) bid=9 sid=0 iter=2 nElems=524288 at t=9676748
Node 4 chan 0: RDMA send to 2 physically drained (sender side) bid=8 sid=0 iter=2 nElems=524288 at t=9678744
Node 4 chan 0: RDMA send to 7 totalBytes=2097152 over 1 lane(s) bid=13 sid=0 iter=2 part=0 rateGBps=12.5 at t=9678744
Node 4 chan 0: RDMA send to 7 totalBytes=2097152 over 1 lane(s) bid=13 sid=0 iter=2 part=1 rateGBps=12.5 at t=9678744
Node 4 chan 0: RDMA send to 7 totalBytes=2097152 over 1 lane(s) bid=13 sid=0 iter=2 part=2 rateGBps=12.5 at t=9678744
Node 4 chan 0: RDMA send to 7 totalBytes=2097152 over 1 lane(s) bid=13 sid=0 iter=2 part=3 rateGBps=12.5 at t=9678744
Node 3 chan 0: RDMA send to 4 physically drained (sender side) bid=10 sid=0 iter=2 nElems=524288 at t=9687460
Node 3 chan 1: RDMA send to 5 physically drained (sender side) bid=12 sid=0 iter=2 nElems=524288 at t=9692896
Node 2 chan 0: RDMA send to 6 physically drained (sender side) bid=13 sid=0 iter=2 nElems=524288 at t=9787490
Node 4 chan 0: RDMA send to 7 physically drained (sender side) bid=13 sid=0 iter=2 nElems=524288 at t=9851998
Node 2 chan 0: RDMA send to 5 physically drained (sender side) bid=12 sid=0 iter=2 nElems=524288 at t=9931170
Node 4 chan 0: RDMA send to 7 physically drained (sender side) bid=13 sid=0 iter=2 nElems=524288 at t=10022112
Node 3 chan 0: RDMA send to 4 physically drained (sender side) bid=10 sid=0 iter=2 nElems=524288 at t=10027096
Node 5 chan 0: RDMA send to 6 physically drained (sender side) bid=13 sid=0 iter=2 nElems=524288 at t=10077196
Node 6 chan 0: RDMA send to 0 physically drained (sender side) bid=6 sid=0 iter=2 nElems=524288 at t=10089618
Node 6 chan 0: RDMA send to 4 totalBytes=2097152 over 1 lane(s) bid=12 sid=1 iter=2 part=0 rateGBps=6.25 at t=10089618
Node 6 chan 0: RDMA send to 4 totalBytes=2097152 over 1 lane(s) bid=12 sid=1 iter=2 part=1 rateGBps=6.25 at t=10089618
Node 6 chan 1: RDMA send to 3 totalBytes=2097152 over 1 lane(s) bid=11 sid=1 iter=2 part=0 rateGBps=3.125 at t=10089618
Node 6 chan 0: RDMA send to 3 totalBytes=2097152 over 1 lane(s) bid=10 sid=1 iter=2 part=0 rateGBps=3.125 at t=10089618
Node 6 chan 1: RDMA send to 0 physically drained (sender side) bid=7 sid=0 iter=2 nElems=524288 at t=10090946
GPU 0: iteration barrier releasing 13 threadblock(s) at t=10104908
Node 0 chan 0: RDMA send to 1 totalBytes=2097152 over 1 lane(s) bid=8 sid=0 iter=2 part=0 rateGBps=12.5 at t=10104908
Node 0 chan 0: RDMA send to 1 totalBytes=2097152 over 1 lane(s) bid=8 sid=0 iter=2 part=1 rateGBps=12.5 at t=10104908
Node 0 chan 0: RDMA send to 1 totalBytes=2097152 over 1 lane(s) bid=8 sid=0 iter=2 part=2 rateGBps=12.5 at t=10104908
Node 0 chan 0: RDMA send to 1 totalBytes=2097152 over 1 lane(s) bid=8 sid=0 iter=2 part=3 rateGBps=12.5 at t=10104908
Node 0 chan 0: RDMA send to 4 totalBytes=2097152 over 1 lane(s) bid=11 sid=0 iter=2 part=0 rateGBps=6.25 at t=10104908
Node 0 chan 0: RDMA send to 4 totalBytes=2097152 over 1 lane(s) bid=11 sid=0 iter=2 part=1 rateGBps=6.25 at t=10104908
Node 0 chan 0: RDMA send to 5 totalBytes=2097152 over 1 lane(s) bid=12 sid=0 iter=2 part=0 rateGBps=6.25 at t=10104908
Node 0 chan 0: RDMA send to 5 totalBytes=2097152 over 1 lane(s) bid=12 sid=0 iter=2 part=1 rateGBps=6.25 at t=10104908
Node 5 chan 1: RDMA send to 0 physically drained (sender side) bid=7 sid=0 iter=1 nElems=524288 at t=10108132
Node 5 chan 0: RDMA send to 0 physically drained (sender side) bid=6 sid=0 iter=1 nElems=524288 at t=10108468
Node 5 chan 0: RDMA send to 2 physically drained (sender side) bid=8 sid=0 iter=2 nElems=524288 at t=10119776
Node 5 chan 1: RDMA send to 2 physically drained (sender side) bid=9 sid=0 iter=2 nElems=524288 at t=10120112
Node 2 chan 0: RDMA send to 6 physically drained (sender side) bid=13 sid=0 iter=2 nElems=524288 at t=10134046
Node 3 chan 1: RDMA send to 5 physically drained (sender side) bid=12 sid=0 iter=2 nElems=524288 at t=10170962
Node 4 chan 0: RDMA send to 7 physically drained (sender side) bid=13 sid=0 iter=2 nElems=524288 at t=10192366
Node 7 chan 0: RDMA send to 5 physically drained (sender side) bid=2 sid=0 iter=2 nElems=524288 at t=10273280
Node 0 chan 0: RDMA send to 1 physically drained (sender side) bid=8 sid=0 iter=2 nElems=524288 at t=10277696
Node 7 chan 0: RDMA send to 6 totalBytes=2097152 over 1 lane(s) bid=3 sid=0 iter=2 part=0 rateGBps=12.5 at t=10361056
Node 7 chan 0: RDMA send to 6 totalBytes=2097152 over 1 lane(s) bid=3 sid=0 iter=2 part=1 rateGBps=12.5 at t=10361056
Node 7 chan 0: RDMA send to 6 totalBytes=2097152 over 1 lane(s) bid=3 sid=0 iter=2 part=2 rateGBps=12.5 at t=10361056
Node 7 chan 0: RDMA send to 6 totalBytes=2097152 over 1 lane(s) bid=3 sid=0 iter=2 part=3 rateGBps=12.5 at t=10361056
GPU 7: iteration barrier releasing 4 threadblock(s) at t=10361056
Node 4 chan 0: RDMA send to 7 physically drained (sender side) bid=13 sid=0 iter=2 nElems=524288 at t=10362606
Node 4 chan 1: RDMA send to 0 totalBytes=2097152 over 1 lane(s) bid=7 sid=0 iter=2 part=0 rateGBps=6.25 at t=10362606
Node 4 chan 1: RDMA send to 0 totalBytes=2097152 over 1 lane(s) bid=7 sid=0 iter=2 part=1 rateGBps=6.25 at t=10362606
Node 4 chan 0: RDMA send to 0 totalBytes=2097152 over 1 lane(s) bid=6 sid=0 iter=2 part=0 rateGBps=6.25 at t=10362606
Node 4 chan 0: RDMA send to 0 totalBytes=2097152 over 1 lane(s) bid=6 sid=0 iter=2 part=1 rateGBps=6.25 at t=10362606
Node 2 chan 0: RDMA send to 5 physically drained (sender side) bid=12 sid=0 iter=2 nElems=524288 at t=10370394
Node 2 chan 0: RDMA send to 6 totalBytes=2097152 over 1 lane(s) bid=13 sid=1 iter=2 part=0 rateGBps=6.25 at t=10370394
Node 2 chan 0: RDMA send to 6 totalBytes=2097152 over 1 lane(s) bid=13 sid=1 iter=2 part=1 rateGBps=6.25 at t=10370394
Node 6 chan 0: RDMA send to 4 physically drained (sender side) bid=12 sid=1 iter=2 nElems=524288 at t=10434134
Node 0 chan 0: RDMA send to 1 physically drained (sender side) bid=8 sid=0 iter=2 nElems=524288 at t=10447680
Node 0 chan 0: RDMA send to 4 physically drained (sender side) bid=11 sid=0 iter=2 nElems=524288 at t=10453510
Node 5 chan 0: RDMA send to 2 physically drained (sender side) bid=8 sid=0 iter=2 nElems=524288 at t=10485504
Node 5 chan 0: RDMA send to 6 totalBytes=2097152 over 1 lane(s) bid=13 sid=1 iter=2 part=0 rateGBps=6.25 at t=10485504
Node 5 chan 0: RDMA send to 6 totalBytes=2097152 over 1 lane(s) bid=13 sid=1 iter=2 part=1 rateGBps=6.25 at t=10485504
Node 5 chan 1: RDMA send to 3 totalBytes=2097152 over 1 lane(s) bid=11 sid=1 iter=2 part=0 rateGBps=3.125 at t=10485504
Node 5 chan 0: RDMA send to 3 totalBytes=2097152 over 1 lane(s) bid=10 sid=1 iter=2 part=0 rateGBps=3.125 at t=10485504
Node 5 chan 1: RDMA send to 2 physically drained (sender side) bid=9 sid=0 iter=2 nElems=524288 at t=10486836
Node 0 chan 0: RDMA send to 5 physically drained (sender side) bid=12 sid=0 iter=2 nElems=524288 at t=10519342
Node 7 chan 0: RDMA send to 6 physically drained (sender side) bid=3 sid=0 iter=2 nElems=524288 at t=10533844
Node 0 chan 0: RDMA send to 1 physically drained (sender side) bid=8 sid=0 iter=2 nElems=524288 at t=10617664
Node 7 chan 0: RDMA send to 6 physically drained (sender side) bid=3 sid=0 iter=2 nElems=524288 at t=10703828
Node 2 chan 0: RDMA send to 5 physically drained (sender side) bid=12 sid=1 iter=2 nElems=524288 at t=10709902
Node 2 chan 0: RDMA send to 6 physically drained (sender side) bid=13 sid=1 iter=2 nElems=524288 at t=10718182
Node 4 chan 1: RDMA send to 0 physically drained (sender side) bid=7 sid=0 iter=2 nElems=524288 at t=10734702
Node 4 chan 0: RDMA send to 0 physically drained (sender side) bid=6 sid=0 iter=2 nElems=524288 at t=10735038
Node 6 chan 0: RDMA send to 4 physically drained (sender side) bid=12 sid=1 iter=2 nElems=524288 at t=10774364
Node 6 chan 1: RDMA send to 3 physically drained (sender side) bid=11 sid=1 iter=2 nElems=524288 at t=10785004
Node 6 chan 0: RDMA send to 3 physically drained (sender side) bid=10 sid=1 iter=2 nElems=524288 at t=10785340
Node 6 chan 0: RDMA send to 2 totalBytes=2097152 over 1 lane(s) bid=8 sid=0 iter=2 part=0 rateGBps=6.25 at t=10785340
Node 6 chan 0: RDMA send to 2 totalBytes=2097152 over 1 lane(s) bid=8 sid=0 iter=2 part=1 rateGBps=6.25 at t=10785340
Node 6 chan 1: RDMA send to 2 totalBytes=2097152 over 1 lane(s) bid=9 sid=0 iter=2 part=0 rateGBps=6.25 at t=10785340
Node 6 chan 1: RDMA send to 2 totalBytes=2097152 over 1 lane(s) bid=9 sid=0 iter=2 part=1 rateGBps=6.25 at t=10785340
Node 1 chan 1: RDMA send to 6 totalBytes=2097152 over 1 lane(s) bid=4 sid=0 iter=2 part=0 rateGBps=6.25 at t=10786244
Node 1 chan 1: RDMA send to 6 totalBytes=2097152 over 1 lane(s) bid=4 sid=0 iter=2 part=1 rateGBps=6.25 at t=10786244
Node 1 chan 0: RDMA send to 6 totalBytes=2097152 over 1 lane(s) bid=3 sid=0 iter=2 part=0 rateGBps=6.25 at t=10786244
Node 1 chan 0: RDMA send to 6 totalBytes=2097152 over 1 lane(s) bid=3 sid=0 iter=2 part=1 rateGBps=6.25 at t=10786244
Node 0 chan 0: RDMA send to 1 physically drained (sender side) bid=8 sid=0 iter=2 nElems=524288 at t=10787648
Node 0 chan 0: RDMA send to 4 physically drained (sender side) bid=11 sid=0 iter=2 nElems=524288 at t=10793986
Node 0 chan 0: RDMA send to 3 totalBytes=2097152 over 1 lane(s) bid=10 sid=0 iter=2 part=0 rateGBps=12.5 at t=10793986
Node 0 chan 0: RDMA send to 3 totalBytes=2097152 over 1 lane(s) bid=10 sid=0 iter=2 part=1 rateGBps=12.5 at t=10793986
Node 0 chan 0: RDMA send to 3 totalBytes=2097152 over 1 lane(s) bid=10 sid=0 iter=2 part=2 rateGBps=12.5 at t=10793986
Node 0 chan 0: RDMA send to 3 totalBytes=2097152 over 1 lane(s) bid=10 sid=0 iter=2 part=3 rateGBps=12.5 at t=10793986
Node 5 chan 0: RDMA send to 6 physically drained (sender side) bid=13 sid=1 iter=2 nElems=524288 at t=10865176
Node 0 chan 0: RDMA send to 5 physically drained (sender side) bid=12 sid=0 iter=2 nElems=524288 at t=10868082
Node 7 chan 0: RDMA send to 6 physically drained (sender side) bid=3 sid=0 iter=2 nElems=524288 at t=10873812
Node 2 chan 0: RDMA send to 5 physically drained (sender side) bid=12 sid=1 iter=2 nElems=524288 at t=11039890
Node 7 chan 0: RDMA send to 6 physically drained (sender side) bid=3 sid=0 iter=2 nElems=524288 at t=11043796
Node 0 chan 0: RDMA send to 3 physically drained (sender side) bid=10 sid=0 iter=2 nElems=524288 at t=11118442
Node 4 chan 1: RDMA send to 0 physically drained (sender side) bid=7 sid=0 iter=2 nElems=524288 at t=11152846
Node 4 chan 0: RDMA send to 0 physically drained (sender side) bid=6 sid=0 iter=2 nElems=524288 at t=11154834
Node 4 chan 1: RDMA send to 3 totalBytes=2097152 over 1 lane(s) bid=11 sid=0 iter=2 part=0 rateGBps=6.25 at t=11154834
Node 4 chan 1: RDMA send to 3 totalBytes=2097152 over 1 lane(s) bid=11 sid=0 iter=2 part=1 rateGBps=6.25 at t=11154834
Node 4 chan 0: RDMA send to 3 totalBytes=2097152 over 1 lane(s) bid=10 sid=0 iter=2 part=0 rateGBps=6.25 at t=11154834
Node 4 chan 0: RDMA send to 3 totalBytes=2097152 over 1 lane(s) bid=10 sid=0 iter=2 part=1 rateGBps=6.25 at t=11154834
Node 5 chan 1: RDMA send to 3 physically drained (sender side) bid=11 sid=1 iter=2 nElems=524288 at t=11199862
Node 5 chan 0: RDMA send to 3 physically drained (sender side) bid=10 sid=1 iter=2 nElems=524288 at t=11200554
Node 6 chan 0: RDMA send to 2 physically drained (sender side) bid=8 sid=0 iter=2 nElems=524288 at t=11222344
Node 6 chan 1: RDMA send to 2 physically drained (sender side) bid=9 sid=0 iter=2 nElems=524288 at t=11223012
Node 2 chan 0: RDMA send to 6 physically drained (sender side) bid=13 sid=1 iter=2 nElems=524288 at t=11301706
Node 1 chan 0: RDMA send to 6 physically drained (sender side) bid=3 sid=0 iter=2 nElems=524288 at t=11377740
Node 1 chan 1: RDMA send to 6 physically drained (sender side) bid=4 sid=0 iter=2 nElems=524288 at t=11397226
Node 6 chan 1: RDMA send to 2 physically drained (sender side) bid=9 sid=0 iter=2 nElems=524288 at t=11562576
Node 6 chan 0: RDMA send to 2 physically drained (sender side) bid=8 sid=0 iter=2 nElems=524288 at t=11562580
Node 5 chan 0: RDMA send to 6 physically drained (sender side) bid=13 sid=1 iter=2 nElems=524288 at t=11648648
Node 4 chan 1: RDMA send to 3 physically drained (sender side) bid=11 sid=0 iter=2 nElems=524288 at t=11653528
Node 4 chan 0: RDMA send to 3 physically drained (sender side) bid=10 sid=0 iter=2 nElems=524288 at t=11656064
Node 0 chan 0: RDMA send to 3 physically drained (sender side) bid=10 sid=0 iter=2 nElems=524288 at t=11716042
Node 1 chan 0: RDMA send to 6 physically drained (sender side) bid=3 sid=0 iter=2 nElems=524288 at t=11789164
Node 1 chan 0: RDMA send to 0 totalBytes=2097152 over 1 lane(s) bid=2 sid=0 iter=2 part=0 rateGBps=12.5 at t=11789164
Node 1 chan 0: RDMA send to 0 totalBytes=2097152 over 1 lane(s) bid=2 sid=0 iter=2 part=1 rateGBps=12.5 at t=11789164
Node 1 chan 0: RDMA send to 0 totalBytes=2097152 over 1 lane(s) bid=2 sid=0 iter=2 part=2 rateGBps=12.5 at t=11789164
Node 1 chan 0: RDMA send to 0 totalBytes=2097152 over 1 lane(s) bid=2 sid=0 iter=2 part=3 rateGBps=12.5 at t=11789164
GPU 1: iteration barrier releasing 5 threadblock(s) at t=11789164
Node 1 chan 1: RDMA send to 6 physically drained (sender side) bid=4 sid=0 iter=2 nElems=524288 at t=11796304
Node 1 chan 0: RDMA send to 0 physically drained (sender side) bid=2 sid=0 iter=2 nElems=524288 at t=11961952
Node 4 chan 1: RDMA send to 3 physically drained (sender side) bid=11 sid=0 iter=2 nElems=524288 at t=12106554
Node 3 chan 0: RDMA send to 4 totalBytes=2097152 over 1 lane(s) bid=10 sid=1 iter=2 part=0 rateGBps=6.25 at t=12112038
Node 3 chan 0: RDMA send to 4 totalBytes=2097152 over 1 lane(s) bid=10 sid=1 iter=2 part=1 rateGBps=6.25 at t=12112038
Node 3 chan 0: RDMA send to 6 totalBytes=2097152 over 1 lane(s) bid=13 sid=1 iter=2 part=0 rateGBps=6.25 at t=12112038
Node 3 chan 0: RDMA send to 6 totalBytes=2097152 over 1 lane(s) bid=13 sid=1 iter=2 part=1 rateGBps=6.25 at t=12112038
Node 4 chan 0: RDMA send to 3 physically drained (sender side) bid=10 sid=0 iter=2 nElems=524288 at t=12114854
Node 1 chan 0: RDMA send to 0 physically drained (sender side) bid=2 sid=0 iter=2 nElems=524288 at t=12131936
Node 0 chan 0: RDMA send to 3 physically drained (sender side) bid=10 sid=0 iter=2 nElems=524288 at t=12177638
Node 1 chan 0: RDMA send to 0 physically drained (sender side) bid=2 sid=0 iter=2 nElems=524288 at t=12301920
GPU 3: iteration barrier releasing 14 threadblock(s) at t=12346434
Node 3 chan 0: RDMA send to 2 totalBytes=2097152 over 1 lane(s) bid=9 sid=0 iter=3 part=0 rateGBps=12.5 at t=12346434
Node 3 chan 0: RDMA send to 2 totalBytes=2097152 over 1 lane(s) bid=9 sid=0 iter=3 part=1 rateGBps=12.5 at t=12346434
Node 3 chan 0: RDMA send to 2 totalBytes=2097152 over 1 lane(s) bid=9 sid=0 iter=3 part=2 rateGBps=12.5 at t=12346434
Node 3 chan 0: RDMA send to 2 totalBytes=2097152 over 1 lane(s) bid=9 sid=0 iter=3 part=3 rateGBps=12.5 at t=12346434
Node 3 chan 0: RDMA send to 5 totalBytes=2097152 over 1 lane(s) bid=11 sid=0 iter=3 part=0 rateGBps=6.25 at t=12346434
Node 3 chan 0: RDMA send to 5 totalBytes=2097152 over 1 lane(s) bid=11 sid=0 iter=3 part=1 rateGBps=6.25 at t=12346434
Node 3 chan 0: RDMA send to 6 totalBytes=2097152 over 1 lane(s) bid=13 sid=0 iter=3 part=0 rateGBps=6.25 at t=12346434
Node 3 chan 0: RDMA send to 6 totalBytes=2097152 over 1 lane(s) bid=13 sid=0 iter=3 part=1 rateGBps=6.25 at t=12346434
Node 0 chan 0: RDMA send to 3 physically drained (sender side) bid=10 sid=0 iter=2 nElems=524288 at t=12347918
Node 0 chan 0: RDMA send to 2 totalBytes=2097152 over 1 lane(s) bid=9 sid=0 iter=2 part=0 rateGBps=12.5 at t=12347918
Node 0 chan 0: RDMA send to 2 totalBytes=2097152 over 1 lane(s) bid=9 sid=0 iter=2 part=1 rateGBps=12.5 at t=12347918
Node 0 chan 0: RDMA send to 2 totalBytes=2097152 over 1 lane(s) bid=9 sid=0 iter=2 part=2 rateGBps=12.5 at t=12347918
Node 0 chan 0: RDMA send to 2 totalBytes=2097152 over 1 lane(s) bid=9 sid=0 iter=2 part=3 rateGBps=12.5 at t=12347918
Node 1 chan 0: RDMA send to 0 physically drained (sender side) bid=2 sid=0 iter=2 nElems=524288 at t=12471904
Node 3 chan 0: RDMA send to 4 physically drained (sender side) bid=10 sid=1 iter=2 nElems=524288 at t=12511490
Node 3 chan 0: RDMA send to 6 physically drained (sender side) bid=13 sid=1 iter=2 nElems=524288 at t=12512154
Node 3 chan 0: RDMA send to 2 physically drained (sender side) bid=9 sid=0 iter=3 nElems=524288 at t=12519222
Node 0 chan 0: RDMA send to 2 physically drained (sender side) bid=9 sid=0 iter=2 nElems=524288 at t=12521042
Node 3 chan 0: RDMA send to 2 physically drained (sender side) bid=9 sid=0 iter=3 nElems=524288 at t=12689206
Node 0 chan 0: RDMA send to 2 physically drained (sender side) bid=9 sid=0 iter=2 nElems=524288 at t=12691026
Node 3 chan 0: RDMA send to 2 physically drained (sender side) bid=9 sid=0 iter=3 nElems=524288 at t=12859190
Node 0 chan 0: RDMA send to 2 physically drained (sender side) bid=9 sid=0 iter=2 nElems=524288 at t=12861010
Node 3 chan 0: RDMA send to 5 physically drained (sender side) bid=11 sid=0 iter=3 nElems=524288 at t=12862414
GPU 6: iteration barrier releasing 14 threadblock(s) at t=13019290
Node 6 chan 0: RDMA send to 3 totalBytes=2097152 over 1 lane(s) bid=10 sid=0 iter=3 part=0 rateGBps=3.125 at t=13019290
Node 6 chan 1: RDMA send to 3 totalBytes=2097152 over 1 lane(s) bid=11 sid=0 iter=3 part=0 rateGBps=3.125 at t=13019290
Node 6 chan 0: RDMA send to 4 totalBytes=2097152 over 1 lane(s) bid=12 sid=0 iter=3 part=0 rateGBps=6.25 at t=13019290
Node 6 chan 0: RDMA send to 4 totalBytes=2097152 over 1 lane(s) bid=12 sid=0 iter=3 part=1 rateGBps=6.25 at t=13019290
Node 6 chan 0: RDMA send to 7 totalBytes=2097152 over 1 lane(s) bid=13 sid=0 iter=3 part=0 rateGBps=12.5 at t=13019290
Node 6 chan 0: RDMA send to 7 totalBytes=2097152 over 1 lane(s) bid=13 sid=0 iter=3 part=1 rateGBps=12.5 at t=13019290
Node 6 chan 0: RDMA send to 7 totalBytes=2097152 over 1 lane(s) bid=13 sid=0 iter=3 part=2 rateGBps=12.5 at t=13019290
Node 6 chan 0: RDMA send to 7 totalBytes=2097152 over 1 lane(s) bid=13 sid=0 iter=3 part=3 rateGBps=12.5 at t=13019290
Node 3 chan 0: RDMA send to 4 physically drained (sender side) bid=10 sid=1 iter=2 nElems=524288 at t=13021442
Node 3 chan 0: RDMA send to 6 physically drained (sender side) bid=13 sid=1 iter=2 nElems=524288 at t=13022106
Node 3 chan 0: RDMA send to 2 physically drained (sender side) bid=9 sid=0 iter=3 nElems=524288 at t=13029174
GPU 2: iteration barrier releasing 14 threadblock(s) at t=13029586
Node 2 chan 0: RDMA send to 0 totalBytes=2097152 over 1 lane(s) bid=8 sid=0 iter=3 part=0 rateGBps=12.5 at t=13029586
Node 2 chan 0: RDMA send to 0 totalBytes=2097152 over 1 lane(s) bid=8 sid=0 iter=3 part=1 rateGBps=12.5 at t=13029586
Node 2 chan 0: RDMA send to 0 totalBytes=2097152 over 1 lane(s) bid=8 sid=0 iter=3 part=2 rateGBps=12.5 at t=13029586
Node 2 chan 0: RDMA send to 0 totalBytes=2097152 over 1 lane(s) bid=8 sid=0 iter=3 part=3 rateGBps=12.5 at t=13029586
Node 2 chan 0: RDMA send to 3 totalBytes=2097152 over 1 lane(s) bid=9 sid=0 iter=3 part=0 rateGBps=12.5 at t=13029586
Node 2 chan 0: RDMA send to 3 totalBytes=2097152 over 1 lane(s) bid=9 sid=0 iter=3 part=1 rateGBps=12.5 at t=13029586
Node 2 chan 0: RDMA send to 3 totalBytes=2097152 over 1 lane(s) bid=9 sid=0 iter=3 part=2 rateGBps=12.5 at t=13029586
Node 2 chan 0: RDMA send to 3 totalBytes=2097152 over 1 lane(s) bid=9 sid=0 iter=3 part=3 rateGBps=12.5 at t=13029586
Node 0 chan 0: RDMA send to 2 physically drained (sender side) bid=9 sid=0 iter=2 nElems=524288 at t=13030994
Node 0 chan 0: RDMA send to 5 totalBytes=2097152 over 1 lane(s) bid=12 sid=1 iter=2 part=0 rateGBps=6.25 at t=13030994
Node 0 chan 0: RDMA send to 5 totalBytes=2097152 over 1 lane(s) bid=12 sid=1 iter=2 part=1 rateGBps=6.25 at t=13030994
Node 0 chan 0: RDMA send to 4 totalBytes=2097152 over 1 lane(s) bid=11 sid=1 iter=2 part=0 rateGBps=6.25 at t=13030994
Node 0 chan 0: RDMA send to 4 totalBytes=2097152 over 1 lane(s) bid=11 sid=1 iter=2 part=1 rateGBps=6.25 at t=13030994
Node 6 chan 0: RDMA send to 7 physically drained (sender side) bid=13 sid=0 iter=3 nElems=524288 at t=13192078
Node 2 chan 0: RDMA send to 3 physically drained (sender side) bid=9 sid=0 iter=3 nElems=524288 at t=13202374
Node 2 chan 0: RDMA send to 0 physically drained (sender side) bid=8 sid=0 iter=3 nElems=524288 at t=13202970
Node 3 chan 0: RDMA send to 5 physically drained (sender side) bid=11 sid=0 iter=3 nElems=524288 at t=13256330
Node 3 chan 0: RDMA send to 1 totalBytes=2097152 over 1 lane(s) bid=8 sid=0 iter=3 part=0 rateGBps=12.5 at t=13256330
Node 3 chan 0: RDMA send to 1 totalBytes=2097152 over 1 lane(s) bid=8 sid=0 iter=3 part=1 rateGBps=12.5 at t=13256330
Node 3 chan 0: RDMA send to 1 totalBytes=2097152 over 1 lane(s) bid=8 sid=0 iter=3 part=2 rateGBps=12.5 at t=13256330
Node 3 chan 0: RDMA send to 1 totalBytes=2097152 over 1 lane(s) bid=8 sid=0 iter=3 part=3 rateGBps=12.5 at t=13256330
Node 6 chan 0: RDMA send to 7 physically drained (sender side) bid=13 sid=0 iter=3 nElems=524288 at t=13362062
Node 3 chan 0: RDMA send to 6 physically drained (sender side) bid=13 sid=0 iter=3 nElems=524288 at t=13362318
Node 6 chan 0: RDMA send to 4 physically drained (sender side) bid=12 sid=0 iter=3 nElems=524288 at t=13362830
Node 2 chan 0: RDMA send to 3 physically drained (sender side) bid=9 sid=0 iter=3 nElems=524288 at t=13372358
Node 2 chan 0: RDMA send to 0 physically drained (sender side) bid=8 sid=0 iter=3 nElems=524288 at t=13373210
Node 0 chan 0: RDMA send to 4 physically drained (sender side) bid=11 sid=1 iter=2 nElems=524288 at t=13378438
Node 0 chan 0: RDMA send to 5 physically drained (sender side) bid=12 sid=1 iter=2 nElems=524288 at t=13378774
Node 6 chan 0: RDMA send to 7 physically drained (sender side) bid=13 sid=0 iter=3 nElems=524288 at t=13532046
Node 2 chan 0: RDMA send to 3 physically drained (sender side) bid=9 sid=0 iter=3 nElems=524288 at t=13542342
Node 2 chan 0: RDMA send to 0 physically drained (sender side) bid=8 sid=0 iter=3 nElems=524288 at t=13543450
Node 3 chan 0: RDMA send to 1 physically drained (sender side) bid=8 sid=0 iter=3 nElems=524288 at t=13599354
Node 7 chan 0: RDMA send to 5 totalBytes=2097152 over 1 lane(s) bid=2 sid=0 iter=3 part=0 rateGBps=12.5 at t=13700626
Node 7 chan 0: RDMA send to 5 totalBytes=2097152 over 1 lane(s) bid=2 sid=0 iter=3 part=1 rateGBps=12.5 at t=13700626
Node 7 chan 0: RDMA send to 5 totalBytes=2097152 over 1 lane(s) bid=2 sid=0 iter=3 part=2 rateGBps=12.5 at t=13700626
Node 7 chan 0: RDMA send to 5 totalBytes=2097152 over 1 lane(s) bid=2 sid=0 iter=3 part=3 rateGBps=12.5 at t=13700626
Node 6 chan 0: RDMA send to 7 physically drained (sender side) bid=13 sid=0 iter=3 nElems=524288 at t=13702030
Node 3 chan 0: RDMA send to 6 physically drained (sender side) bid=13 sid=0 iter=3 nElems=524288 at t=13702210
Node 6 chan 0: RDMA send to 4 physically drained (sender side) bid=12 sid=0 iter=3 nElems=524288 at t=13703214
Node 6 chan 1: RDMA send to 3 physically drained (sender side) bid=11 sid=0 iter=3 nElems=524288 at t=13705802
Node 6 chan 0: RDMA send to 3 physically drained (sender side) bid=10 sid=0 iter=3 nElems=524288 at t=13705806
Node 6 chan 1: RDMA send to 0 totalBytes=2097152 over 1 lane(s) bid=7 sid=0 iter=3 part=0 rateGBps=6.25 at t=13705806
Node 6 chan 1: RDMA send to 0 totalBytes=2097152 over 1 lane(s) bid=7 sid=0 iter=3 part=1 rateGBps=6.25 at t=13705806
Node 6 chan 0: RDMA send to 0 totalBytes=2097152 over 1 lane(s) bid=6 sid=0 iter=3 part=0 rateGBps=6.25 at t=13705806
Node 6 chan 0: RDMA send to 0 totalBytes=2097152 over 1 lane(s) bid=6 sid=0 iter=3 part=1 rateGBps=6.25 at t=13705806
Node 2 chan 0: RDMA send to 3 physically drained (sender side) bid=9 sid=0 iter=3 nElems=524288 at t=13712326
Node 2 chan 0: RDMA send to 0 physically drained (sender side) bid=8 sid=0 iter=3 nElems=524288 at t=13715002
Node 2 chan 1: RDMA send to 4 totalBytes=2097152 over 1 lane(s) bid=11 sid=0 iter=3 part=0 rateGBps=6.25 at t=13715002
Node 2 chan 1: RDMA send to 4 totalBytes=2097152 over 1 lane(s) bid=11 sid=0 iter=3 part=1 rateGBps=6.25 at t=13715002
Node 2 chan 0: RDMA send to 4 totalBytes=2097152 over 1 lane(s) bid=10 sid=0 iter=3 part=0 rateGBps=6.25 at t=13715002
Node 2 chan 0: RDMA send to 4 totalBytes=2097152 over 1 lane(s) bid=10 sid=0 iter=3 part=1 rateGBps=6.25 at t=13715002
GPU 4: iteration barrier releasing 14 threadblock(s) at t=13715774
Node 4 chan 0: RDMA send to 2 totalBytes=2097152 over 1 lane(s) bid=8 sid=0 iter=3 part=0 rateGBps=6.25 at t=13715774
Node 4 chan 0: RDMA send to 2 totalBytes=2097152 over 1 lane(s) bid=8 sid=0 iter=3 part=1 rateGBps=6.25 at t=13715774
Node 4 chan 1: RDMA send to 2 totalBytes=2097152 over 1 lane(s) bid=9 sid=0 iter=3 part=0 rateGBps=6.25 at t=13715774
Node 4 chan 1: RDMA send to 2 totalBytes=2097152 over 1 lane(s) bid=9 sid=0 iter=3 part=1 rateGBps=6.25 at t=13715774
Node 4 chan 0: RDMA send to 5 totalBytes=2097152 over 1 lane(s) bid=12 sid=0 iter=3 part=0 rateGBps=12.5 at t=13715774
Node 4 chan 0: RDMA send to 5 totalBytes=2097152 over 1 lane(s) bid=12 sid=0 iter=3 part=1 rateGBps=12.5 at t=13715774
Node 4 chan 0: RDMA send to 5 totalBytes=2097152 over 1 lane(s) bid=12 sid=0 iter=3 part=2 rateGBps=12.5 at t=13715774
Node 4 chan 0: RDMA send to 5 totalBytes=2097152 over 1 lane(s) bid=12 sid=0 iter=3 part=3 rateGBps=12.5 at t=13715774
Node 0 chan 0: RDMA send to 4 physically drained (sender side) bid=11 sid=1 iter=2 nElems=524288 at t=13718918
Node 5 chan 0: RDMA send to 0 totalBytes=2097152 over 1 lane(s) bid=6 sid=0 iter=2 part=0 rateGBps=6.25 at t=13720286
Node 5 chan 0: RDMA send to 0 totalBytes=2097152 over 1 lane(s) bid=6 sid=0 iter=2 part=1 rateGBps=6.25 at t=13720286
Node 5 chan 1: RDMA send to 0 totalBytes=2097152 over 1 lane(s) bid=7 sid=0 iter=2 part=0 rateGBps=6.25 at t=13720286
Node 5 chan 1: RDMA send to 0 totalBytes=2097152 over 1 lane(s) bid=7 sid=0 iter=2 part=1 rateGBps=6.25 at t=13720286
GPU 5: iteration barrier releasing 14 threadblock(s) at t=13720286
Node 5 chan 0: RDMA send to 3 totalBytes=2097152 over 1 lane(s) bid=10 sid=0 iter=3 part=0 rateGBps=3.125 at t=13720286
Node 5 chan 1: RDMA send to 3 totalBytes=2097152 over 1 lane(s) bid=11 sid=0 iter=3 part=0 rateGBps=3.125 at t=13720286
Node 5 chan 0: RDMA send to 4 totalBytes=2097152 over 1 lane(s) bid=12 sid=0 iter=3 part=0 rateGBps=12.5 at t=13720286
Node 5 chan 0: RDMA send to 4 totalBytes=2097152 over 1 lane(s) bid=12 sid=0 iter=3 part=1 rateGBps=12.5 at t=13720286
Node 5 chan 0: RDMA send to 4 totalBytes=2097152 over 1 lane(s) bid=12 sid=0 iter=3 part=2 rateGBps=12.5 at t=13720286
Node 5 chan 0: RDMA send to 4 totalBytes=2097152 over 1 lane(s) bid=12 sid=0 iter=3 part=3 rateGBps=12.5 at t=13720286
Node 5 chan 0: RDMA send to 6 totalBytes=2097152 over 1 lane(s) bid=13 sid=0 iter=3 part=0 rateGBps=6.25 at t=13720286
Node 5 chan 0: RDMA send to 6 totalBytes=2097152 over 1 lane(s) bid=13 sid=0 iter=3 part=1 rateGBps=6.25 at t=13720286
Node 0 chan 0: RDMA send to 5 physically drained (sender side) bid=12 sid=1 iter=2 nElems=524288 at t=13723570
Node 3 chan 0: RDMA send to 1 physically drained (sender side) bid=8 sid=0 iter=3 nElems=524288 at t=13818602
Node 7 chan 0: RDMA send to 5 physically drained (sender side) bid=2 sid=0 iter=3 nElems=524288 at t=13880666
Node 4 chan 0: RDMA send to 5 physically drained (sender side) bid=12 sid=0 iter=3 nElems=524288 at t=13888684
Node 5 chan 0: RDMA send to 4 physically drained (sender side) bid=12 sid=0 iter=3 nElems=524288 at t=13893136
Node 3 chan 0: RDMA send to 1 physically drained (sender side) bid=8 sid=0 iter=3 nElems=524288 at t=13988682
Node 7 chan 0: RDMA send to 5 physically drained (sender side) bid=2 sid=0 iter=3 nElems=524288 at t=14050942
Node 4 chan 0: RDMA send to 5 physically drained (sender side) bid=12 sid=0 iter=3 nElems=524288 at t=14058668
Node 2 chan 0: RDMA send to 4 physically drained (sender side) bid=10 sid=0 iter=3 nElems=524288 at t=14062446
Node 2 chan 1: RDMA send to 4 physically drained (sender side) bid=11 sid=0 iter=3 nElems=524288 at t=14062450
Node 5 chan 0: RDMA send to 4 physically drained (sender side) bid=12 sid=0 iter=3 nElems=524288 at t=14063120
Node 3 chan 0: RDMA send to 1 physically drained (sender side) bid=8 sid=0 iter=3 nElems=524288 at t=14158798
Node 3 chan 1: RDMA send to 5 totalBytes=2097152 over 1 lane(s) bid=12 sid=0 iter=3 part=0 rateGBps=6.25 at t=14158798
Node 3 chan 1: RDMA send to 5 totalBytes=2097152 over 1 lane(s) bid=12 sid=0 iter=3 part=1 rateGBps=6.25 at t=14158798
Node 3 chan 0: RDMA send to 4 totalBytes=2097152 over 1 lane(s) bid=10 sid=0 iter=3 part=0 rateGBps=6.25 at t=14158798
Node 3 chan 0: RDMA send to 4 totalBytes=2097152 over 1 lane(s) bid=10 sid=0 iter=3 part=1 rateGBps=6.25 at t=14158798
Node 4 chan 0: RDMA send to 5 physically drained (sender side) bid=12 sid=0 iter=3 nElems=524288 at t=14228652
Node 5 chan 0: RDMA send to 4 physically drained (sender side) bid=12 sid=0 iter=3 nElems=524288 at t=14233104
Node 6 chan 0: RDMA send to 0 physically drained (sender side) bid=6 sid=0 iter=3 nElems=524288 at t=14255322
Node 6 chan 1: RDMA send to 0 physically drained (sender side) bid=7 sid=0 iter=3 nElems=524288 at t=14257458
Node 4 chan 1: RDMA send to 2 physically drained (sender side) bid=9 sid=0 iter=3 nElems=524288 at t=14262302
Node 4 chan 0: RDMA send to 2 physically drained (sender side) bid=8 sid=0 iter=3 nElems=524288 at t=14267954
Node 7 chan 0: RDMA send to 5 physically drained (sender side) bid=2 sid=0 iter=3 nElems=524288 at t=14271094
Node 4 chan 0: RDMA send to 5 physically drained (sender side) bid=12 sid=0 iter=3 nElems=524288 at t=14398636
Node 5 chan 0: RDMA send to 4 physically drained (sender side) bid=12 sid=0 iter=3 nElems=524288 at t=14403026
Node 3 chan 1: RDMA send to 5 physically drained (sender side) bid=12 sid=0 iter=3 nElems=524288 at t=14514114
Node 2 chan 0: RDMA send to 4 physically drained (sender side) bid=10 sid=0 iter=3 nElems=524288 at t=14515778
Node 2 chan 0: RDMA send to 6 totalBytes=2097152 over 1 lane(s) bid=13 sid=0 iter=3 part=0 rateGBps=6.25 at t=14515778
Node 2 chan 0: RDMA send to 6 totalBytes=2097152 over 1 lane(s) bid=13 sid=0 iter=3 part=1 rateGBps=6.25 at t=14515778
Node 2 chan 0: RDMA send to 5 totalBytes=2097152 over 1 lane(s) bid=12 sid=0 iter=3 part=0 rateGBps=6.25 at t=14515778
Node 2 chan 0: RDMA send to 5 totalBytes=2097152 over 1 lane(s) bid=12 sid=0 iter=3 part=1 rateGBps=6.25 at t=14515778
Node 2 chan 0: RDMA send to 5 totalBytes=2097152 over 1 lane(s) bid=12 sid=1 iter=3 part=0 rateGBps=6.25 at t=14515778
Node 2 chan 0: RDMA send to 5 totalBytes=2097152 over 1 lane(s) bid=12 sid=1 iter=3 part=1 rateGBps=6.25 at t=14515778
Node 2 chan 1: RDMA send to 4 physically drained (sender side) bid=11 sid=0 iter=3 nElems=524288 at t=14520826
Node 5 chan 0: RDMA send to 6 physically drained (sender side) bid=13 sid=0 iter=3 nElems=524288 at t=14575094
Node 5 chan 1: RDMA send to 0 physically drained (sender side) bid=7 sid=0 iter=2 nElems=524288 at t=14602694
Node 5 chan 1: RDMA send to 3 physically drained (sender side) bid=11 sid=0 iter=3 nElems=524288 at t=14603366
Node 5 chan 0: RDMA send to 3 physically drained (sender side) bid=10 sid=0 iter=3 nElems=524288 at t=14604698
Node 5 chan 1: RDMA send to 2 totalBytes=2097152 over 1 lane(s) bid=9 sid=0 iter=3 part=0 rateGBps=6.25 at t=14604698
Node 5 chan 1: RDMA send to 2 totalBytes=2097152 over 1 lane(s) bid=9 sid=0 iter=3 part=1 rateGBps=6.25 at t=14604698
Node 5 chan 0: RDMA send to 2 totalBytes=2097152 over 1 lane(s) bid=8 sid=0 iter=3 part=0 rateGBps=6.25 at t=14604698
Node 5 chan 0: RDMA send to 2 totalBytes=2097152 over 1 lane(s) bid=8 sid=0 iter=3 part=1 rateGBps=6.25 at t=14604698
Node 5 chan 0: RDMA send to 0 physically drained (sender side) bid=6 sid=0 iter=2 nElems=524288 at t=14605366
Node 3 chan 0: RDMA send to 4 physically drained (sender side) bid=10 sid=0 iter=3 nElems=524288 at t=14613206
Node 7 chan 0: RDMA send to 5 physically drained (sender side) bid=2 sid=0 iter=3 nElems=524288 at t=14675606
Node 4 chan 1: RDMA send to 2 physically drained (sender side) bid=9 sid=0 iter=3 nElems=524288 at t=14824232
Node 6 chan 0: RDMA send to 0 physically drained (sender side) bid=6 sid=0 iter=3 nElems=524288 at t=14827552
Node 6 chan 0: RDMA send to 4 totalBytes=2097152 over 1 lane(s) bid=12 sid=1 iter=3 part=0 rateGBps=6.25 at t=14827552
Node 6 chan 0: RDMA send to 4 totalBytes=2097152 over 1 lane(s) bid=12 sid=1 iter=3 part=1 rateGBps=6.25 at t=14827552
Node 6 chan 1: RDMA send to 3 totalBytes=2097152 over 1 lane(s) bid=11 sid=1 iter=3 part=0 rateGBps=3.125 at t=14827552
Node 6 chan 0: RDMA send to 3 totalBytes=2097152 over 1 lane(s) bid=10 sid=1 iter=3 part=0 rateGBps=3.125 at t=14827552
Node 4 chan 0: RDMA send to 2 physically drained (sender side) bid=8 sid=0 iter=3 nElems=524288 at t=14828224
Node 4 chan 0: RDMA send to 7 totalBytes=2097152 over 1 lane(s) bid=13 sid=0 iter=3 part=0 rateGBps=12.5 at t=14828224
Node 4 chan 0: RDMA send to 7 totalBytes=2097152 over 1 lane(s) bid=13 sid=0 iter=3 part=1 rateGBps=12.5 at t=14828224
Node 4 chan 0: RDMA send to 7 totalBytes=2097152 over 1 lane(s) bid=13 sid=0 iter=3 part=2 rateGBps=12.5 at t=14828224
Node 4 chan 0: RDMA send to 7 totalBytes=2097152 over 1 lane(s) bid=13 sid=0 iter=3 part=3 rateGBps=12.5 at t=14828224
Node 6 chan 1: RDMA send to 0 physically drained (sender side) bid=7 sid=0 iter=3 nElems=524288 at t=14831212
Node 2 chan 0: RDMA send to 6 physically drained (sender side) bid=13 sid=0 iter=3 nElems=524288 at t=14863260
Node 3 chan 1: RDMA send to 5 physically drained (sender side) bid=12 sid=0 iter=3 nElems=524288 at t=14895846
Node 2 chan 0: RDMA send to 5 physically drained (sender side) bid=12 sid=0 iter=3 nElems=524288 at t=14904166
Node 3 chan 0: RDMA send to 4 physically drained (sender side) bid=10 sid=0 iter=3 nElems=524288 at t=14953000
Node 4 chan 0: RDMA send to 7 physically drained (sender side) bid=13 sid=0 iter=3 nElems=524288 at t=15001776
Node 6 chan 0: RDMA send to 4 physically drained (sender side) bid=12 sid=1 iter=3 nElems=524288 at t=15171936
Node 4 chan 0: RDMA send to 7 physically drained (sender side) bid=13 sid=0 iter=3 nElems=524288 at t=15171940
Node 2 chan 0: RDMA send to 6 physically drained (sender side) bid=13 sid=0 iter=3 nElems=524288 at t=15203530
Node 2 chan 0: RDMA send to 5 physically drained (sender side) bid=12 sid=0 iter=3 nElems=524288 at t=15241070
Node 2 chan 0: RDMA send to 6 totalBytes=2097152 over 1 lane(s) bid=13 sid=1 iter=3 part=0 rateGBps=6.25 at t=15241070
Node 2 chan 0: RDMA send to 6 totalBytes=2097152 over 1 lane(s) bid=13 sid=1 iter=3 part=1 rateGBps=6.25 at t=15241070
Node 4 chan 0: RDMA send to 7 physically drained (sender side) bid=13 sid=0 iter=3 nElems=524288 at t=15342068
Node 5 chan 0: RDMA send to 6 physically drained (sender side) bid=13 sid=0 iter=3 nElems=524288 at t=15386940
Node 5 chan 1: RDMA send to 0 physically drained (sender side) bid=7 sid=0 iter=2 nElems=524288 at t=15408548
GPU 0: iteration barrier releasing 13 threadblock(s) at t=15409850
Node 0 chan 0: RDMA send to 1 totalBytes=2097152 over 1 lane(s) bid=8 sid=0 iter=3 part=0 rateGBps=12.5 at t=15409850
Node 0 chan 0: RDMA send to 1 totalBytes=2097152 over 1 lane(s) bid=8 sid=0 iter=3 part=1 rateGBps=12.5 at t=15409850
Node 0 chan 0: RDMA send to 1 totalBytes=2097152 over 1 lane(s) bid=8 sid=0 iter=3 part=2 rateGBps=12.5 at t=15409850
Node 0 chan 0: RDMA send to 1 totalBytes=2097152 over 1 lane(s) bid=8 sid=0 iter=3 part=3 rateGBps=12.5 at t=15409850
Node 0 chan 0: RDMA send to 4 totalBytes=2097152 over 1 lane(s) bid=11 sid=0 iter=3 part=0 rateGBps=6.25 at t=15409850
Node 0 chan 0: RDMA send to 4 totalBytes=2097152 over 1 lane(s) bid=11 sid=0 iter=3 part=1 rateGBps=6.25 at t=15409850
Node 0 chan 0: RDMA send to 5 totalBytes=2097152 over 1 lane(s) bid=12 sid=0 iter=3 part=0 rateGBps=6.25 at t=15409850
Node 0 chan 0: RDMA send to 5 totalBytes=2097152 over 1 lane(s) bid=12 sid=0 iter=3 part=1 rateGBps=6.25 at t=15409850
Node 5 chan 0: RDMA send to 0 physically drained (sender side) bid=6 sid=0 iter=2 nElems=524288 at t=15413192
Node 5 chan 1: RDMA send to 2 physically drained (sender side) bid=9 sid=0 iter=3 nElems=524288 at t=15430274
Node 5 chan 0: RDMA send to 2 physically drained (sender side) bid=8 sid=0 iter=3 nElems=524288 at t=15430942
Node 7 chan 0: RDMA send to 6 totalBytes=2097152 over 1 lane(s) bid=3 sid=0 iter=3 part=0 rateGBps=12.5 at t=15510560
Node 7 chan 0: RDMA send to 6 totalBytes=2097152 over 1 lane(s) bid=3 sid=0 iter=3 part=1 rateGBps=12.5 at t=15510560
Node 7 chan 0: RDMA send to 6 totalBytes=2097152 over 1 lane(s) bid=3 sid=0 iter=3 part=2 rateGBps=12.5 at t=15510560
Node 7 chan 0: RDMA send to 6 totalBytes=2097152 over 1 lane(s) bid=3 sid=0 iter=3 part=3 rateGBps=12.5 at t=15510560
GPU 7: iteration barrier releasing 4 threadblock(s) at t=15510560
Node 6 chan 0: RDMA send to 4 physically drained (sender side) bid=12 sid=1 iter=3 nElems=524288 at t=15511680
Node 4 chan 0: RDMA send to 7 physically drained (sender side) bid=13 sid=0 iter=3 nElems=524288 at t=15512002
Node 4 chan 1: RDMA send to 0 totalBytes=2097152 over 1 lane(s) bid=7 sid=0 iter=3 part=0 rateGBps=6.25 at t=15512002
Node 4 chan 1: RDMA send to 0 totalBytes=2097152 over 1 lane(s) bid=7 sid=0 iter=3 part=1 rateGBps=6.25 at t=15512002
Node 4 chan 0: RDMA send to 0 totalBytes=2097152 over 1 lane(s) bid=6 sid=0 iter=3 part=0 rateGBps=6.25 at t=15512002
Node 4 chan 0: RDMA send to 0 totalBytes=2097152 over 1 lane(s) bid=6 sid=0 iter=3 part=1 rateGBps=6.25 at t=15512002
Node 6 chan 1: RDMA send to 3 physically drained (sender side) bid=11 sid=1 iter=3 nElems=524288 at t=15514070
Node 6 chan 0: RDMA send to 3 physically drained (sender side) bid=10 sid=1 iter=3 nElems=524288 at t=15514734
Node 6 chan 0: RDMA send to 2 totalBytes=2097152 over 1 lane(s) bid=8 sid=0 iter=3 part=0 rateGBps=6.25 at t=15514734
Node 6 chan 0: RDMA send to 2 totalBytes=2097152 over 1 lane(s) bid=8 sid=0 iter=3 part=1 rateGBps=6.25 at t=15514734
Node 6 chan 1: RDMA send to 2 totalBytes=2097152 over 1 lane(s) bid=9 sid=0 iter=3 part=0 rateGBps=6.25 at t=15514734
Node 6 chan 1: RDMA send to 2 totalBytes=2097152 over 1 lane(s) bid=9 sid=0 iter=3 part=1 rateGBps=6.25 at t=15514734
Node 2 chan 0: RDMA send to 5 physically drained (sender side) bid=12 sid=1 iter=3 nElems=524288 at t=15581090
Node 0 chan 0: RDMA send to 1 physically drained (sender side) bid=8 sid=0 iter=3 nElems=524288 at t=15582638
Node 2 chan 0: RDMA send to 6 physically drained (sender side) bid=13 sid=1 iter=3 nElems=524288 at t=15588738
Node 7 chan 0: RDMA send to 6 physically drained (sender side) bid=3 sid=0 iter=3 nElems=524288 at t=15683348
Node 0 chan 0: RDMA send to 1 physically drained (sender side) bid=8 sid=0 iter=3 nElems=524288 at t=15752622
Node 0 chan 0: RDMA send to 4 physically drained (sender side) bid=11 sid=0 iter=3 nElems=524288 at t=15758190
Node 0 chan 0: RDMA send to 5 physically drained (sender side) bid=12 sid=0 iter=3 nElems=524288 at t=15758194
Node 7 chan 0: RDMA send to 6 physically drained (sender side) bid=3 sid=0 iter=3 nElems=524288 at t=15853332
Node 4 chan 0: RDMA send to 0 physically drained (sender side) bid=6 sid=0 iter=3 nElems=524288 at t=15883130
Node 4 chan 1: RDMA send to 0 physically drained (sender side) bid=7 sid=0 iter=3 nElems=524288 at t=15883878
Node 2 chan 0: RDMA send to 5 physically drained (sender side) bid=12 sid=1 iter=3 nElems=524288 at t=15921570
Node 0 chan 0: RDMA send to 1 physically drained (sender side) bid=8 sid=0 iter=3 nElems=524288 at t=15922606
Node 2 chan 0: RDMA send to 6 physically drained (sender side) bid=13 sid=1 iter=3 nElems=524288 at t=15928550
Node 5 chan 0: RDMA send to 2 physically drained (sender side) bid=8 sid=0 iter=3 nElems=524288 at t=16017726
Node 5 chan 0: RDMA send to 6 totalBytes=2097152 over 1 lane(s) bid=13 sid=1 iter=3 part=0 rateGBps=6.25 at t=16017726
Node 5 chan 0: RDMA send to 6 totalBytes=2097152 over 1 lane(s) bid=13 sid=1 iter=3 part=1 rateGBps=6.25 at t=16017726
Node 5 chan 1: RDMA send to 3 totalBytes=2097152 over 1 lane(s) bid=11 sid=1 iter=3 part=0 rateGBps=3.125 at t=16017726
Node 5 chan 0: RDMA send to 3 totalBytes=2097152 over 1 lane(s) bid=10 sid=1 iter=3 part=0 rateGBps=3.125 at t=16017726
Node 5 chan 1: RDMA send to 2 physically drained (sender side) bid=9 sid=0 iter=3 nElems=524288 at t=16017730
Node 7 chan 0: RDMA send to 6 physically drained (sender side) bid=3 sid=0 iter=3 nElems=524288 at t=16023316
Node 1 chan 1: RDMA send to 6 totalBytes=2097152 over 1 lane(s) bid=4 sid=0 iter=3 part=0 rateGBps=6.25 at t=16091186
Node 1 chan 1: RDMA send to 6 totalBytes=2097152 over 1 lane(s) bid=4 sid=0 iter=3 part=1 rateGBps=6.25 at t=16091186
Node 1 chan 0: RDMA send to 6 totalBytes=2097152 over 1 lane(s) bid=3 sid=0 iter=3 part=0 rateGBps=6.25 at t=16091186
Node 1 chan 0: RDMA send to 6 totalBytes=2097152 over 1 lane(s) bid=3 sid=0 iter=3 part=1 rateGBps=6.25 at t=16091186
Node 0 chan 0: RDMA send to 1 physically drained (sender side) bid=8 sid=0 iter=3 nElems=524288 at t=16092590
Node 0 chan 0: RDMA send to 5 physically drained (sender side) bid=12 sid=0 iter=3 nElems=524288 at t=16097982
Node 0 chan 0: RDMA send to 4 physically drained (sender side) bid=11 sid=0 iter=3 nElems=524288 at t=16097986
Node 0 chan 0: RDMA send to 3 totalBytes=2097152 over 1 lane(s) bid=10 sid=0 iter=3 part=0 rateGBps=12.5 at t=16097986
Node 0 chan 0: RDMA send to 3 totalBytes=2097152 over 1 lane(s) bid=10 sid=0 iter=3 part=1 rateGBps=12.5 at t=16097986
Node 0 chan 0: RDMA send to 3 totalBytes=2097152 over 1 lane(s) bid=10 sid=0 iter=3 part=2 rateGBps=12.5 at t=16097986
Node 0 chan 0: RDMA send to 3 totalBytes=2097152 over 1 lane(s) bid=10 sid=0 iter=3 part=3 rateGBps=12.5 at t=16097986
Node 6 chan 0: RDMA send to 2 physically drained (sender side) bid=8 sid=0 iter=3 nElems=524288 at t=16116158
Node 6 chan 1: RDMA send to 2 physically drained (sender side) bid=9 sid=0 iter=3 nElems=524288 at t=16119814
Node 7 chan 0: RDMA send to 6 physically drained (sender side) bid=3 sid=0 iter=3 nElems=524288 at t=16193300
Node 4 chan 1: RDMA send to 0 physically drained (sender side) bid=7 sid=0 iter=3 nElems=524288 at t=16267238
Node 4 chan 0: RDMA send to 0 physically drained (sender side) bid=6 sid=0 iter=3 nElems=524288 at t=16270254
Node 4 chan 1: RDMA send to 3 totalBytes=2097152 over 1 lane(s) bid=11 sid=0 iter=3 part=0 rateGBps=6.25 at t=16270254
Node 4 chan 1: RDMA send to 3 totalBytes=2097152 over 1 lane(s) bid=11 sid=0 iter=3 part=1 rateGBps=6.25 at t=16270254
Node 4 chan 0: RDMA send to 3 totalBytes=2097152 over 1 lane(s) bid=10 sid=0 iter=3 part=0 rateGBps=6.25 at t=16270254
Node 4 chan 0: RDMA send to 3 totalBytes=2097152 over 1 lane(s) bid=10 sid=0 iter=3 part=1 rateGBps=6.25 at t=16270254
Node 6 chan 0: RDMA send to 2 physically drained (sender side) bid=8 sid=0 iter=3 nElems=524288 at t=16497570
Node 6 chan 1: RDMA send to 2 physically drained (sender side) bid=9 sid=0 iter=3 nElems=524288 at t=16498570
Node 1 chan 1: RDMA send to 6 physically drained (sender side) bid=4 sid=0 iter=3 nElems=524288 at t=16554838
Node 1 chan 0: RDMA send to 6 physically drained (sender side) bid=3 sid=0 iter=3 nElems=524288 at t=16558822
Node 5 chan 0: RDMA send to 6 physically drained (sender side) bid=13 sid=1 iter=3 nElems=524288 at t=16610534
Node 0 chan 0: RDMA send to 3 physically drained (sender side) bid=10 sid=0 iter=3 nElems=524288 at t=16729602
Node 5 chan 1: RDMA send to 3 physically drained (sender side) bid=11 sid=1 iter=3 nElems=524288 at t=16821252
Node 5 chan 0: RDMA send to 3 physically drained (sender side) bid=10 sid=1 iter=3 nElems=524288 at t=16822974
Node 4 chan 1: RDMA send to 3 physically drained (sender side) bid=11 sid=0 iter=3 nElems=524288 at t=16970714
Node 4 chan 0: RDMA send to 3 physically drained (sender side) bid=10 sid=0 iter=3 nElems=524288 at t=16975694
Node 1 chan 1: RDMA send to 6 physically drained (sender side) bid=4 sid=0 iter=3 nElems=524288 at t=17010042
Node 1 chan 0: RDMA send to 6 physically drained (sender side) bid=3 sid=0 iter=3 nElems=524288 at t=17013330
Node 1 chan 0: RDMA send to 0 totalBytes=2097152 over 1 lane(s) bid=2 sid=0 iter=3 part=0 rateGBps=12.5 at t=17013330
Node 1 chan 0: RDMA send to 0 totalBytes=2097152 over 1 lane(s) bid=2 sid=0 iter=3 part=1 rateGBps=12.5 at t=17013330
Node 1 chan 0: RDMA send to 0 totalBytes=2097152 over 1 lane(s) bid=2 sid=0 iter=3 part=2 rateGBps=12.5 at t=17013330
Node 1 chan 0: RDMA send to 0 totalBytes=2097152 over 1 lane(s) bid=2 sid=0 iter=3 part=3 rateGBps=12.5 at t=17013330
GPU 1: iteration barrier releasing 5 threadblock(s) at t=17013330
Node 5 chan 0: RDMA send to 6 physically drained (sender side) bid=13 sid=1 iter=3 nElems=524288 at t=17136260
Node 1 chan 0: RDMA send to 0 physically drained (sender side) bid=2 sid=0 iter=3 nElems=524288 at t=17186118
Node 1 chan 0: RDMA send to 0 physically drained (sender side) bid=2 sid=0 iter=3 nElems=524288 at t=17356102
Node 4 chan 1: RDMA send to 3 physically drained (sender side) bid=11 sid=0 iter=3 nElems=524288 at t=17423230
Node 3 chan 0: RDMA send to 4 totalBytes=2097152 over 1 lane(s) bid=10 sid=1 iter=3 part=0 rateGBps=6.25 at t=17426722
Node 3 chan 0: RDMA send to 4 totalBytes=2097152 over 1 lane(s) bid=10 sid=1 iter=3 part=1 rateGBps=6.25 at t=17426722
Node 3 chan 0: RDMA send to 6 totalBytes=2097152 over 1 lane(s) bid=13 sid=1 iter=3 part=0 rateGBps=6.25 at t=17426722
Node 3 chan 0: RDMA send to 6 totalBytes=2097152 over 1 lane(s) bid=13 sid=1 iter=3 part=1 rateGBps=6.25 at t=17426722
Node 0 chan 0: RDMA send to 3 physically drained (sender side) bid=10 sid=0 iter=3 nElems=524288 at t=17429130
Node 4 chan 0: RDMA send to 3 physically drained (sender side) bid=10 sid=0 iter=3 nElems=524288 at t=17429538
Node 1 chan 0: RDMA send to 0 physically drained (sender side) bid=2 sid=0 iter=3 nElems=524288 at t=17526086
Node 0 chan 0: RDMA send to 3 physically drained (sender side) bid=10 sid=0 iter=3 nElems=524288 at t=17599410
Node 1 chan 0: RDMA send to 0 physically drained (sender side) bid=2 sid=0 iter=3 nElems=524288 at t=17696070
GPU 3: iteration barrier releasing 14 threadblock(s) at t=17768182
Node 3 chan 0: RDMA send to 2 totalBytes=2097152 over 1 lane(s) bid=9 sid=0 iter=4 part=0 rateGBps=12.5 at t=17768182
Node 3 chan 0: RDMA send to 2 totalBytes=2097152 over 1 lane(s) bid=9 sid=0 iter=4 part=1 rateGBps=12.5 at t=17768182
Node 3 chan 0: RDMA send to 2 totalBytes=2097152 over 1 lane(s) bid=9 sid=0 iter=4 part=2 rateGBps=12.5 at t=17768182
Node 3 chan 0: RDMA send to 2 totalBytes=2097152 over 1 lane(s) bid=9 sid=0 iter=4 part=3 rateGBps=12.5 at t=17768182
Node 3 chan 0: RDMA send to 5 totalBytes=2097152 over 1 lane(s) bid=11 sid=0 iter=4 part=0 rateGBps=6.25 at t=17768182
Node 3 chan 0: RDMA send to 5 totalBytes=2097152 over 1 lane(s) bid=11 sid=0 iter=4 part=1 rateGBps=6.25 at t=17768182
Node 3 chan 0: RDMA send to 6 totalBytes=2097152 over 1 lane(s) bid=13 sid=0 iter=4 part=0 rateGBps=6.25 at t=17768182
Node 3 chan 0: RDMA send to 6 totalBytes=2097152 over 1 lane(s) bid=13 sid=0 iter=4 part=1 rateGBps=6.25 at t=17768182
Node 0 chan 0: RDMA send to 3 physically drained (sender side) bid=10 sid=0 iter=3 nElems=524288 at t=17769690
Node 0 chan 0: RDMA send to 2 totalBytes=2097152 over 1 lane(s) bid=9 sid=0 iter=3 part=0 rateGBps=12.5 at t=17769690
Node 0 chan 0: RDMA send to 2 totalBytes=2097152 over 1 lane(s) bid=9 sid=0 iter=3 part=1 rateGBps=12.5 at t=17769690
Node 0 chan 0: RDMA send to 2 totalBytes=2097152 over 1 lane(s) bid=9 sid=0 iter=3 part=2 rateGBps=12.5 at t=17769690
Node 0 chan 0: RDMA send to 2 totalBytes=2097152 over 1 lane(s) bid=9 sid=0 iter=3 part=3 rateGBps=12.5 at t=17769690
Node 3 chan 0: RDMA send to 6 physically drained (sender side) bid=13 sid=1 iter=3 nElems=524288 at t=17773562
Node 3 chan 0: RDMA send to 4 physically drained (sender side) bid=10 sid=1 iter=3 nElems=524288 at t=17773894
Node 3 chan 0: RDMA send to 2 physically drained (sender side) bid=9 sid=0 iter=4 nElems=524288 at t=17940970
Node 0 chan 0: RDMA send to 2 physically drained (sender side) bid=9 sid=0 iter=3 nElems=524288 at t=17942814
Node 3 chan 0: RDMA send to 2 physically drained (sender side) bid=9 sid=0 iter=4 nElems=524288 at t=18110954
Node 0 chan 0: RDMA send to 2 physically drained (sender side) bid=9 sid=0 iter=3 nElems=524288 at t=18112798
GPU 6: iteration barrier releasing 14 threadblock(s) at t=18280042
Node 6 chan 0: RDMA send to 3 totalBytes=2097152 over 1 lane(s) bid=10 sid=0 iter=4 part=0 rateGBps=3.125 at t=18280042
Node 6 chan 1: RDMA send to 3 totalBytes=2097152 over 1 lane(s) bid=11 sid=0 iter=4 part=0 rateGBps=3.125 at t=18280042
Node 6 chan 0: RDMA send to 4 totalBytes=2097152 over 1 lane(s) bid=12 sid=0 iter=4 part=0 rateGBps=6.25 at t=18280042
Node 6 chan 0: RDMA send to 4 totalBytes=2097152 over 1 lane(s) bid=12 sid=0 iter=4 part=1 rateGBps=6.25 at t=18280042
Node 6 chan 0: RDMA send to 7 totalBytes=2097152 over 1 lane(s) bid=13 sid=0 iter=4 part=0 rateGBps=12.5 at t=18280042
Node 6 chan 0: RDMA send to 7 totalBytes=2097152 over 1 lane(s) bid=13 sid=0 iter=4 part=1 rateGBps=12.5 at t=18280042
Node 6 chan 0: RDMA send to 7 totalBytes=2097152 over 1 lane(s) bid=13 sid=0 iter=4 part=2 rateGBps=12.5 at t=18280042
Node 6 chan 0: RDMA send to 7 totalBytes=2097152 over 1 lane(s) bid=13 sid=0 iter=4 part=3 rateGBps=12.5 at t=18280042
Node 3 chan 0: RDMA send to 2 physically drained (sender side) bid=9 sid=0 iter=4 nElems=524288 at t=18280938
Node 0 chan 0: RDMA send to 2 physically drained (sender side) bid=9 sid=0 iter=3 nElems=524288 at t=18282782
Node 3 chan 0: RDMA send to 6 physically drained (sender side) bid=13 sid=1 iter=3 nElems=524288 at t=18282858
Node 3 chan 0: RDMA send to 4 physically drained (sender side) bid=10 sid=1 iter=3 nElems=524288 at t=18284178
Node 3 chan 0: RDMA send to 5 physically drained (sender side) bid=11 sid=0 iter=4 nElems=524288 at t=18284514
Node 3 chan 0: RDMA send to 2 physically drained (sender side) bid=9 sid=0 iter=4 nElems=524288 at t=18450922
GPU 2: iteration barrier releasing 14 threadblock(s) at t=18451358
Node 2 chan 0: RDMA send to 0 totalBytes=2097152 over 1 lane(s) bid=8 sid=0 iter=4 part=0 rateGBps=12.5 at t=18451358
Node 2 chan 0: RDMA send to 0 totalBytes=2097152 over 1 lane(s) bid=8 sid=0 iter=4 part=1 rateGBps=12.5 at t=18451358
Node 2 chan 0: RDMA send to 0 totalBytes=2097152 over 1 lane(s) bid=8 sid=0 iter=4 part=2 rateGBps=12.5 at t=18451358
Node 2 chan 0: RDMA send to 0 totalBytes=2097152 over 1 lane(s) bid=8 sid=0 iter=4 part=3 rateGBps=12.5 at t=18451358
Node 2 chan 0: RDMA send to 3 totalBytes=2097152 over 1 lane(s) bid=9 sid=0 iter=4 part=0 rateGBps=12.5 at t=18451358
Node 2 chan 0: RDMA send to 3 totalBytes=2097152 over 1 lane(s) bid=9 sid=0 iter=4 part=1 rateGBps=12.5 at t=18451358
Node 2 chan 0: RDMA send to 3 totalBytes=2097152 over 1 lane(s) bid=9 sid=0 iter=4 part=2 rateGBps=12.5 at t=18451358
Node 2 chan 0: RDMA send to 3 totalBytes=2097152 over 1 lane(s) bid=9 sid=0 iter=4 part=3 rateGBps=12.5 at t=18451358
Node 0 chan 0: RDMA send to 2 physically drained (sender side) bid=9 sid=0 iter=3 nElems=524288 at t=18452766
Node 0 chan 0: RDMA send to 5 totalBytes=2097152 over 1 lane(s) bid=12 sid=1 iter=3 part=0 rateGBps=6.25 at t=18452766
Node 0 chan 0: RDMA send to 5 totalBytes=2097152 over 1 lane(s) bid=12 sid=1 iter=3 part=1 rateGBps=6.25 at t=18452766
Node 0 chan 0: RDMA send to 4 totalBytes=2097152 over 1 lane(s) bid=11 sid=1 iter=3 part=0 rateGBps=6.25 at t=18452766
Node 0 chan 0: RDMA send to 4 totalBytes=2097152 over 1 lane(s) bid=11 sid=1 iter=3 part=1 rateGBps=6.25 at t=18452766
Node 6 chan 0: RDMA send to 7 physically drained (sender side) bid=13 sid=0 iter=4 nElems=524288 at t=18452830
Node 6 chan 0: RDMA send to 7 physically drained (sender side) bid=13 sid=0 iter=4 nElems=524288 at t=18622814
Node 6 chan 0: RDMA send to 4 physically drained (sender side) bid=12 sid=0 iter=4 nElems=524288 at t=18623550
Node 2 chan 0: RDMA send to 3 physically drained (sender side) bid=9 sid=0 iter=4 nElems=524288 at t=18624146
Node 3 chan 0: RDMA send to 6 physically drained (sender side) bid=13 sid=0 iter=4 nElems=524288 at t=18624398
Node 3 chan 0: RDMA send to 5 physically drained (sender side) bid=11 sid=0 iter=4 nElems=524288 at t=18624734
Node 3 chan 0: RDMA send to 1 totalBytes=2097152 over 1 lane(s) bid=8 sid=0 iter=4 part=0 rateGBps=12.5 at t=18624734
Node 3 chan 0: RDMA send to 1 totalBytes=2097152 over 1 lane(s) bid=8 sid=0 iter=4 part=1 rateGBps=12.5 at t=18624734
Node 3 chan 0: RDMA send to 1 totalBytes=2097152 over 1 lane(s) bid=8 sid=0 iter=4 part=2 rateGBps=12.5 at t=18624734
Node 3 chan 0: RDMA send to 1 totalBytes=2097152 over 1 lane(s) bid=8 sid=0 iter=4 part=3 rateGBps=12.5 at t=18624734
Node 2 chan 0: RDMA send to 0 physically drained (sender side) bid=8 sid=0 iter=4 nElems=524288 at t=18624742
Node 6 chan 0: RDMA send to 7 physically drained (sender side) bid=13 sid=0 iter=4 nElems=524288 at t=18792798
Node 2 chan 0: RDMA send to 3 physically drained (sender side) bid=9 sid=0 iter=4 nElems=524288 at t=18794130
Node 2 chan 0: RDMA send to 0 physically drained (sender side) bid=8 sid=0 iter=4 nElems=524288 at t=18794982
Node 0 chan 0: RDMA send to 4 physically drained (sender side) bid=11 sid=1 iter=3 nElems=524288 at t=18800542
Node 0 chan 0: RDMA send to 5 physically drained (sender side) bid=12 sid=1 iter=3 nElems=524288 at t=18800878
Node 7 chan 0: RDMA send to 5 totalBytes=2097152 over 1 lane(s) bid=2 sid=0 iter=4 part=0 rateGBps=12.5 at t=18961378
Node 7 chan 0: RDMA send to 5 totalBytes=2097152 over 1 lane(s) bid=2 sid=0 iter=4 part=1 rateGBps=12.5 at t=18961378
Node 7 chan 0: RDMA send to 5 totalBytes=2097152 over 1 lane(s) bid=2 sid=0 iter=4 part=2 rateGBps=12.5 at t=18961378
Node 7 chan 0: RDMA send to 5 totalBytes=2097152 over 1 lane(s) bid=2 sid=0 iter=4 part=3 rateGBps=12.5 at t=18961378
Node 6 chan 0: RDMA send to 7 physically drained (sender side) bid=13 sid=0 iter=4 nElems=524288 at t=18962782
Node 3 chan 0: RDMA send to 6 physically drained (sender side) bid=13 sid=0 iter=4 nElems=524288 at t=18962962
Node 3 chan 0: RDMA send to 1 physically drained (sender side) bid=8 sid=0 iter=4 nElems=524288 at t=18963298
Node 6 chan 0: RDMA send to 4 physically drained (sender side) bid=12 sid=0 iter=4 nElems=524288 at t=18964030
Node 2 chan 0: RDMA send to 3 physically drained (sender side) bid=9 sid=0 iter=4 nElems=524288 at t=18964114
Node 2 chan 0: RDMA send to 0 physically drained (sender side) bid=8 sid=0 iter=4 nElems=524288 at t=18965222
Node 6 chan 1: RDMA send to 3 physically drained (sender side) bid=11 sid=0 iter=4 nElems=524288 at t=18965958
Node 6 chan 0: RDMA send to 3 physically drained (sender side) bid=10 sid=0 iter=4 nElems=524288 at t=18966622
Node 6 chan 1: RDMA send to 0 totalBytes=2097152 over 1 lane(s) bid=7 sid=0 iter=4 part=0 rateGBps=6.25 at t=18966622
Node 6 chan 1: RDMA send to 0 totalBytes=2097152 over 1 lane(s) bid=7 sid=0 iter=4 part=1 rateGBps=6.25 at t=18966622
Node 6 chan 0: RDMA send to 0 totalBytes=2097152 over 1 lane(s) bid=6 sid=0 iter=4 part=0 rateGBps=6.25 at t=18966622
Node 6 chan 0: RDMA send to 0 totalBytes=2097152 over 1 lane(s) bid=6 sid=0 iter=4 part=1 rateGBps=6.25 at t=18966622
Node 3 chan 0: RDMA send to 1 physically drained (sender side) bid=8 sid=0 iter=4 nElems=524288 at t=19133148
Node 2 chan 0: RDMA send to 3 physically drained (sender side) bid=9 sid=0 iter=4 nElems=524288 at t=19134098
GPU 4: iteration barrier releasing 14 threadblock(s) at t=19137550
Node 4 chan 0: RDMA send to 2 totalBytes=2097152 over 1 lane(s) bid=8 sid=0 iter=4 part=0 rateGBps=6.25 at t=19137550
Node 4 chan 0: RDMA send to 2 totalBytes=2097152 over 1 lane(s) bid=8 sid=0 iter=4 part=1 rateGBps=6.25 at t=19137550
Node 4 chan 1: RDMA send to 2 totalBytes=2097152 over 1 lane(s) bid=9 sid=0 iter=4 part=0 rateGBps=6.25 at t=19137550
Node 4 chan 1: RDMA send to 2 totalBytes=2097152 over 1 lane(s) bid=9 sid=0 iter=4 part=1 rateGBps=6.25 at t=19137550
Node 4 chan 0: RDMA send to 5 totalBytes=2097152 over 1 lane(s) bid=12 sid=0 iter=4 part=0 rateGBps=12.5 at t=19137550
Node 4 chan 0: RDMA send to 5 totalBytes=2097152 over 1 lane(s) bid=12 sid=0 iter=4 part=1 rateGBps=12.5 at t=19137550
Node 4 chan 0: RDMA send to 5 totalBytes=2097152 over 1 lane(s) bid=12 sid=0 iter=4 part=2 rateGBps=12.5 at t=19137550
Node 4 chan 0: RDMA send to 5 totalBytes=2097152 over 1 lane(s) bid=12 sid=0 iter=4 part=3 rateGBps=12.5 at t=19137550
Node 0 chan 0: RDMA send to 4 physically drained (sender side) bid=11 sid=1 iter=3 nElems=524288 at t=19140686
Node 5 chan 0: RDMA send to 0 totalBytes=2097152 over 1 lane(s) bid=6 sid=0 iter=3 part=0 rateGBps=6.25 at t=19144382
Node 5 chan 0: RDMA send to 0 totalBytes=2097152 over 1 lane(s) bid=6 sid=0 iter=3 part=1 rateGBps=6.25 at t=19144382
Node 5 chan 1: RDMA send to 0 totalBytes=2097152 over 1 lane(s) bid=7 sid=0 iter=3 part=0 rateGBps=6.25 at t=19144382
Node 5 chan 1: RDMA send to 0 totalBytes=2097152 over 1 lane(s) bid=7 sid=0 iter=3 part=1 rateGBps=6.25 at t=19144382
GPU 5: iteration barrier releasing 14 threadblock(s) at t=19144382
Node 5 chan 0: RDMA send to 3 totalBytes=2097152 over 1 lane(s) bid=10 sid=0 iter=4 part=0 rateGBps=3.125 at t=19144382
Node 5 chan 1: RDMA send to 3 totalBytes=2097152 over 1 lane(s) bid=11 sid=0 iter=4 part=0 rateGBps=3.125 at t=19144382
Node 5 chan 0: RDMA send to 4 totalBytes=2097152 over 1 lane(s) bid=12 sid=0 iter=4 part=0 rateGBps=12.5 at t=19144382
Node 5 chan 0: RDMA send to 4 totalBytes=2097152 over 1 lane(s) bid=12 sid=0 iter=4 part=1 rateGBps=12.5 at t=19144382
Node 5 chan 0: RDMA send to 4 totalBytes=2097152 over 1 lane(s) bid=12 sid=0 iter=4 part=2 rateGBps=12.5 at t=19144382
Node 5 chan 0: RDMA send to 4 totalBytes=2097152 over 1 lane(s) bid=12 sid=0 iter=4 part=3 rateGBps=12.5 at t=19144382
Node 5 chan 0: RDMA send to 6 totalBytes=2097152 over 1 lane(s) bid=13 sid=0 iter=4 part=0 rateGBps=6.25 at t=19144382
Node 5 chan 0: RDMA send to 6 totalBytes=2097152 over 1 lane(s) bid=13 sid=0 iter=4 part=1 rateGBps=6.25 at t=19144382
Node 0 chan 0: RDMA send to 5 physically drained (sender side) bid=12 sid=1 iter=3 nElems=524288 at t=19147666
Node 7 chan 0: RDMA send to 5 physically drained (sender side) bid=2 sid=0 iter=4 nElems=524288 at t=19221618
Node 3 chan 0: RDMA send to 1 physically drained (sender side) bid=8 sid=0 iter=4 nElems=524288 at t=19303370
Node 4 chan 0: RDMA send to 5 physically drained (sender side) bid=12 sid=0 iter=4 nElems=524288 at t=19310456
Node 5 chan 0: RDMA send to 4 physically drained (sender side) bid=12 sid=0 iter=4 nElems=524288 at t=19317236
Node 7 chan 0: RDMA send to 5 physically drained (sender side) bid=2 sid=0 iter=4 nElems=524288 at t=19391894
Node 3 chan 0: RDMA send to 1 physically drained (sender side) bid=8 sid=0 iter=4 nElems=524288 at t=19473304
Node 3 chan 1: RDMA send to 5 totalBytes=2097152 over 1 lane(s) bid=12 sid=0 iter=4 part=0 rateGBps=6.25 at t=19473304
Node 3 chan 1: RDMA send to 5 totalBytes=2097152 over 1 lane(s) bid=12 sid=0 iter=4 part=1 rateGBps=6.25 at t=19473304
Node 3 chan 0: RDMA send to 4 totalBytes=2097152 over 1 lane(s) bid=10 sid=0 iter=4 part=0 rateGBps=6.25 at t=19473304
Node 3 chan 0: RDMA send to 4 totalBytes=2097152 over 1 lane(s) bid=10 sid=0 iter=4 part=1 rateGBps=6.25 at t=19473304
Node 4 chan 0: RDMA send to 5 physically drained (sender side) bid=12 sid=0 iter=4 nElems=524288 at t=19480440
Node 5 chan 0: RDMA send to 4 physically drained (sender side) bid=12 sid=0 iter=4 nElems=524288 at t=19487220
Node 4 chan 0: RDMA send to 2 physically drained (sender side) bid=8 sid=0 iter=4 nElems=524288 at t=19564148
Node 4 chan 1: RDMA send to 2 physically drained (sender side) bid=9 sid=0 iter=4 nElems=524288 at t=19564812
Node 6 chan 1: RDMA send to 0 physically drained (sender side) bid=7 sid=0 iter=4 nElems=524288 at t=19630994
Node 6 chan 0: RDMA send to 0 physically drained (sender side) bid=6 sid=0 iter=4 nElems=524288 at t=19638564
Node 7 chan 0: RDMA send to 5 physically drained (sender side) bid=2 sid=0 iter=4 nElems=524288 at t=19638646
Node 4 chan 0: RDMA send to 5 physically drained (sender side) bid=12 sid=0 iter=4 nElems=524288 at t=19650424
Node 2 chan 0: RDMA send to 0 physically drained (sender side) bid=8 sid=0 iter=4 nElems=524288 at t=19655382
Node 2 chan 1: RDMA send to 4 totalBytes=2097152 over 1 lane(s) bid=11 sid=0 iter=4 part=0 rateGBps=6.25 at t=19655382
Node 2 chan 1: RDMA send to 4 totalBytes=2097152 over 1 lane(s) bid=11 sid=0 iter=4 part=1 rateGBps=6.25 at t=19655382
Node 2 chan 0: RDMA send to 4 totalBytes=2097152 over 1 lane(s) bid=10 sid=0 iter=4 part=0 rateGBps=6.25 at t=19655382
Node 2 chan 0: RDMA send to 4 totalBytes=2097152 over 1 lane(s) bid=10 sid=0 iter=4 part=1 rateGBps=6.25 at t=19655382
Node 5 chan 0: RDMA send to 4 physically drained (sender side) bid=12 sid=0 iter=4 nElems=524288 at t=19657204
Node 4 chan 0: RDMA send to 5 physically drained (sender side) bid=12 sid=0 iter=4 nElems=524288 at t=19820408
Node 5 chan 0: RDMA send to 4 physically drained (sender side) bid=12 sid=0 iter=4 nElems=524288 at t=19827122
Node 3 chan 1: RDMA send to 5 physically drained (sender side) bid=12 sid=0 iter=4 nElems=524288 at t=19827914
Node 3 chan 0: RDMA send to 4 physically drained (sender side) bid=10 sid=0 iter=4 nElems=524288 at t=19899058
Node 5 chan 0: RDMA send to 6 physically drained (sender side) bid=13 sid=0 iter=4 nElems=524288 at t=19971638
Node 7 chan 0: RDMA send to 5 physically drained (sender side) bid=2 sid=0 iter=4 nElems=524288 at t=19979526
Node 5 chan 1: RDMA send to 3 physically drained (sender side) bid=11 sid=0 iter=4 nElems=524288 at t=20000930
Node 5 chan 0: RDMA send to 3 physically drained (sender side) bid=10 sid=0 iter=4 nElems=524288 at t=20002664
Node 5 chan 1: RDMA send to 2 totalBytes=2097152 over 1 lane(s) bid=9 sid=0 iter=4 part=0 rateGBps=6.25 at t=20002664
Node 5 chan 1: RDMA send to 2 totalBytes=2097152 over 1 lane(s) bid=9 sid=0 iter=4 part=1 rateGBps=6.25 at t=20002664
Node 5 chan 0: RDMA send to 2 totalBytes=2097152 over 1 lane(s) bid=8 sid=0 iter=4 part=0 rateGBps=6.25 at t=20002664
Node 5 chan 0: RDMA send to 2 totalBytes=2097152 over 1 lane(s) bid=8 sid=0 iter=4 part=1 rateGBps=6.25 at t=20002664
Node 5 chan 0: RDMA send to 0 physically drained (sender side) bid=6 sid=0 iter=3 nElems=524288 at t=20059430
Node 4 chan 0: RDMA send to 2 physically drained (sender side) bid=8 sid=0 iter=4 nElems=524288 at t=20062668
Node 4 chan 0: RDMA send to 7 totalBytes=2097152 over 1 lane(s) bid=13 sid=0 iter=4 part=0 rateGBps=12.5 at t=20062668
Node 4 chan 0: RDMA send to 7 totalBytes=2097152 over 1 lane(s) bid=13 sid=0 iter=4 part=1 rateGBps=12.5 at t=20062668
Node 4 chan 0: RDMA send to 7 totalBytes=2097152 over 1 lane(s) bid=13 sid=0 iter=4 part=2 rateGBps=12.5 at t=20062668
Node 4 chan 0: RDMA send to 7 totalBytes=2097152 over 1 lane(s) bid=13 sid=0 iter=4 part=3 rateGBps=12.5 at t=20062668
Node 5 chan 1: RDMA send to 0 physically drained (sender side) bid=7 sid=0 iter=3 nElems=524288 at t=20062746
Node 4 chan 1: RDMA send to 2 physically drained (sender side) bid=9 sid=0 iter=4 nElems=524288 at t=20065000
Node 3 chan 1: RDMA send to 5 physically drained (sender side) bid=12 sid=0 iter=4 nElems=524288 at t=20160040
Node 2 chan 0: RDMA send to 4 physically drained (sender side) bid=10 sid=0 iter=4 nElems=524288 at t=20172980
Node 2 chan 1: RDMA send to 4 physically drained (sender side) bid=11 sid=0 iter=4 nElems=524288 at t=20175308
Node 6 chan 1: RDMA send to 0 physically drained (sender side) bid=7 sid=0 iter=4 nElems=524288 at t=20214632
Node 6 chan 0: RDMA send to 0 physically drained (sender side) bid=6 sid=0 iter=4 nElems=524288 at t=20223372
Node 6 chan 0: RDMA send to 4 totalBytes=2097152 over 1 lane(s) bid=12 sid=1 iter=4 part=0 rateGBps=6.25 at t=20223372
Node 6 chan 0: RDMA send to 4 totalBytes=2097152 over 1 lane(s) bid=12 sid=1 iter=4 part=1 rateGBps=6.25 at t=20223372
Node 6 chan 1: RDMA send to 3 totalBytes=2097152 over 1 lane(s) bid=11 sid=1 iter=4 part=0 rateGBps=3.125 at t=20223372
Node 6 chan 0: RDMA send to 3 totalBytes=2097152 over 1 lane(s) bid=10 sid=1 iter=4 part=0 rateGBps=3.125 at t=20223372
Node 4 chan 0: RDMA send to 7 physically drained (sender side) bid=13 sid=0 iter=4 nElems=524288 at t=20236236
Node 4 chan 0: RDMA send to 7 physically drained (sender side) bid=13 sid=0 iter=4 nElems=524288 at t=20406476
Node 3 chan 0: RDMA send to 4 physically drained (sender side) bid=10 sid=0 iter=4 nElems=524288 at t=20443232
Node 4 chan 0: RDMA send to 7 physically drained (sender side) bid=13 sid=0 iter=4 nElems=524288 at t=20576716
Node 2 chan 1: RDMA send to 4 physically drained (sender side) bid=11 sid=0 iter=4 nElems=524288 at t=20687656
Node 2 chan 0: RDMA send to 4 physically drained (sender side) bid=10 sid=0 iter=4 nElems=524288 at t=20690904
Node 2 chan 0: RDMA send to 6 totalBytes=2097152 over 1 lane(s) bid=13 sid=0 iter=4 part=0 rateGBps=6.25 at t=20690904
Node 2 chan 0: RDMA send to 6 totalBytes=2097152 over 1 lane(s) bid=13 sid=0 iter=4 part=1 rateGBps=6.25 at t=20690904
Node 2 chan 0: RDMA send to 5 totalBytes=2097152 over 1 lane(s) bid=12 sid=0 iter=4 part=0 rateGBps=6.25 at t=20690904
Node 2 chan 0: RDMA send to 5 totalBytes=2097152 over 1 lane(s) bid=12 sid=0 iter=4 part=1 rateGBps=6.25 at t=20690904
Node 2 chan 0: RDMA send to 5 totalBytes=2097152 over 1 lane(s) bid=12 sid=1 iter=4 part=0 rateGBps=6.25 at t=20690904
Node 2 chan 0: RDMA send to 5 totalBytes=2097152 over 1 lane(s) bid=12 sid=1 iter=4 part=1 rateGBps=6.25 at t=20690904
Node 7 chan 0: RDMA send to 6 totalBytes=2097152 over 1 lane(s) bid=3 sid=0 iter=4 part=0 rateGBps=12.5 at t=20745496
Node 7 chan 0: RDMA send to 6 totalBytes=2097152 over 1 lane(s) bid=3 sid=0 iter=4 part=1 rateGBps=12.5 at t=20745496
Node 7 chan 0: RDMA send to 6 totalBytes=2097152 over 1 lane(s) bid=3 sid=0 iter=4 part=2 rateGBps=12.5 at t=20745496
Node 7 chan 0: RDMA send to 6 totalBytes=2097152 over 1 lane(s) bid=3 sid=0 iter=4 part=3 rateGBps=12.5 at t=20745496
GPU 7: iteration barrier releasing 4 threadblock(s) at t=20745496
Node 4 chan 0: RDMA send to 7 physically drained (sender side) bid=13 sid=0 iter=4 nElems=524288 at t=20746904
Node 4 chan 1: RDMA send to 0 totalBytes=2097152 over 1 lane(s) bid=7 sid=0 iter=4 part=0 rateGBps=6.25 at t=20746904
Node 4 chan 1: RDMA send to 0 totalBytes=2097152 over 1 lane(s) bid=7 sid=0 iter=4 part=1 rateGBps=6.25 at t=20746904
Node 4 chan 0: RDMA send to 0 totalBytes=2097152 over 1 lane(s) bid=6 sid=0 iter=4 part=0 rateGBps=6.25 at t=20746904
Node 4 chan 0: RDMA send to 0 totalBytes=2097152 over 1 lane(s) bid=6 sid=0 iter=4 part=1 rateGBps=6.25 at t=20746904
Node 5 chan 0: RDMA send to 6 physically drained (sender side) bid=13 sid=0 iter=4 nElems=524288 at t=20785064
Node 6 chan 0: RDMA send to 4 physically drained (sender side) bid=12 sid=1 iter=4 nElems=524288 at t=20827252
Node 5 chan 1: RDMA send to 2 physically drained (sender side) bid=9 sid=0 iter=4 nElems=524288 at t=20858144
Node 5 chan 0: RDMA send to 2 physically drained (sender side) bid=8 sid=0 iter=4 nElems=524288 at t=20858156
GPU 0: iteration barrier releasing 13 threadblock(s) at t=20890472
Node 0 chan 0: RDMA send to 1 totalBytes=2097152 over 1 lane(s) bid=8 sid=0 iter=4 part=0 rateGBps=12.5 at t=20890472
Node 0 chan 0: RDMA send to 1 totalBytes=2097152 over 1 lane(s) bid=8 sid=0 iter=4 part=1 rateGBps=12.5 at t=20890472
Node 0 chan 0: RDMA send to 1 totalBytes=2097152 over 1 lane(s) bid=8 sid=0 iter=4 part=2 rateGBps=12.5 at t=20890472
Node 0 chan 0: RDMA send to 1 totalBytes=2097152 over 1 lane(s) bid=8 sid=0 iter=4 part=3 rateGBps=12.5 at t=20890472
Node 0 chan 0: RDMA send to 4 totalBytes=2097152 over 1 lane(s) bid=11 sid=0 iter=4 part=0 rateGBps=6.25 at t=20890472
Node 0 chan 0: RDMA send to 4 totalBytes=2097152 over 1 lane(s) bid=11 sid=0 iter=4 part=1 rateGBps=6.25 at t=20890472
Node 0 chan 0: RDMA send to 5 totalBytes=2097152 over 1 lane(s) bid=12 sid=0 iter=4 part=0 rateGBps=6.25 at t=20890472
Node 0 chan 0: RDMA send to 5 totalBytes=2097152 over 1 lane(s) bid=12 sid=0 iter=4 part=1 rateGBps=6.25 at t=20890472
Node 5 chan 0: RDMA send to 0 physically drained (sender side) bid=6 sid=0 iter=3 nElems=524288 at t=20891384
Node 5 chan 1: RDMA send to 0 physically drained (sender side) bid=7 sid=0 iter=3 nElems=524288 at t=20893380
Node 7 chan 0: RDMA send to 6 physically drained (sender side) bid=3 sid=0 iter=4 nElems=524288 at t=20918284
Node 6 chan 0: RDMA send to 3 physically drained (sender side) bid=10 sid=1 iter=4 nElems=524288 at t=20922336
Node 6 chan 0: RDMA send to 2 totalBytes=2097152 over 1 lane(s) bid=8 sid=0 iter=4 part=0 rateGBps=6.25 at t=20922336
Node 6 chan 0: RDMA send to 2 totalBytes=2097152 over 1 lane(s) bid=8 sid=0 iter=4 part=1 rateGBps=6.25 at t=20922336
Node 6 chan 1: RDMA send to 2 totalBytes=2097152 over 1 lane(s) bid=9 sid=0 iter=4 part=0 rateGBps=6.25 at t=20922336
Node 6 chan 1: RDMA send to 2 totalBytes=2097152 over 1 lane(s) bid=9 sid=0 iter=4 part=1 rateGBps=6.25 at t=20922336
Node 6 chan 1: RDMA send to 3 physically drained (sender side) bid=11 sid=1 iter=4 nElems=524288 at t=20923000
Node 2 chan 0: RDMA send to 5 physically drained (sender side) bid=12 sid=0 iter=4 nElems=524288 at t=21038528
Node 2 chan 0: RDMA send to 6 physically drained (sender side) bid=13 sid=0 iter=4 nElems=524288 at t=21038532
Node 0 chan 0: RDMA send to 1 physically drained (sender side) bid=8 sid=0 iter=4 nElems=524288 at t=21063260
Node 7 chan 0: RDMA send to 6 physically drained (sender side) bid=3 sid=0 iter=4 nElems=524288 at t=21088268
Node 4 chan 1: RDMA send to 0 physically drained (sender side) bid=7 sid=0 iter=4 nElems=524288 at t=21170488
Node 4 chan 0: RDMA send to 0 physically drained (sender side) bid=6 sid=0 iter=4 nElems=524288 at t=21172484
Node 6 chan 0: RDMA send to 4 physically drained (sender side) bid=12 sid=1 iter=4 nElems=524288 at t=21189048
Node 0 chan 0: RDMA send to 1 physically drained (sender side) bid=8 sid=0 iter=4 nElems=524288 at t=21233244
Node 0 chan 0: RDMA send to 5 physically drained (sender side) bid=12 sid=0 iter=4 nElems=524288 at t=21238360
Node 0 chan 0: RDMA send to 4 physically drained (sender side) bid=11 sid=0 iter=4 nElems=524288 at t=21239028
Node 7 chan 0: RDMA send to 6 physically drained (sender side) bid=3 sid=0 iter=4 nElems=524288 at t=21258252
Node 2 chan 0: RDMA send to 6 physically drained (sender side) bid=13 sid=0 iter=4 nElems=524288 at t=21379008
Node 2 chan 0: RDMA send to 5 physically drained (sender side) bid=12 sid=0 iter=4 nElems=524288 at t=21379676
Node 2 chan 0: RDMA send to 6 totalBytes=2097152 over 1 lane(s) bid=13 sid=1 iter=4 part=0 rateGBps=6.25 at t=21379676
Node 2 chan 0: RDMA send to 6 totalBytes=2097152 over 1 lane(s) bid=13 sid=1 iter=4 part=1 rateGBps=6.25 at t=21379676
Node 0 chan 0: RDMA send to 1 physically drained (sender side) bid=8 sid=0 iter=4 nElems=524288 at t=21403228
Node 7 chan 0: RDMA send to 6 physically drained (sender side) bid=3 sid=0 iter=4 nElems=524288 at t=21428236
Node 5 chan 0: RDMA send to 2 physically drained (sender side) bid=8 sid=0 iter=4 nElems=524288 at t=21470000
Node 5 chan 0: RDMA send to 6 totalBytes=2097152 over 1 lane(s) bid=13 sid=1 iter=4 part=0 rateGBps=6.25 at t=21470000
Node 5 chan 0: RDMA send to 6 totalBytes=2097152 over 1 lane(s) bid=13 sid=1 iter=4 part=1 rateGBps=6.25 at t=21470000
Node 5 chan 1: RDMA send to 3 totalBytes=2097152 over 1 lane(s) bid=11 sid=1 iter=4 part=0 rateGBps=3.125 at t=21470000
Node 5 chan 0: RDMA send to 3 totalBytes=2097152 over 1 lane(s) bid=10 sid=1 iter=4 part=0 rateGBps=3.125 at t=21470000
Node 5 chan 1: RDMA send to 2 physically drained (sender side) bid=9 sid=0 iter=4 nElems=524288 at t=21472660
Node 4 chan 1: RDMA send to 0 physically drained (sender side) bid=7 sid=0 iter=4 nElems=524288 at t=21513004
Node 4 chan 0: RDMA send to 0 physically drained (sender side) bid=6 sid=0 iter=4 nElems=524288 at t=21513668
Node 4 chan 1: RDMA send to 3 totalBytes=2097152 over 1 lane(s) bid=11 sid=0 iter=4 part=0 rateGBps=6.25 at t=21513668
Node 4 chan 1: RDMA send to 3 totalBytes=2097152 over 1 lane(s) bid=11 sid=0 iter=4 part=1 rateGBps=6.25 at t=21513668
Node 4 chan 0: RDMA send to 3 totalBytes=2097152 over 1 lane(s) bid=10 sid=0 iter=4 part=0 rateGBps=6.25 at t=21513668
Node 4 chan 0: RDMA send to 3 totalBytes=2097152 over 1 lane(s) bid=10 sid=0 iter=4 part=1 rateGBps=6.25 at t=21513668
Node 6 chan 1: RDMA send to 2 physically drained (sender side) bid=9 sid=0 iter=4 nElems=524288 at t=21552908
Node 6 chan 0: RDMA send to 2 physically drained (sender side) bid=8 sid=0 iter=4 nElems=524288 at t=21553908
Node 1 chan 1: RDMA send to 6 totalBytes=2097152 over 1 lane(s) bid=4 sid=0 iter=4 part=0 rateGBps=6.25 at t=21571808
Node 1 chan 1: RDMA send to 6 totalBytes=2097152 over 1 lane(s) bid=4 sid=0 iter=4 part=1 rateGBps=6.25 at t=21571808
Node 1 chan 0: RDMA send to 6 totalBytes=2097152 over 1 lane(s) bid=3 sid=0 iter=4 part=0 rateGBps=6.25 at t=21571808
Node 1 chan 0: RDMA send to 6 totalBytes=2097152 over 1 lane(s) bid=3 sid=0 iter=4 part=1 rateGBps=6.25 at t=21571808
Node 0 chan 0: RDMA send to 1 physically drained (sender side) bid=8 sid=0 iter=4 nElems=524288 at t=21573212
Node 0 chan 0: RDMA send to 5 physically drained (sender side) bid=12 sid=0 iter=4 nElems=524288 at t=21579188
Node 0 chan 0: RDMA send to 4 physically drained (sender side) bid=11 sid=0 iter=4 nElems=524288 at t=21579616
Node 0 chan 0: RDMA send to 3 totalBytes=2097152 over 1 lane(s) bid=10 sid=0 iter=4 part=0 rateGBps=12.5 at t=21579616
Node 0 chan 0: RDMA send to 3 totalBytes=2097152 over 1 lane(s) bid=10 sid=0 iter=4 part=1 rateGBps=12.5 at t=21579616
Node 0 chan 0: RDMA send to 3 totalBytes=2097152 over 1 lane(s) bid=10 sid=0 iter=4 part=2 rateGBps=12.5 at t=21579616
Node 0 chan 0: RDMA send to 3 totalBytes=2097152 over 1 lane(s) bid=10 sid=0 iter=4 part=3 rateGBps=12.5 at t=21579616
Node 2 chan 0: RDMA send to 5 physically drained (sender side) bid=12 sid=1 iter=4 nElems=524288 at t=21717800
Node 2 chan 0: RDMA send to 6 physically drained (sender side) bid=13 sid=1 iter=4 nElems=524288 at t=21861400
Node 6 chan 0: RDMA send to 2 physically drained (sender side) bid=8 sid=0 iter=4 nElems=524288 at t=21900116
Node 6 chan 1: RDMA send to 2 physically drained (sender side) bid=9 sid=0 iter=4 nElems=524288 at t=21900120
Node 2 chan 0: RDMA send to 5 physically drained (sender side) bid=12 sid=1 iter=4 nElems=524288 at t=22057620
Node 1 chan 1: RDMA send to 6 physically drained (sender side) bid=4 sid=0 iter=4 nElems=524288 at t=22198748
Node 1 chan 0: RDMA send to 6 physically drained (sender side) bid=3 sid=0 iter=4 nElems=524288 at t=22202839
Node 5 chan 0: RDMA send to 6 physically drained (sender side) bid=13 sid=1 iter=4 nElems=524288 at t=22205640
Node 4 chan 0: RDMA send to 3 physically drained (sender side) bid=10 sid=0 iter=4 nElems=524288 at t=22266646
Node 4 chan 1: RDMA send to 3 physically drained (sender side) bid=11 sid=0 iter=4 nElems=524288 at t=22274614
Node 5 chan 0: RDMA send to 3 physically drained (sender side) bid=10 sid=1 iter=4 nElems=524288 at t=22300018
Node 5 chan 1: RDMA send to 3 physically drained (sender side) bid=11 sid=1 iter=4 nElems=524288 at t=22306636
Node 2 chan 0: RDMA send to 6 physically drained (sender side) bid=13 sid=1 iter=4 nElems=524288 at t=22486260
Node 0 chan 0: RDMA send to 3 physically drained (sender side) bid=10 sid=0 iter=4 nElems=524288 at t=22531016
Node 1 chan 1: RDMA send to 6 physically drained (sender side) bid=4 sid=0 iter=4 nElems=524288 at t=22731940
Node 1 chan 0: RDMA send to 6 physically drained (sender side) bid=3 sid=0 iter=4 nElems=524288 at t=22737252
Node 1 chan 0: RDMA send to 0 totalBytes=2097152 over 1 lane(s) bid=2 sid=0 iter=4 part=0 rateGBps=12.5 at t=22737252
Node 1 chan 0: RDMA send to 0 totalBytes=2097152 over 1 lane(s) bid=2 sid=0 iter=4 part=1 rateGBps=12.5 at t=22737252
Node 1 chan 0: RDMA send to 0 totalBytes=2097152 over 1 lane(s) bid=2 sid=0 iter=4 part=2 rateGBps=12.5 at t=22737252
Node 1 chan 0: RDMA send to 0 totalBytes=2097152 over 1 lane(s) bid=2 sid=0 iter=4 part=3 rateGBps=12.5 at t=22737252
GPU 1: iteration barrier releasing 5 threadblock(s) at t=22737252
Node 3 chan 0: RDMA send to 4 totalBytes=2097152 over 1 lane(s) bid=10 sid=1 iter=4 part=0 rateGBps=6.25 at t=22737440
Node 3 chan 0: RDMA send to 4 totalBytes=2097152 over 1 lane(s) bid=10 sid=1 iter=4 part=1 rateGBps=6.25 at t=22737440
Node 3 chan 0: RDMA send to 6 totalBytes=2097152 over 1 lane(s) bid=13 sid=1 iter=4 part=0 rateGBps=6.25 at t=22737440
Node 3 chan 0: RDMA send to 6 totalBytes=2097152 over 1 lane(s) bid=13 sid=1 iter=4 part=1 rateGBps=6.25 at t=22737440
Node 4 chan 0: RDMA send to 3 physically drained (sender side) bid=10 sid=0 iter=4 nElems=524288 at t=22740256
Node 4 chan 1: RDMA send to 3 physically drained (sender side) bid=11 sid=0 iter=4 nElems=524288 at t=22743236
Node 5 chan 0: RDMA send to 6 physically drained (sender side) bid=13 sid=1 iter=4 nElems=524288 at t=22836108
Node 0 chan 0: RDMA send to 3 physically drained (sender side) bid=10 sid=0 iter=4 nElems=524288 at t=22857908
Node 1 chan 0: RDMA send to 0 physically drained (sender side) bid=2 sid=0 iter=4 nElems=524288 at t=22910040
Node 0 chan 0: RDMA send to 3 physically drained (sender side) bid=10 sid=0 iter=4 nElems=524288 at t=23028188
Node 1 chan 0: RDMA send to 0 physically drained (sender side) bid=2 sid=0 iter=4 nElems=524288 at t=23080024
Node 3 chan 0: RDMA send to 6 physically drained (sender side) bid=13 sid=1 iter=4 nElems=524288 at t=23084556
Node 3 chan 0: RDMA send to 4 physically drained (sender side) bid=10 sid=1 iter=4 nElems=524288 at t=23084892
GPU 3: iteration barrier releasing 14 threadblock(s) at t=23196944
Node 3 chan 0: RDMA send to 2 totalBytes=2097152 over 1 lane(s) bid=9 sid=0 iter=5 part=0 rateGBps=12.5 at t=23196944
Node 3 chan 0: RDMA send to 2 totalBytes=2097152 over 1 lane(s) bid=9 sid=0 iter=5 part=1 rateGBps=12.5 at t=23196944
Node 3 chan 0: RDMA send to 2 totalBytes=2097152 over 1 lane(s) bid=9 sid=0 iter=5 part=2 rateGBps=12.5 at t=23196944
Node 3 chan 0: RDMA send to 2 totalBytes=2097152 over 1 lane(s) bid=9 sid=0 iter=5 part=3 rateGBps=12.5 at t=23196944
Node 3 chan 0: RDMA send to 5 totalBytes=2097152 over 1 lane(s) bid=11 sid=0 iter=5 part=0 rateGBps=6.25 at t=23196944
Node 3 chan 0: RDMA send to 5 totalBytes=2097152 over 1 lane(s) bid=11 sid=0 iter=5 part=1 rateGBps=6.25 at t=23196944
Node 3 chan 0: RDMA send to 6 totalBytes=2097152 over 1 lane(s) bid=13 sid=0 iter=5 part=0 rateGBps=6.25 at t=23196944
Node 3 chan 0: RDMA send to 6 totalBytes=2097152 over 1 lane(s) bid=13 sid=0 iter=5 part=1 rateGBps=6.25 at t=23196944
Node 0 chan 0: RDMA send to 3 physically drained (sender side) bid=10 sid=0 iter=4 nElems=524288 at t=23198468
Node 0 chan 0: RDMA send to 2 totalBytes=2097152 over 1 lane(s) bid=9 sid=0 iter=4 part=0 rateGBps=12.5 at t=23198468
Node 0 chan 0: RDMA send to 2 totalBytes=2097152 over 1 lane(s) bid=9 sid=0 iter=4 part=1 rateGBps=12.5 at t=23198468
Node 0 chan 0: RDMA send to 2 totalBytes=2097152 over 1 lane(s) bid=9 sid=0 iter=4 part=2 rateGBps=12.5 at t=23198468
Node 0 chan 0: RDMA send to 2 totalBytes=2097152 over 1 lane(s) bid=9 sid=0 iter=4 part=3 rateGBps=12.5 at t=23198468
Node 1 chan 0: RDMA send to 0 physically drained (sender side) bid=2 sid=0 iter=4 nElems=524288 at t=23250008
Node 3 chan 0: RDMA send to 2 physically drained (sender side) bid=9 sid=0 iter=5 nElems=524288 at t=23369732
Node 0 chan 0: RDMA send to 2 physically drained (sender side) bid=9 sid=0 iter=4 nElems=524288 at t=23371592
Node 1 chan 0: RDMA send to 0 physically drained (sender side) bid=2 sid=0 iter=4 nElems=524288 at t=23419992
GPU 6: iteration barrier releasing 14 threadblock(s) at t=23532196
Node 6 chan 0: RDMA send to 3 totalBytes=2097152 over 1 lane(s) bid=10 sid=0 iter=5 part=0 rateGBps=3.125 at t=23532196
Node 6 chan 1: RDMA send to 3 totalBytes=2097152 over 1 lane(s) bid=11 sid=0 iter=5 part=0 rateGBps=3.125 at t=23532196
Node 6 chan 0: RDMA send to 4 totalBytes=2097152 over 1 lane(s) bid=12 sid=0 iter=5 part=0 rateGBps=6.25 at t=23532196
Node 6 chan 0: RDMA send to 4 totalBytes=2097152 over 1 lane(s) bid=12 sid=0 iter=5 part=1 rateGBps=6.25 at t=23532196
Node 6 chan 0: RDMA send to 7 totalBytes=2097152 over 1 lane(s) bid=13 sid=0 iter=5 part=0 rateGBps=12.5 at t=23532196
Node 6 chan 0: RDMA send to 7 totalBytes=2097152 over 1 lane(s) bid=13 sid=0 iter=5 part=1 rateGBps=12.5 at t=23532196
Node 6 chan 0: RDMA send to 7 totalBytes=2097152 over 1 lane(s) bid=13 sid=0 iter=5 part=2 rateGBps=12.5 at t=23532196
Node 6 chan 0: RDMA send to 7 totalBytes=2097152 over 1 lane(s) bid=13 sid=0 iter=5 part=3 rateGBps=12.5 at t=23532196
Node 3 chan 0: RDMA send to 6 physically drained (sender side) bid=13 sid=1 iter=4 nElems=524288 at t=23535012
Node 3 chan 0: RDMA send to 4 physically drained (sender side) bid=10 sid=1 iter=4 nElems=524288 at t=23535344
Node 3 chan 0: RDMA send to 2 physically drained (sender side) bid=9 sid=0 iter=5 nElems=524288 at t=23539716
Node 0 chan 0: RDMA send to 2 physically drained (sender side) bid=9 sid=0 iter=4 nElems=524288 at t=23541576
Node 3 chan 0: RDMA send to 5 physically drained (sender side) bid=11 sid=0 iter=5 nElems=524288 at t=23653948
Node 6 chan 0: RDMA send to 7 physically drained (sender side) bid=13 sid=0 iter=5 nElems=524288 at t=23704984
Node 3 chan 0: RDMA send to 2 physically drained (sender side) bid=9 sid=0 iter=5 nElems=524288 at t=23709700
Node 0 chan 0: RDMA send to 2 physically drained (sender side) bid=9 sid=0 iter=4 nElems=524288 at t=23711560
Node 6 chan 0: RDMA send to 7 physically drained (sender side) bid=13 sid=0 iter=5 nElems=524288 at t=23874968
Node 6 chan 0: RDMA send to 4 physically drained (sender side) bid=12 sid=0 iter=5 nElems=524288 at t=23875560
Node 3 chan 0: RDMA send to 6 physically drained (sender side) bid=13 sid=0 iter=5 nElems=524288 at t=23876552
Node 3 chan 0: RDMA send to 2 physically drained (sender side) bid=9 sid=0 iter=5 nElems=524288 at t=23879684
GPU 2: iteration barrier releasing 14 threadblock(s) at t=23880136
Node 2 chan 0: RDMA send to 0 totalBytes=2097152 over 1 lane(s) bid=8 sid=0 iter=5 part=0 rateGBps=12.5 at t=23880136
Node 2 chan 0: RDMA send to 0 totalBytes=2097152 over 1 lane(s) bid=8 sid=0 iter=5 part=1 rateGBps=12.5 at t=23880136
Node 2 chan 0: RDMA send to 0 totalBytes=2097152 over 1 lane(s) bid=8 sid=0 iter=5 part=2 rateGBps=12.5 at t=23880136
Node 2 chan 0: RDMA send to 0 totalBytes=2097152 over 1 lane(s) bid=8 sid=0 iter=5 part=3 rateGBps=12.5 at t=23880136
Node 2 chan 0: RDMA send to 3 totalBytes=2097152 over 1 lane(s) bid=9 sid=0 iter=5 part=0 rateGBps=12.5 at t=23880136
Node 2 chan 0: RDMA send to 3 totalBytes=2097152 over 1 lane(s) bid=9 sid=0 iter=5 part=1 rateGBps=12.5 at t=23880136
Node 2 chan 0: RDMA send to 3 totalBytes=2097152 over 1 lane(s) bid=9 sid=0 iter=5 part=2 rateGBps=12.5 at t=23880136
Node 2 chan 0: RDMA send to 3 totalBytes=2097152 over 1 lane(s) bid=9 sid=0 iter=5 part=3 rateGBps=12.5 at t=23880136
Node 0 chan 0: RDMA send to 2 physically drained (sender side) bid=9 sid=0 iter=4 nElems=524288 at t=23881544
Node 0 chan 0: RDMA send to 5 totalBytes=2097152 over 1 lane(s) bid=12 sid=1 iter=4 part=0 rateGBps=6.25 at t=23881544
Node 0 chan 0: RDMA send to 5 totalBytes=2097152 over 1 lane(s) bid=12 sid=1 iter=4 part=1 rateGBps=6.25 at t=23881544
Node 0 chan 0: RDMA send to 4 totalBytes=2097152 over 1 lane(s) bid=11 sid=1 iter=4 part=0 rateGBps=6.25 at t=23881544
Node 0 chan 0: RDMA send to 4 totalBytes=2097152 over 1 lane(s) bid=11 sid=1 iter=4 part=1 rateGBps=6.25 at t=23881544
Node 3 chan 0: RDMA send to 5 physically drained (sender side) bid=11 sid=0 iter=5 nElems=524288 at t=23994836
Node 3 chan 0: RDMA send to 1 totalBytes=2097152 over 1 lane(s) bid=8 sid=0 iter=5 part=0 rateGBps=12.5 at t=23994836
Node 3 chan 0: RDMA send to 1 totalBytes=2097152 over 1 lane(s) bid=8 sid=0 iter=5 part=1 rateGBps=12.5 at t=23994836
Node 3 chan 0: RDMA send to 1 totalBytes=2097152 over 1 lane(s) bid=8 sid=0 iter=5 part=2 rateGBps=12.5 at t=23994836
Node 3 chan 0: RDMA send to 1 totalBytes=2097152 over 1 lane(s) bid=8 sid=0 iter=5 part=3 rateGBps=12.5 at t=23994836
Node 6 chan 0: RDMA send to 7 physically drained (sender side) bid=13 sid=0 iter=5 nElems=524288 at t=24044952
Node 2 chan 0: RDMA send to 3 physically drained (sender side) bid=9 sid=0 iter=5 nElems=524288 at t=24052924
Node 2 chan 0: RDMA send to 0 physically drained (sender side) bid=8 sid=0 iter=5 nElems=524288 at t=24053520
Node 7 chan 0: RDMA send to 5 totalBytes=2097152 over 1 lane(s) bid=2 sid=0 iter=5 part=0 rateGBps=12.5 at t=24213532
Node 7 chan 0: RDMA send to 5 totalBytes=2097152 over 1 lane(s) bid=2 sid=0 iter=5 part=1 rateGBps=12.5 at t=24213532
Node 7 chan 0: RDMA send to 5 totalBytes=2097152 over 1 lane(s) bid=2 sid=0 iter=5 part=2 rateGBps=12.5 at t=24213532
Node 7 chan 0: RDMA send to 5 totalBytes=2097152 over 1 lane(s) bid=2 sid=0 iter=5 part=3 rateGBps=12.5 at t=24213532
Node 6 chan 0: RDMA send to 7 physically drained (sender side) bid=13 sid=0 iter=5 nElems=524288 at t=24214936
Node 3 chan 0: RDMA send to 6 physically drained (sender side) bid=13 sid=0 iter=5 nElems=524288 at t=24215448
Node 6 chan 0: RDMA send to 4 physically drained (sender side) bid=12 sid=0 iter=5 nElems=524288 at t=24216116
Node 6 chan 1: RDMA send to 3 physically drained (sender side) bid=11 sid=0 iter=5 nElems=524288 at t=24218512
Node 6 chan 0: RDMA send to 3 physically drained (sender side) bid=10 sid=0 iter=5 nElems=524288 at t=24218516
Node 6 chan 1: RDMA send to 0 totalBytes=2097152 over 1 lane(s) bid=7 sid=0 iter=5 part=0 rateGBps=6.25 at t=24218516
Node 6 chan 1: RDMA send to 0 totalBytes=2097152 over 1 lane(s) bid=7 sid=0 iter=5 part=1 rateGBps=6.25 at t=24218516
Node 6 chan 0: RDMA send to 0 totalBytes=2097152 over 1 lane(s) bid=6 sid=0 iter=5 part=0 rateGBps=6.25 at t=24218516
Node 6 chan 0: RDMA send to 0 totalBytes=2097152 over 1 lane(s) bid=6 sid=0 iter=5 part=1 rateGBps=6.25 at t=24218516
Node 2 chan 0: RDMA send to 3 physically drained (sender side) bid=9 sid=0 iter=5 nElems=524288 at t=24222908
Node 2 chan 0: RDMA send to 0 physically drained (sender side) bid=8 sid=0 iter=5 nElems=524288 at t=24223760
Node 0 chan 0: RDMA send to 4 physically drained (sender side) bid=11 sid=1 iter=4 nElems=524288 at t=24228988
Node 0 chan 0: RDMA send to 5 physically drained (sender side) bid=12 sid=1 iter=4 nElems=524288 at t=24233308
Node 3 chan 0: RDMA send to 1 physically drained (sender side) bid=8 sid=0 iter=5 nElems=524288 at t=24274368
Node 2 chan 0: RDMA send to 3 physically drained (sender side) bid=9 sid=0 iter=5 nElems=524288 at t=24392892
Node 3 chan 0: RDMA send to 1 physically drained (sender side) bid=8 sid=0 iter=5 nElems=524288 at t=24444352
Node 7 chan 0: RDMA send to 5 physically drained (sender side) bid=2 sid=0 iter=5 nElems=524288 at t=24547920
Node 2 chan 0: RDMA send to 3 physically drained (sender side) bid=9 sid=0 iter=5 nElems=524288 at t=24562876
GPU 4: iteration barrier releasing 14 threadblock(s) at t=24566376
Node 4 chan 0: RDMA send to 2 totalBytes=2097152 over 1 lane(s) bid=8 sid=0 iter=5 part=0 rateGBps=6.25 at t=24566376
Node 4 chan 0: RDMA send to 2 totalBytes=2097152 over 1 lane(s) bid=8 sid=0 iter=5 part=1 rateGBps=6.25 at t=24566376
Node 4 chan 1: RDMA send to 2 totalBytes=2097152 over 1 lane(s) bid=9 sid=0 iter=5 part=0 rateGBps=6.25 at t=24566376
Node 4 chan 1: RDMA send to 2 totalBytes=2097152 over 1 lane(s) bid=9 sid=0 iter=5 part=1 rateGBps=6.25 at t=24566376
Node 4 chan 0: RDMA send to 5 totalBytes=2097152 over 1 lane(s) bid=12 sid=0 iter=5 part=0 rateGBps=12.5 at t=24566376
Node 4 chan 0: RDMA send to 5 totalBytes=2097152 over 1 lane(s) bid=12 sid=0 iter=5 part=1 rateGBps=12.5 at t=24566376
Node 4 chan 0: RDMA send to 5 totalBytes=2097152 over 1 lane(s) bid=12 sid=0 iter=5 part=2 rateGBps=12.5 at t=24566376
Node 4 chan 0: RDMA send to 5 totalBytes=2097152 over 1 lane(s) bid=12 sid=0 iter=5 part=3 rateGBps=12.5 at t=24566376
Node 0 chan 0: RDMA send to 4 physically drained (sender side) bid=11 sid=1 iter=4 nElems=524288 at t=24569796
Node 5 chan 0: RDMA send to 0 totalBytes=2097152 over 1 lane(s) bid=6 sid=0 iter=4 part=0 rateGBps=6.25 at t=24574068
Node 5 chan 0: RDMA send to 0 totalBytes=2097152 over 1 lane(s) bid=6 sid=0 iter=4 part=1 rateGBps=6.25 at t=24574068
Node 5 chan 1: RDMA send to 0 totalBytes=2097152 over 1 lane(s) bid=7 sid=0 iter=4 part=0 rateGBps=6.25 at t=24574068
Node 5 chan 1: RDMA send to 0 totalBytes=2097152 over 1 lane(s) bid=7 sid=0 iter=4 part=1 rateGBps=6.25 at t=24574068
GPU 5: iteration barrier releasing 14 threadblock(s) at t=24574068
Node 5 chan 0: RDMA send to 3 totalBytes=2097152 over 1 lane(s) bid=10 sid=0 iter=5 part=0 rateGBps=3.125 at t=24574068
Node 5 chan 1: RDMA send to 3 totalBytes=2097152 over 1 lane(s) bid=11 sid=0 iter=5 part=0 rateGBps=3.125 at t=24574068
Node 5 chan 0: RDMA send to 4 totalBytes=2097152 over 1 lane(s) bid=12 sid=0 iter=5 part=0 rateGBps=12.5 at t=24574068
Node 5 chan 0: RDMA send to 4 totalBytes=2097152 over 1 lane(s) bid=12 sid=0 iter=5 part=1 rateGBps=12.5 at t=24574068
Node 5 chan 0: RDMA send to 4 totalBytes=2097152 over 1 lane(s) bid=12 sid=0 iter=5 part=2 rateGBps=12.5 at t=24574068
Node 5 chan 0: RDMA send to 4 totalBytes=2097152 over 1 lane(s) bid=12 sid=0 iter=5 part=3 rateGBps=12.5 at t=24574068
Node 5 chan 0: RDMA send to 6 totalBytes=2097152 over 1 lane(s) bid=13 sid=0 iter=5 part=0 rateGBps=6.25 at t=24574068
Node 5 chan 0: RDMA send to 6 totalBytes=2097152 over 1 lane(s) bid=13 sid=0 iter=5 part=1 rateGBps=6.25 at t=24574068
Node 0 chan 0: RDMA send to 5 physically drained (sender side) bid=12 sid=1 iter=4 nElems=524288 at t=24577772
Node 3 chan 0: RDMA send to 1 physically drained (sender side) bid=8 sid=0 iter=5 nElems=524288 at t=24614348
Node 7 chan 0: RDMA send to 5 physically drained (sender side) bid=2 sid=0 iter=5 nElems=524288 at t=24732120
Node 4 chan 0: RDMA send to 5 physically drained (sender side) bid=12 sid=0 iter=5 nElems=524288 at t=24739478
Node 5 chan 0: RDMA send to 4 physically drained (sender side) bid=12 sid=0 iter=5 nElems=524288 at t=24747058
Node 6 chan 1: RDMA send to 0 physically drained (sender side) bid=7 sid=0 iter=5 nElems=524288 at t=24748580
Node 6 chan 0: RDMA send to 0 physically drained (sender side) bid=6 sid=0 iter=5 nElems=524288 at t=24753560
Node 3 chan 0: RDMA send to 1 physically drained (sender side) bid=8 sid=0 iter=5 nElems=524288 at t=24784432
Node 3 chan 1: RDMA send to 5 totalBytes=2097152 over 1 lane(s) bid=12 sid=0 iter=5 part=0 rateGBps=6.25 at t=24784432
Node 3 chan 1: RDMA send to 5 totalBytes=2097152 over 1 lane(s) bid=12 sid=0 iter=5 part=1 rateGBps=6.25 at t=24784432
Node 3 chan 0: RDMA send to 4 totalBytes=2097152 over 1 lane(s) bid=10 sid=0 iter=5 part=0 rateGBps=6.25 at t=24784432
Node 3 chan 0: RDMA send to 4 totalBytes=2097152 over 1 lane(s) bid=10 sid=0 iter=5 part=1 rateGBps=6.25 at t=24784432
Node 2 chan 0: RDMA send to 0 physically drained (sender side) bid=8 sid=0 iter=5 nElems=524288 at t=24903256
Node 4 chan 0: RDMA send to 5 physically drained (sender side) bid=12 sid=0 iter=5 nElems=524288 at t=24909462
Node 5 chan 0: RDMA send to 4 physically drained (sender side) bid=12 sid=0 iter=5 nElems=524288 at t=24917042
Node 4 chan 1: RDMA send to 2 physically drained (sender side) bid=9 sid=0 iter=5 nElems=524288 at t=24994212
Node 4 chan 0: RDMA send to 2 physically drained (sender side) bid=8 sid=0 iter=5 nElems=524288 at t=24995540
Node 7 chan 0: RDMA send to 5 physically drained (sender side) bid=2 sid=0 iter=5 nElems=524288 at t=25008132
Node 4 chan 0: RDMA send to 5 physically drained (sender side) bid=12 sid=0 iter=5 nElems=524288 at t=25079446
Node 5 chan 0: RDMA send to 4 physically drained (sender side) bid=12 sid=0 iter=5 nElems=524288 at t=25087026
Node 3 chan 0: RDMA send to 4 physically drained (sender side) bid=10 sid=0 iter=5 nElems=524288 at t=25131848
Node 3 chan 1: RDMA send to 5 physically drained (sender side) bid=12 sid=0 iter=5 nElems=524288 at t=25139540
Node 4 chan 0: RDMA send to 5 physically drained (sender side) bid=12 sid=0 iter=5 nElems=524288 at t=25249430
Node 5 chan 0: RDMA send to 4 physically drained (sender side) bid=12 sid=0 iter=5 nElems=524288 at t=25256808
Node 7 chan 0: RDMA send to 5 physically drained (sender side) bid=2 sid=0 iter=5 nElems=524288 at t=25349080
Node 5 chan 0: RDMA send to 6 physically drained (sender side) bid=13 sid=0 iter=5 nElems=524288 at t=25376588
Node 5 chan 1: RDMA send to 3 physically drained (sender side) bid=11 sid=0 iter=5 nElems=524288 at t=25397184
Node 5 chan 0: RDMA send to 3 physically drained (sender side) bid=10 sid=0 iter=5 nElems=524288 at t=25397848
Node 5 chan 1: RDMA send to 2 totalBytes=2097152 over 1 lane(s) bid=9 sid=0 iter=5 part=0 rateGBps=6.25 at t=25397848
Node 5 chan 1: RDMA send to 2 totalBytes=2097152 over 1 lane(s) bid=9 sid=0 iter=5 part=1 rateGBps=6.25 at t=25397848
Node 5 chan 0: RDMA send to 2 totalBytes=2097152 over 1 lane(s) bid=8 sid=0 iter=5 part=0 rateGBps=6.25 at t=25397848
Node 5 chan 0: RDMA send to 2 totalBytes=2097152 over 1 lane(s) bid=8 sid=0 iter=5 part=1 rateGBps=6.25 at t=25397848
Node 4 chan 1: RDMA send to 2 physically drained (sender side) bid=9 sid=0 iter=5 nElems=524288 at t=25419436
Node 4 chan 0: RDMA send to 2 physically drained (sender side) bid=8 sid=0 iter=5 nElems=524288 at t=25424748
Node 4 chan 0: RDMA send to 7 totalBytes=2097152 over 1 lane(s) bid=13 sid=0 iter=5 part=0 rateGBps=12.5 at t=25424748
Node 4 chan 0: RDMA send to 7 totalBytes=2097152 over 1 lane(s) bid=13 sid=0 iter=5 part=1 rateGBps=12.5 at t=25424748
Node 4 chan 0: RDMA send to 7 totalBytes=2097152 over 1 lane(s) bid=13 sid=0 iter=5 part=2 rateGBps=12.5 at t=25424748
Node 4 chan 0: RDMA send to 7 totalBytes=2097152 over 1 lane(s) bid=13 sid=0 iter=5 part=3 rateGBps=12.5 at t=25424748
Node 3 chan 1: RDMA send to 5 physically drained (sender side) bid=12 sid=0 iter=5 nElems=524288 at t=25471100
Node 3 chan 0: RDMA send to 4 physically drained (sender side) bid=10 sid=0 iter=5 nElems=524288 at t=25471756
Node 6 chan 1: RDMA send to 0 physically drained (sender side) bid=7 sid=0 iter=5 nElems=524288 at t=25534756
Node 6 chan 0: RDMA send to 0 physically drained (sender side) bid=6 sid=0 iter=5 nElems=524288 at t=25544716
Node 6 chan 0: RDMA send to 4 totalBytes=2097152 over 1 lane(s) bid=12 sid=1 iter=5 part=0 rateGBps=6.25 at t=25544716
Node 6 chan 0: RDMA send to 4 totalBytes=2097152 over 1 lane(s) bid=12 sid=1 iter=5 part=1 rateGBps=6.25 at t=25544716
Node 6 chan 1: RDMA send to 3 totalBytes=2097152 over 1 lane(s) bid=11 sid=1 iter=5 part=0 rateGBps=3.125 at t=25544716
Node 6 chan 0: RDMA send to 3 totalBytes=2097152 over 1 lane(s) bid=10 sid=1 iter=5 part=0 rateGBps=3.125 at t=25544716
Node 5 chan 0: RDMA send to 0 physically drained (sender side) bid=6 sid=0 iter=4 nElems=524288 at t=25547704
Node 5 chan 1: RDMA send to 0 physically drained (sender side) bid=7 sid=0 iter=4 nElems=524288 at t=25548368
Node 4 chan 0: RDMA send to 7 physically drained (sender side) bid=13 sid=0 iter=5 nElems=524288 at t=25598260
Node 2 chan 0: RDMA send to 0 physically drained (sender side) bid=8 sid=0 iter=5 nElems=524288 at t=25625976
Node 2 chan 1: RDMA send to 4 totalBytes=2097152 over 1 lane(s) bid=11 sid=0 iter=5 part=0 rateGBps=6.25 at t=25625976
Node 2 chan 1: RDMA send to 4 totalBytes=2097152 over 1 lane(s) bid=11 sid=0 iter=5 part=1 rateGBps=6.25 at t=25625976
Node 2 chan 0: RDMA send to 4 totalBytes=2097152 over 1 lane(s) bid=10 sid=0 iter=5 part=0 rateGBps=6.25 at t=25625976
Node 2 chan 0: RDMA send to 4 totalBytes=2097152 over 1 lane(s) bid=10 sid=0 iter=5 part=1 rateGBps=6.25 at t=25625976
Node 4 chan 0: RDMA send to 7 physically drained (sender side) bid=13 sid=0 iter=5 nElems=524288 at t=25768460
Node 4 chan 0: RDMA send to 7 physically drained (sender side) bid=13 sid=0 iter=5 nElems=524288 at t=25938700
Node 2 chan 1: RDMA send to 4 physically drained (sender side) bid=11 sid=0 iter=5 nElems=524288 at t=26090684
Node 2 chan 0: RDMA send to 4 physically drained (sender side) bid=10 sid=0 iter=5 nElems=524288 at t=26093260
Node 7 chan 0: RDMA send to 6 totalBytes=2097152 over 1 lane(s) bid=3 sid=0 iter=5 part=0 rateGBps=12.5 at t=26107348
Node 7 chan 0: RDMA send to 6 totalBytes=2097152 over 1 lane(s) bid=3 sid=0 iter=5 part=1 rateGBps=12.5 at t=26107348
Node 7 chan 0: RDMA send to 6 totalBytes=2097152 over 1 lane(s) bid=3 sid=0 iter=5 part=2 rateGBps=12.5 at t=26107348
Node 7 chan 0: RDMA send to 6 totalBytes=2097152 over 1 lane(s) bid=3 sid=0 iter=5 part=3 rateGBps=12.5 at t=26107348
GPU 7: iteration barrier releasing 4 threadblock(s) at t=26107348
Node 4 chan 0: RDMA send to 7 physically drained (sender side) bid=13 sid=0 iter=5 nElems=524288 at t=26108940
Node 4 chan 1: RDMA send to 0 totalBytes=2097152 over 1 lane(s) bid=7 sid=0 iter=5 part=0 rateGBps=6.25 at t=26108940
Node 4 chan 1: RDMA send to 0 totalBytes=2097152 over 1 lane(s) bid=7 sid=0 iter=5 part=1 rateGBps=6.25 at t=26108940
Node 4 chan 0: RDMA send to 0 totalBytes=2097152 over 1 lane(s) bid=6 sid=0 iter=5 part=0 rateGBps=6.25 at t=26108940
Node 4 chan 0: RDMA send to 0 totalBytes=2097152 over 1 lane(s) bid=6 sid=0 iter=5 part=1 rateGBps=6.25 at t=26108940
Node 6 chan 0: RDMA send to 4 physically drained (sender side) bid=12 sid=1 iter=5 nElems=524288 at t=26128308
Node 5 chan 0: RDMA send to 6 physically drained (sender side) bid=13 sid=0 iter=5 nElems=524288 at t=26187880
Node 6 chan 0: RDMA send to 3 physically drained (sender side) bid=10 sid=1 iter=5 nElems=524288 at t=26240904
Node 6 chan 0: RDMA send to 2 totalBytes=2097152 over 1 lane(s) bid=8 sid=0 iter=5 part=0 rateGBps=6.25 at t=26240904
Node 6 chan 0: RDMA send to 2 totalBytes=2097152 over 1 lane(s) bid=8 sid=0 iter=5 part=1 rateGBps=6.25 at t=26240904
Node 6 chan 1: RDMA send to 2 totalBytes=2097152 over 1 lane(s) bid=9 sid=0 iter=5 part=0 rateGBps=6.25 at t=26240904
Node 6 chan 1: RDMA send to 2 totalBytes=2097152 over 1 lane(s) bid=9 sid=0 iter=5 part=1 rateGBps=6.25 at t=26240904
Node 6 chan 1: RDMA send to 3 physically drained (sender side) bid=11 sid=1 iter=5 nElems=524288 at t=26241476
Node 5 chan 1: RDMA send to 2 physically drained (sender side) bid=9 sid=0 iter=5 nElems=524288 at t=26245228
Node 5 chan 0: RDMA send to 2 physically drained (sender side) bid=8 sid=0 iter=5 nElems=524288 at t=26245548
Node 7 chan 0: RDMA send to 6 physically drained (sender side) bid=3 sid=0 iter=5 nElems=524288 at t=26280136
GPU 0: iteration barrier releasing 13 threadblock(s) at t=26363172
Node 0 chan 0: RDMA send to 1 totalBytes=2097152 over 1 lane(s) bid=8 sid=0 iter=5 part=0 rateGBps=12.5 at t=26363172
Node 0 chan 0: RDMA send to 1 totalBytes=2097152 over 1 lane(s) bid=8 sid=0 iter=5 part=1 rateGBps=12.5 at t=26363172
Node 0 chan 0: RDMA send to 1 totalBytes=2097152 over 1 lane(s) bid=8 sid=0 iter=5 part=2 rateGBps=12.5 at t=26363172
Node 0 chan 0: RDMA send to 1 totalBytes=2097152 over 1 lane(s) bid=8 sid=0 iter=5 part=3 rateGBps=12.5 at t=26363172
Node 0 chan 0: RDMA send to 4 totalBytes=2097152 over 1 lane(s) bid=11 sid=0 iter=5 part=0 rateGBps=6.25 at t=26363172
Node 0 chan 0: RDMA send to 4 totalBytes=2097152 over 1 lane(s) bid=11 sid=0 iter=5 part=1 rateGBps=6.25 at t=26363172
Node 0 chan 0: RDMA send to 5 totalBytes=2097152 over 1 lane(s) bid=12 sid=0 iter=5 part=0 rateGBps=6.25 at t=26363172
Node 0 chan 0: RDMA send to 5 totalBytes=2097152 over 1 lane(s) bid=12 sid=0 iter=5 part=1 rateGBps=6.25 at t=26363172
Node 5 chan 1: RDMA send to 0 physically drained (sender side) bid=7 sid=0 iter=4 nElems=524288 at t=26365890
Node 5 chan 0: RDMA send to 0 physically drained (sender side) bid=6 sid=0 iter=4 nElems=524288 at t=26365988
Node 7 chan 0: RDMA send to 6 physically drained (sender side) bid=3 sid=0 iter=5 nElems=524288 at t=26450120
Node 0 chan 0: RDMA send to 1 physically drained (sender side) bid=8 sid=0 iter=5 nElems=524288 at t=26535960
Node 4 chan 1: RDMA send to 0 physically drained (sender side) bid=7 sid=0 iter=5 nElems=524288 at t=26556400
Node 4 chan 0: RDMA send to 0 physically drained (sender side) bid=6 sid=0 iter=5 nElems=524288 at t=26559732
Node 2 chan 0: RDMA send to 4 physically drained (sender side) bid=10 sid=0 iter=5 nElems=524288 at t=26598376
Node 2 chan 0: RDMA send to 6 totalBytes=2097152 over 1 lane(s) bid=13 sid=0 iter=5 part=0 rateGBps=6.25 at t=26598376
Node 2 chan 0: RDMA send to 6 totalBytes=2097152 over 1 lane(s) bid=13 sid=0 iter=5 part=1 rateGBps=6.25 at t=26598376
Node 2 chan 0: RDMA send to 5 totalBytes=2097152 over 1 lane(s) bid=12 sid=0 iter=5 part=0 rateGBps=6.25 at t=26598376
Node 2 chan 0: RDMA send to 5 totalBytes=2097152 over 1 lane(s) bid=12 sid=0 iter=5 part=1 rateGBps=6.25 at t=26598376
Node 2 chan 0: RDMA send to 5 totalBytes=2097152 over 1 lane(s) bid=12 sid=1 iter=5 part=0 rateGBps=6.25 at t=26598376
Node 2 chan 0: RDMA send to 5 totalBytes=2097152 over 1 lane(s) bid=12 sid=1 iter=5 part=1 rateGBps=6.25 at t=26598376
Node 2 chan 1: RDMA send to 4 physically drained (sender side) bid=11 sid=0 iter=5 nElems=524288 at t=26602696
Node 7 chan 0: RDMA send to 6 physically drained (sender side) bid=3 sid=0 iter=5 nElems=524288 at t=26620104
Node 0 chan 0: RDMA send to 1 physically drained (sender side) bid=8 sid=0 iter=5 nElems=524288 at t=26705944
Node 0 chan 0: RDMA send to 5 physically drained (sender side) bid=12 sid=0 iter=5 nElems=524288 at t=26710412
Node 6 chan 0: RDMA send to 4 physically drained (sender side) bid=12 sid=1 iter=5 nElems=524288 at t=26741384
Node 7 chan 0: RDMA send to 6 physically drained (sender side) bid=3 sid=0 iter=5 nElems=524288 at t=26790088
Node 0 chan 0: RDMA send to 4 physically drained (sender side) bid=11 sid=0 iter=5 nElems=524288 at t=26819300
Node 0 chan 0: RDMA send to 1 physically drained (sender side) bid=8 sid=0 iter=5 nElems=524288 at t=26875928
Node 4 chan 1: RDMA send to 0 physically drained (sender side) bid=7 sid=0 iter=5 nElems=524288 at t=26897492
Node 4 chan 0: RDMA send to 0 physically drained (sender side) bid=6 sid=0 iter=5 nElems=524288 at t=26900152
Node 4 chan 1: RDMA send to 3 totalBytes=2097152 over 1 lane(s) bid=11 sid=0 iter=5 part=0 rateGBps=6.25 at t=26900152
Node 4 chan 1: RDMA send to 3 totalBytes=2097152 over 1 lane(s) bid=11 sid=0 iter=5 part=1 rateGBps=6.25 at t=26900152
Node 4 chan 0: RDMA send to 3 totalBytes=2097152 over 1 lane(s) bid=10 sid=0 iter=5 part=0 rateGBps=6.25 at t=26900152
Node 4 chan 0: RDMA send to 3 totalBytes=2097152 over 1 lane(s) bid=10 sid=0 iter=5 part=1 rateGBps=6.25 at t=26900152
Node 6 chan 0: RDMA send to 2 physically drained (sender side) bid=8 sid=0 iter=5 nElems=524288 at t=26919440
Node 6 chan 1: RDMA send to 2 physically drained (sender side) bid=9 sid=0 iter=5 nElems=524288 at t=26922760
Node 5 chan 1: RDMA send to 2 physically drained (sender side) bid=9 sid=0 iter=5 nElems=524288 at t=26940048
Node 5 chan 0: RDMA send to 2 physically drained (sender side) bid=8 sid=0 iter=5 nElems=524288 at t=26940384
Node 5 chan 0: RDMA send to 6 totalBytes=2097152 over 1 lane(s) bid=13 sid=1 iter=5 part=0 rateGBps=6.25 at t=26940384
Node 5 chan 0: RDMA send to 6 totalBytes=2097152 over 1 lane(s) bid=13 sid=1 iter=5 part=1 rateGBps=6.25 at t=26940384
Node 5 chan 1: RDMA send to 3 totalBytes=2097152 over 1 lane(s) bid=11 sid=1 iter=5 part=0 rateGBps=3.125 at t=26940384
Node 5 chan 0: RDMA send to 3 totalBytes=2097152 over 1 lane(s) bid=10 sid=1 iter=5 part=0 rateGBps=3.125 at t=26940384
Node 2 chan 0: RDMA send to 6 physically drained (sender side) bid=13 sid=0 iter=5 nElems=524288 at t=26946492
Node 2 chan 0: RDMA send to 5 physically drained (sender side) bid=12 sid=0 iter=5 nElems=524288 at t=26947160
Node 1 chan 1: RDMA send to 6 totalBytes=2097152 over 1 lane(s) bid=4 sid=0 iter=5 part=0 rateGBps=6.25 at t=27044508
Node 1 chan 1: RDMA send to 6 totalBytes=2097152 over 1 lane(s) bid=4 sid=0 iter=5 part=1 rateGBps=6.25 at t=27044508
Node 1 chan 0: RDMA send to 6 totalBytes=2097152 over 1 lane(s) bid=3 sid=0 iter=5 part=0 rateGBps=6.25 at t=27044508
Node 1 chan 0: RDMA send to 6 totalBytes=2097152 over 1 lane(s) bid=3 sid=0 iter=5 part=1 rateGBps=6.25 at t=27044508
Node 0 chan 0: RDMA send to 1 physically drained (sender side) bid=8 sid=0 iter=5 nElems=524288 at t=27045912
Node 0 chan 0: RDMA send to 5 physically drained (sender side) bid=12 sid=0 iter=5 nElems=524288 at t=27051252
Node 0 chan 0: RDMA send to 4 physically drained (sender side) bid=11 sid=0 iter=5 nElems=524288 at t=27188568
Node 0 chan 0: RDMA send to 3 totalBytes=2097152 over 1 lane(s) bid=10 sid=0 iter=5 part=0 rateGBps=12.5 at t=27188568
Node 0 chan 0: RDMA send to 3 totalBytes=2097152 over 1 lane(s) bid=10 sid=0 iter=5 part=1 rateGBps=12.5 at t=27188568
Node 0 chan 0: RDMA send to 3 totalBytes=2097152 over 1 lane(s) bid=10 sid=0 iter=5 part=2 rateGBps=12.5 at t=27188568
Node 0 chan 0: RDMA send to 3 totalBytes=2097152 over 1 lane(s) bid=10 sid=0 iter=5 part=3 rateGBps=12.5 at t=27188568
Node 6 chan 0: RDMA send to 2 physically drained (sender side) bid=8 sid=0 iter=5 nElems=524288 at t=27280676
Node 6 chan 1: RDMA send to 2 physically drained (sender side) bid=9 sid=0 iter=5 nElems=524288 at t=27282340
Node 2 chan 0: RDMA send to 5 physically drained (sender side) bid=12 sid=0 iter=5 nElems=524288 at t=27307734
Node 2 chan 0: RDMA send to 6 totalBytes=2097152 over 1 lane(s) bid=13 sid=1 iter=5 part=0 rateGBps=6.25 at t=27307734
Node 2 chan 0: RDMA send to 6 totalBytes=2097152 over 1 lane(s) bid=13 sid=1 iter=5 part=1 rateGBps=6.25 at t=27307734
Node 2 chan 0: RDMA send to 6 physically drained (sender side) bid=13 sid=0 iter=5 nElems=524288 at t=27471414
Node 4 chan 1: RDMA send to 3 physically drained (sender side) bid=11 sid=0 iter=5 nElems=524288 at t=27556265
Node 4 chan 0: RDMA send to 3 physically drained (sender side) bid=10 sid=0 iter=5 nElems=524288 at t=27560536
Node 2 chan 0: RDMA send to 5 physically drained (sender side) bid=12 sid=1 iter=5 nElems=524288 at t=27647741
Node 5 chan 0: RDMA send to 6 physically drained (sender side) bid=13 sid=1 iter=5 nElems=524288 at t=27656480
Node 1 chan 1: RDMA send to 6 physically drained (sender side) bid=4 sid=0 iter=5 nElems=524288 at t=27662284
Node 1 chan 0: RDMA send to 6 physically drained (sender side) bid=3 sid=0 iter=5 nElems=524288 at t=27723064
Node 5 chan 0: RDMA send to 3 physically drained (sender side) bid=10 sid=1 iter=5 nElems=524288 at t=27754758
Node 5 chan 1: RDMA send to 3 physically drained (sender side) bid=11 sid=1 iter=5 nElems=524288 at t=27760094
Node 2 chan 0: RDMA send to 5 physically drained (sender side) bid=12 sid=1 iter=5 nElems=524288 at t=27987706
Node 3 chan 0: RDMA send to 4 totalBytes=2097152 over 1 lane(s) bid=10 sid=1 iter=5 part=0 rateGBps=6.25 at t=28094832
Node 3 chan 0: RDMA send to 4 totalBytes=2097152 over 1 lane(s) bid=10 sid=1 iter=5 part=1 rateGBps=6.25 at t=28094832
Node 3 chan 0: RDMA send to 6 totalBytes=2097152 over 1 lane(s) bid=13 sid=1 iter=5 part=0 rateGBps=6.25 at t=28094832
Node 3 chan 0: RDMA send to 6 totalBytes=2097152 over 1 lane(s) bid=13 sid=1 iter=5 part=1 rateGBps=6.25 at t=28094832
Node 0 chan 0: RDMA send to 3 physically drained (sender side) bid=10 sid=0 iter=5 nElems=524288 at t=28094912
Node 4 chan 1: RDMA send to 3 physically drained (sender side) bid=11 sid=0 iter=5 nElems=524288 at t=28096984
Node 4 chan 0: RDMA send to 3 physically drained (sender side) bid=10 sid=0 iter=5 nElems=524288 at t=28098044
Node 2 chan 0: RDMA send to 6 physically drained (sender side) bid=13 sid=1 iter=5 nElems=524288 at t=28101876
Node 0 chan 0: RDMA send to 3 physically drained (sender side) bid=10 sid=0 iter=5 nElems=524288 at t=28266396
Node 1 chan 1: RDMA send to 6 physically drained (sender side) bid=4 sid=0 iter=5 nElems=524288 at t=28330292
Node 1 chan 0: RDMA send to 6 physically drained (sender side) bid=3 sid=0 iter=5 nElems=524288 at t=28382416
Node 1 chan 0: RDMA send to 0 totalBytes=2097152 over 1 lane(s) bid=2 sid=0 iter=5 part=0 rateGBps=12.5 at t=28382416
Node 1 chan 0: RDMA send to 0 totalBytes=2097152 over 1 lane(s) bid=2 sid=0 iter=5 part=1 rateGBps=12.5 at t=28382416
Node 1 chan 0: RDMA send to 0 totalBytes=2097152 over 1 lane(s) bid=2 sid=0 iter=5 part=2 rateGBps=12.5 at t=28382416
Node 1 chan 0: RDMA send to 0 totalBytes=2097152 over 1 lane(s) bid=2 sid=0 iter=5 part=3 rateGBps=12.5 at t=28382416
GPU 1: iteration barrier releasing 5 threadblock(s) at t=28382416
Node 0 chan 0: RDMA send to 3 physically drained (sender side) bid=10 sid=0 iter=5 nElems=524288 at t=28436876
Node 3 chan 0: RDMA send to 4 physically drained (sender side) bid=10 sid=1 iter=5 nElems=524288 at t=28441172
Node 5 chan 0: RDMA send to 6 physically drained (sender side) bid=13 sid=1 iter=5 nElems=524288 at t=28549332
Node 1 chan 0: RDMA send to 0 physically drained (sender side) bid=2 sid=0 iter=5 nElems=524288 at t=28555204
GPU 3: iteration barrier releasing 14 threadblock(s) at t=28605412
Node 3 chan 0: RDMA send to 2 totalBytes=2097152 over 1 lane(s) bid=9 sid=0 iter=6 part=0 rateGBps=12.5 at t=28605412
Node 3 chan 0: RDMA send to 2 totalBytes=2097152 over 1 lane(s) bid=9 sid=0 iter=6 part=1 rateGBps=12.5 at t=28605412
Node 3 chan 0: RDMA send to 2 totalBytes=2097152 over 1 lane(s) bid=9 sid=0 iter=6 part=2 rateGBps=12.5 at t=28605412
Node 3 chan 0: RDMA send to 2 totalBytes=2097152 over 1 lane(s) bid=9 sid=0 iter=6 part=3 rateGBps=12.5 at t=28605412
Node 3 chan 0: RDMA send to 5 totalBytes=2097152 over 1 lane(s) bid=11 sid=0 iter=6 part=0 rateGBps=6.25 at t=28605412
Node 3 chan 0: RDMA send to 5 totalBytes=2097152 over 1 lane(s) bid=11 sid=0 iter=6 part=1 rateGBps=6.25 at t=28605412
Node 3 chan 0: RDMA send to 6 totalBytes=2097152 over 1 lane(s) bid=13 sid=0 iter=6 part=0 rateGBps=6.25 at t=28605412
Node 3 chan 0: RDMA send to 6 totalBytes=2097152 over 1 lane(s) bid=13 sid=0 iter=6 part=1 rateGBps=6.25 at t=28605412
Node 0 chan 0: RDMA send to 3 physically drained (sender side) bid=10 sid=0 iter=5 nElems=524288 at t=28606876
Node 0 chan 0: RDMA send to 2 totalBytes=2097152 over 1 lane(s) bid=9 sid=0 iter=5 part=0 rateGBps=12.5 at t=28606876
Node 0 chan 0: RDMA send to 2 totalBytes=2097152 over 1 lane(s) bid=9 sid=0 iter=5 part=1 rateGBps=12.5 at t=28606876
Node 0 chan 0: RDMA send to 2 totalBytes=2097152 over 1 lane(s) bid=9 sid=0 iter=5 part=2 rateGBps=12.5 at t=28606876
Node 0 chan 0: RDMA send to 2 totalBytes=2097152 over 1 lane(s) bid=9 sid=0 iter=5 part=3 rateGBps=12.5 at t=28606876
Node 2 chan 0: RDMA send to 6 physically drained (sender side) bid=13 sid=1 iter=5 nElems=524288 at t=28631544
Node 3 chan 0: RDMA send to 6 physically drained (sender side) bid=13 sid=1 iter=5 nElems=524288 at t=28664872
Node 1 chan 0: RDMA send to 0 physically drained (sender side) bid=2 sid=0 iter=5 nElems=524288 at t=28725188
Node 3 chan 0: RDMA send to 2 physically drained (sender side) bid=9 sid=0 iter=6 nElems=524288 at t=28778200
Node 0 chan 0: RDMA send to 2 physically drained (sender side) bid=9 sid=0 iter=5 nElems=524288 at t=28780028
Node 3 chan 0: RDMA send to 4 physically drained (sender side) bid=10 sid=1 iter=5 nElems=524288 at t=28865400
Node 1 chan 0: RDMA send to 0 physically drained (sender side) bid=2 sid=0 iter=5 nElems=524288 at t=28895172
Node 3 chan 0: RDMA send to 2 physically drained (sender side) bid=9 sid=0 iter=6 nElems=524288 at t=28948184
Node 0 chan 0: RDMA send to 2 physically drained (sender side) bid=9 sid=0 iter=5 nElems=524288 at t=28950012
Node 3 chan 0: RDMA send to 5 physically drained (sender side) bid=11 sid=0 iter=6 nElems=524288 at t=29036380
Node 1 chan 0: RDMA send to 0 physically drained (sender side) bid=2 sid=0 iter=5 nElems=524288 at t=29065156
GPU 6: iteration barrier releasing 14 threadblock(s) at t=29069088
Node 6 chan 0: RDMA send to 3 totalBytes=2097152 over 1 lane(s) bid=10 sid=0 iter=6 part=0 rateGBps=3.125 at t=29069088
Node 6 chan 1: RDMA send to 3 totalBytes=2097152 over 1 lane(s) bid=11 sid=0 iter=6 part=0 rateGBps=3.125 at t=29069088
Node 6 chan 0: RDMA send to 4 totalBytes=2097152 over 1 lane(s) bid=12 sid=0 iter=6 part=0 rateGBps=6.25 at t=29069088
Node 6 chan 0: RDMA send to 4 totalBytes=2097152 over 1 lane(s) bid=12 sid=0 iter=6 part=1 rateGBps=6.25 at t=29069088
Node 6 chan 0: RDMA send to 7 totalBytes=2097152 over 1 lane(s) bid=13 sid=0 iter=6 part=0 rateGBps=12.5 at t=29069088
Node 6 chan 0: RDMA send to 7 totalBytes=2097152 over 1 lane(s) bid=13 sid=0 iter=6 part=1 rateGBps=12.5 at t=29069088
Node 6 chan 0: RDMA send to 7 totalBytes=2097152 over 1 lane(s) bid=13 sid=0 iter=6 part=2 rateGBps=12.5 at t=29069088
Node 6 chan 0: RDMA send to 7 totalBytes=2097152 over 1 lane(s) bid=13 sid=0 iter=6 part=3 rateGBps=12.5 at t=29069088
Node 3 chan 0: RDMA send to 6 physically drained (sender side) bid=13 sid=1 iter=5 nElems=524288 at t=29071904
Node 3 chan 0: RDMA send to 2 physically drained (sender side) bid=9 sid=0 iter=6 nElems=524288 at t=29118168
Node 0 chan 0: RDMA send to 2 physically drained (sender side) bid=9 sid=0 iter=5 nElems=524288 at t=29119996
Node 6 chan 0: RDMA send to 7 physically drained (sender side) bid=13 sid=0 iter=6 nElems=524288 at t=29241876
Node 3 chan 0: RDMA send to 2 physically drained (sender side) bid=9 sid=0 iter=6 nElems=524288 at t=29288152
GPU 2: iteration barrier releasing 14 threadblock(s) at t=29288572
Node 2 chan 0: RDMA send to 0 totalBytes=2097152 over 1 lane(s) bid=8 sid=0 iter=6 part=0 rateGBps=12.5 at t=29288572
Node 2 chan 0: RDMA send to 0 totalBytes=2097152 over 1 lane(s) bid=8 sid=0 iter=6 part=1 rateGBps=12.5 at t=29288572
Node 2 chan 0: RDMA send to 0 totalBytes=2097152 over 1 lane(s) bid=8 sid=0 iter=6 part=2 rateGBps=12.5 at t=29288572
Node 2 chan 0: RDMA send to 0 totalBytes=2097152 over 1 lane(s) bid=8 sid=0 iter=6 part=3 rateGBps=12.5 at t=29288572
Node 2 chan 0: RDMA send to 3 totalBytes=2097152 over 1 lane(s) bid=9 sid=0 iter=6 part=0 rateGBps=12.5 at t=29288572
Node 2 chan 0: RDMA send to 3 totalBytes=2097152 over 1 lane(s) bid=9 sid=0 iter=6 part=1 rateGBps=12.5 at t=29288572
Node 2 chan 0: RDMA send to 3 totalBytes=2097152 over 1 lane(s) bid=9 sid=0 iter=6 part=2 rateGBps=12.5 at t=29288572
Node 2 chan 0: RDMA send to 3 totalBytes=2097152 over 1 lane(s) bid=9 sid=0 iter=6 part=3 rateGBps=12.5 at t=29288572
Node 0 chan 0: RDMA send to 2 physically drained (sender side) bid=9 sid=0 iter=5 nElems=524288 at t=29289980
Node 0 chan 0: RDMA send to 5 totalBytes=2097152 over 1 lane(s) bid=12 sid=1 iter=5 part=0 rateGBps=6.25 at t=29289980
Node 0 chan 0: RDMA send to 5 totalBytes=2097152 over 1 lane(s) bid=12 sid=1 iter=5 part=1 rateGBps=6.25 at t=29289980
Node 0 chan 0: RDMA send to 4 totalBytes=2097152 over 1 lane(s) bid=11 sid=1 iter=5 part=0 rateGBps=6.25 at t=29289980
Node 0 chan 0: RDMA send to 4 totalBytes=2097152 over 1 lane(s) bid=11 sid=1 iter=5 part=1 rateGBps=6.25 at t=29289980
Node 3 chan 0: RDMA send to 5 physically drained (sender side) bid=11 sid=0 iter=6 nElems=524288 at t=29376720
Node 3 chan 0: RDMA send to 1 totalBytes=2097152 over 1 lane(s) bid=8 sid=0 iter=6 part=0 rateGBps=12.5 at t=29376720
Node 3 chan 0: RDMA send to 1 totalBytes=2097152 over 1 lane(s) bid=8 sid=0 iter=6 part=1 rateGBps=12.5 at t=29376720
Node 3 chan 0: RDMA send to 1 totalBytes=2097152 over 1 lane(s) bid=8 sid=0 iter=6 part=2 rateGBps=12.5 at t=29376720
Node 3 chan 0: RDMA send to 1 totalBytes=2097152 over 1 lane(s) bid=8 sid=0 iter=6 part=3 rateGBps=12.5 at t=29376720
Node 6 chan 0: RDMA send to 7 physically drained (sender side) bid=13 sid=0 iter=6 nElems=524288 at t=29411860
Node 3 chan 0: RDMA send to 6 physically drained (sender side) bid=13 sid=0 iter=6 nElems=524288 at t=29412116
Node 6 chan 0: RDMA send to 4 physically drained (sender side) bid=12 sid=0 iter=6 nElems=524288 at t=29413116
Node 2 chan 0: RDMA send to 3 physically drained (sender side) bid=9 sid=0 iter=6 nElems=524288 at t=29461360
Node 2 chan 0: RDMA send to 0 physically drained (sender side) bid=8 sid=0 iter=6 nElems=524288 at t=29461956
Node 6 chan 0: RDMA send to 7 physically drained (sender side) bid=13 sid=0 iter=6 nElems=524288 at t=29581844
Node 2 chan 0: RDMA send to 3 physically drained (sender side) bid=9 sid=0 iter=6 nElems=524288 at t=29631344
Node 2 chan 0: RDMA send to 0 physically drained (sender side) bid=8 sid=0 iter=6 nElems=524288 at t=29632196
Node 0 chan 0: RDMA send to 4 physically drained (sender side) bid=11 sid=1 iter=5 nElems=524288 at t=29637424
Node 0 chan 0: RDMA send to 5 physically drained (sender side) bid=12 sid=1 iter=5 nElems=524288 at t=29637760
Node 3 chan 0: RDMA send to 1 physically drained (sender side) bid=8 sid=0 iter=6 nElems=524288 at t=29720116
Node 7 chan 0: RDMA send to 5 totalBytes=2097152 over 1 lane(s) bid=2 sid=0 iter=6 part=0 rateGBps=12.5 at t=29750424
Node 7 chan 0: RDMA send to 5 totalBytes=2097152 over 1 lane(s) bid=2 sid=0 iter=6 part=1 rateGBps=12.5 at t=29750424
Node 7 chan 0: RDMA send to 5 totalBytes=2097152 over 1 lane(s) bid=2 sid=0 iter=6 part=2 rateGBps=12.5 at t=29750424
Node 7 chan 0: RDMA send to 5 totalBytes=2097152 over 1 lane(s) bid=2 sid=0 iter=6 part=3 rateGBps=12.5 at t=29750424
Node 6 chan 0: RDMA send to 7 physically drained (sender side) bid=13 sid=0 iter=6 nElems=524288 at t=29751828
Node 3 chan 0: RDMA send to 6 physically drained (sender side) bid=13 sid=0 iter=6 nElems=524288 at t=29752008
Node 6 chan 0: RDMA send to 4 physically drained (sender side) bid=12 sid=0 iter=6 nElems=524288 at t=29753012
Node 6 chan 1: RDMA send to 3 physically drained (sender side) bid=11 sid=0 iter=6 nElems=524288 at t=29755292
Node 6 chan 0: RDMA send to 3 physically drained (sender side) bid=10 sid=0 iter=6 nElems=524288 at t=29755296
Node 6 chan 1: RDMA send to 0 totalBytes=2097152 over 1 lane(s) bid=7 sid=0 iter=6 part=0 rateGBps=6.25 at t=29755296
Node 6 chan 1: RDMA send to 0 totalBytes=2097152 over 1 lane(s) bid=7 sid=0 iter=6 part=1 rateGBps=6.25 at t=29755296
Node 6 chan 0: RDMA send to 0 totalBytes=2097152 over 1 lane(s) bid=6 sid=0 iter=6 part=0 rateGBps=6.25 at t=29755296
Node 6 chan 0: RDMA send to 0 totalBytes=2097152 over 1 lane(s) bid=6 sid=0 iter=6 part=1 rateGBps=6.25 at t=29755296
Node 2 chan 0: RDMA send to 3 physically drained (sender side) bid=9 sid=0 iter=6 nElems=524288 at t=29801328
Node 2 chan 0: RDMA send to 0 physically drained (sender side) bid=8 sid=0 iter=6 nElems=524288 at t=29898556
Node 3 chan 0: RDMA send to 1 physically drained (sender side) bid=8 sid=0 iter=6 nElems=524288 at t=29903610
Node 2 chan 0: RDMA send to 3 physically drained (sender side) bid=9 sid=0 iter=6 nElems=524288 at t=29971312
GPU 4: iteration barrier releasing 14 threadblock(s) at t=29974796
Node 4 chan 0: RDMA send to 2 totalBytes=2097152 over 1 lane(s) bid=8 sid=0 iter=6 part=0 rateGBps=6.25 at t=29974796
Node 4 chan 0: RDMA send to 2 totalBytes=2097152 over 1 lane(s) bid=8 sid=0 iter=6 part=1 rateGBps=6.25 at t=29974796
Node 4 chan 1: RDMA send to 2 totalBytes=2097152 over 1 lane(s) bid=9 sid=0 iter=6 part=0 rateGBps=6.25 at t=29974796
Node 4 chan 1: RDMA send to 2 totalBytes=2097152 over 1 lane(s) bid=9 sid=0 iter=6 part=1 rateGBps=6.25 at t=29974796
Node 4 chan 0: RDMA send to 5 totalBytes=2097152 over 1 lane(s) bid=12 sid=0 iter=6 part=0 rateGBps=12.5 at t=29974796
Node 4 chan 0: RDMA send to 5 totalBytes=2097152 over 1 lane(s) bid=12 sid=0 iter=6 part=1 rateGBps=12.5 at t=29974796
Node 4 chan 0: RDMA send to 5 totalBytes=2097152 over 1 lane(s) bid=12 sid=0 iter=6 part=2 rateGBps=12.5 at t=29974796
Node 4 chan 0: RDMA send to 5 totalBytes=2097152 over 1 lane(s) bid=12 sid=0 iter=6 part=3 rateGBps=12.5 at t=29974796
Node 0 chan 0: RDMA send to 4 physically drained (sender side) bid=11 sid=1 iter=5 nElems=524288 at t=29977900
Node 5 chan 0: RDMA send to 0 totalBytes=2097152 over 1 lane(s) bid=6 sid=0 iter=5 part=0 rateGBps=6.25 at t=29981704
Node 5 chan 0: RDMA send to 0 totalBytes=2097152 over 1 lane(s) bid=6 sid=0 iter=5 part=1 rateGBps=6.25 at t=29981704
Node 5 chan 1: RDMA send to 0 totalBytes=2097152 over 1 lane(s) bid=7 sid=0 iter=5 part=0 rateGBps=6.25 at t=29981704
Node 5 chan 1: RDMA send to 0 totalBytes=2097152 over 1 lane(s) bid=7 sid=0 iter=5 part=1 rateGBps=6.25 at t=29981704
GPU 5: iteration barrier releasing 14 threadblock(s) at t=29981704
Node 5 chan 0: RDMA send to 3 totalBytes=2097152 over 1 lane(s) bid=10 sid=0 iter=6 part=0 rateGBps=3.125 at t=29981704
Node 5 chan 1: RDMA send to 3 totalBytes=2097152 over 1 lane(s) bid=11 sid=0 iter=6 part=0 rateGBps=3.125 at t=29981704
Node 5 chan 0: RDMA send to 4 totalBytes=2097152 over 1 lane(s) bid=12 sid=0 iter=6 part=0 rateGBps=12.5 at t=29981704
Node 5 chan 0: RDMA send to 4 totalBytes=2097152 over 1 lane(s) bid=12 sid=0 iter=6 part=1 rateGBps=12.5 at t=29981704
Node 5 chan 0: RDMA send to 4 totalBytes=2097152 over 1 lane(s) bid=12 sid=0 iter=6 part=2 rateGBps=12.5 at t=29981704
Node 5 chan 0: RDMA send to 4 totalBytes=2097152 over 1 lane(s) bid=12 sid=0 iter=6 part=3 rateGBps=12.5 at t=29981704
Node 5 chan 0: RDMA send to 6 totalBytes=2097152 over 1 lane(s) bid=13 sid=0 iter=6 part=0 rateGBps=6.25 at t=29981704
Node 5 chan 0: RDMA send to 6 totalBytes=2097152 over 1 lane(s) bid=13 sid=0 iter=6 part=1 rateGBps=6.25 at t=29981704
Node 0 chan 0: RDMA send to 5 physically drained (sender side) bid=12 sid=1 iter=5 nElems=524288 at t=29985212
Node 7 chan 0: RDMA send to 5 physically drained (sender side) bid=2 sid=0 iter=6 nElems=524288 at t=30034660
Node 3 chan 0: RDMA send to 1 physically drained (sender side) bid=8 sid=0 iter=6 nElems=524288 at t=30073828
Node 4 chan 0: RDMA send to 5 physically drained (sender side) bid=12 sid=0 iter=6 nElems=524288 at t=30147778
Node 5 chan 0: RDMA send to 4 physically drained (sender side) bid=12 sid=0 iter=6 nElems=524288 at t=30154814
Node 7 chan 0: RDMA send to 5 physically drained (sender side) bid=2 sid=0 iter=6 nElems=524288 at t=30204936
Node 3 chan 0: RDMA send to 1 physically drained (sender side) bid=8 sid=0 iter=6 nElems=524288 at t=30243872
Node 3 chan 1: RDMA send to 5 totalBytes=2097152 over 1 lane(s) bid=12 sid=0 iter=6 part=0 rateGBps=6.25 at t=30243872
Node 3 chan 1: RDMA send to 5 totalBytes=2097152 over 1 lane(s) bid=12 sid=0 iter=6 part=1 rateGBps=6.25 at t=30243872
Node 3 chan 0: RDMA send to 4 totalBytes=2097152 over 1 lane(s) bid=10 sid=0 iter=6 part=0 rateGBps=6.25 at t=30243872
Node 3 chan 0: RDMA send to 4 totalBytes=2097152 over 1 lane(s) bid=10 sid=0 iter=6 part=1 rateGBps=6.25 at t=30243872
Node 4 chan 0: RDMA send to 5 physically drained (sender side) bid=12 sid=0 iter=6 nElems=524288 at t=30317762
Node 5 chan 0: RDMA send to 4 physically drained (sender side) bid=12 sid=0 iter=6 nElems=524288 at t=30324798
Node 6 chan 1: RDMA send to 0 physically drained (sender side) bid=7 sid=0 iter=6 nElems=524288 at t=30384216
Node 6 chan 0: RDMA send to 0 physically drained (sender side) bid=6 sid=0 iter=6 nElems=524288 at t=30390532
Node 4 chan 0: RDMA send to 2 physically drained (sender side) bid=8 sid=0 iter=6 nElems=524288 at t=30401828
Node 4 chan 1: RDMA send to 2 physically drained (sender side) bid=9 sid=0 iter=6 nElems=524288 at t=30405148
Node 4 chan 0: RDMA send to 5 physically drained (sender side) bid=12 sid=0 iter=6 nElems=524288 at t=30487746
Node 7 chan 0: RDMA send to 5 physically drained (sender side) bid=2 sid=0 iter=6 nElems=524288 at t=30494248
Node 5 chan 0: RDMA send to 4 physically drained (sender side) bid=12 sid=0 iter=6 nElems=524288 at t=30494782
Node 3 chan 0: RDMA send to 4 physically drained (sender side) bid=10 sid=0 iter=6 nElems=524288 at t=30591068
Node 3 chan 1: RDMA send to 5 physically drained (sender side) bid=12 sid=0 iter=6 nElems=524288 at t=30598044
Node 4 chan 0: RDMA send to 5 physically drained (sender side) bid=12 sid=0 iter=6 nElems=524288 at t=30657730
Node 2 chan 0: RDMA send to 0 physically drained (sender side) bid=8 sid=0 iter=6 nElems=524288 at t=30660836
Node 2 chan 1: RDMA send to 4 totalBytes=2097152 over 1 lane(s) bid=11 sid=0 iter=6 part=0 rateGBps=6.25 at t=30660836
Node 2 chan 1: RDMA send to 4 totalBytes=2097152 over 1 lane(s) bid=11 sid=0 iter=6 part=1 rateGBps=6.25 at t=30660836
Node 2 chan 0: RDMA send to 4 totalBytes=2097152 over 1 lane(s) bid=10 sid=0 iter=6 part=0 rateGBps=6.25 at t=30660836
Node 2 chan 0: RDMA send to 4 totalBytes=2097152 over 1 lane(s) bid=10 sid=0 iter=6 part=1 rateGBps=6.25 at t=30660836
Node 5 chan 0: RDMA send to 4 physically drained (sender side) bid=12 sid=0 iter=6 nElems=524288 at t=30664444
Node 5 chan 0: RDMA send to 6 physically drained (sender side) bid=13 sid=0 iter=6 nElems=524288 at t=30798008
Node 5 chan 1: RDMA send to 3 physically drained (sender side) bid=11 sid=0 iter=6 nElems=524288 at t=30822944
Node 5 chan 0: RDMA send to 3 physically drained (sender side) bid=10 sid=0 iter=6 nElems=524288 at t=30826280
Node 5 chan 1: RDMA send to 2 totalBytes=2097152 over 1 lane(s) bid=9 sid=0 iter=6 part=0 rateGBps=6.25 at t=30826280
Node 5 chan 1: RDMA send to 2 totalBytes=2097152 over 1 lane(s) bid=9 sid=0 iter=6 part=1 rateGBps=6.25 at t=30826280
Node 5 chan 0: RDMA send to 2 totalBytes=2097152 over 1 lane(s) bid=8 sid=0 iter=6 part=0 rateGBps=6.25 at t=30826280
Node 5 chan 0: RDMA send to 2 totalBytes=2097152 over 1 lane(s) bid=8 sid=0 iter=6 part=1 rateGBps=6.25 at t=30826280
Node 7 chan 0: RDMA send to 5 physically drained (sender side) bid=2 sid=0 iter=6 nElems=524288 at t=30835000
Node 4 chan 0: RDMA send to 2 physically drained (sender side) bid=8 sid=0 iter=6 nElems=524288 at t=30854748
Node 4 chan 0: RDMA send to 7 totalBytes=2097152 over 1 lane(s) bid=13 sid=0 iter=6 part=0 rateGBps=12.5 at t=30854748
Node 4 chan 0: RDMA send to 7 totalBytes=2097152 over 1 lane(s) bid=13 sid=0 iter=6 part=1 rateGBps=12.5 at t=30854748
Node 4 chan 0: RDMA send to 7 totalBytes=2097152 over 1 lane(s) bid=13 sid=0 iter=6 part=2 rateGBps=12.5 at t=30854748
Node 4 chan 0: RDMA send to 7 totalBytes=2097152 over 1 lane(s) bid=13 sid=0 iter=6 part=3 rateGBps=12.5 at t=30854748
Node 4 chan 1: RDMA send to 2 physically drained (sender side) bid=9 sid=0 iter=6 nElems=524288 at t=30855748
Node 5 chan 0: RDMA send to 0 physically drained (sender side) bid=6 sid=0 iter=5 nElems=524288 at t=30912676
Node 5 chan 1: RDMA send to 0 physically drained (sender side) bid=7 sid=0 iter=5 nElems=524288 at t=30915332
Node 3 chan 1: RDMA send to 5 physically drained (sender side) bid=12 sid=0 iter=6 nElems=524288 at t=30930772
Node 4 chan 0: RDMA send to 7 physically drained (sender side) bid=13 sid=0 iter=6 nElems=524288 at t=31028312
Node 6 chan 1: RDMA send to 0 physically drained (sender side) bid=7 sid=0 iter=6 nElems=524288 at t=31040468
Node 6 chan 0: RDMA send to 0 physically drained (sender side) bid=6 sid=0 iter=6 nElems=524288 at t=31048630
Node 6 chan 0: RDMA send to 4 totalBytes=2097152 over 1 lane(s) bid=12 sid=1 iter=6 part=0 rateGBps=6.25 at t=31048630
Node 6 chan 0: RDMA send to 4 totalBytes=2097152 over 1 lane(s) bid=12 sid=1 iter=6 part=1 rateGBps=6.25 at t=31048630
Node 6 chan 1: RDMA send to 3 totalBytes=2097152 over 1 lane(s) bid=11 sid=1 iter=6 part=0 rateGBps=3.125 at t=31048630
Node 6 chan 0: RDMA send to 3 totalBytes=2097152 over 1 lane(s) bid=10 sid=1 iter=6 part=0 rateGBps=3.125 at t=31048630
Node 3 chan 0: RDMA send to 4 physically drained (sender side) bid=10 sid=0 iter=6 nElems=524288 at t=31066046
Node 2 chan 1: RDMA send to 4 physically drained (sender side) bid=11 sid=0 iter=6 nElems=524288 at t=31163504
Node 2 chan 0: RDMA send to 4 physically drained (sender side) bid=10 sid=0 iter=6 nElems=524288 at t=31170144
Node 4 chan 0: RDMA send to 7 physically drained (sender side) bid=13 sid=0 iter=6 nElems=524288 at t=31198552
Node 4 chan 0: RDMA send to 7 physically drained (sender side) bid=13 sid=0 iter=6 nElems=524288 at t=31368792
Node 7 chan 0: RDMA send to 6 totalBytes=2097152 over 1 lane(s) bid=3 sid=0 iter=6 part=0 rateGBps=12.5 at t=31537640
Node 7 chan 0: RDMA send to 6 totalBytes=2097152 over 1 lane(s) bid=3 sid=0 iter=6 part=1 rateGBps=12.5 at t=31537640
Node 7 chan 0: RDMA send to 6 totalBytes=2097152 over 1 lane(s) bid=3 sid=0 iter=6 part=2 rateGBps=12.5 at t=31537640
Node 7 chan 0: RDMA send to 6 totalBytes=2097152 over 1 lane(s) bid=3 sid=0 iter=6 part=3 rateGBps=12.5 at t=31537640
GPU 7: iteration barrier releasing 4 threadblock(s) at t=31537640
Node 4 chan 0: RDMA send to 7 physically drained (sender side) bid=13 sid=0 iter=6 nElems=524288 at t=31539364
Node 4 chan 1: RDMA send to 0 totalBytes=2097152 over 1 lane(s) bid=7 sid=0 iter=6 part=0 rateGBps=6.25 at t=31539364
Node 4 chan 1: RDMA send to 0 totalBytes=2097152 over 1 lane(s) bid=7 sid=0 iter=6 part=1 rateGBps=6.25 at t=31539364
Node 4 chan 0: RDMA send to 0 totalBytes=2097152 over 1 lane(s) bid=6 sid=0 iter=6 part=0 rateGBps=6.25 at t=31539364
Node 4 chan 0: RDMA send to 0 totalBytes=2097152 over 1 lane(s) bid=6 sid=0 iter=6 part=1 rateGBps=6.25 at t=31539364
Node 5 chan 0: RDMA send to 6 physically drained (sender side) bid=13 sid=0 iter=6 nElems=524288 at t=31611708
Node 2 chan 1: RDMA send to 4 physically drained (sender side) bid=11 sid=0 iter=6 nElems=524288 at t=31613894
Node 2 chan 0: RDMA send to 4 physically drained (sender side) bid=10 sid=0 iter=6 nElems=524288 at t=31616222
Node 2 chan 0: RDMA send to 6 totalBytes=2097152 over 1 lane(s) bid=13 sid=0 iter=6 part=0 rateGBps=6.25 at t=31616222
Node 2 chan 0: RDMA send to 6 totalBytes=2097152 over 1 lane(s) bid=13 sid=0 iter=6 part=1 rateGBps=6.25 at t=31616222
Node 2 chan 0: RDMA send to 5 totalBytes=2097152 over 1 lane(s) bid=12 sid=0 iter=6 part=0 rateGBps=6.25 at t=31616222
Node 2 chan 0: RDMA send to 5 totalBytes=2097152 over 1 lane(s) bid=12 sid=0 iter=6 part=1 rateGBps=6.25 at t=31616222
Node 2 chan 0: RDMA send to 5 totalBytes=2097152 over 1 lane(s) bid=12 sid=1 iter=6 part=0 rateGBps=6.25 at t=31616222
Node 2 chan 0: RDMA send to 5 totalBytes=2097152 over 1 lane(s) bid=12 sid=1 iter=6 part=1 rateGBps=6.25 at t=31616222
Node 6 chan 0: RDMA send to 4 physically drained (sender side) bid=12 sid=1 iter=6 nElems=524288 at t=31676258
Node 5 chan 1: RDMA send to 2 physically drained (sender side) bid=9 sid=0 iter=6 nElems=524288 at t=31680486
Node 5 chan 0: RDMA send to 2 physically drained (sender side) bid=8 sid=0 iter=6 nElems=524288 at t=31681158
Node 7 chan 0: RDMA send to 6 physically drained (sender side) bid=3 sid=0 iter=6 nElems=524288 at t=31710428
Node 5 chan 0: RDMA send to 0 physically drained (sender side) bid=6 sid=0 iter=5 nElems=524288 at t=31740302
GPU 0: iteration barrier releasing 13 threadblock(s) at t=31741512
Node 0 chan 0: RDMA send to 1 totalBytes=2097152 over 1 lane(s) bid=8 sid=0 iter=6 part=0 rateGBps=12.5 at t=31741512
Node 0 chan 0: RDMA send to 1 totalBytes=2097152 over 1 lane(s) bid=8 sid=0 iter=6 part=1 rateGBps=12.5 at t=31741512
Node 0 chan 0: RDMA send to 1 totalBytes=2097152 over 1 lane(s) bid=8 sid=0 iter=6 part=2 rateGBps=12.5 at t=31741512
Node 0 chan 0: RDMA send to 1 totalBytes=2097152 over 1 lane(s) bid=8 sid=0 iter=6 part=3 rateGBps=12.5 at t=31741512
Node 0 chan 0: RDMA send to 4 totalBytes=2097152 over 1 lane(s) bid=11 sid=0 iter=6 part=0 rateGBps=6.25 at t=31741512
Node 0 chan 0: RDMA send to 4 totalBytes=2097152 over 1 lane(s) bid=11 sid=0 iter=6 part=1 rateGBps=6.25 at t=31741512
Node 0 chan 0: RDMA send to 5 totalBytes=2097152 over 1 lane(s) bid=12 sid=0 iter=6 part=0 rateGBps=6.25 at t=31741512
Node 0 chan 0: RDMA send to 5 totalBytes=2097152 over 1 lane(s) bid=12 sid=0 iter=6 part=1 rateGBps=6.25 at t=31741512
Node 5 chan 1: RDMA send to 0 physically drained (sender side) bid=7 sid=0 iter=5 nElems=524288 at t=31744970
Node 6 chan 1: RDMA send to 3 physically drained (sender side) bid=11 sid=1 iter=6 nElems=524288 at t=31747312
Node 6 chan 0: RDMA send to 3 physically drained (sender side) bid=10 sid=1 iter=6 nElems=524288 at t=31747980
Node 6 chan 0: RDMA send to 2 totalBytes=2097152 over 1 lane(s) bid=8 sid=0 iter=6 part=0 rateGBps=6.25 at t=31747980
Node 6 chan 0: RDMA send to 2 totalBytes=2097152 over 1 lane(s) bid=8 sid=0 iter=6 part=1 rateGBps=6.25 at t=31747980
Node 6 chan 1: RDMA send to 2 totalBytes=2097152 over 1 lane(s) bid=9 sid=0 iter=6 part=0 rateGBps=6.25 at t=31747980
Node 6 chan 1: RDMA send to 2 totalBytes=2097152 over 1 lane(s) bid=9 sid=0 iter=6 part=1 rateGBps=6.25 at t=31747980
Node 7 chan 0: RDMA send to 6 physically drained (sender side) bid=3 sid=0 iter=6 nElems=524288 at t=31880412
Node 0 chan 0: RDMA send to 1 physically drained (sender side) bid=8 sid=0 iter=6 nElems=524288 at t=31914300
Node 2 chan 0: RDMA send to 5 physically drained (sender side) bid=12 sid=0 iter=6 nElems=524288 at t=31963910
Node 2 chan 0: RDMA send to 6 physically drained (sender side) bid=13 sid=0 iter=6 nElems=524288 at t=31963914
Node 4 chan 1: RDMA send to 0 physically drained (sender side) bid=7 sid=0 iter=6 nElems=524288 at t=31976448
Node 4 chan 0: RDMA send to 0 physically drained (sender side) bid=6 sid=0 iter=6 nElems=524288 at t=31977448
Node 6 chan 0: RDMA send to 4 physically drained (sender side) bid=12 sid=1 iter=6 nElems=524288 at t=32044022
Node 7 chan 0: RDMA send to 6 physically drained (sender side) bid=3 sid=0 iter=6 nElems=524288 at t=32050396
Node 0 chan 0: RDMA send to 1 physically drained (sender side) bid=8 sid=0 iter=6 nElems=524288 at t=32084284
Node 0 chan 0: RDMA send to 5 physically drained (sender side) bid=12 sid=0 iter=6 nElems=524288 at t=32089258
Node 0 chan 0: RDMA send to 4 physically drained (sender side) bid=11 sid=0 iter=6 nElems=524288 at t=32089262
Node 7 chan 0: RDMA send to 6 physically drained (sender side) bid=3 sid=0 iter=6 nElems=524288 at t=32220380
Node 0 chan 0: RDMA send to 1 physically drained (sender side) bid=8 sid=0 iter=6 nElems=524288 at t=32254268
Node 5 chan 0: RDMA send to 2 physically drained (sender side) bid=8 sid=0 iter=6 nElems=524288 at t=32303392
Node 5 chan 0: RDMA send to 6 totalBytes=2097152 over 1 lane(s) bid=13 sid=1 iter=6 part=0 rateGBps=6.25 at t=32303392
Node 5 chan 0: RDMA send to 6 totalBytes=2097152 over 1 lane(s) bid=13 sid=1 iter=6 part=1 rateGBps=6.25 at t=32303392
Node 5 chan 1: RDMA send to 3 totalBytes=2097152 over 1 lane(s) bid=11 sid=1 iter=6 part=0 rateGBps=3.125 at t=32303392
Node 5 chan 0: RDMA send to 3 totalBytes=2097152 over 1 lane(s) bid=10 sid=1 iter=6 part=0 rateGBps=3.125 at t=32303392
Node 2 chan 0: RDMA send to 5 physically drained (sender side) bid=12 sid=0 iter=6 nElems=524288 at t=32304390
Node 2 chan 0: RDMA send to 6 totalBytes=2097152 over 1 lane(s) bid=13 sid=1 iter=6 part=0 rateGBps=6.25 at t=32304390
Node 2 chan 0: RDMA send to 6 totalBytes=2097152 over 1 lane(s) bid=13 sid=1 iter=6 part=1 rateGBps=6.25 at t=32304390
Node 2 chan 0: RDMA send to 6 physically drained (sender side) bid=13 sid=0 iter=6 nElems=524288 at t=32304394
Node 5 chan 1: RDMA send to 2 physically drained (sender side) bid=9 sid=0 iter=6 nElems=524288 at t=32310700
Node 4 chan 1: RDMA send to 0 physically drained (sender side) bid=7 sid=0 iter=6 nElems=524288 at t=32317676
Node 4 chan 0: RDMA send to 0 physically drained (sender side) bid=6 sid=0 iter=6 nElems=524288 at t=32319352
Node 4 chan 1: RDMA send to 3 totalBytes=2097152 over 1 lane(s) bid=11 sid=0 iter=6 part=0 rateGBps=6.25 at t=32319352
Node 4 chan 1: RDMA send to 3 totalBytes=2097152 over 1 lane(s) bid=11 sid=0 iter=6 part=1 rateGBps=6.25 at t=32319352
Node 4 chan 0: RDMA send to 3 totalBytes=2097152 over 1 lane(s) bid=10 sid=0 iter=6 part=0 rateGBps=6.25 at t=32319352
Node 4 chan 0: RDMA send to 3 totalBytes=2097152 over 1 lane(s) bid=10 sid=0 iter=6 part=1 rateGBps=6.25 at t=32319352
Node 6 chan 0: RDMA send to 2 physically drained (sender side) bid=8 sid=0 iter=6 nElems=524288 at t=32386520
Node 6 chan 1: RDMA send to 2 physically drained (sender side) bid=9 sid=0 iter=6 nElems=524288 at t=32387852
Node 1 chan 1: RDMA send to 6 totalBytes=2097152 over 1 lane(s) bid=4 sid=0 iter=6 part=0 rateGBps=6.25 at t=32422848
Node 1 chan 1: RDMA send to 6 totalBytes=2097152 over 1 lane(s) bid=4 sid=0 iter=6 part=1 rateGBps=6.25 at t=32422848
Node 1 chan 0: RDMA send to 6 totalBytes=2097152 over 1 lane(s) bid=3 sid=0 iter=6 part=0 rateGBps=6.25 at t=32422848
Node 1 chan 0: RDMA send to 6 totalBytes=2097152 over 1 lane(s) bid=3 sid=0 iter=6 part=1 rateGBps=6.25 at t=32422848
Node 0 chan 0: RDMA send to 1 physically drained (sender side) bid=8 sid=0 iter=6 nElems=524288 at t=32424252
Node 0 chan 0: RDMA send to 5 physically drained (sender side) bid=12 sid=0 iter=6 nElems=524288 at t=32429872
Node 0 chan 0: RDMA send to 4 physically drained (sender side) bid=11 sid=0 iter=6 nElems=524288 at t=32430536
Node 0 chan 0: RDMA send to 3 totalBytes=2097152 over 1 lane(s) bid=10 sid=0 iter=6 part=0 rateGBps=12.5 at t=32430536
Node 0 chan 0: RDMA send to 3 totalBytes=2097152 over 1 lane(s) bid=10 sid=0 iter=6 part=1 rateGBps=12.5 at t=32430536
Node 0 chan 0: RDMA send to 3 totalBytes=2097152 over 1 lane(s) bid=10 sid=0 iter=6 part=2 rateGBps=12.5 at t=32430536
Node 0 chan 0: RDMA send to 3 totalBytes=2097152 over 1 lane(s) bid=10 sid=0 iter=6 part=3 rateGBps=12.5 at t=32430536
Node 2 chan 0: RDMA send to 5 physically drained (sender side) bid=12 sid=1 iter=6 nElems=524288 at t=32643256
Node 6 chan 1: RDMA send to 2 physically drained (sender side) bid=9 sid=0 iter=6 nElems=524288 at t=32733060
Node 6 chan 0: RDMA send to 2 physically drained (sender side) bid=8 sid=0 iter=6 nElems=524288 at t=32735720
Node 2 chan 0: RDMA send to 6 physically drained (sender side) bid=13 sid=1 iter=6 nElems=524288 at t=32851084
Node 2 chan 0: RDMA send to 5 physically drained (sender side) bid=12 sid=1 iter=6 nElems=524288 at t=32984034
Node 5 chan 0: RDMA send to 6 physically drained (sender side) bid=13 sid=1 iter=6 nElems=524288 at t=33020656
Node 1 chan 1: RDMA send to 6 physically drained (sender side) bid=4 sid=0 iter=6 nElems=524288 at t=33048624
Node 1 chan 0: RDMA send to 6 physically drained (sender side) bid=3 sid=0 iter=6 nElems=524288 at t=33052586
Node 4 chan 1: RDMA send to 3 physically drained (sender side) bid=11 sid=0 iter=6 nElems=524288 at t=33062074
Node 4 chan 0: RDMA send to 3 physically drained (sender side) bid=10 sid=0 iter=6 nElems=524288 at t=33066704
Node 5 chan 1: RDMA send to 3 physically drained (sender side) bid=11 sid=1 iter=6 nElems=524288 at t=33138684
Node 5 chan 0: RDMA send to 3 physically drained (sender side) bid=10 sid=1 iter=6 nElems=524288 at t=33138720
Node 0 chan 0: RDMA send to 3 physically drained (sender side) bid=10 sid=0 iter=6 nElems=524288 at t=33370008
Node 2 chan 0: RDMA send to 6 physically drained (sender side) bid=13 sid=1 iter=6 nElems=524288 at t=33474552
Node 4 chan 1: RDMA send to 3 physically drained (sender side) bid=11 sid=0 iter=6 nElems=524288 at t=33552024
Node 3 chan 0: RDMA send to 4 totalBytes=2097152 over 1 lane(s) bid=10 sid=1 iter=6 part=0 rateGBps=6.25 at t=33554188
Node 3 chan 0: RDMA send to 4 totalBytes=2097152 over 1 lane(s) bid=10 sid=1 iter=6 part=1 rateGBps=6.25 at t=33554188
Node 3 chan 0: RDMA send to 6 totalBytes=2097152 over 1 lane(s) bid=13 sid=1 iter=6 part=0 rateGBps=6.25 at t=33554188
Node 3 chan 0: RDMA send to 6 totalBytes=2097152 over 1 lane(s) bid=13 sid=1 iter=6 part=1 rateGBps=6.25 at t=33554188
Node 4 chan 0: RDMA send to 3 physically drained (sender side) bid=10 sid=0 iter=6 nElems=524288 at t=33557400
Node 1 chan 1: RDMA send to 6 physically drained (sender side) bid=4 sid=0 iter=6 nElems=524288 at t=33630952
Node 1 chan 0: RDMA send to 6 physically drained (sender side) bid=3 sid=0 iter=6 nElems=524288 at t=33638256
Node 1 chan 0: RDMA send to 0 totalBytes=2097152 over 1 lane(s) bid=2 sid=0 iter=6 part=0 rateGBps=12.5 at t=33638256
Node 1 chan 0: RDMA send to 0 totalBytes=2097152 over 1 lane(s) bid=2 sid=0 iter=6 part=1 rateGBps=12.5 at t=33638256
Node 1 chan 0: RDMA send to 0 totalBytes=2097152 over 1 lane(s) bid=2 sid=0 iter=6 part=2 rateGBps=12.5 at t=33638256
Node 1 chan 0: RDMA send to 0 totalBytes=2097152 over 1 lane(s) bid=2 sid=0 iter=6 part=3 rateGBps=12.5 at t=33638256
GPU 1: iteration barrier releasing 5 threadblock(s) at t=33638256
Node 0 chan 0: RDMA send to 3 physically drained (sender side) bid=10 sid=0 iter=6 nElems=524288 at t=33677172
Node 5 chan 0: RDMA send to 6 physically drained (sender side) bid=13 sid=1 iter=6 nElems=524288 at t=33737776
Node 1 chan 0: RDMA send to 0 physically drained (sender side) bid=2 sid=0 iter=6 nElems=524288 at t=33811044
Node 0 chan 0: RDMA send to 3 physically drained (sender side) bid=10 sid=0 iter=6 nElems=524288 at t=33847452
Node 3 chan 0: RDMA send to 4 physically drained (sender side) bid=10 sid=1 iter=6 nElems=524288 at t=33900956
Node 3 chan 0: RDMA send to 6 physically drained (sender side) bid=13 sid=1 iter=6 nElems=524288 at t=33933876
Node 1 chan 0: RDMA send to 0 physically drained (sender side) bid=2 sid=0 iter=6 nElems=524288 at t=33981028
GPU 3: iteration barrier releasing 14 threadblock(s) at t=34016000
Node 3 chan 0: RDMA send to 2 totalBytes=2097152 over 1 lane(s) bid=9 sid=0 iter=7 part=0 rateGBps=12.5 at t=34016000
Node 3 chan 0: RDMA send to 2 totalBytes=2097152 over 1 lane(s) bid=9 sid=0 iter=7 part=1 rateGBps=12.5 at t=34016000
Node 3 chan 0: RDMA send to 2 totalBytes=2097152 over 1 lane(s) bid=9 sid=0 iter=7 part=2 rateGBps=12.5 at t=34016000
Node 3 chan 0: RDMA send to 2 totalBytes=2097152 over 1 lane(s) bid=9 sid=0 iter=7 part=3 rateGBps=12.5 at t=34016000
Node 3 chan 0: RDMA send to 5 totalBytes=2097152 over 1 lane(s) bid=11 sid=0 iter=7 part=0 rateGBps=6.25 at t=34016000
Node 3 chan 0: RDMA send to 5 totalBytes=2097152 over 1 lane(s) bid=11 sid=0 iter=7 part=1 rateGBps=6.25 at t=34016000
Node 3 chan 0: RDMA send to 6 totalBytes=2097152 over 1 lane(s) bid=13 sid=0 iter=7 part=0 rateGBps=6.25 at t=34016000
Node 3 chan 0: RDMA send to 6 totalBytes=2097152 over 1 lane(s) bid=13 sid=0 iter=7 part=1 rateGBps=6.25 at t=34016000
Node 0 chan 0: RDMA send to 3 physically drained (sender side) bid=10 sid=0 iter=6 nElems=524288 at t=34017732
Node 0 chan 0: RDMA send to 2 totalBytes=2097152 over 1 lane(s) bid=9 sid=0 iter=6 part=0 rateGBps=12.5 at t=34017732
Node 0 chan 0: RDMA send to 2 totalBytes=2097152 over 1 lane(s) bid=9 sid=0 iter=6 part=1 rateGBps=12.5 at t=34017732
Node 0 chan 0: RDMA send to 2 totalBytes=2097152 over 1 lane(s) bid=9 sid=0 iter=6 part=2 rateGBps=12.5 at t=34017732
Node 0 chan 0: RDMA send to 2 totalBytes=2097152 over 1 lane(s) bid=9 sid=0 iter=6 part=3 rateGBps=12.5 at t=34017732
Node 1 chan 0: RDMA send to 0 physically drained (sender side) bid=2 sid=0 iter=6 nElems=524288 at t=34151012
Node 3 chan 0: RDMA send to 2 physically drained (sender side) bid=9 sid=0 iter=7 nElems=524288 at t=34188788
Node 0 chan 0: RDMA send to 2 physically drained (sender side) bid=9 sid=0 iter=6 nElems=524288 at t=34190856
Node 1 chan 0: RDMA send to 0 physically drained (sender side) bid=2 sid=0 iter=6 nElems=524288 at t=34320996
Node 3 chan 0: RDMA send to 4 physically drained (sender side) bid=10 sid=1 iter=6 nElems=524288 at t=34349960
Node 3 chan 0: RDMA send to 2 physically drained (sender side) bid=9 sid=0 iter=7 nElems=524288 at t=34358772
Node 0 chan 0: RDMA send to 2 physically drained (sender side) bid=9 sid=0 iter=6 nElems=524288 at t=34360840
GPU 6: iteration barrier releasing 14 threadblock(s) at t=34380344
Node 6 chan 0: RDMA send to 3 totalBytes=2097152 over 1 lane(s) bid=10 sid=0 iter=7 part=0 rateGBps=3.125 at t=34380344
Node 6 chan 1: RDMA send to 3 totalBytes=2097152 over 1 lane(s) bid=11 sid=0 iter=7 part=0 rateGBps=3.125 at t=34380344
Node 6 chan 0: RDMA send to 4 totalBytes=2097152 over 1 lane(s) bid=12 sid=0 iter=7 part=0 rateGBps=6.25 at t=34380344
Node 6 chan 0: RDMA send to 4 totalBytes=2097152 over 1 lane(s) bid=12 sid=0 iter=7 part=1 rateGBps=6.25 at t=34380344
Node 6 chan 0: RDMA send to 7 totalBytes=2097152 over 1 lane(s) bid=13 sid=0 iter=7 part=0 rateGBps=12.5 at t=34380344
Node 6 chan 0: RDMA send to 7 totalBytes=2097152 over 1 lane(s) bid=13 sid=0 iter=7 part=1 rateGBps=12.5 at t=34380344
Node 6 chan 0: RDMA send to 7 totalBytes=2097152 over 1 lane(s) bid=13 sid=0 iter=7 part=2 rateGBps=12.5 at t=34380344
Node 6 chan 0: RDMA send to 7 totalBytes=2097152 over 1 lane(s) bid=13 sid=0 iter=7 part=3 rateGBps=12.5 at t=34380344
Node 3 chan 0: RDMA send to 6 physically drained (sender side) bid=13 sid=1 iter=6 nElems=524288 at t=34383160
Node 3 chan 0: RDMA send to 5 physically drained (sender side) bid=11 sid=0 iter=7 nElems=524288 at t=34472524
Node 3 chan 0: RDMA send to 2 physically drained (sender side) bid=9 sid=0 iter=7 nElems=524288 at t=34528756
Node 0 chan 0: RDMA send to 2 physically drained (sender side) bid=9 sid=0 iter=6 nElems=524288 at t=34530824
Node 6 chan 0: RDMA send to 7 physically drained (sender side) bid=13 sid=0 iter=7 nElems=524288 at t=34553132
Node 3 chan 0: RDMA send to 2 physically drained (sender side) bid=9 sid=0 iter=7 nElems=524288 at t=34698740
GPU 2: iteration barrier releasing 14 threadblock(s) at t=34699400
Node 2 chan 0: RDMA send to 0 totalBytes=2097152 over 1 lane(s) bid=8 sid=0 iter=7 part=0 rateGBps=12.5 at t=34699400
Node 2 chan 0: RDMA send to 0 totalBytes=2097152 over 1 lane(s) bid=8 sid=0 iter=7 part=1 rateGBps=12.5 at t=34699400
Node 2 chan 0: RDMA send to 0 totalBytes=2097152 over 1 lane(s) bid=8 sid=0 iter=7 part=2 rateGBps=12.5 at t=34699400
Node 2 chan 0: RDMA send to 0 totalBytes=2097152 over 1 lane(s) bid=8 sid=0 iter=7 part=3 rateGBps=12.5 at t=34699400
Node 2 chan 0: RDMA send to 3 totalBytes=2097152 over 1 lane(s) bid=9 sid=0 iter=7 part=0 rateGBps=12.5 at t=34699400
Node 2 chan 0: RDMA send to 3 totalBytes=2097152 over 1 lane(s) bid=9 sid=0 iter=7 part=1 rateGBps=12.5 at t=34699400
Node 2 chan 0: RDMA send to 3 totalBytes=2097152 over 1 lane(s) bid=9 sid=0 iter=7 part=2 rateGBps=12.5 at t=34699400
Node 2 chan 0: RDMA send to 3 totalBytes=2097152 over 1 lane(s) bid=9 sid=0 iter=7 part=3 rateGBps=12.5 at t=34699400
Node 0 chan 0: RDMA send to 2 physically drained (sender side) bid=9 sid=0 iter=6 nElems=524288 at t=34700808
Node 0 chan 0: RDMA send to 5 totalBytes=2097152 over 1 lane(s) bid=12 sid=1 iter=6 part=0 rateGBps=6.25 at t=34700808
Node 0 chan 0: RDMA send to 5 totalBytes=2097152 over 1 lane(s) bid=12 sid=1 iter=6 part=1 rateGBps=6.25 at t=34700808
Node 0 chan 0: RDMA send to 4 totalBytes=2097152 over 1 lane(s) bid=11 sid=1 iter=6 part=0 rateGBps=6.25 at t=34700808
Node 0 chan 0: RDMA send to 4 totalBytes=2097152 over 1 lane(s) bid=11 sid=1 iter=6 part=1 rateGBps=6.25 at t=34700808
Node 6 chan 0: RDMA send to 7 physically drained (sender side) bid=13 sid=0 iter=7 nElems=524288 at t=34723116
Node 3 chan 0: RDMA send to 6 physically drained (sender side) bid=13 sid=0 iter=7 nElems=524288 at t=34723704
Node 6 chan 0: RDMA send to 4 physically drained (sender side) bid=12 sid=0 iter=7 nElems=524288 at t=34723964
Node 3 chan 0: RDMA send to 5 physically drained (sender side) bid=11 sid=0 iter=7 nElems=524288 at t=34812748
Node 3 chan 0: RDMA send to 1 totalBytes=2097152 over 1 lane(s) bid=8 sid=0 iter=7 part=0 rateGBps=12.5 at t=34812748
Node 3 chan 0: RDMA send to 1 totalBytes=2097152 over 1 lane(s) bid=8 sid=0 iter=7 part=1 rateGBps=12.5 at t=34812748
Node 3 chan 0: RDMA send to 1 totalBytes=2097152 over 1 lane(s) bid=8 sid=0 iter=7 part=2 rateGBps=12.5 at t=34812748
Node 3 chan 0: RDMA send to 1 totalBytes=2097152 over 1 lane(s) bid=8 sid=0 iter=7 part=3 rateGBps=12.5 at t=34812748
Node 2 chan 0: RDMA send to 3 physically drained (sender side) bid=9 sid=0 iter=7 nElems=524288 at t=34872188
Node 2 chan 0: RDMA send to 0 physically drained (sender side) bid=8 sid=0 iter=7 nElems=524288 at t=34872784
Node 6 chan 0: RDMA send to 7 physically drained (sender side) bid=13 sid=0 iter=7 nElems=524288 at t=34893100
Node 2 chan 0: RDMA send to 3 physically drained (sender side) bid=9 sid=0 iter=7 nElems=524288 at t=35042172
Node 2 chan 0: RDMA send to 0 physically drained (sender side) bid=8 sid=0 iter=7 nElems=524288 at t=35043024
Node 0 chan 0: RDMA send to 4 physically drained (sender side) bid=11 sid=1 iter=6 nElems=524288 at t=35048584
Node 0 chan 0: RDMA send to 5 physically drained (sender side) bid=12 sid=1 iter=6 nElems=524288 at t=35048920
Node 7 chan 0: RDMA send to 5 totalBytes=2097152 over 1 lane(s) bid=2 sid=0 iter=7 part=0 rateGBps=12.5 at t=35061680
Node 7 chan 0: RDMA send to 5 totalBytes=2097152 over 1 lane(s) bid=2 sid=0 iter=7 part=1 rateGBps=12.5 at t=35061680
Node 7 chan 0: RDMA send to 5 totalBytes=2097152 over 1 lane(s) bid=2 sid=0 iter=7 part=2 rateGBps=12.5 at t=35061680
Node 7 chan 0: RDMA send to 5 totalBytes=2097152 over 1 lane(s) bid=2 sid=0 iter=7 part=3 rateGBps=12.5 at t=35061680
Node 6 chan 0: RDMA send to 7 physically drained (sender side) bid=13 sid=0 iter=7 nElems=524288 at t=35063084
Node 3 chan 0: RDMA send to 6 physically drained (sender side) bid=13 sid=0 iter=7 nElems=524288 at t=35063264
Node 6 chan 0: RDMA send to 4 physically drained (sender side) bid=12 sid=0 iter=7 nElems=524288 at t=35064444
Node 6 chan 1: RDMA send to 3 physically drained (sender side) bid=11 sid=0 iter=7 nElems=524288 at t=35066368
Node 6 chan 0: RDMA send to 3 physically drained (sender side) bid=10 sid=0 iter=7 nElems=524288 at t=35067036
Node 6 chan 1: RDMA send to 0 totalBytes=2097152 over 1 lane(s) bid=7 sid=0 iter=7 part=0 rateGBps=6.25 at t=35067036
Node 6 chan 1: RDMA send to 0 totalBytes=2097152 over 1 lane(s) bid=7 sid=0 iter=7 part=1 rateGBps=6.25 at t=35067036
Node 6 chan 0: RDMA send to 0 totalBytes=2097152 over 1 lane(s) bid=6 sid=0 iter=7 part=0 rateGBps=6.25 at t=35067036
Node 6 chan 0: RDMA send to 0 totalBytes=2097152 over 1 lane(s) bid=6 sid=0 iter=7 part=1 rateGBps=6.25 at t=35067036
Node 3 chan 0: RDMA send to 1 physically drained (sender side) bid=8 sid=0 iter=7 nElems=524288 at t=35107244
Node 2 chan 0: RDMA send to 3 physically drained (sender side) bid=9 sid=0 iter=7 nElems=524288 at t=35212156
Node 3 chan 0: RDMA send to 1 physically drained (sender side) bid=8 sid=0 iter=7 nElems=524288 at t=35277228
Node 2 chan 0: RDMA send to 3 physically drained (sender side) bid=9 sid=0 iter=7 nElems=524288 at t=35382140
GPU 4: iteration barrier releasing 14 threadblock(s) at t=35385632
Node 4 chan 0: RDMA send to 2 totalBytes=2097152 over 1 lane(s) bid=8 sid=0 iter=7 part=0 rateGBps=6.25 at t=35385632
Node 4 chan 0: RDMA send to 2 totalBytes=2097152 over 1 lane(s) bid=8 sid=0 iter=7 part=1 rateGBps=6.25 at t=35385632
Node 4 chan 1: RDMA send to 2 totalBytes=2097152 over 1 lane(s) bid=9 sid=0 iter=7 part=0 rateGBps=6.25 at t=35385632
Node 4 chan 1: RDMA send to 2 totalBytes=2097152 over 1 lane(s) bid=9 sid=0 iter=7 part=1 rateGBps=6.25 at t=35385632
Node 4 chan 0: RDMA send to 5 totalBytes=2097152 over 1 lane(s) bid=12 sid=0 iter=7 part=0 rateGBps=12.5 at t=35385632
Node 4 chan 0: RDMA send to 5 totalBytes=2097152 over 1 lane(s) bid=12 sid=0 iter=7 part=1 rateGBps=12.5 at t=35385632
Node 4 chan 0: RDMA send to 5 totalBytes=2097152 over 1 lane(s) bid=12 sid=0 iter=7 part=2 rateGBps=12.5 at t=35385632
Node 4 chan 0: RDMA send to 5 totalBytes=2097152 over 1 lane(s) bid=12 sid=0 iter=7 part=3 rateGBps=12.5 at t=35385632
Node 0 chan 0: RDMA send to 4 physically drained (sender side) bid=11 sid=1 iter=6 nElems=524288 at t=35388728
Node 5 chan 0: RDMA send to 0 totalBytes=2097152 over 1 lane(s) bid=6 sid=0 iter=6 part=0 rateGBps=6.25 at t=35393088
Node 5 chan 0: RDMA send to 0 totalBytes=2097152 over 1 lane(s) bid=6 sid=0 iter=6 part=1 rateGBps=6.25 at t=35393088
Node 5 chan 1: RDMA send to 0 totalBytes=2097152 over 1 lane(s) bid=7 sid=0 iter=6 part=0 rateGBps=6.25 at t=35393088
Node 5 chan 1: RDMA send to 0 totalBytes=2097152 over 1 lane(s) bid=7 sid=0 iter=6 part=1 rateGBps=6.25 at t=35393088
GPU 5: iteration barrier releasing 14 threadblock(s) at t=35393088
Node 5 chan 0: RDMA send to 3 totalBytes=2097152 over 1 lane(s) bid=10 sid=0 iter=7 part=0 rateGBps=3.125 at t=35393088
Node 5 chan 1: RDMA send to 3 totalBytes=2097152 over 1 lane(s) bid=11 sid=0 iter=7 part=0 rateGBps=3.125 at t=35393088
Node 5 chan 0: RDMA send to 4 totalBytes=2097152 over 1 lane(s) bid=12 sid=0 iter=7 part=0 rateGBps=12.5 at t=35393088
Node 5 chan 0: RDMA send to 4 totalBytes=2097152 over 1 lane(s) bid=12 sid=0 iter=7 part=1 rateGBps=12.5 at t=35393088
Node 5 chan 0: RDMA send to 4 totalBytes=2097152 over 1 lane(s) bid=12 sid=0 iter=7 part=2 rateGBps=12.5 at t=35393088
Node 5 chan 0: RDMA send to 4 totalBytes=2097152 over 1 lane(s) bid=12 sid=0 iter=7 part=3 rateGBps=12.5 at t=35393088
Node 5 chan 0: RDMA send to 6 totalBytes=2097152 over 1 lane(s) bid=13 sid=0 iter=7 part=0 rateGBps=6.25 at t=35393088
Node 5 chan 0: RDMA send to 6 totalBytes=2097152 over 1 lane(s) bid=13 sid=0 iter=7 part=1 rateGBps=6.25 at t=35393088
Node 7 chan 0: RDMA send to 5 physically drained (sender side) bid=2 sid=0 iter=7 nElems=524288 at t=35395496
Node 0 chan 0: RDMA send to 5 physically drained (sender side) bid=12 sid=1 iter=6 nElems=524288 at t=35396704
Node 3 chan 0: RDMA send to 1 physically drained (sender side) bid=8 sid=0 iter=7 nElems=524288 at t=35447228
Node 4 chan 0: RDMA send to 5 physically drained (sender side) bid=12 sid=0 iter=7 nElems=524288 at t=35558498
Node 7 chan 0: RDMA send to 5 physically drained (sender side) bid=2 sid=0 iter=7 nElems=524288 at t=35565772
Node 5 chan 0: RDMA send to 4 physically drained (sender side) bid=12 sid=0 iter=7 nElems=524288 at t=35565982
Node 3 chan 0: RDMA send to 1 physically drained (sender side) bid=8 sid=0 iter=7 nElems=524288 at t=35617316
Node 3 chan 1: RDMA send to 5 totalBytes=2097152 over 1 lane(s) bid=12 sid=0 iter=7 part=0 rateGBps=6.25 at t=35617316
Node 3 chan 1: RDMA send to 5 totalBytes=2097152 over 1 lane(s) bid=12 sid=0 iter=7 part=1 rateGBps=6.25 at t=35617316
Node 3 chan 0: RDMA send to 4 totalBytes=2097152 over 1 lane(s) bid=10 sid=0 iter=7 part=0 rateGBps=6.25 at t=35617316
Node 3 chan 0: RDMA send to 4 totalBytes=2097152 over 1 lane(s) bid=10 sid=0 iter=7 part=1 rateGBps=6.25 at t=35617316
Node 6 chan 1: RDMA send to 0 physically drained (sender side) bid=7 sid=0 iter=7 nElems=524288 at t=35618640
Node 6 chan 0: RDMA send to 0 physically drained (sender side) bid=6 sid=0 iter=7 nElems=524288 at t=35624448
Node 2 chan 0: RDMA send to 0 physically drained (sender side) bid=8 sid=0 iter=7 nElems=524288 at t=35628144
Node 4 chan 0: RDMA send to 5 physically drained (sender side) bid=12 sid=0 iter=7 nElems=524288 at t=35728482
Node 5 chan 0: RDMA send to 4 physically drained (sender side) bid=12 sid=0 iter=7 nElems=524288 at t=35735966
Node 4 chan 1: RDMA send to 2 physically drained (sender side) bid=9 sid=0 iter=7 nElems=524288 at t=35814472
Node 4 chan 0: RDMA send to 2 physically drained (sender side) bid=8 sid=0 iter=7 nElems=524288 at t=35815136
Node 7 chan 0: RDMA send to 5 physically drained (sender side) bid=2 sid=0 iter=7 nElems=524288 at t=35842452
Node 4 chan 0: RDMA send to 5 physically drained (sender side) bid=12 sid=0 iter=7 nElems=524288 at t=35898466
Node 5 chan 0: RDMA send to 4 physically drained (sender side) bid=12 sid=0 iter=7 nElems=524288 at t=35905950
Node 3 chan 0: RDMA send to 4 physically drained (sender side) bid=10 sid=0 iter=7 nElems=524288 at t=35965044
Node 3 chan 1: RDMA send to 5 physically drained (sender side) bid=12 sid=0 iter=7 nElems=524288 at t=35973020
Node 4 chan 0: RDMA send to 5 physically drained (sender side) bid=12 sid=0 iter=7 nElems=524288 at t=36068450
Node 5 chan 0: RDMA send to 4 physically drained (sender side) bid=12 sid=0 iter=7 nElems=524288 at t=36075828
Node 7 chan 0: RDMA send to 5 physically drained (sender side) bid=2 sid=0 iter=7 nElems=524288 at t=36183408
Node 5 chan 0: RDMA send to 6 physically drained (sender side) bid=13 sid=0 iter=7 nElems=524288 at t=36199768
Node 5 chan 1: RDMA send to 3 physically drained (sender side) bid=11 sid=0 iter=7 nElems=524288 at t=36219436
Node 5 chan 0: RDMA send to 3 physically drained (sender side) bid=10 sid=0 iter=7 nElems=524288 at t=36221428
Node 5 chan 1: RDMA send to 2 totalBytes=2097152 over 1 lane(s) bid=9 sid=0 iter=7 part=0 rateGBps=6.25 at t=36221428
Node 5 chan 1: RDMA send to 2 totalBytes=2097152 over 1 lane(s) bid=9 sid=0 iter=7 part=1 rateGBps=6.25 at t=36221428
Node 5 chan 0: RDMA send to 2 totalBytes=2097152 over 1 lane(s) bid=8 sid=0 iter=7 part=0 rateGBps=6.25 at t=36221428
Node 5 chan 0: RDMA send to 2 totalBytes=2097152 over 1 lane(s) bid=8 sid=0 iter=7 part=1 rateGBps=6.25 at t=36221428
Node 4 chan 1: RDMA send to 2 physically drained (sender side) bid=9 sid=0 iter=7 nElems=524288 at t=36239032
Node 4 chan 0: RDMA send to 2 physically drained (sender side) bid=8 sid=0 iter=7 nElems=524288 at t=36241688
Node 4 chan 0: RDMA send to 7 totalBytes=2097152 over 1 lane(s) bid=13 sid=0 iter=7 part=0 rateGBps=12.5 at t=36241688
Node 4 chan 0: RDMA send to 7 totalBytes=2097152 over 1 lane(s) bid=13 sid=0 iter=7 part=1 rateGBps=12.5 at t=36241688
Node 4 chan 0: RDMA send to 7 totalBytes=2097152 over 1 lane(s) bid=13 sid=0 iter=7 part=2 rateGBps=12.5 at t=36241688
Node 4 chan 0: RDMA send to 7 totalBytes=2097152 over 1 lane(s) bid=13 sid=0 iter=7 part=3 rateGBps=12.5 at t=36241688
Node 3 chan 1: RDMA send to 5 physically drained (sender side) bid=12 sid=0 iter=7 nElems=524288 at t=36304110
Node 3 chan 0: RDMA send to 4 physically drained (sender side) bid=10 sid=0 iter=7 nElems=524288 at t=36304766
Node 5 chan 1: RDMA send to 0 physically drained (sender side) bid=7 sid=0 iter=6 nElems=524288 at t=36366304
Node 5 chan 0: RDMA send to 0 physically drained (sender side) bid=6 sid=0 iter=6 nElems=524288 at t=36367964
Node 6 chan 1: RDMA send to 0 physically drained (sender side) bid=7 sid=0 iter=7 nElems=524288 at t=36406144
Node 4 chan 0: RDMA send to 7 physically drained (sender side) bid=13 sid=0 iter=7 nElems=524288 at t=36414860
Node 6 chan 0: RDMA send to 0 physically drained (sender side) bid=6 sid=0 iter=7 nElems=524288 at t=36415108
Node 6 chan 0: RDMA send to 4 totalBytes=2097152 over 1 lane(s) bid=12 sid=1 iter=7 part=0 rateGBps=6.25 at t=36415108
Node 6 chan 0: RDMA send to 4 totalBytes=2097152 over 1 lane(s) bid=12 sid=1 iter=7 part=1 rateGBps=6.25 at t=36415108
Node 6 chan 1: RDMA send to 3 totalBytes=2097152 over 1 lane(s) bid=11 sid=1 iter=7 part=0 rateGBps=3.125 at t=36415108
Node 6 chan 0: RDMA send to 3 totalBytes=2097152 over 1 lane(s) bid=10 sid=1 iter=7 part=0 rateGBps=3.125 at t=36415108
Node 2 chan 0: RDMA send to 0 physically drained (sender side) bid=8 sid=0 iter=7 nElems=524288 at t=36441218
Node 2 chan 1: RDMA send to 4 totalBytes=2097152 over 1 lane(s) bid=11 sid=0 iter=7 part=0 rateGBps=6.25 at t=36441218
Node 2 chan 1: RDMA send to 4 totalBytes=2097152 over 1 lane(s) bid=11 sid=0 iter=7 part=1 rateGBps=6.25 at t=36441218
Node 2 chan 0: RDMA send to 4 totalBytes=2097152 over 1 lane(s) bid=10 sid=0 iter=7 part=0 rateGBps=6.25 at t=36441218
Node 2 chan 0: RDMA send to 4 totalBytes=2097152 over 1 lane(s) bid=10 sid=0 iter=7 part=1 rateGBps=6.25 at t=36441218
Node 4 chan 0: RDMA send to 7 physically drained (sender side) bid=13 sid=0 iter=7 nElems=524288 at t=36585330
Node 4 chan 0: RDMA send to 7 physically drained (sender side) bid=13 sid=0 iter=7 nElems=524288 at t=36755570
Node 2 chan 0: RDMA send to 4 physically drained (sender side) bid=10 sid=0 iter=7 nElems=524288 at t=36907014
Node 2 chan 1: RDMA send to 4 physically drained (sender side) bid=11 sid=0 iter=7 nElems=524288 at t=36908674
Node 7 chan 0: RDMA send to 6 totalBytes=2097152 over 1 lane(s) bid=3 sid=0 iter=7 part=0 rateGBps=12.5 at t=36924260
Node 7 chan 0: RDMA send to 6 totalBytes=2097152 over 1 lane(s) bid=3 sid=0 iter=7 part=1 rateGBps=12.5 at t=36924260
Node 7 chan 0: RDMA send to 6 totalBytes=2097152 over 1 lane(s) bid=3 sid=0 iter=7 part=2 rateGBps=12.5 at t=36924260
Node 7 chan 0: RDMA send to 6 totalBytes=2097152 over 1 lane(s) bid=3 sid=0 iter=7 part=3 rateGBps=12.5 at t=36924260
Node 4 chan 0: RDMA send to 7 physically drained (sender side) bid=13 sid=0 iter=7 nElems=524288 at t=36925810
Node 4 chan 1: RDMA send to 0 totalBytes=2097152 over 1 lane(s) bid=7 sid=0 iter=7 part=0 rateGBps=6.25 at t=36925810
Node 4 chan 1: RDMA send to 0 totalBytes=2097152 over 1 lane(s) bid=7 sid=0 iter=7 part=1 rateGBps=6.25 at t=36925810
Node 4 chan 0: RDMA send to 0 totalBytes=2097152 over 1 lane(s) bid=6 sid=0 iter=7 part=0 rateGBps=6.25 at t=36925810
Node 4 chan 0: RDMA send to 0 totalBytes=2097152 over 1 lane(s) bid=6 sid=0 iter=7 part=1 rateGBps=6.25 at t=36925810
Node 5 chan 0: RDMA send to 6 physically drained (sender side) bid=13 sid=0 iter=7 nElems=524288 at t=37006622
Node 6 chan 0: RDMA send to 4 physically drained (sender side) bid=12 sid=1 iter=7 nElems=524288 at t=37056830
Node 5 chan 1: RDMA send to 2 physically drained (sender side) bid=9 sid=0 iter=7 nElems=524288 at t=37067306
Node 5 chan 0: RDMA send to 2 physically drained (sender side) bid=8 sid=0 iter=7 nElems=524288 at t=37069640
Node 7 chan 0: RDMA send to 6 physically drained (sender side) bid=3 sid=0 iter=7 nElems=524288 at t=37097048
Node 6 chan 1: RDMA send to 3 physically drained (sender side) bid=11 sid=1 iter=7 nElems=524288 at t=37112158
Node 6 chan 0: RDMA send to 3 physically drained (sender side) bid=10 sid=1 iter=7 nElems=524288 at t=37112490
Node 6 chan 0: RDMA send to 2 totalBytes=2097152 over 1 lane(s) bid=8 sid=0 iter=7 part=0 rateGBps=6.25 at t=37112490
Node 6 chan 0: RDMA send to 2 totalBytes=2097152 over 1 lane(s) bid=8 sid=0 iter=7 part=1 rateGBps=6.25 at t=37112490
Node 6 chan 1: RDMA send to 2 totalBytes=2097152 over 1 lane(s) bid=9 sid=0 iter=7 part=0 rateGBps=6.25 at t=37112490
Node 6 chan 1: RDMA send to 2 totalBytes=2097152 over 1 lane(s) bid=9 sid=0 iter=7 part=1 rateGBps=6.25 at t=37112490
GPU 0: iteration barrier releasing 13 threadblock(s) at t=37180578
Node 0 chan 0: RDMA send to 1 totalBytes=2097152 over 1 lane(s) bid=8 sid=0 iter=7 part=0 rateGBps=12.5 at t=37180578
Node 0 chan 0: RDMA send to 1 totalBytes=2097152 over 1 lane(s) bid=8 sid=0 iter=7 part=1 rateGBps=12.5 at t=37180578
Node 0 chan 0: RDMA send to 1 totalBytes=2097152 over 1 lane(s) bid=8 sid=0 iter=7 part=2 rateGBps=12.5 at t=37180578
Node 0 chan 0: RDMA send to 1 totalBytes=2097152 over 1 lane(s) bid=8 sid=0 iter=7 part=3 rateGBps=12.5 at t=37180578
Node 0 chan 0: RDMA send to 4 totalBytes=2097152 over 1 lane(s) bid=11 sid=0 iter=7 part=0 rateGBps=6.25 at t=37180578
Node 0 chan 0: RDMA send to 4 totalBytes=2097152 over 1 lane(s) bid=11 sid=0 iter=7 part=1 rateGBps=6.25 at t=37180578
Node 0 chan 0: RDMA send to 5 totalBytes=2097152 over 1 lane(s) bid=12 sid=0 iter=7 part=0 rateGBps=6.25 at t=37180578
Node 0 chan 0: RDMA send to 5 totalBytes=2097152 over 1 lane(s) bid=12 sid=0 iter=7 part=1 rateGBps=6.25 at t=37180578
Node 5 chan 1: RDMA send to 0 physically drained (sender side) bid=7 sid=0 iter=6 nElems=524288 at t=37182398
Node 5 chan 0: RDMA send to 0 physically drained (sender side) bid=6 sid=0 iter=6 nElems=524288 at t=37183394
Node 7 chan 0: RDMA send to 6 physically drained (sender side) bid=3 sid=0 iter=7 nElems=524288 at t=37267032
Node 0 chan 0: RDMA send to 1 physically drained (sender side) bid=8 sid=0 iter=7 nElems=524288 at t=37353366
Node 4 chan 1: RDMA send to 0 physically drained (sender side) bid=7 sid=0 iter=7 nElems=524288 at t=37373606
Node 4 chan 0: RDMA send to 0 physically drained (sender side) bid=6 sid=0 iter=7 nElems=524288 at t=37375606
Node 2 chan 0: RDMA send to 4 physically drained (sender side) bid=10 sid=0 iter=7 nElems=524288 at t=37416138
Node 2 chan 0: RDMA send to 6 totalBytes=2097152 over 1 lane(s) bid=13 sid=0 iter=7 part=0 rateGBps=6.25 at t=37416138
Node 2 chan 0: RDMA send to 6 totalBytes=2097152 over 1 lane(s) bid=13 sid=0 iter=7 part=1 rateGBps=6.25 at t=37416138
Node 2 chan 0: RDMA send to 5 totalBytes=2097152 over 1 lane(s) bid=12 sid=0 iter=7 part=0 rateGBps=6.25 at t=37416138
Node 2 chan 0: RDMA send to 5 totalBytes=2097152 over 1 lane(s) bid=12 sid=0 iter=7 part=1 rateGBps=6.25 at t=37416138
Node 2 chan 0: RDMA send to 5 totalBytes=2097152 over 1 lane(s) bid=12 sid=1 iter=7 part=0 rateGBps=6.25 at t=37416138
Node 2 chan 0: RDMA send to 5 totalBytes=2097152 over 1 lane(s) bid=12 sid=1 iter=7 part=1 rateGBps=6.25 at t=37416138
Node 2 chan 1: RDMA send to 4 physically drained (sender side) bid=11 sid=0 iter=7 nElems=524288 at t=37417138
Node 7 chan 0: RDMA send to 6 physically drained (sender side) bid=3 sid=0 iter=7 nElems=524288 at t=37437016
Node 0 chan 0: RDMA send to 1 physically drained (sender side) bid=8 sid=0 iter=7 nElems=524288 at t=37523350
Node 0 chan 0: RDMA send to 5 physically drained (sender side) bid=12 sid=0 iter=7 nElems=524288 at t=37528078
Node 7 chan 0: RDMA send to 6 physically drained (sender side) bid=3 sid=0 iter=7 nElems=524288 at t=37607000
Node 6 chan 0: RDMA send to 4 physically drained (sender side) bid=12 sid=1 iter=7 nElems=524288 at t=37631206
Node 0 chan 0: RDMA send to 4 physically drained (sender side) bid=11 sid=0 iter=7 nElems=524288 at t=37633814
Node 0 chan 0: RDMA send to 1 physically drained (sender side) bid=8 sid=0 iter=7 nElems=524288 at t=37693334
Node 4 chan 0: RDMA send to 0 physically drained (sender side) bid=6 sid=0 iter=7 nElems=524288 at t=37715606
Node 4 chan 1: RDMA send to 3 totalBytes=2097152 over 1 lane(s) bid=11 sid=0 iter=7 part=0 rateGBps=6.25 at t=37715606
Node 4 chan 1: RDMA send to 3 totalBytes=2097152 over 1 lane(s) bid=11 sid=0 iter=7 part=1 rateGBps=6.25 at t=37715606
Node 4 chan 0: RDMA send to 3 totalBytes=2097152 over 1 lane(s) bid=10 sid=0 iter=7 part=0 rateGBps=6.25 at t=37715606
Node 4 chan 0: RDMA send to 3 totalBytes=2097152 over 1 lane(s) bid=10 sid=0 iter=7 part=1 rateGBps=6.25 at t=37715606
Node 4 chan 1: RDMA send to 0 physically drained (sender side) bid=7 sid=0 iter=7 nElems=524288 at t=37715626
Node 5 chan 1: RDMA send to 2 physically drained (sender side) bid=9 sid=0 iter=7 nElems=524288 at t=37738226
Node 5 chan 0: RDMA send to 2 physically drained (sender side) bid=8 sid=0 iter=7 nElems=524288 at t=37745874
Node 5 chan 0: RDMA send to 6 totalBytes=2097152 over 1 lane(s) bid=13 sid=1 iter=7 part=0 rateGBps=6.25 at t=37745874
Node 5 chan 0: RDMA send to 6 totalBytes=2097152 over 1 lane(s) bid=13 sid=1 iter=7 part=1 rateGBps=6.25 at t=37745874
Node 5 chan 1: RDMA send to 3 totalBytes=2097152 over 1 lane(s) bid=11 sid=1 iter=7 part=0 rateGBps=3.125 at t=37745874
Node 5 chan 0: RDMA send to 3 totalBytes=2097152 over 1 lane(s) bid=10 sid=1 iter=7 part=0 rateGBps=3.125 at t=37745874
Node 2 chan 0: RDMA send to 6 physically drained (sender side) bid=13 sid=0 iter=7 nElems=524288 at t=37764254
Node 2 chan 0: RDMA send to 5 physically drained (sender side) bid=12 sid=0 iter=7 nElems=524288 at t=37764258
Node 6 chan 1: RDMA send to 2 physically drained (sender side) bid=9 sid=0 iter=7 nElems=524288 at t=37776214
Node 6 chan 0: RDMA send to 2 physically drained (sender side) bid=8 sid=0 iter=7 nElems=524288 at t=37777878
Node 1 chan 1: RDMA send to 6 totalBytes=2097152 over 1 lane(s) bid=4 sid=0 iter=7 part=0 rateGBps=6.25 at t=37861914
Node 1 chan 1: RDMA send to 6 totalBytes=2097152 over 1 lane(s) bid=4 sid=0 iter=7 part=1 rateGBps=6.25 at t=37861914
Node 1 chan 0: RDMA send to 6 totalBytes=2097152 over 1 lane(s) bid=3 sid=0 iter=7 part=0 rateGBps=6.25 at t=37861914
Node 1 chan 0: RDMA send to 6 totalBytes=2097152 over 1 lane(s) bid=3 sid=0 iter=7 part=1 rateGBps=6.25 at t=37861914
Node 0 chan 0: RDMA send to 1 physically drained (sender side) bid=8 sid=0 iter=7 nElems=524288 at t=37863318
Node 0 chan 0: RDMA send to 5 physically drained (sender side) bid=12 sid=0 iter=7 nElems=524288 at t=37868342
Node 0 chan 0: RDMA send to 4 physically drained (sender side) bid=11 sid=0 iter=7 nElems=524288 at t=38004026
Node 0 chan 0: RDMA send to 3 totalBytes=2097152 over 1 lane(s) bid=10 sid=0 iter=7 part=0 rateGBps=12.5 at t=38004026
Node 0 chan 0: RDMA send to 3 totalBytes=2097152 over 1 lane(s) bid=10 sid=0 iter=7 part=1 rateGBps=12.5 at t=38004026
Node 0 chan 0: RDMA send to 3 totalBytes=2097152 over 1 lane(s) bid=10 sid=0 iter=7 part=2 rateGBps=12.5 at t=38004026
Node 0 chan 0: RDMA send to 3 totalBytes=2097152 over 1 lane(s) bid=10 sid=0 iter=7 part=3 rateGBps=12.5 at t=38004026
Node 2 chan 0: RDMA send to 5 physically drained (sender side) bid=12 sid=0 iter=7 nElems=524288 at t=38123686
Node 2 chan 0: RDMA send to 6 totalBytes=2097152 over 1 lane(s) bid=13 sid=1 iter=7 part=0 rateGBps=6.25 at t=38123686
Node 2 chan 0: RDMA send to 6 totalBytes=2097152 over 1 lane(s) bid=13 sid=1 iter=7 part=1 rateGBps=6.25 at t=38123686
Node 6 chan 1: RDMA send to 2 physically drained (sender side) bid=9 sid=0 iter=7 nElems=524288 at t=38129330
Node 6 chan 0: RDMA send to 2 physically drained (sender side) bid=8 sid=0 iter=7 nElems=524288 at t=38130330
Node 2 chan 0: RDMA send to 6 physically drained (sender side) bid=13 sid=0 iter=7 nElems=524288 at t=38288494
Node 4 chan 1: RDMA send to 3 physically drained (sender side) bid=11 sid=0 iter=7 nElems=524288 at t=38383652
Node 4 chan 0: RDMA send to 3 physically drained (sender side) bid=10 sid=0 iter=7 nElems=524288 at t=38388585
Node 5 chan 0: RDMA send to 6 physically drained (sender side) bid=13 sid=1 iter=7 nElems=524288 at t=38447802
Node 2 chan 0: RDMA send to 5 physically drained (sender side) bid=12 sid=1 iter=7 nElems=524288 at t=38464084
Node 1 chan 1: RDMA send to 6 physically drained (sender side) bid=4 sid=0 iter=7 nElems=524288 at t=38474414
Node 1 chan 0: RDMA send to 6 physically drained (sender side) bid=3 sid=0 iter=7 nElems=524288 at t=38539514
Node 5 chan 0: RDMA send to 3 physically drained (sender side) bid=10 sid=1 iter=7 nElems=524288 at t=38551312
Node 5 chan 1: RDMA send to 3 physically drained (sender side) bid=11 sid=1 iter=7 nElems=524288 at t=38561268
Node 2 chan 0: RDMA send to 5 physically drained (sender side) bid=12 sid=1 iter=7 nElems=524288 at t=38803120
Node 0 chan 0: RDMA send to 3 physically drained (sender side) bid=10 sid=0 iter=7 nElems=524288 at t=38899422
Node 4 chan 1: RDMA send to 3 physically drained (sender side) bid=11 sid=0 iter=7 nElems=524288 at t=38912118
Node 3 chan 0: RDMA send to 4 totalBytes=2097152 over 1 lane(s) bid=10 sid=1 iter=7 part=0 rateGBps=6.25 at t=38914282
Node 3 chan 0: RDMA send to 4 totalBytes=2097152 over 1 lane(s) bid=10 sid=1 iter=7 part=1 rateGBps=6.25 at t=38914282
Node 3 chan 0: RDMA send to 6 totalBytes=2097152 over 1 lane(s) bid=13 sid=1 iter=7 part=0 rateGBps=6.25 at t=38914282
Node 3 chan 0: RDMA send to 6 totalBytes=2097152 over 1 lane(s) bid=13 sid=1 iter=7 part=1 rateGBps=6.25 at t=38914282
Node 4 chan 0: RDMA send to 3 physically drained (sender side) bid=10 sid=0 iter=7 nElems=524288 at t=38917098
Node 2 chan 0: RDMA send to 6 physically drained (sender side) bid=13 sid=1 iter=7 nElems=524288 at t=38920650
Node 0 chan 0: RDMA send to 3 physically drained (sender side) bid=10 sid=0 iter=7 nElems=524288 at t=39081526
Node 1 chan 1: RDMA send to 6 physically drained (sender side) bid=4 sid=0 iter=7 nElems=524288 at t=39133794
Node 1 chan 0: RDMA send to 6 physically drained (sender side) bid=3 sid=0 iter=7 nElems=524288 at t=39197538
Node 1 chan 0: RDMA send to 0 totalBytes=2097152 over 1 lane(s) bid=2 sid=0 iter=7 part=0 rateGBps=12.5 at t=39197538
Node 1 chan 0: RDMA send to 0 totalBytes=2097152 over 1 lane(s) bid=2 sid=0 iter=7 part=1 rateGBps=12.5 at t=39197538
Node 1 chan 0: RDMA send to 0 totalBytes=2097152 over 1 lane(s) bid=2 sid=0 iter=7 part=2 rateGBps=12.5 at t=39197538
Node 1 chan 0: RDMA send to 0 totalBytes=2097152 over 1 lane(s) bid=2 sid=0 iter=7 part=3 rateGBps=12.5 at t=39197538
Node 0 chan 0: RDMA send to 3 physically drained (sender side) bid=10 sid=0 iter=7 nElems=524288 at t=39251726
Node 3 chan 0: RDMA send to 4 physically drained (sender side) bid=10 sid=1 iter=7 nElems=524288 at t=39260622
Node 5 chan 0: RDMA send to 6 physically drained (sender side) bid=13 sid=1 iter=7 nElems=524288 at t=39340550
Node 1 chan 0: RDMA send to 0 physically drained (sender side) bid=2 sid=0 iter=7 nElems=524288 at t=39370326
Node 0 chan 0: RDMA send to 3 physically drained (sender side) bid=10 sid=0 iter=7 nElems=524288 at t=39422094
Node 0 chan 0: RDMA send to 2 totalBytes=2097152 over 1 lane(s) bid=9 sid=0 iter=7 part=0 rateGBps=12.5 at t=39422094
Node 0 chan 0: RDMA send to 2 totalBytes=2097152 over 1 lane(s) bid=9 sid=0 iter=7 part=1 rateGBps=12.5 at t=39422094
Node 0 chan 0: RDMA send to 2 totalBytes=2097152 over 1 lane(s) bid=9 sid=0 iter=7 part=2 rateGBps=12.5 at t=39422094
Node 0 chan 0: RDMA send to 2 totalBytes=2097152 over 1 lane(s) bid=9 sid=0 iter=7 part=3 rateGBps=12.5 at t=39422094
Node 2 chan 0: RDMA send to 6 physically drained (sender side) bid=13 sid=1 iter=7 nElems=524288 at t=39446758
Node 3 chan 0: RDMA send to 6 physically drained (sender side) bid=13 sid=1 iter=7 nElems=524288 at t=39458178
Node 1 chan 0: RDMA send to 0 physically drained (sender side) bid=2 sid=0 iter=7 nElems=524288 at t=39540310
Node 0 chan 0: RDMA send to 2 physically drained (sender side) bid=9 sid=0 iter=7 nElems=524288 at t=39595242
Node 3 chan 0: RDMA send to 4 physically drained (sender side) bid=10 sid=1 iter=7 nElems=524288 at t=39600606
Node 1 chan 0: RDMA send to 0 physically drained (sender side) bid=2 sid=0 iter=7 nElems=524288 at t=39710294
Node 0 chan 0: RDMA send to 2 physically drained (sender side) bid=9 sid=0 iter=7 nElems=524288 at t=39765226
Node 3 chan 0: RDMA send to 6 physically drained (sender side) bid=13 sid=1 iter=7 nElems=524288 at t=39796172
Node 1 chan 0: RDMA send to 0 physically drained (sender side) bid=2 sid=0 iter=7 nElems=524288 at t=39880278
Node 0 chan 0: RDMA send to 2 physically drained (sender side) bid=9 sid=0 iter=7 nElems=524288 at t=39935210
Node 0 chan 0: RDMA send to 2 physically drained (sender side) bid=9 sid=0 iter=7 nElems=524288 at t=40105194
Node 0 chan 0: RDMA send to 5 totalBytes=2097152 over 1 lane(s) bid=12 sid=1 iter=7 part=0 rateGBps=6.25 at t=40105194
Node 0 chan 0: RDMA send to 5 totalBytes=2097152 over 1 lane(s) bid=12 sid=1 iter=7 part=1 rateGBps=6.25 at t=40105194
Node 0 chan 0: RDMA send to 4 totalBytes=2097152 over 1 lane(s) bid=11 sid=1 iter=7 part=0 rateGBps=6.25 at t=40105194
Node 0 chan 0: RDMA send to 4 totalBytes=2097152 over 1 lane(s) bid=11 sid=1 iter=7 part=1 rateGBps=6.25 at t=40105194
Node 0 chan 0: RDMA send to 5 physically drained (sender side) bid=12 sid=1 iter=7 nElems=524288 at t=40451442
Node 0 chan 0: RDMA send to 4 physically drained (sender side) bid=11 sid=1 iter=7 nElems=524288 at t=40451774
Node 5 chan 0: RDMA send to 0 totalBytes=2097152 over 1 lane(s) bid=6 sid=0 iter=7 part=0 rateGBps=6.25 at t=40788594
Node 5 chan 0: RDMA send to 0 totalBytes=2097152 over 1 lane(s) bid=6 sid=0 iter=7 part=1 rateGBps=6.25 at t=40788594
Node 5 chan 1: RDMA send to 0 totalBytes=2097152 over 1 lane(s) bid=7 sid=0 iter=7 part=0 rateGBps=6.25 at t=40788594
Node 5 chan 1: RDMA send to 0 totalBytes=2097152 over 1 lane(s) bid=7 sid=0 iter=7 part=1 rateGBps=6.25 at t=40788594
Node 0 chan 0: RDMA send to 5 physically drained (sender side) bid=12 sid=1 iter=7 nElems=524288 at t=40791410
Node 0 chan 0: RDMA send to 4 physically drained (sender side) bid=11 sid=1 iter=7 nElems=524288 at t=40792730
Node 5 chan 1: RDMA send to 0 physically drained (sender side) bid=7 sid=0 iter=7 nElems=524288 at t=41134850
Node 5 chan 0: RDMA send to 0 physically drained (sender side) bid=6 sid=0 iter=7 nElems=524288 at t=41135182
Node 5 chan 1: RDMA send to 0 physically drained (sender side) bid=7 sid=0 iter=7 nElems=524288 at t=41474818
Node 5 chan 0: RDMA send to 0 physically drained (sender side) bid=6 sid=0 iter=7 nElems=524288 at t=41475150
